ISO-10303-21;
HEADER;
FILE_DESCRIPTION (( 'STEP AP214' ),
'1' );
FILE_NAME ('ESP32-PICO-V3-02.STEP',
'2023-11-27T10:59:48',
( '' ),
( '' ),
'SwSTEP 2.0',
'SolidWorks 2021',
'' );
FILE_SCHEMA (( 'AUTOMOTIVE_DESIGN' ));
ENDSEC;
DATA;
#1=ORIENTED_EDGE ( 'NONE', *, *, #5989, .F. );
#2=EDGE_CURVE ( 'NONE', #6195, #1920, #8422, .T. );
#3=DIRECTION ( 'NONE',  ( 0.000000000000000000, -1.000000000000000000, 0.000000000000000000 ) );
#4=VECTOR ( 'NONE', #3, 1000.000000000000000 );
#5=DIRECTION ( 'NONE',  ( 0.000000000000000000, 0.000000000000000000, 1.000000000000000000 ) );
#6=VECTOR ( 'NONE', #21, 1000.000000000000000 );
#7=CARTESIAN_POINT ( 'NONE',  ( 3.424999999999999822, 0.1000000000000001027, 2.875000000000000000 ) );
#8=AXIS2_PLACEMENT_3D ( 'NONE', #560, #46, #21 );
#9=ORIENTED_EDGE ( 'NONE', *, *, #7126, .T. );
#10=FACE_OUTER_BOUND ( 'NONE', #7694, .T. );
#11=LINE ( 'NONE', #2600, #432 );
#12=UNCERTAINTY_MEASURE_WITH_UNIT (LENGTH_MEASURE( 1.000000000000000082E-05 ), #359, 'distance_accuracy_value', 'NONE');
#13=CARTESIAN_POINT ( 'NONE',  ( -1.874999999999998668, 0.000000000000000000, -3.025000000000000355 ) );
#14=DIRECTION ( 'NONE',  ( -0.000000000000000000, -1.000000000000000000, -0.000000000000000000 ) );
#15=CARTESIAN_POINT ( 'NONE',  ( -2.124999999999997780, 0.09999999999999999167, 3.025000000000001243 ) );
#16=ORIENTED_EDGE ( 'NONE', *, *, #4976, .T. );
#17=FACE_OUTER_BOUND ( 'NONE', #5203, .T. );
#18=VERTEX_POINT ( 'NONE', #3606 );
#19=AXIS2_PLACEMENT_3D ( 'NONE', #4594, #585, #105 );
#20=ORIENTED_EDGE ( 'NONE', *, *, #7235, .F. );
#21=DIRECTION ( 'NONE',  ( 0.000000000000000000, 0.000000000000000000, -1.000000000000000000 ) );
#22=EDGE_CURVE ( 'NONE', #1176, #6475, #7900, .T. );
#23=ORIENTED_EDGE ( 'NONE', *, *, #5634, .F. );
#24=EDGE_CURVE ( 'NONE', #183, #914, #2811, .T. );
#25=PLANE ( 'NONE',  #1198 );
#26=CARTESIAN_POINT ( 'NONE',  ( -3.424999999999999822, 0.1000000000000001027, 2.375000000000001332 ) );
#27=ORIENTED_EDGE ( 'NONE', *, *, #991, .F. );
#28=VECTOR ( 'NONE', #105, 1000.000000000000000 );
#29=FILL_AREA_STYLE ('',( #88 ) );
#30=VECTOR ( 'NONE', #14, 1000.000000000000000 );
#31=PLANE ( 'NONE',  #1332 );
#32=DIRECTION ( 'NONE',  ( -1.000000000000000000, 0.000000000000000000, 0.000000000000000000 ) );
#33=PLANE ( 'NONE',  #7133 );
#34=AXIS2_PLACEMENT_3D ( 'NONE', #406, #51, #32 );
#35=ORIENTED_EDGE ( 'NONE', *, *, #6944, .T. );
#36=EDGE_LOOP ( 'NONE', ( #7535, #6687, #6376, #4109 ) );
#37=EDGE_LOOP ( 'NONE', ( #7458, #3827, #1050, #871 ) );
#38=CARTESIAN_POINT ( 'NONE',  ( 3.024999999999999467, 0.5716990566028302689, -0.3749999999999990563 ) );
#39=EDGE_CURVE ( 'NONE', #1038, #6595, #1550, .T. );
#40=ADVANCED_FACE ( 'NONE', ( #8001 ), #4187, .F. );
#41=ADVANCED_FACE ( 'NONE', ( #4831 ), #4915, .F. );
#42=AXIS2_PLACEMENT_3D ( 'NONE', #1041, #3, #86 );
#43=ORIENTED_EDGE ( 'NONE', *, *, #8690, .T. );
#44=EDGE_CURVE ( 'NONE', #4433, #6521, #2190, .T. );
#45=DIRECTION ( 'NONE',  ( 0.000000000000000000, 1.000000000000000000, 0.000000000000000000 ) );
#46=DIRECTION ( 'NONE',  ( 1.000000000000000000, 0.000000000000000000, 0.000000000000000000 ) );
#47=FACE_OUTER_BOUND ( 'NONE', #8728, .T. );
#48=FACE_OUTER_BOUND ( 'NONE', #5839, .T. );
#49=CARTESIAN_POINT ( 'NONE',  ( 0.000000000000000000, 0.1000000000000000056, 0.000000000000000000 ) );
#50=EDGE_LOOP ( 'NONE', ( #5546, #7378, #807, #3710 ) );
#51=DIRECTION ( 'NONE',  ( -0.000000000000000000, 0.000000000000000000, -1.000000000000000000 ) );
#52=ORIENTED_EDGE ( 'NONE', *, *, #3628, .T. );
#53=AXIS2_PLACEMENT_3D ( 'NONE', #490, #526, #130 );
#54=CARTESIAN_POINT ( 'NONE',  ( -1.874999999999997780, 0.09999999999999999167, 3.025000000000001243 ) );
#55=ORIENTED_EDGE ( 'NONE', *, *, #4026, .T. );
#56=CARTESIAN_POINT ( 'NONE',  ( -2.124999999999998668, 0.000000000000000000, -3.025000000000000355 ) );
#57=ORIENTED_EDGE ( 'NONE', *, *, #8163, .T. );
#58=VECTOR ( 'NONE', #261, 1000.000000000000000 );
#59=EDGE_CURVE ( 'NONE', #706, #5852, #6796, .T. );
#60=EDGE_CURVE ( 'NONE', #918, #2585, #7487, .T. );
#61=ORIENTED_EDGE ( 'NONE', *, *, #7512, .F. );
#62=EDGE_CURVE ( 'NONE', #5042, #141, #4322, .T. );
#63=LINE ( 'NONE', #3163, #30 );
#64=FACE_BOUND ( 'NONE', #8394, .T. );
#65=SURFACE_SIDE_STYLE ('',( #115 ) );
#66=ORIENTED_EDGE ( 'NONE', *, *, #1527, .F. );
#67=CARTESIAN_POINT ( 'NONE',  ( -3.024999999999999467, 0.5716990566028302689, -1.374999999999999112 ) );
#68=LINE ( 'NONE', #1713, #4 );
#69=CARTESIAN_POINT ( 'NONE',  ( 1.125000000000001332, 0.000000000000000000, -3.025000000000000355 ) );
#70=LINE ( 'NONE', #5286, #4 );
#71=ORIENTED_EDGE ( 'NONE', *, *, #1987, .F. );
#72=CARTESIAN_POINT ( 'NONE',  ( -2.624999999999997780, 0.000000000000000000, 3.025000000000001243 ) );
#73=CARTESIAN_POINT ( 'NONE',  ( 3.424999999999999822, 0.000000000000000000, 0.1250000000000009714 ) );
#74=ORIENTED_EDGE ( 'NONE', *, *, #7381, .T. );
#75=AXIS2_PLACEMENT_3D ( 'NONE', #516, #46, #21 );
#76=CARTESIAN_POINT ( 'NONE',  ( 2.875000000000000444, 0.1000000000000000056, -3.025000000000000355 ) );
#77=EDGE_CURVE ( 'NONE', #1476, #2594, #4146, .T. );
#78=( NAMED_UNIT ( * ) SI_UNIT ( $, .STERADIAN. ) SOLID_ANGLE_UNIT ( ) );
#79=ORIENTED_EDGE ( 'NONE', *, *, #3527, .T. );
#80=EDGE_CURVE ( 'NONE', #652, #930, #2091, .T. );
#81=CARTESIAN_POINT ( 'NONE',  ( -2.475000000000000089, 7.100357133746822313, 2.474999999999999645 ) );
#82=DIRECTION ( 'NONE',  ( -1.000000000000000000, -0.000000000000000000, -0.000000000000000000 ) );
#83=VECTOR ( 'NONE', #194, 1000.000000000000000 );
#84=CARTESIAN_POINT ( 'NONE',  ( -3.424999999999999822, 0.000000000000000000, 1.875000000000000888 ) );
#85=ADVANCED_FACE ( 'NONE', ( #2044 ), #7370, .F. );
#86=DIRECTION ( 'NONE',  ( 0.000000000000000000, -0.000000000000000000, -1.000000000000000000 ) );
#87=CARTESIAN_POINT ( 'NONE',  ( 1.375000000000001332, 0.5716990566028306020, -3.425000000000001155 ) );
#88=FILL_AREA_STYLE_COLOUR ( '', #753 );
#89=EDGE_LOOP ( 'NONE', ( #4584, #5162, #2075, #562 ) );
#90=EDGE_CURVE ( 'NONE', #6787, #6738, #5249, .T. );
#91=PLANE ( 'NONE',  #3676 );
#92=ORIENTED_EDGE ( 'NONE', *, *, #4751, .T. );
#93=ORIENTED_EDGE ( 'NONE', *, *, #5448, .T. );
#94=CARTESIAN_POINT ( 'NONE',  ( -0.6249999999999987788, 0.5716990566028306020, -3.425000000000001155 ) );
#95=ORIENTED_EDGE ( 'NONE', *, *, #5414, .F. );
#96=LINE ( 'NONE', #2240, #365 );
#97=CARTESIAN_POINT ( 'NONE',  ( -2.124999999999997780, 0.000000000000000000, 3.425000000000002043 ) );
#98=ORIENTED_EDGE ( 'NONE', *, *, #2386, .T. );
#99=CARTESIAN_POINT ( 'NONE',  ( -3.424999999999999822, 0.09999999999999999167, 0.8750000000000007772 ) );
#100=CARTESIAN_POINT ( 'NONE',  ( 3.424999999999999822, 0.5716990566028302689, 1.875000000000001332 ) );
#101=CARTESIAN_POINT ( 'NONE',  ( 3.024999999999999467, 0.09999999999999999167, -1.624999999999999334 ) );
#102=ADVANCED_FACE ( 'NONE', ( #3811 ), #8747, .T. );
#103=VERTEX_POINT ( 'NONE', #1568 );
#104=ORIENTED_EDGE ( 'NONE', *, *, #4963, .F. );
#105=DIRECTION ( 'NONE',  ( -1.000000000000000000, 0.000000000000000000, -1.734723475976808672E-15 ) );
#106=ORIENTED_EDGE ( 'NONE', *, *, #1577, .T. );
#107=CARTESIAN_POINT ( 'NONE',  ( -2.919842705443102204, 1.209999999999999964, -2.957845636598127381 ) );
#108=ORIENTED_EDGE ( 'NONE', *, *, #5270, .F. );
#109=DIRECTION ( 'NONE',  ( 1.000000000000000000, -0.000000000000000000, 0.000000000000000000 ) );
#110=LINE ( 'NONE', #1004, #166 );
#111=LINE ( 'NONE', #2103, #432 );
#112=ORIENTED_EDGE ( 'NONE', *, *, #7266, .F. );
#113=LINE ( 'NONE', #4412, #30 );
#114=EDGE_CURVE ( 'NONE', #276, #4449, #6324, .T. );
#115=SURFACE_STYLE_FILL_AREA ( #29 );
#116=VERTEX_POINT ( 'NONE', #6760 );
#117=EDGE_CURVE ( 'NONE', #3372, #1280, #3309, .T. );
#118=VERTEX_POINT ( 'NONE', #1039 );
#119=CARTESIAN_POINT ( 'NONE',  ( -3.024999999999999467, 0.1000000000000001027, -0.3749999999999990563 ) );
#120=ORIENTED_EDGE ( 'NONE', *, *, #6946, .T. );
#121=CARTESIAN_POINT ( 'NONE',  ( 2.625000000000000444, 0.000000000000000000, -3.025000000000000355 ) );
#122=LINE ( 'NONE', #5404, #30 );
#123=ORIENTED_EDGE ( 'NONE', *, *, #5805, .T. );
#124=STYLED_ITEM ( 'NONE', ( #320 ), #4804 );
#125=ORIENTED_EDGE ( 'NONE', *, *, #1377, .T. );
#126=CARTESIAN_POINT ( 'NONE',  ( -1.374999999999997780, 0.1000000000000000056, 3.025000000000001243 ) );
#127=LINE ( 'NONE', #459, #206 );
#128=DIRECTION ( 'NONE',  ( 1.000000000000000000, 0.000000000000000000, -0.000000000000000000 ) );
#129=EDGE_LOOP ( 'NONE', ( #2301, #8234, #2561, #3574 ) );
#130=DIRECTION ( 'NONE',  ( -0.000000000000000000, 0.000000000000000000, 1.000000000000000000 ) );
#131=ORIENTED_EDGE ( 'NONE', *, *, #3853, .T. );
#132=EDGE_CURVE ( 'NONE', #5088, #4425, #3937, .T. );
#133=EDGE_CURVE ( 'NONE', #4206, #2895, #5898, .T. );
#134=FACE_OUTER_BOUND ( 'NONE', #3810, .T. );
#135=EDGE_CURVE ( 'NONE', #1817, #18, #724, .T. );
#136=ORIENTED_EDGE ( 'NONE', *, *, #5118, .T. );
#137=CARTESIAN_POINT ( 'NONE',  ( 2.375000000000002665, 0.000000000000000000, 3.025000000000001243 ) );
#138=VERTEX_POINT ( 'NONE', #73 );
#139=ADVANCED_FACE ( 'NONE', ( #5713 ), #3885, .T. );
#140=CARTESIAN_POINT ( 'NONE',  ( -3.024999999999999467, 0.09999999999999999167, 1.875000000000000888 ) );
#141=VERTEX_POINT ( 'NONE', #5490 );
#142=CARTESIAN_POINT ( 'NONE',  ( -3.024999999999999467, 0.5716990566028302689, 0.8750000000000007772 ) );
#143=EDGE_CURVE ( 'NONE', #3959, #6689, #3267, .T. );
#144=CARTESIAN_POINT ( 'NONE',  ( 3.024999999999999467, 0.000000000000000000, 1.125000000000000888 ) );
#145=VERTEX_POINT ( 'NONE', #2498 );
#146=ORIENTED_EDGE ( 'NONE', *, *, #2050, .T. );
#147=LINE ( 'NONE', #2206, #365 );
#148=ORIENTED_EDGE ( 'NONE', *, *, #2331, .F. );
#149=EDGE_CURVE ( 'NONE', #942, #651, #3219, .T. );
#150=EDGE_LOOP ( 'NONE', ( #6374, #5955, #403, #8291 ) );
#151=CARTESIAN_POINT ( 'NONE',  ( 0.6250000000000014433, 0.000000000000000000, -3.025000000000000355 ) );
#152=EDGE_CURVE ( 'NONE', #652, #3039, #8194, .T. );
#153=LINE ( 'NONE', #448, #795 );
#154=AXIS2_PLACEMENT_3D ( 'NONE', #8528, #45, #168 );
#155=ADVANCED_FACE ( 'NONE', ( #7114 ), #4503, .F. );
#156=VERTEX_POINT ( 'NONE', #440 );
#157=CARTESIAN_POINT ( 'NONE',  ( 3.424999999999999822, 0.09999999999999999167, 1.875000000000000888 ) );
#158=AXIS2_PLACEMENT_3D ( 'NONE', #49, #45, #168 );
#159=CARTESIAN_POINT ( 'NONE',  ( -3.024999999999999467, 0.5716990566028302689, -2.624999999999999112 ) );
#160=ORIENTED_EDGE ( 'NONE', *, *, #60, .T. );
#161=ORIENTED_EDGE ( 'NONE', *, *, #588, .F. );
#162=ORIENTED_EDGE ( 'NONE', *, *, #5173, .F. );
#163=ORIENTED_EDGE ( 'NONE', *, *, #5517, .F. );
#164=PLANE ( 'NONE',  #1481 );
#165=LINE ( 'NONE', #3432, #4 );
#166=VECTOR ( 'NONE', #109, 1000.000000000000000 );
#167=EDGE_CURVE ( 'NONE', #3922, #752, #2417, .T. );
#168=DIRECTION ( 'NONE',  ( 0.000000000000000000, -0.000000000000000000, 1.000000000000000000 ) );
#169=CARTESIAN_POINT ( 'NONE',  ( 0.6250000000000014433, 0.09999999999999999167, -3.425000000000000711 ) );
#170=SURFACE_STYLE_USAGE ( .BOTH. , #65 );
#171=LINE ( 'NONE', #756, #30 );
#172=ORIENTED_EDGE ( 'NONE', *, *, #3436, .T. );
#173=PLANE ( 'NONE',  #3057 );
#174=CARTESIAN_POINT ( 'NONE',  ( 1.375000000000001998, 0.1000000000000000056, 3.025000000000001243 ) );
#175=ORIENTED_EDGE ( 'NONE', *, *, #7362, .T. );
#176=ORIENTED_EDGE ( 'NONE', *, *, #8184, .T. );
#177=ORIENTED_EDGE ( 'NONE', *, *, #8673, .T. );
#178=CARTESIAN_POINT ( 'NONE',  ( -3.424999999999999822, 0.5716990566028302689, 0.1250000000000009714 ) );
#179=PLANE ( 'NONE',  #6958 );
#180=AXIS2_PLACEMENT_3D ( 'NONE', #2068, #548, #182 );
#181=ORIENTED_EDGE ( 'NONE', *, *, #7924, .T. );
#182=DIRECTION ( 'NONE',  ( 1.000000000000000000, 0.000000000000000000, -1.734723475976808672E-15 ) );
#183=VERTEX_POINT ( 'NONE', #1594 );
#184=VERTEX_POINT ( 'NONE', #839 );
#185=EDGE_CURVE ( 'NONE', #431, #803, #2506, .T. );
#186=DIRECTION ( 'NONE',  ( -0.000000000000000000, -0.000000000000000000, 1.000000000000000000 ) );
#187=DIRECTION ( 'NONE',  ( -1.752245935330108181E-16, 0.000000000000000000, 1.000000000000000000 ) );
#188=EDGE_CURVE ( 'NONE', #237, #3630, #7151, .T. );
#189=DIRECTION ( 'NONE',  ( -6.195440985631455317E-17, 0.000000000000000000, 1.000000000000000000 ) );
#190=ORIENTED_EDGE ( 'NONE', *, *, #7845, .T. );
#191=CARTESIAN_POINT ( 'NONE',  ( 1.875000000000002442, 0.09999999999999999167, 3.025000000000001243 ) );
#192=EDGE_LOOP ( 'NONE', ( #6416, #6211, #7915, #477 ) );
#193=AXIS2_PLACEMENT_3D ( 'NONE', #4875, #109, #21 );
#194=DIRECTION ( 'NONE',  ( 1.000000000000000000, -0.000000000000000000, -0.000000000000000000 ) );
#195=ORIENTED_EDGE ( 'NONE', *, *, #870, .F. );
#196=CLOSED_SHELL ( 'NONE', ( #1542, #3639, #5080, #7981, #3654, #6441 ) );
#197=CARTESIAN_POINT ( 'NONE',  ( 3.424999999999999822, 0.000000000000000000, 1.625000000000001110 ) );
#198=ORIENTED_EDGE ( 'NONE', *, *, #2970, .F. );
#199=AXIS2_PLACEMENT_3D ( 'NONE', #1267, #5, #128 );
#200=VECTOR ( 'NONE', #416, 1000.000000000000000 );
#201=EDGE_CURVE ( 'NONE', #4063, #4202, #2549, .T. );
#202=ADVANCED_FACE ( 'NONE', ( #1044 ), #382, .F. );
#203=CARTESIAN_POINT ( 'NONE',  ( -3.024999999999999467, 0.1000000000000001027, -2.124999999999999112 ) );
#204=EDGE_CURVE ( 'NONE', #4101, #6563, #1209, .T. );
#205=FACE_OUTER_BOUND ( 'NONE', #4504, .T. );
#206=VECTOR ( 'NONE', #46, 1000.000000000000000 );
#207=VECTOR ( 'NONE', #82, 1000.000000000000000 );
#208=CARTESIAN_POINT ( 'NONE',  ( 1.875000000000001776, 0.5716990566028306020, -3.025000000000000355 ) );
#209=CARTESIAN_POINT ( 'NONE',  ( 3.024999999999999467, 0.5716990566028302689, 2.625000000000000444 ) );
#210=EDGE_LOOP ( 'NONE', ( #2992, #8275, #8706, #1707 ) );
#211=PLANE ( 'NONE',  #1532 );
#212=EDGE_LOOP ( 'NONE', ( #1869, #1628, #7386, #3529 ) );
#213=EDGE_LOOP ( 'NONE', ( #1587, #8344, #5736, #8272 ) );
#214=ORIENTED_EDGE ( 'NONE', *, *, #3122, .F. );
#215=ORIENTED_EDGE ( 'NONE', *, *, #5752, .T. );
#216=EDGE_CURVE ( 'NONE', #2903, #704, #1093, .T. );
#217=LINE ( 'NONE', #97, #58 );
#218=CARTESIAN_POINT ( 'NONE',  ( -3.424999999999999822, 0.000000000000000000, -0.3749999999999990563 ) );
#219=VERTEX_POINT ( 'NONE', #3010 );
#220=AXIS2_PLACEMENT_3D ( 'NONE', #49, #3, #86 );
#221=LINE ( 'NONE', #6074, #1015 );
#222=CARTESIAN_POINT ( 'NONE',  ( -0.1249999999999979461, 0.000000000000000000, 3.025000000000001243 ) );
#223=VERTEX_POINT ( 'NONE', #931 );
#224=VECTOR ( 'NONE', #186, 1000.000000000000000 );
#225=VERTEX_POINT ( 'NONE', #5111 );
#226=PLANE ( 'NONE',  #254 );
#227=EDGE_LOOP ( 'NONE', ( #7180, #8760, #402, #4134 ) );
#228=EDGE_CURVE ( 'NONE', #3561, #7798, #5502, .T. );
#229=EDGE_LOOP ( 'NONE', ( #3497, #2500, #8465, #5212 ) );
#230=LINE ( 'NONE', #2860, #224 );
#231=AXIS2_PLACEMENT_3D ( 'NONE', #462, #32, #5 );
#232=AXIS2_PLACEMENT_3D ( 'NONE', #1179, #109, #21 );
#233=FACE_OUTER_BOUND ( 'NONE', #6974, .T. );
#234=SURFACE_STYLE_USAGE ( .BOTH. , #6000 );
#235=PLANE ( 'NONE',  #7528 );
#236=EDGE_CURVE ( 'NONE', #1680, #978, #2021, .T. );
#237=VERTEX_POINT ( 'NONE', #4005 );
#238=CARTESIAN_POINT ( 'NONE',  ( -3.424999999999999822, 0.09999999999999999167, -1.374999999999999112 ) );
#239=EDGE_LOOP ( 'NONE', ( #3854, #821, #4569, #3856 ) );
#240=EDGE_CURVE ( 'NONE', #1395, #289, #4723, .T. );
#241=EDGE_LOOP ( 'NONE', ( #5019, #4459, #3005, #7735 ) );
#242=VERTEX_POINT ( 'NONE', #2694 );
#243=CARTESIAN_POINT ( 'NONE',  ( -3.024999999999999467, 0.1000000000000001027, -1.124999999999999334 ) );
#244=CARTESIAN_POINT ( 'NONE',  ( 0.000000000000000000, 1.209999999999999964, 0.000000000000000000 ) );
#245=ORIENTED_EDGE ( 'NONE', *, *, #4068, .T. );
#246=AXIS2_PLACEMENT_3D ( 'NONE', #2394, #526, #130 );
#247=PRESENTATION_LAYER_ASSIGNMENT (  '', '', ( #8248 ) );
#248=EDGE_CURVE ( 'NONE', #4101, #2436, #4019, .T. );
#249=CARTESIAN_POINT ( 'NONE',  ( 1.500000000000000000, 0.1000000000000000056, 0.000000000000000000 ) );
#250=ORIENTED_EDGE ( 'NONE', *, *, #7019, .T. );
#251=PLANE ( 'NONE',  #5705 );
#252=LINE ( 'NONE', #500, #4 );
#253=VERTEX_POINT ( 'NONE', #5299 );
#254=AXIS2_PLACEMENT_3D ( 'NONE', #1425, #2843, #182 );
#255=ADVANCED_FACE ( 'NONE', ( #2649 ), #3504, .F. );
#256=ORIENTED_EDGE ( 'NONE', *, *, #7565, .F. );
#257=ORIENTED_EDGE ( 'NONE', *, *, #4788, .T. );
#258=AXIS2_PLACEMENT_3D ( 'NONE', #244, #45, #168 );
#259=CARTESIAN_POINT ( 'NONE',  ( 3.424999999999999822, 0.1000000000000001027, 1.625000000000001110 ) );
#260=VECTOR ( 'NONE', #340, 1000.000000000000000 );
#261=DIRECTION ( 'NONE',  ( 1.000000000000000000, -0.000000000000000000, 1.734723475976808475E-15 ) );
#262=LINE ( 'NONE', #6781, #269 );
#263=LINE ( 'NONE', #484, #58 );
#264=ORIENTED_EDGE ( 'NONE', *, *, #7041, .T. );
#265=CARTESIAN_POINT ( 'NONE',  ( 0.3750000000000020539, 0.09999999999999999167, 3.025000000000001243 ) );
#266=ADVANCED_FACE ( 'NONE', ( #7883 ), #3360, .F. );
#267=CARTESIAN_POINT ( 'NONE',  ( -1.874999999999997780, 0.5716990566028306020, 3.025000000000001243 ) );
#268=EDGE_LOOP ( 'NONE', ( #4490, #5675, #6612, #8467 ) );
#269=VECTOR ( 'NONE', #130, 1000.000000000000000 );
#270=EDGE_LOOP ( 'NONE', ( #104, #4179, #4307, #4701 ) );
#271=ADVANCED_FACE ( 'NONE', ( #6740 ), #318, .F. );
#272=( NAMED_UNIT ( * ) PLANE_ANGLE_UNIT ( ) SI_UNIT ( $, .RADIAN. ) );
#273=ORIENTED_EDGE ( 'NONE', *, *, #2211, .T. );
#274=EDGE_LOOP ( 'NONE', ( #7879, #264, #4534, #4274 ) );
#275=AXIS2_PLACEMENT_3D ( 'NONE', #5451, #32, #5 );
#276=VERTEX_POINT ( 'NONE', #790 );
#277=FACE_OUTER_BOUND ( 'NONE', #7611, .T. );
#278=CARTESIAN_POINT ( 'NONE',  ( 0.000000000000000000, 0.000000000000000000, 2.000000000000000000 ) );
#279=CARTESIAN_POINT ( 'NONE',  ( -0.1249999999999988065, 0.09999999999999999167, -3.025000000000000355 ) );
#280=EDGE_CURVE ( 'NONE', #4111, #5231, #2066, .T. );
#281=PLANE ( 'NONE',  #3014 );
#282=CARTESIAN_POINT ( 'NONE',  ( -1.124999999999998890, 0.5716990566028306020, -3.425000000000001155 ) );
#283=EDGE_LOOP ( 'NONE', ( #2772, #3137, #1164, #8627 ) );
#284=EDGE_CURVE ( 'NONE', #6133, #5168, #8365, .T. );
#285=EDGE_CURVE ( 'NONE', #5533, #5501, #5548, .T. );
#286=EDGE_LOOP ( 'NONE', ( #1731, #3155, #1010, #6679 ) );
#287=EDGE_LOOP ( 'NONE', ( #4620, #5588, #3161, #6449 ) );
#288=CARTESIAN_POINT ( 'NONE',  ( -3.024999999999999467, 0.5716990566028302689, -0.1249999999999992506 ) );
#289=VERTEX_POINT ( 'NONE', #1941 );
#290=AXIS2_PLACEMENT_3D ( 'NONE', #3495, #45, #168 );
#291=CARTESIAN_POINT ( 'NONE',  ( -1.124999999999998002, 0.000000000000000000, 3.025000000000001243 ) );
#292=CARTESIAN_POINT ( 'NONE',  ( 2.875000000000001776, 0.09999999999999999167, 3.425000000000002043 ) );
#293=CARTESIAN_POINT ( 'NONE',  ( 0.8750000000000012212, 0.09999999999999999167, -3.025000000000000355 ) );
#294=CARTESIAN_POINT ( 'NONE',  ( 3.024999999999999467, 0.5716990566028302689, -1.124999999999999334 ) );
#295=FACE_OUTER_BOUND ( 'NONE', #3680, .T. );
#296=CARTESIAN_POINT ( 'NONE',  ( -0.8749999999999985567, 0.1000000000000000056, -3.025000000000000355 ) );
#297=ORIENTED_EDGE ( 'NONE', *, *, #4829, .T. );
#298=CARTESIAN_POINT ( 'NONE',  ( -2.124999999999997780, 0.000000000000000000, 3.025000000000001243 ) );
#299=CARTESIAN_POINT ( 'NONE',  ( 4.000000000000000000, 0.1000000000000000056, 0.000000000000000000 ) );
#300=ORIENTED_EDGE ( 'NONE', *, *, #7584, .T. );
#301=EDGE_CURVE ( 'NONE', #849, #1956, #2605, .T. );
#302=ORIENTED_EDGE ( 'NONE', *, *, #5118, .F. );
#303=ORIENTED_EDGE ( 'NONE', *, *, #8772, .T. );
#304=CARTESIAN_POINT ( 'NONE',  ( 3.024999999999999467, 0.5716990566028302689, 1.875000000000000888 ) );
#305=ORIENTED_EDGE ( 'NONE', *, *, #8313, .T. );
#306=PLANE ( 'NONE',  #5221 );
#307=ORIENTED_EDGE ( 'NONE', *, *, #5144, .T. );
#308=EDGE_CURVE ( 'NONE', #3927, #5674, #8637, .T. );
#309=ORIENTED_EDGE ( 'NONE', *, *, #248, .T. );
#310=EDGE_CURVE ( 'NONE', #1502, #3583, #8575, .T. );
#311=ORIENTED_EDGE ( 'NONE', *, *, #4382, .F. );
#312=LINE ( 'NONE', #5676, #224 );
#313=ADVANCED_FACE ( 'NONE', ( #553 ), #5647, .T. );
#314=ORIENTED_EDGE ( 'NONE', *, *, #4750, .T. );
#315=LINE ( 'NONE', #6473, #30 );
#316=VERTEX_POINT ( 'NONE', #1795 );
#317=AXIS2_PLACEMENT_3D ( 'NONE', #4271, #51, #32 );
#318=PLANE ( 'NONE',  #409 );
#319=ORIENTED_EDGE ( 'NONE', *, *, #1829, .F. );
#320=PRESENTATION_STYLE_ASSIGNMENT (( #170 ) );
#321=CARTESIAN_POINT ( 'NONE',  ( -3.424999999999999822, 0.000000000000000000, 0.3750000000000007772 ) );
#322=CARTESIAN_POINT ( 'NONE',  ( 3.024999999999999467, 0.000000000000000000, -1.874999999999999112 ) );
#323=AXIS2_PLACEMENT_3D ( 'NONE', #6408, #3905, #4523 );
#324=CARTESIAN_POINT ( 'NONE',  ( 3.424999999999999822, 0.000000000000000000, 0.3750000000000007772 ) );
#325=ORIENTED_EDGE ( 'NONE', *, *, #2047, .F. );
#326=CARTESIAN_POINT ( 'NONE',  ( -1.124999999999998002, 0.1000000000000000056, 3.025000000000001243 ) );
#327=LINE ( 'NONE', #3261, #6 );
#328=LINE ( 'NONE', #4099, #224 );
#329=LINE ( 'NONE', #3459, #30 );
#330=ORIENTED_EDGE ( 'NONE', *, *, #3853, .F. );
#331=ORIENTED_EDGE ( 'NONE', *, *, #8784, .F. );
#332=CARTESIAN_POINT ( 'NONE',  ( 1.875000000000001776, 0.5716990566028306020, -3.425000000000001155 ) );
#333=ORIENTED_EDGE ( 'NONE', *, *, #117, .T. );
#334=ORIENTED_EDGE ( 'NONE', *, *, #5024, .T. );
#335=MECHANICAL_DESIGN_GEOMETRIC_PRESENTATION_REPRESENTATION (  '', ( #5169 ), #714 );
#336=CARTESIAN_POINT ( 'NONE',  ( 0.1250000000000014155, 0.1000000000000000056, -3.025000000000000355 ) );
#337=EDGE_CURVE ( 'NONE', #2775, #2448, #5776, .T. );
#338=EDGE_CURVE ( 'NONE', #2621, #5823, #6969, .T. );
#339=ORIENTED_EDGE ( 'NONE', *, *, #542, .F. );
#340=DIRECTION ( 'NONE',  ( -1.000000000000000000, 0.000000000000000000, 1.734723475976808475E-15 ) );
#341=CARTESIAN_POINT ( 'NONE',  ( -1.624999999999998002, 0.09999999999999999167, 3.025000000000001243 ) );
#342=LINE ( 'NONE', #2249, #207 );
#343=ORIENTED_EDGE ( 'NONE', *, *, #2930, .T. );
#344=ORIENTED_EDGE ( 'NONE', *, *, #2444, .F. );
#345=CARTESIAN_POINT ( 'NONE',  ( -2.124999999999998668, 0.5716990566028306020, -3.025000000000000355 ) );
#346=VERTEX_POINT ( 'NONE', #1631 );
#347=CARTESIAN_POINT ( 'NONE',  ( -2.874999999999997780, 0.5716990566028306020, 3.025000000000001243 ) );
#348=CARTESIAN_POINT ( 'NONE',  ( 3.424999999999999822, 0.1000000000000001027, 0.6250000000000009992 ) );
#349=ORIENTED_EDGE ( 'NONE', *, *, #3436, .F. );
#350=ADVANCED_FACE ( 'NONE', ( #5689 ), #4343, .T. );
#351=ADVANCED_FACE ( 'NONE', ( #6821 ), #4897, .F. );
#352=ADVANCED_FACE ( 'NONE', ( #6216 ), #8050, .T. );
#353=CARTESIAN_POINT ( 'NONE',  ( -2.624999999999997780, 0.5716990566028306020, 3.025000000000001243 ) );
#354=EDGE_CURVE ( 'NONE', #2499, #6573, #1272, .T. );
#355=CARTESIAN_POINT ( 'NONE',  ( -0.6249999999999980016, 0.000000000000000000, 3.025000000000001243 ) );
#356=LINE ( 'NONE', #1216, #30 );
#357=ORIENTED_EDGE ( 'NONE', *, *, #5875, .F. );
#358=CARTESIAN_POINT ( 'NONE',  ( -2.374999999999997780, 0.09999999999999999167, 3.425000000000001599 ) );
#359=( LENGTH_UNIT ( ) NAMED_UNIT ( * ) SI_UNIT ( .MILLI., .METRE. ) );
#360=VERTEX_POINT ( 'NONE', #500 );
#361=ORIENTED_EDGE ( 'NONE', *, *, #1377, .F. );
#362=ORIENTED_EDGE ( 'NONE', *, *, #7792, .T. );
#363=CARTESIAN_POINT ( 'NONE',  ( -3.024999999999999467, 0.000000000000000000, -1.124999999999999334 ) );
#364=ORIENTED_EDGE ( 'NONE', *, *, #2264, .T. );
#365=VECTOR ( 'NONE', #32, 1000.000000000000000 );
#366=CARTESIAN_POINT ( 'NONE',  ( -0.3749999999999986122, 0.1000000000000000056, -3.025000000000000355 ) );
#367=CARTESIAN_POINT ( 'NONE',  ( -3.424999999999999822, 0.000000000000000000, 1.875000000000001332 ) );
#368=ORIENTED_EDGE ( 'NONE', *, *, #1329, .T. );
#369=EDGE_LOOP ( 'NONE', ( #3442, #6611, #4925, #2914 ) );
#370=EDGE_CURVE ( 'NONE', #6675, #1286, #7427, .T. );
#371=ORIENTED_EDGE ( 'NONE', *, *, #8368, .T. );
#372=AXIS2_PLACEMENT_3D ( 'NONE', #3592, #45, #168 );
#373=CARTESIAN_POINT ( 'NONE',  ( -1.624999999999998002, 0.09999999999999999167, 3.425000000000002043 ) );
#374=ORIENTED_EDGE ( 'NONE', *, *, #2729, .F. );
#375=STYLED_ITEM ( 'NONE', ( #320 ), #1690 );
#376=LINE ( 'NONE', #421, #4 );
#377=LINE ( 'NONE', #4847, #200 );
#378=EDGE_CURVE ( 'NONE', #2895, #868, #3673, .T. );
#379=CARTESIAN_POINT ( 'NONE',  ( -1.874999999999997780, 0.000000000000000000, 3.025000000000001243 ) );
#380=VERTEX_POINT ( 'NONE', #5068 );
#381=LINE ( 'NONE', #1921, #6 );
#382=PLANE ( 'NONE',  #1818 );
#383=VERTEX_POINT ( 'NONE', #7546 );
#384=AXIS2_PLACEMENT_3D ( 'NONE', #6896, #3, #86 );
#385=PLANE ( 'NONE',  #8199 );
#386=EDGE_CURVE ( 'NONE', #5938, #5852, #4306, .T. );
#387=CARTESIAN_POINT ( 'NONE',  ( 1.375000000000001332, 0.5716990566028306020, -3.025000000000000355 ) );
#388=LINE ( 'NONE', #1931, #269 );
#389=CARTESIAN_POINT ( 'NONE',  ( -2.124999999999997780, 0.1000000000000000056, 3.425000000000002043 ) );
#390=CARTESIAN_POINT ( 'NONE',  ( -3.424999999999999822, 0.09999999999999999167, 1.625000000000001332 ) );
#391=ORIENTED_EDGE ( 'NONE', *, *, #8316, .T. );
#392=FACE_OUTER_BOUND ( 'NONE', #2776, .T. );
#393=ORIENTED_EDGE ( 'NONE', *, *, #499, .T. );
#394=PLANE ( 'NONE',  #220 );
#395=PLANE ( 'NONE',  #3017 );
#396=EDGE_CURVE ( 'NONE', #651, #4900, #590, .T. );
#397=CARTESIAN_POINT ( 'NONE',  ( 0.000000000000000000, 0.000000000000000000, 0.000000000000000000 ) );
#398=ORIENTED_EDGE ( 'NONE', *, *, #970, .F. );
#399=ORIENTED_EDGE ( 'NONE', *, *, #6197, .T. );
#400=AXIS2_PLACEMENT_3D ( 'NONE', #296, #46, #21 );
#401=ADVANCED_FACE ( 'NONE', ( #2258 ), #4398, .F. );
#402=ORIENTED_EDGE ( 'NONE', *, *, #5289, .F. );
#403=ORIENTED_EDGE ( 'NONE', *, *, #4755, .F. );
#404=CLOSED_SHELL ( 'NONE', ( #8348, #7977, #1400, #2751, #2369, #3646 ) );
#405=VERTEX_POINT ( 'NONE', #4986 );
#406=CARTESIAN_POINT ( 'NONE',  ( -2.124999999999998668, 0.1000000000000000056, -3.025000000000000355 ) );
#407=FACE_OUTER_BOUND ( 'NONE', #6002, .T. );
#408=ORIENTED_EDGE ( 'NONE', *, *, #7063, .F. );
#409=AXIS2_PLACEMENT_3D ( 'NONE', #1871, #21, #526 );
#410=ADVANCED_FACE ( 'NONE', ( #3586 ), #6260, .F. );
#411=VERTEX_POINT ( 'NONE', #2073 );
#412=CARTESIAN_POINT ( 'NONE',  ( 3.024999999999999467, 0.000000000000000000, -2.874999999999999112 ) );
#413=ADVANCED_FACE ( 'NONE', ( #1551 ), #6533, .T. );
#414=CARTESIAN_POINT ( 'NONE',  ( 1.375000000000001998, 0.1000000000000000056, 3.425000000000002043 ) );
#415=ORIENTED_EDGE ( 'NONE', *, *, #6270, .F. );
#416=DIRECTION ( 'NONE',  ( -0.000000000000000000, -0.000000000000000000, -1.000000000000000000 ) );
#417=AXIS2_PLACEMENT_3D ( 'NONE', #397, #6806, #5 );
#418=PLANE ( 'NONE',  #6669 );
#419=CARTESIAN_POINT ( 'NONE',  ( 1.125000000000001332, 0.000000000000000000, -3.425000000000000711 ) );
#420=EDGE_LOOP ( 'NONE', ( #1189, #297, #670, #7065 ) );
#421=CARTESIAN_POINT ( 'NONE',  ( 2.375000000000002665, 0.1000000000000000056, 3.425000000000002043 ) );
#422=ORIENTED_EDGE ( 'NONE', *, *, #1315, .T. );
#423=CARTESIAN_POINT ( 'NONE',  ( 4.336808689942016750E-16, 7.100357133746822313, -2.475000000000000089 ) );
#424=CARTESIAN_POINT ( 'NONE',  ( 0.6250000000000023315, 0.1000000000000000056, 3.025000000000001243 ) );
#425=EDGE_LOOP ( 'NONE', ( #1545, #606, #3632, #5884 ) );
#426=EDGE_CURVE ( 'NONE', #3251, #3925, #5275, .T. );
#427=EDGE_CURVE ( 'NONE', #6902, #3291, #8265, .T. );
#428=ORIENTED_EDGE ( 'NONE', *, *, #7254, .T. );
#429=CARTESIAN_POINT ( 'NONE',  ( -3.024999999999999467, 0.5716990566028302689, 1.375000000000000888 ) );
#430=VERTEX_POINT ( 'NONE', #3064 );
#431=VERTEX_POINT ( 'NONE', #6670 );
#432=VECTOR ( 'NONE', #5, 1000.000000000000000 );
#433=CARTESIAN_POINT ( 'NONE',  ( 3.024999999999999467, 0.5716990566028302689, -1.874999999999999112 ) );
#434=( GEOMETRIC_REPRESENTATION_CONTEXT ( 3 ) GLOBAL_UNCERTAINTY_ASSIGNED_CONTEXT ( ( #12 ) ) GLOBAL_UNIT_ASSIGNED_CONTEXT ( ( #359, #272, #78 ) ) REPRESENTATION_CONTEXT ( 'NONE', 'WORKASPACE' ) );
#435=CARTESIAN_POINT ( 'NONE',  ( 3.424999999999999822, 0.09999999999999999167, 2.375000000000000888 ) );
#436=ADVANCED_FACE ( 'NONE', ( #8777 ), #5887, .F. );
#437=ORIENTED_EDGE ( 'NONE', *, *, #525, .T. );
#438=EDGE_CURVE ( 'NONE', #7819, #5970, #6494, .T. );
#439=EDGE_CURVE ( 'NONE', #3927, #6871, #8224, .T. );
#440=CARTESIAN_POINT ( 'NONE',  ( -0.6249999999999987788, 0.1000000000000000056, -3.025000000000000355 ) );
#441=EDGE_LOOP ( 'NONE', ( #2826, #4738, #74, #6696 ) );
#442=CARTESIAN_POINT ( 'NONE',  ( 3.024999999999999467, 0.09999999999999999167, -2.374999999999999112 ) );
#443=FACE_OUTER_BOUND ( 'NONE', #7989, .T. );
#444=APPLICATION_CONTEXT ( 'automotive_design' );
#445=PRESENTATION_LAYER_ASSIGNMENT (  '', '', ( #5936 ) );
#446=LINE ( 'NONE', #1392, #166 );
#447=ORIENTED_EDGE ( 'NONE', *, *, #7124, .T. );
#448=CARTESIAN_POINT ( 'NONE',  ( 3.024999999999999467, 0.09999999999999999167, 2.625000000000000000 ) );
#449=ORIENTED_EDGE ( 'NONE', *, *, #3670, .T. );
#450=CARTESIAN_POINT ( 'NONE',  ( -3.024999999999999467, 0.000000000000000000, -2.874999999999999112 ) );
#451=CARTESIAN_POINT ( 'NONE',  ( -0.6249999999999980016, 0.1000000000000000056, 3.025000000000001243 ) );
#452=ORIENTED_EDGE ( 'NONE', *, *, #7868, .F. );
#453=VERTEX_POINT ( 'NONE', #6483 );
#454=PRESENTATION_LAYER_ASSIGNMENT (  '', '', ( #6583 ) );
#455=ORIENTED_EDGE ( 'NONE', *, *, #4771, .F. );
#456=VERTEX_POINT ( 'NONE', #4256 );
#457=EDGE_CURVE ( 'NONE', #7447, #552, #2982, .T. );
#458=EDGE_CURVE ( 'NONE', #8204, #7188, #7005, .T. );
#459=CARTESIAN_POINT ( 'NONE',  ( 3.024999999999999467, 0.000000000000000000, -1.624999999999999334 ) );
#460=EDGE_CURVE ( 'NONE', #6381, #3778, #7043, .T. );
#461=VERTEX_POINT ( 'NONE', #927 );
#462=CARTESIAN_POINT ( 'NONE',  ( -2.124999999999997780, 0.1000000000000000056, 3.025000000000001243 ) );
#463=ADVANCED_FACE ( 'NONE', ( #1760 ), #3929, .F. );
#464=ORIENTED_EDGE ( 'NONE', *, *, #1329, .F. );
#465=VERTEX_POINT ( 'NONE', #1709 );
#466=VERTEX_POINT ( 'NONE', #421 );
#467=DIRECTION ( 'NONE',  ( 1.000000000000000000, -0.000000000000000000, 6.195440985631455317E-17 ) );
#468=CARTESIAN_POINT ( 'NONE',  ( 3.024999999999999467, 0.000000000000000000, 1.625000000000001110 ) );
#469=ORIENTED_EDGE ( 'NONE', *, *, #2133, .F. );
#470=FACE_OUTER_BOUND ( 'NONE', #645, .T. );
#471=CARTESIAN_POINT ( 'NONE',  ( 1.125000000000002220, 0.09999999999999999167, 3.025000000000001243 ) );
#472=EDGE_CURVE ( 'NONE', #7018, #1574, #5190, .T. );
#473=EDGE_LOOP ( 'NONE', ( #827, #6033, #1561, #681 ) );
#474=CARTESIAN_POINT ( 'NONE',  ( 2.625000000000001332, 0.000000000000000000, 3.025000000000001243 ) );
#475=CARTESIAN_POINT ( 'NONE',  ( 3.024999999999999467, 0.5716990566028302689, 0.3750000000000007772 ) );
#476=AXIS2_PLACEMENT_3D ( 'NONE', #4475, #46, #21 );
#477=ORIENTED_EDGE ( 'NONE', *, *, #5854, .T. );
#478=EDGE_LOOP ( 'NONE', ( #2303, #7060, #3263, #1479 ) );
#479=CARTESIAN_POINT ( 'NONE',  ( 0.3750000000000012212, 0.000000000000000000, -3.425000000000001155 ) );
#480=ORIENTED_EDGE ( 'NONE', *, *, #910, .T. );
#481=PLANE ( 'NONE',  #7385 );
#482=ORIENTED_EDGE ( 'NONE', *, *, #1712, .T. );
#483=ORIENTED_EDGE ( 'NONE', *, *, #4302, .F. );
#484=CARTESIAN_POINT ( 'NONE',  ( -1.124999999999998002, 0.000000000000000000, 3.425000000000002043 ) );
#485=ADVANCED_FACE ( 'NONE', ( #779 ), #5151, .F. );
#486=ORIENTED_EDGE ( 'NONE', *, *, #8263, .T. );
#487=LINE ( 'NONE', #2015, #365 );
#488=ORIENTED_EDGE ( 'NONE', *, *, #4936, .F. );
#489=EDGE_CURVE ( 'NONE', #7726, #1120, #1657, .T. );
#490=CARTESIAN_POINT ( 'NONE',  ( 2.375000000000001776, 0.1000000000000000056, -3.025000000000000355 ) );
#491=CARTESIAN_POINT ( 'NONE',  ( -0.3749999999999977240, 0.000000000000000000, 3.425000000000001599 ) );
#492=EDGE_LOOP ( 'NONE', ( #7382, #5266, #5129, #7836 ) );
#493=CARTESIAN_POINT ( 'NONE',  ( 0.000000000000000000, 0.000000000000000000, 5.000000000000000000 ) );
#494=VERTEX_POINT ( 'NONE', #2860 );
#495=FACE_BOUND ( 'NONE', #3682, .T. );
#496=PLANE ( 'NONE',  #7110 );
#497=CARTESIAN_POINT ( 'NONE',  ( -1.124999999999998002, 0.1000000000000000056, 3.425000000000002043 ) );
#498=EDGE_CURVE ( 'NONE', #4014, #5607, #3160, .T. );
#499=EDGE_CURVE ( 'NONE', #1832, #5842, #1924, .T. );
#500=CARTESIAN_POINT ( 'NONE',  ( 0.8750000000000021094, 0.1000000000000000056, 3.025000000000001243 ) );
#501=VERTEX_POINT ( 'NONE', #2040 );
#502=ADVANCED_FACE ( 'NONE', ( #6090 ), #4010, .F. );
#503=CARTESIAN_POINT ( 'NONE',  ( 3.424999999999999822, 0.000000000000000000, 2.875000000000000444 ) );
#504=LINE ( 'NONE', #2124, #4 );
#505=ORIENTED_EDGE ( 'NONE', *, *, #1901, .T. );
#506=ORIENTED_EDGE ( 'NONE', *, *, #7964, .F. );
#507=FACE_OUTER_BOUND ( 'NONE', #5789, .T. );
#508=ORIENTED_EDGE ( 'NONE', *, *, #2352, .F. );
#509=ORIENTED_EDGE ( 'NONE', *, *, #7268, .F. );
#510=STYLED_ITEM ( 'NONE', ( #320 ), #4872 );
#511=CARTESIAN_POINT ( 'NONE',  ( -3.024999999999999467, 0.000000000000000000, -1.374999999999999112 ) );
#512=LINE ( 'NONE', #5075, #4 );
#513=ORIENTED_EDGE ( 'NONE', *, *, #8009, .F. );
#514=PLANE ( 'NONE',  #6380 );
#515=LINE ( 'NONE', #1991, #4 );
#516=CARTESIAN_POINT ( 'NONE',  ( 3.024999999999999467, 0.5716990566028302689, -1.624999999999999334 ) );
#517=FACE_OUTER_BOUND ( 'NONE', #1107, .T. );
#518=CARTESIAN_POINT ( 'NONE',  ( -3.024999999999999467, 0.5716990566028302689, -0.8749999999999990008 ) );
#519=ORIENTED_EDGE ( 'NONE', *, *, #1278, .T. );
#520=EDGE_CURVE ( 'NONE', #1784, #3156, #4062, .T. );
#521=PRESENTATION_LAYER_ASSIGNMENT (  '', '', ( #4608 ) );
#522=ORIENTED_EDGE ( 'NONE', *, *, #7010, .T. );
#523=ORIENTED_EDGE ( 'NONE', *, *, #4360, .F. );
#524=FACE_OUTER_BOUND ( 'NONE', #3621, .T. );
#525=EDGE_CURVE ( 'NONE', #5366, #5556, #6649, .T. );
#526=DIRECTION ( 'NONE',  ( -1.000000000000000000, 0.000000000000000000, -0.000000000000000000 ) );
#527=EDGE_CURVE ( 'NONE', #242, #8156, #6004, .T. );
#528=ORIENTED_EDGE ( 'NONE', *, *, #1451, .F. );
#529=FACE_OUTER_BOUND ( 'NONE', #8441, .T. );
#530=LINE ( 'NONE', #1409, #260 );
#531=( GEOMETRIC_REPRESENTATION_CONTEXT ( 3 ) GLOBAL_UNCERTAINTY_ASSIGNED_CONTEXT ( ( #12 ) ) GLOBAL_UNIT_ASSIGNED_CONTEXT ( ( #359, #272, #78 ) ) REPRESENTATION_CONTEXT ( 'NONE', 'WORKASPACE' ) );
#532=CARTESIAN_POINT ( 'NONE',  ( 3.500000000000000444, 1.209999999999999298, 3.499999999999999556 ) );
#533=CARTESIAN_POINT ( 'NONE',  ( -2.874999999999998668, 0.000000000000000000, -3.425000000000001155 ) );
#534=VERTEX_POINT ( 'NONE', #366 );
#535=ORIENTED_EDGE ( 'NONE', *, *, #2706, .F. );
#536=VERTEX_POINT ( 'NONE', #7835 );
#537=ORIENTED_EDGE ( 'NONE', *, *, #1033, .T. );
#538=CARTESIAN_POINT ( 'NONE',  ( -1.124999999999998890, 0.1000000000000000056, -3.025000000000000355 ) );
#539=FACE_OUTER_BOUND ( 'NONE', #4805, .T. );
#540=EDGE_LOOP ( 'NONE', ( #2902, #8738, #3660, #3456 ) );
#541=LINE ( 'NONE', #765, #206 );
#542=EDGE_CURVE ( 'NONE', #3089, #3207, #3489, .T. );
#543=CARTESIAN_POINT ( 'NONE',  ( -3.024999999999999467, 0.09999999999999999167, 2.125000000000000888 ) );
#544=ORIENTED_EDGE ( 'NONE', *, *, #1840, .T. );
#545=CARTESIAN_POINT ( 'NONE',  ( -0.6249999999999980016, 0.1000000000000000056, 3.425000000000002043 ) );
#546=ORIENTED_EDGE ( 'NONE', *, *, #5035, .T. );
#547=AXIS2_PLACEMENT_3D ( 'NONE', #880, #45, #168 );
#548=DIRECTION ( 'NONE',  ( 1.734723475976808672E-15, 0.000000000000000000, 1.000000000000000000 ) );
#549=ORIENTED_EDGE ( 'NONE', *, *, #6524, .F. );
#550=VECTOR ( 'NONE', #2442, 1000.000000000000000 );
#551=CARTESIAN_POINT ( 'NONE',  ( 3.424999999999999822, 0.5716990566028302689, 2.375000000000001332 ) );
#552=VERTEX_POINT ( 'NONE', #4514 );
#553=FACE_OUTER_BOUND ( 'NONE', #967, .T. );
#554=EDGE_CURVE ( 'NONE', #4061, #6201, #1348, .T. );
#555=ORIENTED_EDGE ( 'NONE', *, *, #4921, .F. );
#556=LINE ( 'NONE', #2172, #224 );
#557=ADVANCED_FACE ( 'NONE', ( #7911 ), #5493, .T. );
#558=FACE_OUTER_BOUND ( 'NONE', #3523, .T. );
#559=AXIS2_PLACEMENT_3D ( 'NONE', #2244, #46, #21 );
#560=CARTESIAN_POINT ( 'NONE',  ( -1.874999999999998668, 0.1000000000000000056, -3.025000000000000355 ) );
#561=MECHANICAL_DESIGN_GEOMETRIC_PRESENTATION_REPRESENTATION (  '', ( #1788 ), #4495 );
#562=ORIENTED_EDGE ( 'NONE', *, *, #3693, .T. );
#563=MECHANICAL_DESIGN_GEOMETRIC_PRESENTATION_REPRESENTATION (  '', ( #8215 ), #5757 );
#564=CARTESIAN_POINT ( 'NONE',  ( -1.124999999999998002, 0.5716990566028306020, 3.425000000000002043 ) );
#565=LINE ( 'NONE', #1365, #30 );
#566=ORIENTED_EDGE ( 'NONE', *, *, #841, .F. );
#567=ORIENTED_EDGE ( 'NONE', *, *, #520, .T. );
#568=PLANE ( 'NONE',  #3803 );
#569=EDGE_CURVE ( 'NONE', #2127, #4061, #982, .T. );
#570=VERTEX_POINT ( 'NONE', #3247 );
#571=ADVANCED_FACE ( 'NONE', ( #3969 ), #6047, .F. );
#572=VERTEX_POINT ( 'NONE', #2684 );
#573=CARTESIAN_POINT ( 'NONE',  ( -0.1249999999999979461, 0.000000000000000000, 3.425000000000002043 ) );
#574=PRESENTATION_LAYER_ASSIGNMENT (  '', '', ( #8653 ) );
#575=CARTESIAN_POINT ( 'NONE',  ( -0.8749999999999977796, 0.1000000000000000056, 3.425000000000001599 ) );
#576=CARTESIAN_POINT ( 'NONE',  ( -1.624999999999998890, 0.1000000000000000056, -3.425000000000001155 ) );
#577=VERTEX_POINT ( 'NONE', #69 );
#578=LINE ( 'NONE', #1444, #6 );
#579=CARTESIAN_POINT ( 'NONE',  ( -3.024999999999999467, 0.000000000000000000, 0.8750000000000007772 ) );
#580=CARTESIAN_POINT ( 'NONE',  ( 4.336808689942016750E-16, 0.1000000000000002554, -2.475000000000000089 ) );
#581=ORIENTED_EDGE ( 'NONE', *, *, #2, .F. );
#582=VECTOR ( 'NONE', #1537, 1000.000000000000000 );
#583=EDGE_CURVE ( 'NONE', #5480, #3922, #122, .T. );
#584=ORIENTED_EDGE ( 'NONE', *, *, #5270, .T. );
#585=DIRECTION ( 'NONE',  ( 1.734723475976808672E-15, 0.000000000000000000, -1.000000000000000000 ) );
#586=EDGE_CURVE ( 'NONE', #1460, #5468, #2593, .T. );
#587=CLOSED_SHELL ( 'NONE', ( #2399, #4811, #8737, #2134, #4158, #7450 ) );
#588=EDGE_CURVE ( 'NONE', #7646, #3297, #5359, .T. );
#589=CARTESIAN_POINT ( 'NONE',  ( 5.500000000000000000, 0.000000000000000000, 0.000000000000000000 ) );
#590=LINE ( 'NONE', #619, #224 );
#591=ORIENTED_EDGE ( 'NONE', *, *, #489, .F. );
#592=CARTESIAN_POINT ( 'NONE',  ( -3.024999999999999467, 0.000000000000000000, -1.624999999999999334 ) );
#593=LINE ( 'NONE', #3301, #4 );
#594=CARTESIAN_POINT ( 'NONE',  ( -3.424999999999999822, 0.5716990566028302689, -1.374999999999999112 ) );
#595=ORIENTED_EDGE ( 'NONE', *, *, #4581, .F. );
#596=DIRECTION ( 'NONE',  ( 1.239088197126291063E-16, -0.000000000000000000, 1.000000000000000000 ) );
#597=VERTEX_POINT ( 'NONE', #1566 );
#598=EDGE_CURVE ( 'NONE', #1985, #4105, #7344, .T. );
#599=ORIENTED_EDGE ( 'NONE', *, *, #80, .T. );
#600=EDGE_LOOP ( 'NONE', ( #2065, #7608, #4422, #3020 ) );
#601=FACE_OUTER_BOUND ( 'NONE', #2973, .T. );
#602=ORIENTED_EDGE ( 'NONE', *, *, #5173, .T. );
#603=EDGE_CURVE ( 'NONE', #3554, #5206, #6693, .T. );
#604=CARTESIAN_POINT ( 'NONE',  ( 2.375000000000002665, 0.1000000000000000056, 3.025000000000001243 ) );
#605=AXIS2_PLACEMENT_3D ( 'NONE', #1078, #45, #168 );
#606=ORIENTED_EDGE ( 'NONE', *, *, #2036, .T. );
#607=LINE ( 'NONE', #657, #432 );
#608=ADVANCED_FACE ( 'NONE', ( #3400 ), #1706, .T. );
#609=ORIENTED_EDGE ( 'NONE', *, *, #80, .F. );
#610=PLANE ( 'NONE',  #8451 );
#611=EDGE_LOOP ( 'NONE', ( #3526, #464, #5937, #3321 ) );
#612=EDGE_CURVE ( 'NONE', #6342, #6245, #4116, .T. );
#613=CARTESIAN_POINT ( 'NONE',  ( -2.874999999999997780, 0.5716990566028306020, 3.425000000000001599 ) );
#614=ADVANCED_FACE ( 'NONE', ( #6959 ), #394, .F. );
#615=FACE_OUTER_BOUND ( 'NONE', #6727, .T. );
#616=LINE ( 'NONE', #5025, #30 );
#617=ORIENTED_EDGE ( 'NONE', *, *, #338, .T. );
#618=FACE_OUTER_BOUND ( 'NONE', #270, .T. );
#619=CARTESIAN_POINT ( 'NONE',  ( -3.424999999999999822, 0.000000000000000000, 0.8750000000000007772 ) );
#620=ORIENTED_EDGE ( 'NONE', *, *, #7126, .F. );
#621=LINE ( 'NONE', #992, #206 );
#622=FACE_BOUND ( 'NONE', #8364, .T. );
#623=LINE ( 'NONE', #298, #200 );
#624=AXIS2_PLACEMENT_3D ( 'NONE', #1539, #45, #168 );
#625=CARTESIAN_POINT ( 'NONE',  ( 2.125000000000001332, 0.09999999999999999167, -3.025000000000000355 ) );
#626=VERTEX_POINT ( 'NONE', #2105 );
#627=ADVANCED_FACE ( 'NONE', ( #6852 ), #4205, .T. );
#628=CARTESIAN_POINT ( 'NONE',  ( 1.125000000000001332, 0.1000000000000000056, -3.425000000000000711 ) );
#629=ORIENTED_EDGE ( 'NONE', *, *, #2741, .T. );
#630=ORIENTED_EDGE ( 'NONE', *, *, #6378, .F. );
#631=ORIENTED_EDGE ( 'NONE', *, *, #8479, .F. );
#632=STYLED_ITEM ( 'NONE', ( #320 ), #7351 );
#633=EDGE_LOOP ( 'NONE', ( #2557, #6205, #7100, #7125 ) );
#634=ORIENTED_EDGE ( 'NONE', *, *, #1780, .T. );
#635=EDGE_CURVE ( 'NONE', #4558, #570, #655, .T. );
#636=AXIS2_PLACEMENT_3D ( 'NONE', #1990, #45, #168 );
#637=LINE ( 'NONE', #1514, #30 );
#638=EDGE_CURVE ( 'NONE', #4851, #8411, #8536, .T. );
#639=CARTESIAN_POINT ( 'NONE',  ( -1.874999999999997780, 0.1000000000000000056, 3.425000000000001599 ) );
#640=PLANE ( 'NONE',  #4485 );
#641=CARTESIAN_POINT ( 'NONE',  ( -2.874999999999997780, 0.09999999999999999167, 3.025000000000001243 ) );
#642=ORIENTED_EDGE ( 'NONE', *, *, #4076, .F. );
#643=EDGE_LOOP ( 'NONE', ( #1175, #1118, #876, #1281 ) );
#644=LINE ( 'NONE', #673, #4 );
#645=EDGE_LOOP ( 'NONE', ( #6762, #6472, #3749, #6992 ) );
#646=EDGE_CURVE ( 'NONE', #5719, #3204, #2966, .T. );
#647=ADVANCED_FACE ( 'NONE', ( #4334 ), #8503, .T. );
#648=FACE_OUTER_BOUND ( 'NONE', #1166, .T. );
#649=ORIENTED_EDGE ( 'NONE', *, *, #4396, .F. );
#650=EDGE_CURVE ( 'NONE', #3089, #6793, #6251, .T. );
#651=VERTEX_POINT ( 'NONE', #2257 );
#652=VERTEX_POINT ( 'NONE', #4974 );
#653=ORIENTED_EDGE ( 'NONE', *, *, #3982, .T. );
#654=VERTEX_POINT ( 'NONE', #3292 );
#655=LINE ( 'NONE', #2464, #365 );
#656=CARTESIAN_POINT ( 'NONE',  ( 2.625000000000000888, 0.000000000000000000, -3.025000000000000355 ) );
#657=CARTESIAN_POINT ( 'NONE',  ( 3.024999999999999467, 0.09999999999999999167, -0.1249999999999992506 ) );
#658=LINE ( 'NONE', #5227, #83 );
#659=VERTEX_POINT ( 'NONE', #5676 );
#660=VECTOR ( 'NONE', #7243, 1000.000000000000000 );
#661=ADVANCED_FACE ( 'NONE', ( #7419 ), #481, .T. );
#662=ORIENTED_EDGE ( 'NONE', *, *, #5289, .T. );
#663=CARTESIAN_POINT ( 'NONE',  ( -3.424999999999999822, 0.000000000000000000, -2.374999999999999112 ) );
#664=PLANE ( 'NONE',  #5897 );
#665=FACE_OUTER_BOUND ( 'NONE', #4555, .T. );
#666=EDGE_LOOP ( 'NONE', ( #6214, #302, #8582, #6102 ) );
#667=ADVANCED_FACE ( 'NONE', ( #3575 ), #7949, .T. );
#668=PLANE ( 'NONE',  #4541 );
#669=CARTESIAN_POINT ( 'NONE',  ( 3.024999999999999467, 0.5716990566028302689, 0.8750000000000007772 ) );
#670=ORIENTED_EDGE ( 'NONE', *, *, #4312, .T. );
#671=ADVANCED_FACE ( 'NONE', ( #7377 ), #1706, .T. );
#672=CARTESIAN_POINT ( 'NONE',  ( 2.375000000000002665, 0.000000000000000000, 3.425000000000002043 ) );
#673=CARTESIAN_POINT ( 'NONE',  ( -1.624999999999998890, 0.1000000000000000056, -3.025000000000000355 ) );
#674=EDGE_CURVE ( 'NONE', #6570, #1080, #4296, .T. );
#675=FACE_OUTER_BOUND ( 'NONE', #4254, .T. );
#676=LINE ( 'NONE', #2105, #6 );
#677=ORIENTED_EDGE ( 'NONE', *, *, #1391, .T. );
#678=FACE_OUTER_BOUND ( 'NONE', #212, .T. );
#679=LINE ( 'NONE', #799, #224 );
#680=ORIENTED_EDGE ( 'NONE', *, *, #5564, .F. );
#681=ORIENTED_EDGE ( 'NONE', *, *, #7409, .T. );
#682=ORIENTED_EDGE ( 'NONE', *, *, #5051, .F. );
#683=LINE ( 'NONE', #6765, #30 );
#684=FACE_OUTER_BOUND ( 'NONE', #7252, .T. );
#685=CARTESIAN_POINT ( 'NONE',  ( 3.424999999999999822, 0.5716990566028302689, -1.624999999999999334 ) );
#686=ORIENTED_EDGE ( 'NONE', *, *, #6377, .F. );
#687=LINE ( 'NONE', #2467, #4 );
#688=CARTESIAN_POINT ( 'NONE',  ( 2.875000000000000888, 0.09999999999999999167, -3.025000000000000355 ) );
#689=CARTESIAN_POINT ( 'NONE',  ( 2.875000000000001332, 0.1000000000000000056, 3.025000000000001243 ) );
#690=ORIENTED_EDGE ( 'NONE', *, *, #6757, .F. );
#691=ORIENTED_EDGE ( 'NONE', *, *, #5973, .T. );
#692=VERTEX_POINT ( 'NONE', #1478 );
#693=PLANE ( 'NONE',  #5324 );
#694=EDGE_CURVE ( 'NONE', #3094, #3871, #4384, .T. );
#695=ORIENTED_EDGE ( 'NONE', *, *, #1779, .T. );
#696=EDGE_CURVE ( 'NONE', #5572, #4433, #4507, .T. );
#697=PLANE ( 'NONE',  #1648 );
#698=CARTESIAN_POINT ( 'NONE',  ( -3.024999999999999467, 0.000000000000000000, 1.875000000000001332 ) );
#699=MECHANICAL_DESIGN_GEOMETRIC_PRESENTATION_REPRESENTATION (  '', ( #5730 ), #8301 );
#700=LINE ( 'NONE', #1833, #6 );
#701=CARTESIAN_POINT ( 'NONE',  ( -0.6249999999999987788, 0.000000000000000000, -3.025000000000000355 ) );
#702=AXIS2_PLACEMENT_3D ( 'NONE', #5313, #526, #130 );
#703=FACE_OUTER_BOUND ( 'NONE', #4272, .T. );
#704=VERTEX_POINT ( 'NONE', #3662 );
#705=ORIENTED_EDGE ( 'NONE', *, *, #3745, .T. );
#706=VERTEX_POINT ( 'NONE', #4424 );
#707=CARTESIAN_POINT ( 'NONE',  ( -0.3749999999999977240, 0.09999999999999999167, 3.425000000000001599 ) );
#708=EDGE_LOOP ( 'NONE', ( #1364, #7392, #4476, #2363 ) );
#709=CARTESIAN_POINT ( 'NONE',  ( 1.875000000000001776, 0.000000000000000000, -3.025000000000000355 ) );
#710=EDGE_CURVE ( 'NONE', #6035, #7912, #6170, .T. );
#711=EDGE_CURVE ( 'NONE', #3603, #6335, #3535, .T. );
#712=ORIENTED_EDGE ( 'NONE', *, *, #5317, .T. );
#713=EDGE_CURVE ( 'NONE', #3352, #1417, #3865, .T. );
#714=( GEOMETRIC_REPRESENTATION_CONTEXT ( 3 ) GLOBAL_UNCERTAINTY_ASSIGNED_CONTEXT ( ( #12 ) ) GLOBAL_UNIT_ASSIGNED_CONTEXT ( ( #359, #272, #78 ) ) REPRESENTATION_CONTEXT ( 'NONE', 'WORKASPACE' ) );
#715=CARTESIAN_POINT ( 'NONE',  ( -2.324999999999985523, 0.1000000000000002554, -2.325000000000016165 ) );
#716=ORIENTED_EDGE ( 'NONE', *, *, #3563, .T. );
#717=VERTEX_POINT ( 'NONE', #5766 );
#718=FACE_OUTER_BOUND ( 'NONE', #4046, .T. );
#719=PLANE ( 'NONE',  #7396 );
#720=EDGE_LOOP ( 'NONE', ( #2810, #8395, #5442, #8719 ) );
#721=FACE_OUTER_BOUND ( 'NONE', #5749, .T. );
#722=ORIENTED_EDGE ( 'NONE', *, *, #7365, .F. );
#723=PLANE ( 'NONE',  #231 );
#724=LINE ( 'NONE', #1397, #365 );
#725=ORIENTED_EDGE ( 'NONE', *, *, #1803, .F. );
#726=EDGE_CURVE ( 'NONE', #4231, #453, #3105, .T. );
#727=CARTESIAN_POINT ( 'NONE',  ( -1.624999999999998890, 0.5716990566028306020, -3.425000000000001155 ) );
#728=FACE_BOUND ( 'NONE', #4598, .T. );
#729=AXIS2_PLACEMENT_3D ( 'NONE', #1330, #168, #128 );
#730=CARTESIAN_POINT ( 'NONE',  ( 3.024999999999999467, 0.09999999999999999167, 1.375000000000000888 ) );
#731=DIRECTION ( 'NONE',  ( -1.000000000000000000, 0.000000000000000000, 1.239088197126290817E-16 ) );
#732=VERTEX_POINT ( 'NONE', #4054 );
#733=EDGE_CURVE ( 'NONE', #536, #7369, #7612, .T. );
#734=LINE ( 'NONE', #2584, #166 );
#735=LINE ( 'NONE', #1606, #432 );
#736=VERTEX_POINT ( 'NONE', #6207 );
#737=ORIENTED_EDGE ( 'NONE', *, *, #6209, .F. );
#738=EDGE_CURVE ( 'NONE', #4320, #6688, #8731, .T. );
#739=CARTESIAN_POINT ( 'NONE',  ( -3.024999999999999467, 0.5716990566028302689, 2.875000000000000000 ) );
#740=ORIENTED_EDGE ( 'NONE', *, *, #4312, .F. );
#741=AXIS2_PLACEMENT_3D ( 'NONE', #2827, #130, #46 );
#742=CARTESIAN_POINT ( 'NONE',  ( -1.374999999999998668, 0.000000000000000000, -3.025000000000000355 ) );
#743=EDGE_CURVE ( 'NONE', #3583, #219, #3452, .T. );
#744=CARTESIAN_POINT ( 'NONE',  ( 3.424999999999999822, 0.09999999999999999167, -1.624999999999999334 ) );
#745=( GEOMETRIC_REPRESENTATION_CONTEXT ( 3 ) GLOBAL_UNCERTAINTY_ASSIGNED_CONTEXT ( ( #12 ) ) GLOBAL_UNIT_ASSIGNED_CONTEXT ( ( #359, #272, #78 ) ) REPRESENTATION_CONTEXT ( 'NONE', 'WORKASPACE' ) );
#746=FACE_OUTER_BOUND ( 'NONE', #5810, .T. );
#747=EDGE_CURVE ( 'NONE', #1642, #465, #3148, .T. );
#748=PLANE ( 'NONE',  #2924 );
#749=PLANE ( 'NONE',  #8759 );
#750=ORIENTED_EDGE ( 'NONE', *, *, #6156, .F. );
#751=ORIENTED_EDGE ( 'NONE', *, *, #6802, .F. );
#752=VERTEX_POINT ( 'NONE', #1768 );
#753=COLOUR_RGB ( '',0.7960784313725489669, 0.8235294117647058432, 0.9372549019607843146 );
#754=LINE ( 'NONE', #592, #6 );
#755=PLANE ( 'NONE',  #1111 );
#756=CARTESIAN_POINT ( 'NONE',  ( 2.475000000000000533, 7.100357133746822313, 2.475000000000000533 ) );
#757=CARTESIAN_POINT ( 'NONE',  ( -2.919842705443102204, 1.109999999999999876, -3.148842291372226487 ) );
#758=EDGE_CURVE ( 'NONE', #8204, #2155, #8253, .T. );
#759=PLANE ( 'NONE',  #2100 );
#760=ORIENTED_EDGE ( 'NONE', *, *, #4815, .T. );
#761=CLOSED_SHELL ( 'NONE', ( #2474, #6008, #4361, #3028, #8140, #2411, #6028 ) );
#762=VERTEX_POINT ( 'NONE', #2172 );
#763=PLANE ( 'NONE',  #4836 );
#764=ORIENTED_EDGE ( 'NONE', *, *, #3578, .F. );
#765=CARTESIAN_POINT ( 'NONE',  ( -3.024999999999999467, 0.09999999999999999167, -1.624999999999999334 ) );
#766=AXIS2_PLACEMENT_3D ( 'NONE', #545, #585, #105 );
#767=FACE_OUTER_BOUND ( 'NONE', #1113, .T. );
#768=LINE ( 'NONE', #2596, #83 );
#769=CARTESIAN_POINT ( 'NONE',  ( 1.625000000000001776, 0.09999999999999999167, -3.025000000000000355 ) );
#770=ORIENTED_EDGE ( 'NONE', *, *, #6568, .F. );
#771=ADVANCED_FACE ( 'NONE', ( #5808 ), #1534, .F. );
#772=ORIENTED_EDGE ( 'NONE', *, *, #4480, .F. );
#773=ADVANCED_FACE ( 'NONE', ( #8112 ), #5763, .F. );
#774=ORIENTED_EDGE ( 'NONE', *, *, #2644, .F. );
#775=CARTESIAN_POINT ( 'NONE',  ( 3.424999999999999822, 0.000000000000000000, -2.124999999999999112 ) );
#776=CARTESIAN_POINT ( 'NONE',  ( 3.024999999999999467, 0.1000000000000001027, 2.375000000000000888 ) );
#777=ORIENTED_EDGE ( 'NONE', *, *, #7372, .T. );
#778=CARTESIAN_POINT ( 'NONE',  ( -3.024999999999999467, 0.5716990566028302689, 2.375000000000000888 ) );
#779=FACE_OUTER_BOUND ( 'NONE', #6704, .T. );
#780=EDGE_LOOP ( 'NONE', ( #2658, #6217, #1223, #3317 ) );
#781=LINE ( 'NONE', #406, #83 );
#782=FACE_OUTER_BOUND ( 'NONE', #2372, .T. );
#783=EDGE_CURVE ( 'NONE', #1599, #7661, #7135, .T. );
#784=CARTESIAN_POINT ( 'NONE',  ( -3.424999999999999822, 0.5716990566028302689, 0.6250000000000009992 ) );
#785=EDGE_CURVE ( 'NONE', #4123, #1864, #4436, .T. );
#786=LINE ( 'NONE', #38, #4 );
#787=ORIENTED_EDGE ( 'NONE', *, *, #5207, .F. );
#788=VERTEX_POINT ( 'NONE', #2124 );
#789=CARTESIAN_POINT ( 'NONE',  ( -3.024999999999999467, 0.09999999999999999167, 1.125000000000000888 ) );
#790=CARTESIAN_POINT ( 'NONE',  ( -1.624999999999998890, 0.000000000000000000, -3.425000000000001155 ) );
#791=ORIENTED_EDGE ( 'NONE', *, *, #6045, .T. );
#792=LINE ( 'NONE', #101, #269 );
#793=AXIS2_PLACEMENT_3D ( 'NONE', #673, #51, #32 );
#794=LINE ( 'NONE', #178, #30 );
#795=VECTOR ( 'NONE', #526, 1000.000000000000000 );
#796=CARTESIAN_POINT ( 'NONE',  ( -3.424999999999999822, 0.09999999999999999167, -0.8749999999999990008 ) );
#797=FACE_OUTER_BOUND ( 'NONE', #2863, .T. );
#798=ORIENTED_EDGE ( 'NONE', *, *, #1289, .T. );
#799=CARTESIAN_POINT ( 'NONE',  ( 2.125000000000001776, 0.1000000000000000056, -3.025000000000000355 ) );
#800=EDGE_CURVE ( 'NONE', #4168, #4984, #7720, .T. );
#801=CARTESIAN_POINT ( 'NONE',  ( -3.500000000000000000, 0.000000000000000000, 3.500000000000000444 ) );
#802=CARTESIAN_POINT ( 'NONE',  ( -3.024999999999999467, 0.5716990566028302689, 2.875000000000000444 ) );
#803=VERTEX_POINT ( 'NONE', #709 );
#804=EDGE_LOOP ( 'NONE', ( #928, #4357, #4137, #2052 ) );
#805=EDGE_CURVE ( 'NONE', #6774, #7172, #3747, .T. );
#806=VERTEX_POINT ( 'NONE', #6074 );
#807=ORIENTED_EDGE ( 'NONE', *, *, #3275, .T. );
#808=ADVANCED_FACE ( 'NONE', ( #2350 ), #5142, .F. );
#809=CARTESIAN_POINT ( 'NONE',  ( -0.1249999999999979461, 0.1000000000000000056, 3.025000000000001243 ) );
#810=MECHANICAL_DESIGN_GEOMETRIC_PRESENTATION_REPRESENTATION (  '', ( #4825 ), #4973 );
#811=ADVANCED_FACE ( 'NONE', ( #4568 ), #1641, .T. );
#812=AXIS2_PLACEMENT_3D ( 'NONE', #3301, #46, #21 );
#813=LINE ( 'NONE', #72, #200 );
#814=ORIENTED_EDGE ( 'NONE', *, *, #8077, .F. );
#815=LINE ( 'NONE', #628, #4 );
#816=EDGE_LOOP ( 'NONE', ( #2583, #6943, #4588, #3697 ) );
#817=ORIENTED_EDGE ( 'NONE', *, *, #6503, .F. );
#818=ORIENTED_EDGE ( 'NONE', *, *, #5153, .F. );
#819=LINE ( 'NONE', #765, #6 );
#820=CARTESIAN_POINT ( 'NONE',  ( -3.424999999999999822, 0.09999999999999999167, 2.875000000000000000 ) );
#821=ORIENTED_EDGE ( 'NONE', *, *, #3145, .T. );
#822=LINE ( 'NONE', #931, #795 );
#823=CARTESIAN_POINT ( 'NONE',  ( 0.3750000000000012212, 0.5716990566028306020, -3.025000000000000355 ) );
#824=ORIENTED_EDGE ( 'NONE', *, *, #6987, .T. );
#825=AXIS2_PLACEMENT_3D ( 'NONE', #159, #21, #526 );
#826=ORIENTED_EDGE ( 'NONE', *, *, #1341, .T. );
#827=ORIENTED_EDGE ( 'NONE', *, *, #5508, .T. );
#828=CARTESIAN_POINT ( 'NONE',  ( -2.919842705443102204, 1.109999999999999876, -2.957845636598127381 ) );
#829=EDGE_LOOP ( 'NONE', ( #1582, #6505, #6224, #79 ) );
#830=CARTESIAN_POINT ( 'NONE',  ( 2.125000000000001776, 0.1000000000000000056, -3.425000000000000711 ) );
#831=VERTEX_POINT ( 'NONE', #1606 );
#832=EDGE_CURVE ( 'NONE', #6672, #3691, #7825, .T. );
#833=ADVANCED_FACE ( 'NONE', ( #6682 ), #1071, .T. );
#834=FACE_OUTER_BOUND ( 'NONE', #4892, .T. );
#835=CARTESIAN_POINT ( 'NONE',  ( -1.374999999999998668, 0.09999999999999999167, -3.425000000000000711 ) );
#836=ORIENTED_EDGE ( 'NONE', *, *, #8186, .F. );
#837=ORIENTED_EDGE ( 'NONE', *, *, #1967, .F. );
#838=ORIENTED_EDGE ( 'NONE', *, *, #4722, .F. );
#839=CARTESIAN_POINT ( 'NONE',  ( 3.424999999999999822, 0.000000000000000000, -1.624999999999999334 ) );
#840=ORIENTED_EDGE ( 'NONE', *, *, #1027, .F. );
#841=EDGE_CURVE ( 'NONE', #2432, #6573, #1766, .T. );
#842=ADVANCED_FACE ( 'NONE', ( #8349 ), #1854, .F. );
#843=EDGE_CURVE ( 'NONE', #552, #3549, #3290, .T. );
#844=EDGE_CURVE ( 'NONE', #5909, #8175, #3387, .T. );
#845=PLANE ( 'NONE',  #5163 );
#846=LINE ( 'NONE', #2070, #6 );
#847=ORIENTED_EDGE ( 'NONE', *, *, #7547, .T. );
#848=CARTESIAN_POINT ( 'NONE',  ( 1.375000000000001332, 0.1000000000000000056, -3.425000000000001155 ) );
#849=VERTEX_POINT ( 'NONE', #4099 );
#850=VERTEX_POINT ( 'NONE', #3551 );
#851=EDGE_CURVE ( 'NONE', #3764, #6606, #6117, .T. );
#852=ORIENTED_EDGE ( 'NONE', *, *, #3825, .T. );
#853=FACE_OUTER_BOUND ( 'NONE', #3821, .T. );
#854=PLANE ( 'NONE',  #7662 );
#855=FACE_OUTER_BOUND ( 'NONE', #5418, .T. );
#856=EDGE_LOOP ( 'NONE', ( #3934, #1150, #3863, #4895 ) );
#857=ORIENTED_EDGE ( 'NONE', *, *, #6780, .T. );
#858=ORIENTED_EDGE ( 'NONE', *, *, #5092, .T. );
#859=CARTESIAN_POINT ( 'NONE',  ( -2.624999999999998668, 0.09999999999999999167, -3.425000000000001155 ) );
#860=ORIENTED_EDGE ( 'NONE', *, *, #7619, .F. );
#861=EDGE_CURVE ( 'NONE', #4880, #405, #5093, .T. );
#862=LINE ( 'NONE', #475, #4 );
#863=CARTESIAN_POINT ( 'NONE',  ( -1.374999999999997780, 0.5716990566028306020, 3.025000000000001243 ) );
#864=CARTESIAN_POINT ( 'NONE',  ( 1.125000000000001332, 0.09999999999999999167, -3.025000000000000355 ) );
#865=MECHANICAL_DESIGN_GEOMETRIC_PRESENTATION_REPRESENTATION (  '', ( #7846 ), #8733 );
#866=LINE ( 'NONE', #3702, #3941 );
#867=CARTESIAN_POINT ( 'NONE',  ( 2.875000000000000444, 0.000000000000000000, -3.425000000000001155 ) );
#868=VERTEX_POINT ( 'NONE', #1921 );
#869=ORIENTED_EDGE ( 'NONE', *, *, #6939, .F. );
#870=EDGE_CURVE ( 'NONE', #237, #3630, #7794, .T. );
#871=ORIENTED_EDGE ( 'NONE', *, *, #6422, .T. );
#872=LINE ( 'NONE', #3875, #83 );
#873=EDGE_LOOP ( 'NONE', ( #3143, #2516, #5150, #6225 ) );
#874=CARTESIAN_POINT ( 'NONE',  ( -2.374999999999997780, 0.000000000000000000, 3.025000000000001243 ) );
#875=ORIENTED_EDGE ( 'NONE', *, *, #8617, .F. );
#876=ORIENTED_EDGE ( 'NONE', *, *, #598, .F. );
#877=CARTESIAN_POINT ( 'NONE',  ( -2.324999999999985523, 0.000000000000000000, -2.325000000000016165 ) );
#878=FACE_BOUND ( 'NONE', #8598, .T. );
#879=CARTESIAN_POINT ( 'NONE',  ( 0.3750000000000020539, 0.1000000000000000056, 3.025000000000001243 ) );
#880=CARTESIAN_POINT ( 'NONE',  ( 0.000000000000000000, 0.1000000000000000056, 4.000000000000000000 ) );
#881=( GEOMETRIC_REPRESENTATION_CONTEXT ( 3 ) GLOBAL_UNCERTAINTY_ASSIGNED_CONTEXT ( ( #12 ) ) GLOBAL_UNIT_ASSIGNED_CONTEXT ( ( #359, #272, #78 ) ) REPRESENTATION_CONTEXT ( 'NONE', 'WORKASPACE' ) );
#882=CARTESIAN_POINT ( 'NONE',  ( -3.024999999999999467, 0.5716990566028302689, -0.3749999999999990563 ) );
#883=ADVANCED_FACE ( 'NONE', ( #1997 ), #6718, .T. );
#884=ORIENTED_EDGE ( 'NONE', *, *, #2288, .F. );
#885=EDGE_CURVE ( 'NONE', #8284, #1762, #3243, .T. );
#886=VERTEX_POINT ( 'NONE', #4383 );
#887=FACE_OUTER_BOUND ( 'NONE', #5338, .T. );
#888=CARTESIAN_POINT ( 'NONE',  ( 3.424999999999999822, 0.5716990566028302689, 0.3750000000000007772 ) );
#889=EDGE_LOOP ( 'NONE', ( #2075, #5850, #4685, #163 ) );
#890=CARTESIAN_POINT ( 'NONE',  ( -3.024999999999999467, 0.09999999999999999167, -1.874999999999999112 ) );
#891=AXIS2_PLACEMENT_3D ( 'NONE', #7516, #585, #105 );
#892=CARTESIAN_POINT ( 'NONE',  ( 0.3750000000000012212, 0.000000000000000000, -3.025000000000000355 ) );
#893=EDGE_CURVE ( 'NONE', #5468, #501, #7292, .T. );
#894=ADVANCED_FACE ( 'NONE', ( #5392 ), #8388, .F. );
#895=PLANE ( 'NONE',  #2169 );
#896=EDGE_LOOP ( 'NONE', ( #4674, #5078, #6088, #1510 ) );
#897=EDGE_CURVE ( 'NONE', #1350, #4425, #1017, .T. );
#898=EDGE_CURVE ( 'NONE', #7148, #7704, #165, .T. );
#899=EDGE_LOOP ( 'NONE', ( #5272, #8580, #1755, #4946 ) );
#900=ORIENTED_EDGE ( 'NONE', *, *, #7215, .T. );
#901=CARTESIAN_POINT ( 'NONE',  ( 3.024999999999999467, 0.5716990566028302689, -2.124999999999999112 ) );
#902=AXIS2_PLACEMENT_3D ( 'NONE', #397, #3, #86 );
#903=VERTEX_POINT ( 'NONE', #8055 );
#904=CARTESIAN_POINT ( 'NONE',  ( 0.1250000000000022760, 0.1000000000000000056, 3.425000000000001599 ) );
#905=CARTESIAN_POINT ( 'NONE',  ( 2.875000000000001776, 0.5716990566028306020, 3.025000000000001243 ) );
#906=EDGE_LOOP ( 'NONE', ( #787, #6975, #6733, #6200 ) );
#907=LINE ( 'NONE', #958, #30 );
#908=FACE_OUTER_BOUND ( 'NONE', #8474, .T. );
#909=CARTESIAN_POINT ( 'NONE',  ( -0.3749999999999986122, 0.09999999999999999167, -3.025000000000000355 ) );
#910=EDGE_CURVE ( 'NONE', #8165, #4802, #5479, .T. );
#911=EDGE_CURVE ( 'NONE', #4492, #1460, #6235, .T. );
#912=EDGE_CURVE ( 'NONE', #2950, #5834, #6913, .T. );
#913=ORIENTED_EDGE ( 'NONE', *, *, #8368, .F. );
#914=VERTEX_POINT ( 'NONE', #450 );
#915=PLANE ( 'NONE',  #5531 );
#916=ORIENTED_EDGE ( 'NONE', *, *, #2386, .F. );
#917=FACE_OUTER_BOUND ( 'NONE', #8119, .T. );
#918=VERTEX_POINT ( 'NONE', #4962 );
#919=CARTESIAN_POINT ( 'NONE',  ( -0.1249999999999979461, 0.1000000000000000056, 3.425000000000002043 ) );
#920=VERTEX_POINT ( 'NONE', #1409 );
#921=ORIENTED_EDGE ( 'NONE', *, *, #2035, .T. );
#922=AXIS2_PLACEMENT_3D ( 'NONE', #94, #2843, #182 );
#923=EDGE_LOOP ( 'NONE', ( #5996, #2985, #2194, #2277 ) );
#924=LINE ( 'NONE', #1029, #30 );
#925=ORIENTED_EDGE ( 'NONE', *, *, #3958, .T. );
#926=FACE_OUTER_BOUND ( 'NONE', #7537, .T. );
#927=CARTESIAN_POINT ( 'NONE',  ( 2.125000000000001332, 0.000000000000000000, -3.025000000000000355 ) );
#928=ORIENTED_EDGE ( 'NONE', *, *, #635, .T. );
#929=AXIS2_PLACEMENT_3D ( 'NONE', #1327, #109, #21 );
#930=VERTEX_POINT ( 'NONE', #348 );
#931=CARTESIAN_POINT ( 'NONE',  ( 3.024999999999999467, 0.09999999999999999167, -0.8749999999999990008 ) );
#932=FACE_OUTER_BOUND ( 'NONE', #5801, .T. );
#933=EDGE_CURVE ( 'NONE', #6107, #942, #5733, .T. );
#934=LINE ( 'NONE', #6655, #7274 );
#935=EDGE_LOOP ( 'NONE', ( #4223, #837, #1725, #2163 ) );
#936=LINE ( 'NONE', #6922, #30 );
#937=ADVANCED_FACE ( 'NONE', ( #2762 ), #1706, .T. );
#938=ORIENTED_EDGE ( 'NONE', *, *, #6146, .T. );
#939=AXIS2_PLACEMENT_3D ( 'NONE', #2234, #46, #21 );
#940=LINE ( 'NONE', #2754, #6 );
#941=CARTESIAN_POINT ( 'NONE',  ( 1.875000000000001332, 0.000000000000000000, -3.425000000000001155 ) );
#942=VERTEX_POINT ( 'NONE', #1668 );
#943=ORIENTED_EDGE ( 'NONE', *, *, #569, .F. );
#944=LINE ( 'NONE', #5369, #432 );
#945=ADVANCED_FACE ( 'NONE', ( #8030 ), #7490, .T. );
#946=LINE ( 'NONE', #1723, #28 );
#947=EDGE_LOOP ( 'NONE', ( #7633, #7483, #1849, #8375 ) );
#948=PLANE ( 'NONE',  #1783 );
#949=VERTEX_POINT ( 'NONE', #1604 );
#950=EDGE_LOOP ( 'NONE', ( #686, #8769, #6124, #5058 ) );
#951=EDGE_LOOP ( 'NONE', ( #770, #5925, #6510, #7248 ) );
#952=LINE ( 'NONE', #94, #30 );
#953=VERTEX_POINT ( 'NONE', #2905 );
#954=EDGE_CURVE ( 'NONE', #5683, #7486, #4800, .T. );
#955=LINE ( 'NONE', #497, #4 );
#956=EDGE_CURVE ( 'NONE', #2323, #4297, #6157, .T. );
#957=ORIENTED_EDGE ( 'NONE', *, *, #6907, .T. );
#958=CARTESIAN_POINT ( 'NONE',  ( 1.625000000000001776, 0.5716990566028306020, -3.425000000000000711 ) );
#959=MECHANICAL_DESIGN_GEOMETRIC_PRESENTATION_REPRESENTATION (  '', ( #8683 ), #2470 );
#960=MECHANICAL_DESIGN_GEOMETRIC_PRESENTATION_REPRESENTATION (  '', ( #7686 ), #6188 );
#961=CARTESIAN_POINT ( 'NONE',  ( 3.024999999999999467, 0.5716990566028302689, -0.1249999999999992506 ) );
#962=LINE ( 'NONE', #5219, #4 );
#963=AXIS2_PLACEMENT_3D ( 'NONE', #1459, #45, #168 );
#964=ORIENTED_EDGE ( 'NONE', *, *, #3168, .F. );
#965=VERTEX_POINT ( 'NONE', #222 );
#966=PLANE ( 'NONE',  #6960 );
#967=EDGE_LOOP ( 'NONE', ( #8266, #391, #1094, #3878 ) );
#968=CARTESIAN_POINT ( 'NONE',  ( -0.1249999999999988065, 0.5716990566028306020, -3.025000000000000355 ) );
#969=VERTEX_POINT ( 'NONE', #867 );
#970=EDGE_CURVE ( 'NONE', #6815, #4558, #4865, .T. );
#971=LINE ( 'NONE', #2651, #6 );
#972=ADVANCED_FACE ( 'NONE', ( #8003 ), #4282, .F. );
#973=ADVANCED_FACE ( 'NONE', ( #4148 ), #5007, .F. );
#974=CARTESIAN_POINT ( 'NONE',  ( 2.625000000000001332, 0.1000000000000000056, 3.425000000000001599 ) );
#975=ORIENTED_EDGE ( 'NONE', *, *, #188, .F. );
#976=ORIENTED_EDGE ( 'NONE', *, *, #5745, .F. );
#977=PRESENTATION_LAYER_ASSIGNMENT (  '', '', ( #5941 ) );
#978=VERTEX_POINT ( 'NONE', #468 );
#979=CARTESIAN_POINT ( 'NONE',  ( -3.424999999999999822, 0.5716990566028302689, -2.124999999999999112 ) );
#980=ORIENTED_EDGE ( 'NONE', *, *, #7348, .T. );
#981=CARTESIAN_POINT ( 'NONE',  ( -2.624999999999997780, 0.1000000000000000056, 3.025000000000001243 ) );
#982=LINE ( 'NONE', #1810, #4 );
#983=ORIENTED_EDGE ( 'NONE', *, *, #2288, .T. );
#984=EDGE_CURVE ( 'NONE', #1925, #654, #4871, .T. );
#985=ORIENTED_EDGE ( 'NONE', *, *, #5448, .F. );
#986=AXIS2_PLACEMENT_3D ( 'NONE', #1083, #32, #5 );
#987=CARTESIAN_POINT ( 'NONE',  ( -0.3749999999999977240, 0.1000000000000000056, 3.425000000000001599 ) );
#988=VERTEX_POINT ( 'NONE', #1241 );
#989=ADVANCED_FACE ( 'NONE', ( #4189 ), #1706, .T. );
#990=ORIENTED_EDGE ( 'NONE', *, *, #2255, .F. );
#991=EDGE_CURVE ( 'NONE', #2436, #1715, #4916, .T. );
#992=CARTESIAN_POINT ( 'NONE',  ( 3.024999999999999467, 0.000000000000000000, -0.1249999999999992506 ) );
#993=CARTESIAN_POINT ( 'NONE',  ( 0.000000000000000000, 0.000000000000000000, 2.500000000000000000 ) );
#994=ORIENTED_EDGE ( 'NONE', *, *, #3889, .F. );
#995=ADVANCED_FACE ( 'NONE', ( #4240 ), #2287, .T. );
#996=CARTESIAN_POINT ( 'NONE',  ( 1.375000000000001998, 0.000000000000000000, 3.425000000000002043 ) );
#997=PLANE ( 'NONE',  #5987 );
#998=ORIENTED_EDGE ( 'NONE', *, *, #7224, .F. );
#999=LINE ( 'NONE', #901, #4 );
#1000=ORIENTED_EDGE ( 'NONE', *, *, #6094, .T. );
#1001=ADVANCED_FACE ( 'NONE', ( #8097 ), #1706, .T. );
#1002=ORIENTED_EDGE ( 'NONE', *, *, #2036, .F. );
#1003=VERTEX_POINT ( 'NONE', #2613 );
#1004=CARTESIAN_POINT ( 'NONE',  ( 3.024999999999999467, 0.09999999999999999167, -2.124999999999999112 ) );
#1005=CARTESIAN_POINT ( 'NONE',  ( 0.1250000000000022760, 0.1000000000000000056, 3.025000000000001243 ) );
#1006=CARTESIAN_POINT ( 'NONE',  ( 3.424999999999999822, 0.000000000000000000, -1.124999999999999334 ) );
#1007=ORIENTED_EDGE ( 'NONE', *, *, #7681, .T. );
#1008=CARTESIAN_POINT ( 'NONE',  ( 1.875000000000001998, 0.1000000000000000056, 3.425000000000002043 ) );
#1009=LINE ( 'NONE', #961, #4 );
#1010=ORIENTED_EDGE ( 'NONE', *, *, #843, .F. );
#1011=EDGE_LOOP ( 'NONE', ( #3299, #4137, #4476, #884 ) );
#1012=ADVANCED_FACE ( 'NONE', ( #4372 ), #2995, .T. );
#1013=EDGE_LOOP ( 'NONE', ( #2882, #6659, #6753, #4619 ) );
#1014=ORIENTED_EDGE ( 'NONE', *, *, #6018, .F. );
#1015=VECTOR ( 'NONE', #182, 1000.000000000000000 );
#1016=EDGE_CURVE ( 'NONE', #3595, #4061, #2632, .T. );
#1017=LINE ( 'NONE', #1727, #200 );
#1018=ORIENTED_EDGE ( 'NONE', *, *, #1246, .F. );
#1019=PLANE ( 'NONE',  #7657 );
#1020=PLANE ( 'NONE',  #5031 );
#1021=PLANE ( 'NONE',  #1638 );
#1022=EDGE_LOOP ( 'NONE', ( #3106, #5047, #7986, #2413 ) );
#1023=FACE_OUTER_BOUND ( 'NONE', #6095, .T. );
#1024=VERTEX_POINT ( 'NONE', #3044 );
#1025=ADVANCED_FACE ( 'NONE', ( #7567 ), #5799, .T. );
#1026=ORIENTED_EDGE ( 'NONE', *, *, #8640, .F. );
#1027=EDGE_CURVE ( 'NONE', #8542, #7278, #3690, .T. );
#1028=ORIENTED_EDGE ( 'NONE', *, *, #3757, .T. );
#1029=CARTESIAN_POINT ( 'NONE',  ( -0.8749999999999985567, 0.5716990566028306020, -3.425000000000000711 ) );
#1030=FACE_OUTER_BOUND ( 'NONE', #1525, .T. );
#1031=ORIENTED_EDGE ( 'NONE', *, *, #2444, .T. );
#1032=ADVANCED_FACE ( 'NONE', ( #5601 ), #5076, .F. );
#1033=EDGE_CURVE ( 'NONE', #736, #2602, #1786, .T. );
#1034=ORIENTED_EDGE ( 'NONE', *, *, #4903, .F. );
#1035=MECHANICAL_DESIGN_GEOMETRIC_PRESENTATION_REPRESENTATION (  '', ( #124 ), #8182 );
#1036=ORIENTED_EDGE ( 'NONE', *, *, #8722, .F. );
#1037=CARTESIAN_POINT ( 'NONE',  ( 0.3750000000000012212, 0.1000000000000000056, -3.025000000000000355 ) );
#1038=VERTEX_POINT ( 'NONE', #2071 );
#1039=CARTESIAN_POINT ( 'NONE',  ( 1.875000000000001332, 0.1000000000000000056, -3.025000000000000355 ) );
#1040=COLOUR_RGB ( '',1.000000000000000000, 1.000000000000000000, 1.000000000000000000 );
#1041=CARTESIAN_POINT ( 'NONE',  ( 0.000000000000000000, 0.000000000000000000, 1.500000000000000000 ) );
#1042=VERTEX_POINT ( 'NONE', #672 );
#1043=ADVANCED_FACE ( 'NONE', ( #4902 ), #6265, .T. );
#1044=FACE_OUTER_BOUND ( 'NONE', #2082, .T. );
#1045=ORIENTED_EDGE ( 'NONE', *, *, #2419, .F. );
#1046=PLANE ( 'NONE',  #1101 );
#1047=CARTESIAN_POINT ( 'NONE',  ( 1.125000000000002220, 0.000000000000000000, 3.025000000000001243 ) );
#1048=EDGE_CURVE ( 'NONE', #6383, #8320, #565, .T. );
#1049=PLANE ( 'NONE',  #702 );
#1050=ORIENTED_EDGE ( 'NONE', *, *, #4919, .T. );
#1051=EDGE_LOOP ( 'NONE', ( #3443, #7357, #5036, #3328 ) );
#1052=ADVANCED_FACE ( 'NONE', ( #5034 ), #1337, .F. );
#1053=CARTESIAN_POINT ( 'NONE',  ( 4.500000000000000888, 0.1000000000000000056, 0.000000000000000000 ) );
#1054=ORIENTED_EDGE ( 'NONE', *, *, #2900, .T. );
#1055=ORIENTED_EDGE ( 'NONE', *, *, #7811, .T. );
#1056=CARTESIAN_POINT ( 'NONE',  ( -3.424999999999999822, 0.5716990566028302689, -0.1249999999999992506 ) );
#1057=ORIENTED_EDGE ( 'NONE', *, *, #8076, .F. );
#1058=ORIENTED_EDGE ( 'NONE', *, *, #1452, .T. );
#1059=EDGE_CURVE ( 'NONE', #4851, #7764, #6784, .T. );
#1060=LINE ( 'NONE', #1710, #4 );
#1061=EDGE_CURVE ( 'NONE', #5976, #6774, #4225, .T. );
#1062=ORIENTED_EDGE ( 'NONE', *, *, #5728, .F. );
#1063=LINE ( 'NONE', #1162, #4 );
#1064=CARTESIAN_POINT ( 'NONE',  ( 1.625000000000001776, 0.000000000000000000, -3.425000000000000711 ) );
#1065=ADVANCED_FACE ( 'NONE', ( #1390 ), #8021, .T. );
#1066=CARTESIAN_POINT ( 'NONE',  ( -2.124999999999998668, 0.09999999999999999167, -3.025000000000000355 ) );
#1067=ORIENTED_EDGE ( 'NONE', *, *, #743, .F. );
#1068=ORIENTED_EDGE ( 'NONE', *, *, #2161, .F. );
#1069=ORIENTED_EDGE ( 'NONE', *, *, #8209, .T. );
#1070=ORIENTED_EDGE ( 'NONE', *, *, #5155, .T. );
#1071=CYLINDRICAL_SURFACE ( 'NONE', #3264, 0.1909966547740992171 );
#1072=AXIS2_PLACEMENT_3D ( 'NONE', #828, #45, #5 );
#1073=VERTEX_POINT ( 'NONE', #7781 );
#1074=EDGE_CURVE ( 'NONE', #914, #1642, #5385, .T. );
#1075=AXIS2_PLACEMENT_3D ( 'NONE', #6783, #109, #21 );
#1076=PLANE ( 'NONE',  #1285 );
#1077=ORIENTED_EDGE ( 'NONE', *, *, #3088, .F. );
#1078=CARTESIAN_POINT ( 'NONE',  ( 1.500000000000000000, 0.000000000000000000, 0.000000000000000000 ) );
#1079=EDGE_LOOP ( 'NONE', ( #8012, #8260, #2449, #777 ) );
#1080=VERTEX_POINT ( 'NONE', #2839 );
#1081=VERTEX_POINT ( 'NONE', #628 );
#1082=LINE ( 'NONE', #1615, #365 );
#1083=CARTESIAN_POINT ( 'NONE',  ( 3.424999999999999822, 0.5716990566028302689, 0.8750000000000007772 ) );
#1084=ORIENTED_EDGE ( 'NONE', *, *, #2616, .F. );
#1085=CARTESIAN_POINT ( 'NONE',  ( -1.374999999999997780, 0.000000000000000000, 3.425000000000001599 ) );
#1086=STYLED_ITEM ( 'NONE', ( #320 ), #4440 );
#1087=ADVANCED_FACE ( 'NONE', ( #6357 ), #395, .T. );
#1088=EDGE_CURVE ( 'NONE', #6808, #1717, #8485, .T. );
#1089=AXIS2_PLACEMENT_3D ( 'NONE', #1078, #3, #86 );
#1090=CARTESIAN_POINT ( 'NONE',  ( -3.500000000000000000, 1.210000000000002629, 3.500000000000000444 ) );
#1091=ORIENTED_EDGE ( 'NONE', *, *, #2025, .T. );
#1092=CLOSED_SHELL ( 'NONE', ( #1233, #4937, #8594, #8535, #4822, #608 ) );
#1093=LINE ( 'NONE', #1468, #4 );
#1094=ORIENTED_EDGE ( 'NONE', *, *, #8209, .F. );
#1095=AXIS2_PLACEMENT_3D ( 'NONE', #1389, #51, #32 );
#1096=AXIS2_PLACEMENT_3D ( 'NONE', #107, #45, #5 );
#1097=CARTESIAN_POINT ( 'NONE',  ( 2.375000000000001332, 0.5716990566028306020, -3.425000000000001155 ) );
#1098=PLANE ( 'NONE',  #3048 );
#1099=AXIS2_PLACEMENT_3D ( 'NONE', #2620, #168, #128 );
#1100=ADVANCED_FACE ( 'NONE', ( #7552 ), #4944, .F. );
#1101=AXIS2_PLACEMENT_3D ( 'NONE', #2394, #21, #526 );
#1102=EDGE_CURVE ( 'NONE', #5533, #4236, #5548, .T. );
#1103=CARTESIAN_POINT ( 'NONE',  ( 2.000000000000000000, 0.000000000000000000, 0.000000000000000000 ) );
#1104=ORIENTED_EDGE ( 'NONE', *, *, #284, .T. );
#1105=EDGE_CURVE ( 'NONE', #8185, #8625, #8579, .T. );
#1106=CARTESIAN_POINT ( 'NONE',  ( -0.6249999999999987788, 0.000000000000000000, -3.425000000000001155 ) );
#1107=EDGE_LOOP ( 'NONE', ( #1851, #6935, #3734, #6866 ) );
#1108=CARTESIAN_POINT ( 'NONE',  ( 3.424999999999999822, 0.000000000000000000, -0.6249999999999992228 ) );
#1109=ORIENTED_EDGE ( 'NONE', *, *, #2161, .T. );
#1110=ORIENTED_EDGE ( 'NONE', *, *, #7266, .T. );
#1111=AXIS2_PLACEMENT_3D ( 'NONE', #4531, #3, #86 );
#1112=PLANE ( 'NONE',  #5513 );
#1113=EDGE_LOOP ( 'NONE', ( #8659, #3172, #2679, #8581 ) );
#1114=EDGE_LOOP ( 'NONE', ( #20, #7326, #3820, #6918 ) );
#1115=ORIENTED_EDGE ( 'NONE', *, *, #4141, .F. );
#1116=LINE ( 'NONE', #1685, #6 );
#1117=LINE ( 'NONE', #5430, #207 );
#1118=ORIENTED_EDGE ( 'NONE', *, *, #1721, .T. );
#1119=EDGE_CURVE ( 'NONE', #6427, #3895, #5696, .T. );
#1120=VERTEX_POINT ( 'NONE', #1402 );
#1121=VERTEX_POINT ( 'NONE', #2370 );
#1122=ORIENTED_EDGE ( 'NONE', *, *, #569, .T. );
#1123=EDGE_CURVE ( 'NONE', #1417, #6427, #1714, .T. );
#1124=CARTESIAN_POINT ( 'NONE',  ( -1.874999999999998668, 0.09999999999999999167, -3.025000000000000355 ) );
#1125=EDGE_CURVE ( 'NONE', #2361, #4233, #1974, .T. );
#1126=ORIENTED_EDGE ( 'NONE', *, *, #6139, .T. );
#1127=FACE_OUTER_BOUND ( 'NONE', #6709, .T. );
#1128=EDGE_CURVE ( 'NONE', #570, #651, #8786, .T. );
#1129=PRESENTATION_LAYER_ASSIGNMENT (  '', '', ( #8136 ) );
#1130=LINE ( 'NONE', #2068, #260 );
#1131=FACE_OUTER_BOUND ( 'NONE', #6629, .T. );
#1132=EDGE_LOOP ( 'NONE', ( #106, #98, #2575, #6019 ) );
#1133=LINE ( 'NONE', #5484, #30 );
#1134=CARTESIAN_POINT ( 'NONE',  ( -1.124999999999998890, 0.1000000000000000056, -3.425000000000001155 ) );
#1135=CARTESIAN_POINT ( 'NONE',  ( 3.024999999999999467, 0.1000000000000001027, 0.8750000000000007772 ) );
#1136=EDGE_LOOP ( 'NONE', ( #1731, #5403, #5977, #1610 ) );
#1137=ORIENTED_EDGE ( 'NONE', *, *, #3423, .F. );
#1138=EDGE_LOOP ( 'NONE', ( #7069, #1676, #7468, #6308 ) );
#1139=CARTESIAN_POINT ( 'NONE',  ( 1.875000000000001776, 0.09999999999999999167, -3.425000000000001155 ) );
#1140=FACE_OUTER_BOUND ( 'NONE', #8310, .T. );
#1141=ORIENTED_EDGE ( 'NONE', *, *, #5947, .F. );
#1142=CARTESIAN_POINT ( 'NONE',  ( 0.6250000000000014433, 0.09999999999999999167, -3.025000000000000355 ) );
#1143=ORIENTED_EDGE ( 'NONE', *, *, #2888, .T. );
#1144=AXIS2_PLACEMENT_3D ( 'NONE', #1873, #548, #182 );
#1145=CARTESIAN_POINT ( 'NONE',  ( -1.624999999999998890, 0.09999999999999999167, -3.425000000000001155 ) );
#1146=LINE ( 'NONE', #2780, #4 );
#1147=LINE ( 'NONE', #142, #30 );
#1148=ORIENTED_EDGE ( 'NONE', *, *, #5728, .T. );
#1149=LINE ( 'NONE', #3273, #6 );
#1150=ORIENTED_EDGE ( 'NONE', *, *, #1948, .F. );
#1151=CARTESIAN_POINT ( 'NONE',  ( 3.024999999999999467, 0.1000000000000001027, 0.3750000000000007772 ) );
#1152=ORIENTED_EDGE ( 'NONE', *, *, #8261, .T. );
#1153=LINE ( 'NONE', #4412, #4 );
#1154=EDGE_CURVE ( 'NONE', #2705, #3732, #4585, .T. );
#1155=LINE ( 'NONE', #387, #30 );
#1156=CARTESIAN_POINT ( 'NONE',  ( -3.024999999999999467, 0.09999999999999999167, -0.3749999999999990563 ) );
#1157=FACE_OUTER_BOUND ( 'NONE', #8031, .T. );
#1158=ORIENTED_EDGE ( 'NONE', *, *, #6581, .F. );
#1159=PLANE ( 'NONE',  #8448 );
#1160=ORIENTED_EDGE ( 'NONE', *, *, #7481, .F. );
#1161=LINE ( 'NONE', #56, #83 );
#1162=CARTESIAN_POINT ( 'NONE',  ( 3.424999999999999822, 0.5716990566028302689, 1.375000000000000888 ) );
#1163=EDGE_LOOP ( 'NONE', ( #4577, #5770, #7947, #4184 ) );
#1164=ORIENTED_EDGE ( 'NONE', *, *, #8009, .T. );
#1165=EDGE_CURVE ( 'NONE', #4762, #6195, #8230, .T. );
#1166=EDGE_LOOP ( 'NONE', ( #7751, #6105, #7641, #4938 ) );
#1167=EDGE_CURVE ( 'NONE', #3397, #4249, #6457, .T. );
#1168=ADVANCED_FACE ( 'NONE', ( #3214 ), #1664, .F. );
#1169=ADVANCED_FACE ( 'NONE', ( #5157 ), #693, .F. );
#1170=ORIENTED_EDGE ( 'NONE', *, *, #5082, .T. );
#1171=ORIENTED_EDGE ( 'NONE', *, *, #1987, .T. );
#1172=CARTESIAN_POINT ( 'NONE',  ( -3.024999999999999467, 0.09999999999999999167, 0.8750000000000007772 ) );
#1173=FACE_OUTER_BOUND ( 'NONE', #6293, .T. );
#1174=CARTESIAN_POINT ( 'NONE',  ( 1.375000000000001998, 0.09999999999999999167, 3.025000000000001243 ) );
#1175=ORIENTED_EDGE ( 'NONE', *, *, #738, .T. );
#1176=VERTEX_POINT ( 'NONE', #1511 );
#1177=EDGE_CURVE ( 'NONE', #930, #1195, #8712, .T. );
#1178=ORIENTED_EDGE ( 'NONE', *, *, #5337, .T. );
#1179=CARTESIAN_POINT ( 'NONE',  ( -3.424999999999999822, 0.5716990566028302689, 1.375000000000000888 ) );
#1180=FACE_OUTER_BOUND ( 'NONE', #8785, .T. );
#1181=CARTESIAN_POINT ( 'NONE',  ( 2.475000000000000533, 0.1000000000000002554, -2.474999999999999645 ) );
#1182=EDGE_CURVE ( 'NONE', #5823, #7798, #2788, .T. );
#1183=MANIFOLD_SOLID_BREP ( 'LPattern4[22]', #6161 );
#1184=PLANE ( 'NONE',  #5123 );
#1185=VERTEX_POINT ( 'NONE', #474 );
#1186=LINE ( 'NONE', #1432, #166 );
#1187=ORIENTED_EDGE ( 'NONE', *, *, #4169, .F. );
#1188=EDGE_CURVE ( 'NONE', #3156, #7221, #4603, .T. );
#1189=ORIENTED_EDGE ( 'NONE', *, *, #5998, .T. );
#1190=ORIENTED_EDGE ( 'NONE', *, *, #7964, .T. );
#1191=LINE ( 'NONE', #1910, #166 );
#1192=LINE ( 'NONE', #6585, #6 );
#1193=EDGE_LOOP ( 'NONE', ( #4390, #6545, #2668, #6312 ) );
#1194=PLANE ( 'NONE',  #3060 );
#1195=VERTEX_POINT ( 'NONE', #1730 );
#1196=EDGE_LOOP ( 'NONE', ( #3358, #4600, #4857, #916 ) );
#1197=CARTESIAN_POINT ( 'NONE',  ( 3.424999999999999822, 0.09999999999999999167, 1.375000000000000888 ) );
#1198=AXIS2_PLACEMENT_3D ( 'NONE', #5300, #45, #168 );
#1199=CARTESIAN_POINT ( 'NONE',  ( -1.874999999999998668, 0.1000000000000000056, -3.425000000000000711 ) );
#1200=ORIENTED_EDGE ( 'NONE', *, *, #2377, .F. );
#1201=CARTESIAN_POINT ( 'NONE',  ( 2.625000000000000888, 0.09999999999999999167, -3.025000000000000355 ) );
#1202=VERTEX_POINT ( 'NONE', #3357 );
#1203=EDGE_CURVE ( 'NONE', #6162, #8654, #7841, .T. );
#1204=LINE ( 'NONE', #2115, #224 );
#1205=ORIENTED_EDGE ( 'NONE', *, *, #7139, .T. );
#1206=MANIFOLD_SOLID_BREP ( 'LPattern3[4]', #6419 );
#1207=AXIS2_PLACEMENT_3D ( 'NONE', #493, #3, #86 );
#1208=CARTESIAN_POINT ( 'NONE',  ( -0.8749999999999985567, 0.5716990566028306020, -3.025000000000000355 ) );
#1209=LINE ( 'NONE', #6883, #4 );
#1210=ORIENTED_EDGE ( 'NONE', *, *, #991, .T. );
#1211=PLANE ( 'NONE',  #7256 );
#1212=FACE_OUTER_BOUND ( 'NONE', #5422, .T. );
#1213=CARTESIAN_POINT ( 'NONE',  ( -3.024999999999999467, 0.09999999999999999167, -1.124999999999999334 ) );
#1214=FACE_OUTER_BOUND ( 'NONE', #6192, .T. );
#1215=AXIS2_PLACEMENT_3D ( 'NONE', #100, #32, #5 );
#1216=CARTESIAN_POINT ( 'NONE',  ( 3.024999999999999467, 0.5716990566028302689, -0.8749999999999990008 ) );
#1217=ORIENTED_EDGE ( 'NONE', *, *, #4016, .F. );
#1218=MECHANICAL_DESIGN_GEOMETRIC_PRESENTATION_REPRESENTATION (  '', ( #7857 ), #1919 );
#1219=EDGE_CURVE ( 'NONE', #3209, #1922, #3262, .T. );
#1220=ORIENTED_EDGE ( 'NONE', *, *, #1379, .F. );
#1221=EDGE_CURVE ( 'NONE', #4236, #577, #7876, .T. );
#1222=ORIENTED_EDGE ( 'NONE', *, *, #5741, .F. );
#1223=ORIENTED_EDGE ( 'NONE', *, *, #8041, .T. );
#1224=CARTESIAN_POINT ( 'NONE',  ( -3.424999999999999822, 0.5716990566028302689, 2.375000000000000888 ) );
#1225=ORIENTED_EDGE ( 'NONE', *, *, #7408, .F. );
#1226=ORIENTED_EDGE ( 'NONE', *, *, #3134, .T. );
#1227=STYLED_ITEM ( 'NONE', ( #320 ), #4625 );
#1228=MANIFOLD_SOLID_BREP ( 'LPattern3[8]', #3040 );
#1229=CARTESIAN_POINT ( 'NONE',  ( -1.874999999999998668, 0.5716990566028306020, -3.025000000000000355 ) );
#1230=ORIENTED_EDGE ( 'NONE', *, *, #7501, .F. );
#1231=EDGE_CURVE ( 'NONE', #1259, #4408, #4759, .T. );
#1232=FACE_OUTER_BOUND ( 'NONE', #5141, .T. );
#1233=ADVANCED_FACE ( 'NONE', ( #6739 ), #6138, .F. );
#1234=CARTESIAN_POINT ( 'NONE',  ( 3.500000000000000444, 0.000000000000000000, 3.499999999999999556 ) );
#1235=CARTESIAN_POINT ( 'NONE',  ( -3.424999999999999822, 0.09999999999999999167, 1.125000000000000888 ) );
#1236=LINE ( 'NONE', #282, #30 );
#1237=ORIENTED_EDGE ( 'NONE', *, *, #5737, .T. );
#1238=EDGE_LOOP ( 'NONE', ( #1625, #5064, #5874, #1141 ) );
#1239=ORIENTED_EDGE ( 'NONE', *, *, #2741, .F. );
#1240=LINE ( 'NONE', #2191, #6 );
#1241=CARTESIAN_POINT ( 'NONE',  ( 2.875000000000000444, 0.000000000000000000, -3.025000000000000355 ) );
#1242=ORIENTED_EDGE ( 'NONE', *, *, #5309, .T. );
#1243=CARTESIAN_POINT ( 'NONE',  ( 1.875000000000002442, 0.5716990566028306020, 3.425000000000002043 ) );
#1244=PLANE ( 'NONE',  #7893 );
#1245=CARTESIAN_POINT ( 'NONE',  ( 2.125000000000002220, 0.000000000000000000, 3.425000000000001599 ) );
#1246=EDGE_CURVE ( 'NONE', #5140, #1433, #4648, .T. );
#1247=ADVANCED_FACE ( 'NONE', ( #2207 ), #7425, .F. );
#1248=CARTESIAN_POINT ( 'NONE',  ( 1.875000000000002442, 0.000000000000000000, 3.425000000000002043 ) );
#1249=FACE_OUTER_BOUND ( 'NONE', #4528, .T. );
#1250=ORIENTED_EDGE ( 'NONE', *, *, #710, .F. );
#1251=CARTESIAN_POINT ( 'NONE',  ( 1.375000000000001998, 0.000000000000000000, 3.025000000000001243 ) );
#1252=EDGE_CURVE ( 'NONE', #7113, #3925, #1976, .T. );
#1253=PLANE ( 'NONE',  #3872 );
#1254=EDGE_LOOP ( 'NONE', ( #2053, #8724, #1695, #7498 ) );
#1255=AXIS2_PLACEMENT_3D ( 'NONE', #294, #21, #526 );
#1256=ORIENTED_EDGE ( 'NONE', *, *, #3103, .F. );
#1257=ORIENTED_EDGE ( 'NONE', *, *, #1270, .T. );
#1258=LINE ( 'NONE', #4203, #4 );
#1259=VERTEX_POINT ( 'NONE', #4262 );
#1260=LINE ( 'NONE', #927, #224 );
#1261=ORIENTED_EDGE ( 'NONE', *, *, #3098, .T. );
#1262=ORIENTED_EDGE ( 'NONE', *, *, #5794, .F. );
#1263=FACE_OUTER_BOUND ( 'NONE', #5866, .T. );
#1264=ORIENTED_EDGE ( 'NONE', *, *, #8754, .T. );
#1265=ORIENTED_EDGE ( 'NONE', *, *, #39, .F. );
#1266=STYLED_ITEM ( 'NONE', ( #5638 ), #1655 );
#1267=CARTESIAN_POINT ( 'NONE',  ( 1.875000000000001998, 0.1000000000000000056, 3.025000000000001243 ) );
#1268=VERTEX_POINT ( 'NONE', #4521 );
#1269=MANIFOLD_SOLID_BREP ( 'LPattern4[9]', #7894 );
#1270=EDGE_CURVE ( 'NONE', #184, #7113, #4638, .T. );
#1271=CARTESIAN_POINT ( 'NONE',  ( 3.024999999999999467, 0.09999999999999999167, -2.624999999999999112 ) );
#1272=LINE ( 'NONE', #594, #30 );
#1273=ORIENTED_EDGE ( 'NONE', *, *, #1119, .F. );
#1274=AXIS2_PLACEMENT_3D ( 'NONE', #387, #32, #5 );
#1275=CARTESIAN_POINT ( 'NONE',  ( -2.624999999999998668, 0.000000000000000000, -3.025000000000000355 ) );
#1276=EDGE_CURVE ( 'NONE', #4094, #1340, #4245, .T. );
#1277=CARTESIAN_POINT ( 'NONE',  ( 3.024999999999999467, 0.000000000000000000, -2.124999999999999112 ) );
#1278=EDGE_CURVE ( 'NONE', #6475, #1911, #1378, .T. );
#1279=CARTESIAN_POINT ( 'NONE',  ( -1.624999999999998002, 0.1000000000000000056, 3.425000000000002043 ) );
#1280=VERTEX_POINT ( 'NONE', #491 );
#1281=ORIENTED_EDGE ( 'NONE', *, *, #6351, .F. );
#1282=LINE ( 'NONE', #2838, #200 );
#1283=ORIENTED_EDGE ( 'NONE', *, *, #3707, .F. );
#1284=VERTEX_POINT ( 'NONE', #3500 );
#1285=AXIS2_PLACEMENT_3D ( 'NONE', #159, #32, #5 );
#1286=VERTEX_POINT ( 'NONE', #3992 );
#1287=AXIS2_PLACEMENT_3D ( 'NONE', #353, #168, #128 );
#1288=ORIENTED_EDGE ( 'NONE', *, *, #8155, .F. );
#1289=EDGE_CURVE ( 'NONE', #4662, #6427, #7253, .T. );
#1290=ORIENTED_EDGE ( 'NONE', *, *, #696, .F. );
#1291=LINE ( 'NONE', #1037, #83 );
#1292=CARTESIAN_POINT ( 'NONE',  ( -3.024999999999999467, 0.5716990566028302689, -1.624999999999999334 ) );
#1293=CARTESIAN_POINT ( 'NONE',  ( 3.024999999999999467, 0.000000000000000000, 0.3750000000000007772 ) );
#1294=CARTESIAN_POINT ( 'NONE',  ( -1.624999999999998002, 0.000000000000000000, 3.025000000000001243 ) );
#1295=ORIENTED_EDGE ( 'NONE', *, *, #4483, .F. );
#1296=ORIENTED_EDGE ( 'NONE', *, *, #7962, .F. );
#1297=EDGE_LOOP ( 'NONE', ( #5143, #3518, #4969, #3220 ) );
#1298=EDGE_CURVE ( 'NONE', #3970, #1653, #5643, .T. );
#1299=ORIENTED_EDGE ( 'NONE', *, *, #5846, .T. );
#1300=EDGE_CURVE ( 'NONE', #3279, #8614, #377, .T. );
#1301=CARTESIAN_POINT ( 'NONE',  ( 3.024999999999999467, 0.09999999999999999167, 2.125000000000000888 ) );
#1302=AXIS2_PLACEMENT_3D ( 'NONE', #347, #46, #21 );
#1303=ORIENTED_EDGE ( 'NONE', *, *, #7845, .F. );
#1304=CARTESIAN_POINT ( 'NONE',  ( -3.424999999999999822, 0.000000000000000000, -1.624999999999999334 ) );
#1305=ORIENTED_EDGE ( 'NONE', *, *, #861, .F. );
#1306=VERTEX_POINT ( 'NONE', #4303 );
#1307=ORIENTED_EDGE ( 'NONE', *, *, #4788, .F. );
#1308=CARTESIAN_POINT ( 'NONE',  ( 2.375000000000002220, 0.09999999999999999167, 3.025000000000001243 ) );
#1309=ORIENTED_EDGE ( 'NONE', *, *, #7217, .T. );
#1310=FACE_OUTER_BOUND ( 'NONE', #3709, .T. );
#1311=ORIENTED_EDGE ( 'NONE', *, *, #743, .T. );
#1312=ADVANCED_FACE ( 'NONE', ( #6347 ), #6893, .T. );
#1313=EDGE_CURVE ( 'NONE', #3642, #6364, #7347, .T. );
#1314=ORIENTED_EDGE ( 'NONE', *, *, #1840, .F. );
#1315=EDGE_CURVE ( 'NONE', #2499, #3197, #8478, .T. );
#1316=FACE_OUTER_BOUND ( 'NONE', #7439, .T. );
#1317=EDGE_LOOP ( 'NONE', ( #6302, #6458, #1363, #705 ) );
#1318=LINE ( 'NONE', #1330, #30 );
#1319=CARTESIAN_POINT ( 'NONE',  ( -3.024999999999999467, 0.000000000000000000, 0.1250000000000009714 ) );
#1320=ORIENTED_EDGE ( 'NONE', *, *, #426, .T. );
#1321=AXIS2_PLACEMENT_3D ( 'NONE', #1900, #46, #21 );
#1322=CARTESIAN_POINT ( 'NONE',  ( -3.424999999999999822, 0.09999999999999999167, -1.874999999999999112 ) );
#1323=MECHANICAL_DESIGN_GEOMETRIC_PRESENTATION_REPRESENTATION (  '', ( #4090 ), #434 );
#1324=CARTESIAN_POINT ( 'NONE',  ( 2.375000000000001332, 0.5716990566028306020, -3.025000000000000355 ) );
#1325=ORIENTED_EDGE ( 'NONE', *, *, #2466, .T. );
#1326=PLANE ( 'NONE',  #8269 );
#1327=CARTESIAN_POINT ( 'NONE',  ( 3.024999999999999467, 0.5716990566028302689, 2.875000000000000444 ) );
#1328=ORIENTED_EDGE ( 'NONE', *, *, #1930, .F. );
#1329=EDGE_CURVE ( 'NONE', #1911, #6066, #3090, .T. );
#1330=CARTESIAN_POINT ( 'NONE',  ( 2.375000000000002220, 0.5716990566028306020, 3.025000000000001243 ) );
#1331=CARTESIAN_POINT ( 'NONE',  ( -1.374999999999997780, 0.1000000000000000056, 3.425000000000001599 ) );
#1332=AXIS2_PLACEMENT_3D ( 'NONE', #961, #21, #526 );
#1333=FACE_OUTER_BOUND ( 'NONE', #8533, .T. );
#1334=LINE ( 'NONE', #4039, #83 );
#1335=EDGE_LOOP ( 'NONE', ( #8489, #7380, #7574, #5351 ) );
#1336=CARTESIAN_POINT ( 'NONE',  ( 3.424999999999999822, 0.5716990566028302689, -2.624999999999999112 ) );
#1337=PLANE ( 'NONE',  #1440 );
#1338=FACE_OUTER_BOUND ( 'NONE', #4886, .T. );
#1339=ORIENTED_EDGE ( 'NONE', *, *, #598, .T. );
#1340=VERTEX_POINT ( 'NONE', #3101 );
#1341=EDGE_CURVE ( 'NONE', #3691, #7832, #7073, .T. );
#1342=VERTEX_POINT ( 'NONE', #3752 );
#1343=CARTESIAN_POINT ( 'NONE',  ( -3.024999999999999467, 0.09999999999999999167, 2.625000000000000444 ) );
#1344=EDGE_LOOP ( 'NONE', ( #6132, #6661, #1296, #5857 ) );
#1345=AXIS2_PLACEMENT_3D ( 'NONE', #142, #21, #526 );
#1346=PLANE ( 'NONE',  #5125 );
#1347=EDGE_CURVE ( 'NONE', #7339, #3642, #6413, .T. );
#1348=LINE ( 'NONE', #3845, #207 );
#1349=ORIENTED_EDGE ( 'NONE', *, *, #4911, .T. );
#1350=VERTEX_POINT ( 'NONE', #1895 );
#1351=LINE ( 'NONE', #366, #224 );
#1352=VECTOR ( 'NONE', #3115, 1000.000000000000000 );
#1353=ORIENTED_EDGE ( 'NONE', *, *, #6711, .T. );
#1354=PLANE ( 'NONE',  #1674 );
#1355=LINE ( 'NONE', #532, #8553 );
#1356=FACE_OUTER_BOUND ( 'NONE', #3484, .T. );
#1357=ORIENTED_EDGE ( 'NONE', *, *, #2933, .F. );
#1358=LINE ( 'NONE', #2294, #30 );
#1359=ADVANCED_FACE ( 'NONE', ( #5774 ), #719, .T. );
#1360=LINE ( 'NONE', #4291, #4 );
#1361=ORIENTED_EDGE ( 'NONE', *, *, #7056, .T. );
#1362=EDGE_CURVE ( 'NONE', #6871, #6673, #6967, .T. );
#1363=ORIENTED_EDGE ( 'NONE', *, *, #2302, .T. );
#1364=ORIENTED_EDGE ( 'NONE', *, *, #970, .T. );
#1365=CARTESIAN_POINT ( 'NONE',  ( -1.124999999999998890, 0.5716990566028306020, -3.025000000000000355 ) );
#1366=CARTESIAN_POINT ( 'NONE',  ( -3.024999999999999467, 0.5716990566028302689, -0.6249999999999992228 ) );
#1367=EDGE_LOOP ( 'NONE', ( #3792, #5445, #2689, #7400 ) );
#1368=PLANE ( 'NONE',  #7664 );
#1369=VERTEX_POINT ( 'NONE', #2359 );
#1370=LINE ( 'NONE', #2836, #224 );
#1371=CARTESIAN_POINT ( 'NONE',  ( -3.424999999999999822, 0.09999999999999999167, 0.1250000000000009714 ) );
#1372=LINE ( 'NONE', #1179, #30 );
#1373=EDGE_LOOP ( 'NONE', ( #6099, #8242, #7684, #3638 ) );
#1374=LINE ( 'NONE', #2354, #200 );
#1375=LINE ( 'NONE', #5021, #30 );
#1376=ORIENTED_EDGE ( 'NONE', *, *, #1611, .T. );
#1377=EDGE_CURVE ( 'NONE', #659, #803, #7543, .T. );
#1378=LINE ( 'NONE', #2223, #166 );
#1379=EDGE_CURVE ( 'NONE', #4956, #8193, #3835, .T. );
#1380=FACE_OUTER_BOUND ( 'NONE', #5993, .T. );
#1381=ORIENTED_EDGE ( 'NONE', *, *, #5854, .F. );
#1382=LINE ( 'NONE', #1489, #4 );
#1383=ORIENTED_EDGE ( 'NONE', *, *, #1890, .T. );
#1384=FACE_OUTER_BOUND ( 'NONE', #8333, .T. );
#1385=FACE_BOUND ( 'NONE', #1472, .T. );
#1386=CARTESIAN_POINT ( 'NONE',  ( 3.024999999999999467, 0.5716990566028302689, 2.625000000000000000 ) );
#1387=LINE ( 'NONE', #730, #269 );
#1388=EDGE_CURVE ( 'NONE', #570, #116, #5883, .T. );
#1389=CARTESIAN_POINT ( 'NONE',  ( 0.8750000000000012212, 0.1000000000000000056, -3.025000000000000355 ) );
#1390=FACE_OUTER_BOUND ( 'NONE', #2121, .T. );
#1391=EDGE_CURVE ( 'NONE', #3384, #7339, #2402, .T. );
#1392=CARTESIAN_POINT ( 'NONE',  ( 3.024999999999999467, 0.09999999999999999167, -0.6249999999999992228 ) );
#1393=VERTEX_POINT ( 'NONE', #904 );
#1394=ORIENTED_EDGE ( 'NONE', *, *, #6937, .T. );
#1395=VERTEX_POINT ( 'NONE', #4395 );
#1396=AXIS2_PLACEMENT_3D ( 'NONE', #278, #3, #86 );
#1397=CARTESIAN_POINT ( 'NONE',  ( 0.8750000000000021094, 0.000000000000000000, 3.025000000000001243 ) );
#1398=MANIFOLD_SOLID_BREP ( 'Boss-Extrude2[1]', #6291 );
#1399=( GEOMETRIC_REPRESENTATION_CONTEXT ( 3 ) GLOBAL_UNCERTAINTY_ASSIGNED_CONTEXT ( ( #12 ) ) GLOBAL_UNIT_ASSIGNED_CONTEXT ( ( #359, #272, #78 ) ) REPRESENTATION_CONTEXT ( 'NONE', 'WORKASPACE' ) );
#1400=ADVANCED_FACE ( 'NONE', ( #3794 ), #664, .F. );
#1401=ORIENTED_EDGE ( 'NONE', *, *, #4666, .T. );
#1402=CARTESIAN_POINT ( 'NONE',  ( -2.874999999999998668, 0.000000000000000000, -3.025000000000000355 ) );
#1403=LINE ( 'NONE', #174, #4 );
#1404=ORIENTED_EDGE ( 'NONE', *, *, #8643, .F. );
#1405=ORIENTED_EDGE ( 'NONE', *, *, #8784, .T. );
#1406=CARTESIAN_POINT ( 'NONE',  ( -3.024999999999999467, 0.000000000000000000, -2.374999999999999112 ) );
#1407=ADVANCED_FACE ( 'NONE', ( #7142 ), #4142, .F. );
#1408=PLANE ( 'NONE',  #6643 );
#1409=CARTESIAN_POINT ( 'NONE',  ( 2.375000000000001332, 0.000000000000000000, -3.425000000000001155 ) );
#1410=ORIENTED_EDGE ( 'NONE', *, *, #4141, .T. );
#1411=ADVANCED_FACE ( 'NONE', ( #4092 ), #7363, .F. );
#1412=FACE_OUTER_BOUND ( 'NONE', #2248, .T. );
#1413=LINE ( 'NONE', #4326, #432 );
#1414=EDGE_CURVE ( 'NONE', #6984, #5594, #1236, .T. );
#1415=CARTESIAN_POINT ( 'NONE',  ( -3.424999999999999822, 0.000000000000000000, -2.124999999999999112 ) );
#1416=MANIFOLD_SOLID_BREP ( 'LPattern4[7]', #7285 );
#1417=VERTEX_POINT ( 'NONE', #1174 );
#1418=CARTESIAN_POINT ( 'NONE',  ( 3.500000000000000444, 12.31949493661166706, -3.500000000000000444 ) );
#1419=EDGE_LOOP ( 'NONE', ( #5742, #857, #5235, #5700 ) );
#1420=ORIENTED_EDGE ( 'NONE', *, *, #2014, .F. );
#1421=VERTEX_POINT ( 'NONE', #54 );
#1422=EDGE_LOOP ( 'NONE', ( #3350, #6271, #1778, #7059 ) );
#1423=ADVANCED_FACE ( 'NONE', ( #407 ), #4235, .T. );
#1424=FACE_OUTER_BOUND ( 'NONE', #5401, .T. );
#1425=CARTESIAN_POINT ( 'NONE',  ( -2.124999999999998668, 0.5716990566028306020, -3.425000000000001155 ) );
#1426=CARTESIAN_POINT ( 'NONE',  ( -2.475000000000000089, 0.000000000000000000, 2.474999999999999645 ) );
#1427=ORIENTED_EDGE ( 'NONE', *, *, #1119, .T. );
#1428=AXIS2_PLACEMENT_3D ( 'NONE', #208, #21, #526 );
#1429=CARTESIAN_POINT ( 'NONE',  ( 2.475000000000000533, 0.1000000000000002554, 2.168404344971009361E-16 ) );
#1430=VERTEX_POINT ( 'NONE', #1294 );
#1431=CARTESIAN_POINT ( 'NONE',  ( -3.024999999999999467, 0.1000000000000001027, 2.125000000000000888 ) );
#1432=CARTESIAN_POINT ( 'NONE',  ( -3.024999999999999467, 0.09999999999999999167, 0.3750000000000007772 ) );
#1433=VERTEX_POINT ( 'NONE', #2807 );
#1434=CARTESIAN_POINT ( 'NONE',  ( -3.024999999999999467, 0.000000000000000000, -1.874999999999999112 ) );
#1435=CARTESIAN_POINT ( 'NONE',  ( 3.024999999999999467, 0.5716990566028302689, -2.874999999999999112 ) );
#1436=ORIENTED_EDGE ( 'NONE', *, *, #3505, .T. );
#1437=ADVANCED_FACE ( 'NONE', ( #7330 ), #4866, .F. );
#1438=CARTESIAN_POINT ( 'NONE',  ( -3.024999999999999467, 0.000000000000000000, 2.625000000000000444 ) );
#1439=FACE_BOUND ( 'NONE', #5465, .T. );
#1440=AXIS2_PLACEMENT_3D ( 'NONE', #968, #32, #5 );
#1441=ADVANCED_FACE ( 'NONE', ( #6150 ), #5570, .T. );
#1442=CARTESIAN_POINT ( 'NONE',  ( 3.024999999999999467, 0.000000000000000000, 2.375000000000001332 ) );
#1443=CARTESIAN_POINT ( 'NONE',  ( 3.424999999999999822, 0.000000000000000000, 2.375000000000000888 ) );
#1444=CARTESIAN_POINT ( 'NONE',  ( -2.624999999999998668, 0.1000000000000000056, -3.025000000000000355 ) );
#1445=AXIS2_PLACEMENT_3D ( 'NONE', #7333, #2843, #182 );
#1446=CARTESIAN_POINT ( 'NONE',  ( 3.024999999999999467, 0.09999999999999999167, -2.874999999999999112 ) );
#1447=ORIENTED_EDGE ( 'NONE', *, *, #7829, .F. );
#1448=ORIENTED_EDGE ( 'NONE', *, *, #7656, .T. );
#1449=LINE ( 'NONE', #2955, #260 );
#1450=VERTEX_POINT ( 'NONE', #2049 );
#1451=EDGE_CURVE ( 'NONE', #7221, #1430, #2041, .T. );
#1452=EDGE_CURVE ( 'NONE', #6206, #156, #7969, .T. );
#1453=LINE ( 'NONE', #87, #30 );
#1454=EDGE_CURVE ( 'NONE', #5719, #4123, #3924, .T. );
#1455=EDGE_LOOP ( 'NONE', ( #7795, #1170, #5648, #393 ) );
#1456=LINE ( 'NONE', #1511, #365 );
#1457=LINE ( 'NONE', #5747, #365 );
#1458=FACE_OUTER_BOUND ( 'NONE', #2347, .T. );
#1459=CARTESIAN_POINT ( 'NONE',  ( 0.000000000000000000, 0.000000000000000000, 5.500000000000000000 ) );
#1460=VERTEX_POINT ( 'NONE', #2495 );
#1461=VERTEX_POINT ( 'NONE', #3250 );
#1462=CLOSED_SHELL ( 'NONE', ( #6006, #5485, #8101, #7286, #3765, #6474 ) );
#1463=CARTESIAN_POINT ( 'NONE',  ( -3.500000000000000000, 12.31949493661166706, 3.500000000000000444 ) );
#1464=PRESENTATION_LAYER_ASSIGNMENT (  '', '', ( #5486 ) );
#1465=EDGE_CURVE ( 'NONE', #3596, #1038, #5966, .T. );
#1466=ORIENTED_EDGE ( 'NONE', *, *, #3665, .T. );
#1467=CARTESIAN_POINT ( 'NONE',  ( 3.024999999999999467, 0.09999999999999999167, 2.625000000000000444 ) );
#1468=CARTESIAN_POINT ( 'NONE',  ( 1.625000000000001332, 0.1000000000000000056, -3.025000000000000355 ) );
#1469=EDGE_CURVE ( 'NONE', #6673, #5666, #5087, .T. );
#1470=ORIENTED_EDGE ( 'NONE', *, *, #4502, .F. );
#1471=CARTESIAN_POINT ( 'NONE',  ( 3.424999999999999822, 0.5716990566028302689, 2.125000000000001332 ) );
#1472=EDGE_LOOP ( 'NONE', ( #6350, #4702, #1863, #826 ) );
#1473=ADVANCED_FACE ( 'NONE', ( #2901 ), #2231, .F. );
#1474=ORIENTED_EDGE ( 'NONE', *, *, #1966, .F. );
#1475=LINE ( 'NONE', #3055, #432 );
#1476=VERTEX_POINT ( 'NONE', #5045 );
#1477=ADVANCED_FACE ( 'NONE', ( #8063 ), #3037, .T. );
#1478=CARTESIAN_POINT ( 'NONE',  ( 3.024999999999999467, 0.1000000000000001027, 2.875000000000000000 ) );
#1479=ORIENTED_EDGE ( 'NONE', *, *, #24, .F. );
#1480=CARTESIAN_POINT ( 'NONE',  ( 0.8750000000000021094, 0.1000000000000000056, 3.425000000000002043 ) );
#1481=AXIS2_PLACEMENT_3D ( 'NONE', #778, #21, #526 );
#1482=CARTESIAN_POINT ( 'NONE',  ( 3.024999999999999467, 0.000000000000000000, 1.875000000000000888 ) );
#1483=VERTEX_POINT ( 'NONE', #6983 );
#1484=LINE ( 'NONE', #5020, #4 );
#1485=EDGE_LOOP ( 'NONE', ( #1936, #5491, #7617, #6569 ) );
#1486=ADVANCED_FACE ( 'NONE', ( #4279 ), #5128, .T. );
#1487=ORIENTED_EDGE ( 'NONE', *, *, #893, .F. );
#1488=MANIFOLD_SOLID_BREP ( 'LPattern4[3]', #8665 );
#1489=CARTESIAN_POINT ( 'NONE',  ( -2.624999999999997780, 0.1000000000000000056, 3.425000000000002043 ) );
#1490=CARTESIAN_POINT ( 'NONE',  ( -3.424999999999999822, 0.5716990566028302689, -0.3749999999999990563 ) );
#1491=ORIENTED_EDGE ( 'NONE', *, *, #135, .T. );
#1492=LINE ( 'NONE', #2926, #4 );
#1493=ORIENTED_EDGE ( 'NONE', *, *, #6134, .T. );
#1494=FACE_BOUND ( 'NONE', #1585, .T. );
#1495=CARTESIAN_POINT ( 'NONE',  ( 3.500000000000000444, 12.31949493661166706, 3.499999999999999556 ) );
#1496=ORIENTED_EDGE ( 'NONE', *, *, #6343, .F. );
#1497=CARTESIAN_POINT ( 'NONE',  ( -1.374999999999998668, 0.5716990566028306020, -3.025000000000000355 ) );
#1498=CARTESIAN_POINT ( 'NONE',  ( -0.1249999999999988065, 0.000000000000000000, -3.425000000000001155 ) );
#1499=EDGE_CURVE ( 'NONE', #4778, #2058, #8555, .T. );
#1500=CARTESIAN_POINT ( 'NONE',  ( -3.024999999999999467, 0.5716990566028302689, 1.125000000000000888 ) );
#1501=VERTEX_POINT ( 'NONE', #7603 );
#1502=VERTEX_POINT ( 'NONE', #1570 );
#1503=EDGE_CURVE ( 'NONE', #2323, #494, #2991, .T. );
#1504=ORIENTED_EDGE ( 'NONE', *, *, #90, .T. );
#1505=AXIS2_PLACEMENT_3D ( 'NONE', #1569, #51, #32 );
#1506=MANIFOLD_SOLID_BREP ( 'LPattern4[13]', #8559 );
#1507=LINE ( 'NONE', #462, #200 );
#1508=CARTESIAN_POINT ( 'NONE',  ( -2.124999999999997780, 0.5716990566028306020, 3.025000000000001243 ) );
#1509=PLANE ( 'NONE',  #7673 );
#1510=ORIENTED_EDGE ( 'NONE', *, *, #2792, .F. );
#1511=CARTESIAN_POINT ( 'NONE',  ( 3.024999999999999467, 0.09999999999999999167, 0.1250000000000009714 ) );
#1512=CARTESIAN_POINT ( 'NONE',  ( 0.000000000000000000, 0.000000000000000000, 0.5000000000000000000 ) );
#1513=AXIS2_PLACEMENT_3D ( 'NONE', #304, #21, #526 );
#1514=CARTESIAN_POINT ( 'NONE',  ( -1.124999999999998002, 0.5716990566028306020, 3.025000000000001243 ) );
#1515=EDGE_CURVE ( 'NONE', #5642, #3372, #5662, .T. );
#1516=CARTESIAN_POINT ( 'NONE',  ( -3.024999999999999467, 0.000000000000000000, 2.125000000000000888 ) );
#1517=EDGE_LOOP ( 'NONE', ( #1984, #8014, #5843, #6963 ) );
#1518=ADVANCED_FACE ( 'NONE', ( #4639 ), #1622, .F. );
#1519=EDGE_CURVE ( 'NONE', #3581, #8416, #7090, .T. );
#1520=ORIENTED_EDGE ( 'NONE', *, *, #7842, .F. );
#1521=LINE ( 'NONE', #6438, #30 );
#1522=ORIENTED_EDGE ( 'NONE', *, *, #6939, .T. );
#1523=EDGE_CURVE ( 'NONE', #4492, #1460, #8756, .T. );
#1524=FACE_OUTER_BOUND ( 'NONE', #6137, .T. );
#1525=EDGE_LOOP ( 'NONE', ( #787, #4930, #8153, #8482 ) );
#1526=ORIENTED_EDGE ( 'NONE', *, *, #6454, .F. );
#1527=EDGE_CURVE ( 'NONE', #6606, #8156, #3081, .T. );
#1528=VERTEX_POINT ( 'NONE', #2237 );
#1529=VERTEX_POINT ( 'NONE', #2339 );
#1530=FACE_OUTER_BOUND ( 'NONE', #3584, .T. );
#1531=ORIENTED_EDGE ( 'NONE', *, *, #7203, .F. );
#1532=AXIS2_PLACEMENT_3D ( 'NONE', #538, #526, #130 );
#1533=FACE_OUTER_BOUND ( 'NONE', #7003, .T. );
#1534=PLANE ( 'NONE',  #5735 );
#1535=ORIENTED_EDGE ( 'NONE', *, *, #6581, .T. );
#1536=EDGE_CURVE ( 'NONE', #5512, #7517, #5295, .T. );
#1537=DIRECTION ( 'NONE',  ( 0.7071067811865522357, 0.000000000000000000, -0.7071067811865427988 ) );
#1538=FACE_OUTER_BOUND ( 'NONE', #2619, .T. );
#1539=CARTESIAN_POINT ( 'NONE',  ( 3.000000000000000000, 0.000000000000000000, 0.000000000000000000 ) );
#1540=ORIENTED_EDGE ( 'NONE', *, *, #5387, .F. );
#1541=FACE_OUTER_BOUND ( 'NONE', #2060, .T. );
#1542=ADVANCED_FACE ( 'NONE', ( #8718 ), #8240, .F. );
#1543=ORIENTED_EDGE ( 'NONE', *, *, #5043, .F. );
#1544=CARTESIAN_POINT ( 'NONE',  ( 2.375000000000001332, 0.09999999999999999167, -3.425000000000001155 ) );
#1545=ORIENTED_EDGE ( 'NONE', *, *, #5641, .T. );
#1546=LINE ( 'NONE', #1754, #206 );
#1547=VERTEX_POINT ( 'NONE', #2870 );
#1548=MANIFOLD_SOLID_BREP ( 'LPattern4[18]', #2581 );
#1549=EDGE_CURVE ( 'NONE', #1306, #6443, #4257, .T. );
#1550=LINE ( 'NONE', #2071, #6 );
#1551=FACE_OUTER_BOUND ( 'NONE', #5314, .T. );
#1552=EDGE_LOOP ( 'NONE', ( #609, #5230, #670, #7782 ) );
#1553=EDGE_CURVE ( 'NONE', #6815, #6107, #1147, .T. );
#1554=LINE ( 'NONE', #3502, #4 );
#1555=EDGE_CURVE ( 'NONE', #3197, #2361, #7982, .T. );
#1556=FACE_OUTER_BOUND ( 'NONE', #5829, .T. );
#1557=LINE ( 'NONE', #1172, #166 );
#1558=ORIENTED_EDGE ( 'NONE', *, *, #1499, .T. );
#1559=CARTESIAN_POINT ( 'NONE',  ( 0.1250000000000022760, 0.09999999999999999167, 3.025000000000001243 ) );
#1560=LINE ( 'NONE', #6223, #30 );
#1561=ORIENTED_EDGE ( 'NONE', *, *, #2706, .T. );
#1562=ORIENTED_EDGE ( 'NONE', *, *, #7437, .T. );
#1563=MANIFOLD_SOLID_BREP ( 'LPattern3[11]', #8780 );
#1564=FACE_OUTER_BOUND ( 'NONE', #6488, .T. );
#1565=ADVANCED_FACE ( 'NONE', ( #3403 ), #2734, .F. );
#1566=CARTESIAN_POINT ( 'NONE',  ( 2.875000000000000444, 0.1000000000000000056, -3.425000000000001155 ) );
#1567=ADVANCED_FACE ( 'NONE', ( #1316 ), #1963, .F. );
#1568=CARTESIAN_POINT ( 'NONE',  ( -2.624999999999997780, 0.000000000000000000, 3.425000000000002043 ) );
#1569=CARTESIAN_POINT ( 'NONE',  ( 1.375000000000001332, 0.1000000000000000056, -3.025000000000000355 ) );
#1570=CARTESIAN_POINT ( 'NONE',  ( -3.424999999999999822, 0.09999999999999999167, -0.3749999999999990563 ) );
#1571=EDGE_LOOP ( 'NONE', ( #5212, #7092, #1290, #4758 ) );
#1572=ORIENTED_EDGE ( 'NONE', *, *, #7842, .T. );
#1573=AXIS2_PLACEMENT_3D ( 'NONE', #299, #3, #86 );
#1574=VERTEX_POINT ( 'NONE', #1630 );
#1575=PLANE ( 'NONE',  #4021 );
#1576=ORIENTED_EDGE ( 'NONE', *, *, #4015, .T. );
#1577=EDGE_CURVE ( 'NONE', #6201, #289, #4167, .T. );
#1578=EDGE_CURVE ( 'NONE', #6206, #6812, #5495, .T. );
#1579=EDGE_CURVE ( 'NONE', #8500, #4449, #8401, .T. );
#1580=CARTESIAN_POINT ( 'NONE',  ( 0.1250000000000014155, 0.09999999999999999167, -3.025000000000000355 ) );
#1581=LINE ( 'NONE', #6344, #269 );
#1582=ORIENTED_EDGE ( 'NONE', *, *, #8772, .F. );
#1583=STYLED_ITEM ( 'NONE', ( #5440 ), #4933 );
#1584=ORIENTED_EDGE ( 'NONE', *, *, #8114, .F. );
#1585=EDGE_LOOP ( 'NONE', ( #2468, #2114, #3537, #1707 ) );
#1586=LINE ( 'NONE', #6375, #30 );
#1587=ORIENTED_EDGE ( 'NONE', *, *, #2107, .F. );
#1588=FACE_OUTER_BOUND ( 'NONE', #8192, .T. );
#1589=VERTEX_POINT ( 'NONE', #2057 );
#1590=ADVANCED_FACE ( 'NONE', ( #3579 ), #6771, .T. );
#1591=PLANE ( 'NONE',  #7184 );
#1592=LINE ( 'NONE', #76, #4 );
#1593=EDGE_CURVE ( 'NONE', #2481, #4681, #7873, .T. );
#1594=CARTESIAN_POINT ( 'NONE',  ( -3.024999999999999467, 0.1000000000000001027, -2.874999999999999112 ) );
#1595=LINE ( 'NONE', #5640, #365 );
#1596=ORIENTED_EDGE ( 'NONE', *, *, #4889, .F. );
#1597=ORIENTED_EDGE ( 'NONE', *, *, #7362, .F. );
#1598=ORIENTED_EDGE ( 'NONE', *, *, #6189, .F. );
#1599=VERTEX_POINT ( 'NONE', #981 );
#1600=LINE ( 'NONE', #363, #6 );
#1601=ORIENTED_EDGE ( 'NONE', *, *, #7740, .T. );
#1602=LINE ( 'NONE', #6352, #30 );
#1603=CARTESIAN_POINT ( 'NONE',  ( -3.024999999999999467, 0.5716990566028302689, 0.3750000000000007772 ) );
#1604=CARTESIAN_POINT ( 'NONE',  ( 3.424999999999999822, 0.000000000000000000, -2.624999999999999112 ) );
#1605=ORIENTED_EDGE ( 'NONE', *, *, #5910, .F. );
#1606=CARTESIAN_POINT ( 'NONE',  ( 2.125000000000002665, 0.000000000000000000, 3.025000000000001243 ) );
#1607=ADVANCED_FACE ( 'NONE', ( #1263 ), #2162, .F. );
#1608=ADVANCED_FACE ( 'NONE', ( #8666 ), #6889, .T. );
#1609=FACE_OUTER_BOUND ( 'NONE', #150, .T. );
#1610=ORIENTED_EDGE ( 'NONE', *, *, #6681, .T. );
#1611=EDGE_CURVE ( 'NONE', #5698, #7566, #1776, .T. );
#1612=LINE ( 'NONE', #1277, #206 );
#1613=EDGE_LOOP ( 'NONE', ( #1010, #4128, #5619, #6839 ) );
#1614=ADVANCED_FACE ( 'NONE', ( #8628 ), #5062, .T. );
#1615=CARTESIAN_POINT ( 'NONE',  ( 3.024999999999999467, 0.09999999999999999167, -1.374999999999999112 ) );
#1616=VECTOR ( 'NONE', #4419, 1000.000000000000000 );
#1617=LINE ( 'NONE', #538, #6 );
#1618=ORIENTED_EDGE ( 'NONE', *, *, #90, .F. );
#1619=LINE ( 'NONE', #500, #200 );
#1620=( GEOMETRIC_REPRESENTATION_CONTEXT ( 3 ) GLOBAL_UNCERTAINTY_ASSIGNED_CONTEXT ( ( #12 ) ) GLOBAL_UNIT_ASSIGNED_CONTEXT ( ( #359, #272, #78 ) ) REPRESENTATION_CONTEXT ( 'NONE', 'WORKASPACE' ) );
#1621=FACE_OUTER_BOUND ( 'NONE', #7987, .T. );
#1622=PLANE ( 'NONE',  #4356 );
#1623=ORIENTED_EDGE ( 'NONE', *, *, #8332, .F. );
#1624=ADVANCED_FACE ( 'NONE', ( #2918 ), #3708, .T. );
#1625=ORIENTED_EDGE ( 'NONE', *, *, #612, .F. );
#1626=ORIENTED_EDGE ( 'NONE', *, *, #3756, .T. );
#1627=CARTESIAN_POINT ( 'NONE',  ( 3.424999999999999822, 0.000000000000000000, -0.8749999999999990008 ) );
#1628=ORIENTED_EDGE ( 'NONE', *, *, #5024, .F. );
#1629=FACE_OUTER_BOUND ( 'NONE', #5775, .T. );
#1630=CARTESIAN_POINT ( 'NONE',  ( 2.475000000000000533, 0.000000000000000000, -2.474999999999999645 ) );
#1631=CARTESIAN_POINT ( 'NONE',  ( -2.374999999999998668, 0.1000000000000000056, -3.025000000000000355 ) );
#1632=VERTEX_POINT ( 'NONE', #1426 );
#1633=CLOSED_SHELL ( 'NONE', ( #5388, #271, #2990, #5800, #4442, #989 ) );
#1634=ORIENTED_EDGE ( 'NONE', *, *, #3058, .T. );
#1635=EDGE_CURVE ( 'NONE', #4095, #5449, #2250, .T. );
#1636=ORIENTED_EDGE ( 'NONE', *, *, #5208, .T. );
#1637=ORIENTED_EDGE ( 'NONE', *, *, #4098, .T. );
#1638=AXIS2_PLACEMENT_3D ( 'NONE', #1208, #109, #21 );
#1639=EDGE_CURVE ( 'NONE', #2832, #6071, #6341, .T. );
#1640=CARTESIAN_POINT ( 'NONE',  ( -3.424999999999999822, 0.09999999999999999167, 2.125000000000001332 ) );
#1641=PLANE ( 'NONE',  #4181 );
#1642=VERTEX_POINT ( 'NONE', #2597 );
#1643=AXIS2_PLACEMENT_3D ( 'NONE', #4213, #187, #2442 );
#1644=CARTESIAN_POINT ( 'NONE',  ( 3.024999999999999467, 0.09999999999999999167, -1.874999999999999112 ) );
#1645=LINE ( 'NONE', #76, #83 );
#1646=ORIENTED_EDGE ( 'NONE', *, *, #726, .T. );
#1647=VERTEX_POINT ( 'NONE', #97 );
#1648=AXIS2_PLACEMENT_3D ( 'NONE', #76, #51, #32 );
#1649=VERTEX_POINT ( 'NONE', #592 );
#1650=EDGE_CURVE ( 'NONE', #2499, #3197, #3625, .T. );
#1651=CARTESIAN_POINT ( 'NONE',  ( -3.024999999999999467, 0.09999999999999999167, 2.625000000000000000 ) );
#1652=CARTESIAN_POINT ( 'NONE',  ( 3.424999999999999822, 0.000000000000000000, -1.874999999999999112 ) );
#1653=VERTEX_POINT ( 'NONE', #6962 );
#1654=EDGE_CURVE ( 'NONE', #8223, #6738, #658, .T. );
#1655=MANIFOLD_SOLID_BREP ( 'Cut-Extrude4', #2889 );
#1656=EDGE_CURVE ( 'NONE', #4399, #3946, #4484, .T. );
#1657=LINE ( 'NONE', #3838, #30 );
#1658=ORIENTED_EDGE ( 'NONE', *, *, #4371, .F. );
#1659=VECTOR ( 'NONE', #2452, 1000.000000000000000 );
#1660=FACE_OUTER_BOUND ( 'NONE', #5535, .T. );
#1661=CARTESIAN_POINT ( 'NONE',  ( 0.6250000000000014433, 0.5716990566028306020, -3.425000000000000711 ) );
#1662=AXIS2_PLACEMENT_3D ( 'NONE', #7008, #8125, #1537 );
#1663=EDGE_CURVE ( 'NONE', #1460, #2102, #1372, .T. );
#1664=PLANE ( 'NONE',  #4917 );
#1665=ORIENTED_EDGE ( 'NONE', *, *, #1123, .T. );
#1666=ADVANCED_FACE ( 'NONE', ( #5018 ), #5229, .F. );
#1667=ORIENTED_EDGE ( 'NONE', *, *, #2016, .T. );
#1668=CARTESIAN_POINT ( 'NONE',  ( -3.024999999999999467, 0.000000000000000000, 0.6250000000000009992 ) );
#1669=ORIENTED_EDGE ( 'NONE', *, *, #2669, .F. );
#1670=LINE ( 'NONE', #1822, #30 );
#1671=MANIFOLD_SOLID_BREP ( 'LPattern3[21]', #6544 );
#1672=STYLED_ITEM ( 'NONE', ( #320 ), #7118 );
#1673=ADVANCED_FACE ( 'NONE', ( #4709 ), #7104, .F. );
#1674=AXIS2_PLACEMENT_3D ( 'NONE', #1845, #3, #86 );
#1675=LINE ( 'NONE', #4444, #224 );
#1676=ORIENTED_EDGE ( 'NONE', *, *, #6462, .F. );
#1677=FACE_OUTER_BOUND ( 'NONE', #5220, .T. );
#1678=EDGE_CURVE ( 'NONE', #1268, #6381, #2580, .T. );
#1679=AXIS2_PLACEMENT_3D ( 'NONE', #4267, #21, #526 );
#1680=VERTEX_POINT ( 'NONE', #6603 );
#1681=MECHANICAL_DESIGN_GEOMETRIC_PRESENTATION_REPRESENTATION (  '', ( #8248 ), #5929 );
#1682=LINE ( 'NONE', #1833, #206 );
#1683=EDGE_LOOP ( 'NONE', ( #5539, #8147, #1311, #5097 ) );
#1684=ORIENTED_EDGE ( 'NONE', *, *, #5450, .T. );
#1685=CARTESIAN_POINT ( 'NONE',  ( -1.624999999999998890, 0.000000000000000000, -3.025000000000000355 ) );
#1686=ORIENTED_EDGE ( 'NONE', *, *, #8298, .T. );
#1687=CARTESIAN_POINT ( 'NONE',  ( 3.024999999999999467, 0.000000000000000000, 1.625000000000001332 ) );
#1688=MECHANICAL_DESIGN_GEOMETRIC_PRESENTATION_REPRESENTATION (  '', ( #2629 ), #7922 );
#1689=EDGE_CURVE ( 'NONE', #969, #5970, #2398, .T. );
#1690=MANIFOLD_SOLID_BREP ( 'LPattern3[3]', #7404 );
#1691=EDGE_LOOP ( 'NONE', ( #2226, #4526, #6778, #7553 ) );
#1692=PLANE ( 'NONE',  #6272 );
#1693=ORIENTED_EDGE ( 'NONE', *, *, #6789, .F. );
#1694=CARTESIAN_POINT ( 'NONE',  ( 1.875000000000001998, 0.000000000000000000, 3.025000000000001243 ) );
#1695=ORIENTED_EDGE ( 'NONE', *, *, #2521, .T. );
#1696=ORIENTED_EDGE ( 'NONE', *, *, #4722, .T. );
#1697=LINE ( 'NONE', #809, #200 );
#1698=PLANE ( 'NONE',  #3180 );
#1699=ADVANCED_FACE ( 'NONE', ( #48 ), #7066, .T. );
#1700=LINE ( 'NONE', #909, #6 );
#1701=ORIENTED_EDGE ( 'NONE', *, *, #5875, .T. );
#1702=ADVANCED_FACE ( 'NONE', ( #8736 ), #3152, .T. );
#1703=ORIENTED_EDGE ( 'NONE', *, *, #1165, .F. );
#1704=CARTESIAN_POINT ( 'NONE',  ( 3.024999999999999467, 0.09999999999999999167, 2.375000000000000888 ) );
#1705=ORIENTED_EDGE ( 'NONE', *, *, #7792, .F. );
#1706=PLANE ( 'NONE',  #158 );
#1707=ORIENTED_EDGE ( 'NONE', *, *, #2331, .T. );
#1708=CARTESIAN_POINT ( 'NONE',  ( -2.374999999999997780, 0.1000000000000000056, 3.425000000000001599 ) );
#1709=CARTESIAN_POINT ( 'NONE',  ( -3.424999999999999822, 0.000000000000000000, -2.624999999999999112 ) );
#1710=CARTESIAN_POINT ( 'NONE',  ( -3.424999999999999822, 0.5716990566028302689, -2.624999999999999112 ) );
#1711=ADVANCED_FACE ( 'NONE', ( #3919 ), #1698, .F. );
#1712=EDGE_CURVE ( 'NONE', #4283, #4275, #7866, .T. );
#1713=CARTESIAN_POINT ( 'NONE',  ( 3.424999999999999822, 0.5716990566028302689, 0.1250000000000009714 ) );
#1714=LINE ( 'NONE', #3881, #30 );
#1715=VERTEX_POINT ( 'NONE', #2095 );
#1716=FACE_OUTER_BOUND ( 'NONE', #8650, .T. );
#1717=VERTEX_POINT ( 'NONE', #355 );
#1718=CARTESIAN_POINT ( 'NONE',  ( -0.3749999999999977240, 0.5716990566028306020, 3.025000000000001243 ) );
#1719=MANIFOLD_SOLID_BREP ( 'LPattern3[5]', #4506 );
#1720=CARTESIAN_POINT ( 'NONE',  ( 0.000000000000000000, 0.1000000000000000056, 3.500000000000000000 ) );
#1721=EDGE_CURVE ( 'NONE', #6688, #4105, #4874, .T. );
#1722=ADVANCED_FACE ( 'NONE', ( #295 ), #6723, .T. );
#1723=CARTESIAN_POINT ( 'NONE',  ( -2.124999999999997780, 0.09999999999999999167, 3.425000000000002043 ) );
#1724=PLANE ( 'NONE',  #19 );
#1725=ORIENTED_EDGE ( 'NONE', *, *, #7367, .F. );
#1726=EDGE_CURVE ( 'NONE', #5639, #253, #3435, .T. );
#1727=CARTESIAN_POINT ( 'NONE',  ( 0.3750000000000020539, 0.000000000000000000, 3.025000000000001243 ) );
#1728=CARTESIAN_POINT ( 'NONE',  ( 2.625000000000001776, 0.09999999999999999167, 3.025000000000001243 ) );
#1729=CARTESIAN_POINT ( 'NONE',  ( -0.1249999999999979461, 0.5716990566028306020, 3.425000000000002043 ) );
#1730=CARTESIAN_POINT ( 'NONE',  ( 3.424999999999999822, 0.000000000000000000, 0.6250000000000009992 ) );
#1731=ORIENTED_EDGE ( 'NONE', *, *, #5900, .F. );
#1732=CARTESIAN_POINT ( 'NONE',  ( -3.024999999999999467, 0.1000000000000001027, 0.8750000000000007772 ) );
#1733=ORIENTED_EDGE ( 'NONE', *, *, #458, .F. );
#1734=ORIENTED_EDGE ( 'NONE', *, *, #844, .F. );
#1735=PLANE ( 'NONE',  #2410 );
#1736=EDGE_LOOP ( 'NONE', ( #8243, #7639, #2730, #4586 ) );
#1737=CARTESIAN_POINT ( 'NONE',  ( -2.475000000000000089, 0.1000000000000002554, 2.474999999999999645 ) );
#1738=LINE ( 'NONE', #5911, #365 );
#1739=EDGE_CURVE ( 'NONE', #3871, #3291, #7337, .T. );
#1740=VERTEX_POINT ( 'NONE', #6083 );
#1741=LINE ( 'NONE', #1713, #30 );
#1742=LINE ( 'NONE', #4609, #30 );
#1743=ORIENTED_EDGE ( 'NONE', *, *, #6610, .F. );
#1744=ADVANCED_FACE ( 'NONE', ( #7904 ), #235, .T. );
#1745=EDGE_LOOP ( 'NONE', ( #2665, #7288, #7302, #7156 ) );
#1746=CARTESIAN_POINT ( 'NONE',  ( 3.424999999999999822, 0.000000000000000000, -0.1249999999999992506 ) );
#1747=LINE ( 'NONE', #1604, #6 );
#1748=ADVANCED_FACE ( 'NONE', ( #7295 ), #394, .F. );
#1749=CARTESIAN_POINT ( 'NONE',  ( 1.375000000000001998, 0.09999999999999999167, 3.425000000000002043 ) );
#1750=ADVANCED_FACE ( 'NONE', ( #4747 ), #418, .F. );
#1751=VERTEX_POINT ( 'NONE', #2768 );
#1752=PLANE ( 'NONE',  #8454 );
#1753=LINE ( 'NONE', #789, #365 );
#1754=CARTESIAN_POINT ( 'NONE',  ( -3.024999999999999467, 0.09999999999999999167, -2.624999999999999112 ) );
#1755=ORIENTED_EDGE ( 'NONE', *, *, #1639, .F. );
#1756=ORIENTED_EDGE ( 'NONE', *, *, #4589, .F. );
#1757=CARTESIAN_POINT ( 'NONE',  ( -3.424999999999999822, 0.09999999999999999167, -2.874999999999999112 ) );
#1758=VERTEX_POINT ( 'NONE', #1245 );
#1759=LINE ( 'NONE', #4827, #206 );
#1760=FACE_OUTER_BOUND ( 'NONE', #2379, .T. );
#1761=EDGE_CURVE ( 'NONE', #501, #5683, #4196, .T. );
#1762=VERTEX_POINT ( 'NONE', #8391 );
#1763=LINE ( 'NONE', #3800, #30 );
#1764=CARTESIAN_POINT ( 'NONE',  ( -3.424999999999999822, 0.1000000000000001027, -1.124999999999999334 ) );
#1765=LINE ( 'NONE', #2150, #4 );
#1766=LINE ( 'NONE', #511, #365 );
#1767=VERTEX_POINT ( 'NONE', #3875 );
#1768=CARTESIAN_POINT ( 'NONE',  ( 0.8750000000000021094, 0.000000000000000000, 3.425000000000002043 ) );
#1769=ADVANCED_FACE ( 'NONE', ( #8142 ), #2999, .F. );
#1770=EDGE_LOOP ( 'NONE', ( #2116, #5764, #2575, #2383 ) );
#1771=EDGE_CURVE ( 'NONE', #5101, #6067, #6950, .T. );
#1772=LINE ( 'NONE', #698, #83 );
#1773=CARTESIAN_POINT ( 'NONE',  ( -2.874999999999998668, 0.1000000000000000056, -3.425000000000000711 ) );
#1774=ORIENTED_EDGE ( 'NONE', *, *, #583, .T. );
#1775=LINE ( 'NONE', #580, #1616 );
#1776=LINE ( 'NONE', #992, #224 );
#1777=FACE_OUTER_BOUND ( 'NONE', #856, .T. );
#1778=ORIENTED_EDGE ( 'NONE', *, *, #8513, .F. );
#1779=EDGE_CURVE ( 'NONE', #6521, #7350, #3750, .T. );
#1780=EDGE_CURVE ( 'NONE', #4037, #5683, #6845, .T. );
#1781=EDGE_CURVE ( 'NONE', #5556, #184, #127, .T. );
#1782=EDGE_LOOP ( 'NONE', ( #555, #8387, #8262, #214 ) );
#1783=AXIS2_PLACEMENT_3D ( 'NONE', #802, #32, #5 );
#1784=VERTEX_POINT ( 'NONE', #379 );
#1785=LINE ( 'NONE', #4647, #6 );
#1786=CIRCLE ( 'NONE', #1072, 0.1909966547740992171 );
#1787=ORIENTED_EDGE ( 'NONE', *, *, #805, .T. );
#1788=STYLED_ITEM ( 'NONE', ( #320 ), #1548 );
#1789=FACE_OUTER_BOUND ( 'NONE', #4998, .T. );
#1790=CARTESIAN_POINT ( 'NONE',  ( 3.424999999999999822, 0.1000000000000001027, -0.1249999999999992506 ) );
#1791=ORIENTED_EDGE ( 'NONE', *, *, #5458, .T. );
#1792=ORIENTED_EDGE ( 'NONE', *, *, #6146, .F. );
#1793=ORIENTED_EDGE ( 'NONE', *, *, #8698, .F. );
#1794=EDGE_CURVE ( 'NONE', #1369, #4114, #593, .T. );
#1795=CARTESIAN_POINT ( 'NONE',  ( -1.374999999999998668, 0.1000000000000000056, -3.425000000000000711 ) );
#1796=EDGE_LOOP ( 'NONE', ( #6288, #2707, #5496, #8429 ) );
#1797=LINE ( 'NONE', #657, #269 );
#1798=EDGE_CURVE ( 'NONE', #7486, #2102, #7492, .T. );
#1799=CARTESIAN_POINT ( 'NONE',  ( -1.874999999999998668, 0.000000000000000000, -3.425000000000000711 ) );
#1800=( GEOMETRIC_REPRESENTATION_CONTEXT ( 3 ) GLOBAL_UNCERTAINTY_ASSIGNED_CONTEXT ( ( #12 ) ) GLOBAL_UNIT_ASSIGNED_CONTEXT ( ( #359, #272, #78 ) ) REPRESENTATION_CONTEXT ( 'NONE', 'WORKASPACE' ) );
#1801=ORIENTED_EDGE ( 'NONE', *, *, #3475, .T. );
#1802=PLANE ( 'NONE',  #1662 );
#1803=EDGE_CURVE ( 'NONE', #5328, #6713, #2193, .T. );
#1804=ORIENTED_EDGE ( 'NONE', *, *, #956, .F. );
#1805=ADVANCED_FACE ( 'NONE', ( #1524 ), #8005, .T. );
#1806=ORIENTED_EDGE ( 'NONE', *, *, #188, .T. );
#1807=PLANE ( 'NONE',  #3808 );
#1808=EDGE_LOOP ( 'NONE', ( #3688, #131, #8741, #3851 ) );
#1809=LINE ( 'NONE', #2000, #4 );
#1810=CARTESIAN_POINT ( 'NONE',  ( 3.424999999999999822, 0.5716990566028302689, -1.374999999999999112 ) );
#1811=ORIENTED_EDGE ( 'NONE', *, *, #6295, .T. );
#1812=CLOSED_SHELL ( 'NONE', ( #1769, #41, #4085, #7763, #4467, #5395 ) );
#1813=CARTESIAN_POINT ( 'NONE',  ( -3.024999999999999467, 0.1000000000000001027, -0.8749999999999990008 ) );
#1814=LINE ( 'NONE', #1873, #4 );
#1815=CARTESIAN_POINT ( 'NONE',  ( -3.024999999999999467, 0.000000000000000000, 2.625000000000000000 ) );
#1816=VERTEX_POINT ( 'NONE', #698 );
#1817=VERTEX_POINT ( 'NONE', #1397 );
#1818=AXIS2_PLACEMENT_3D ( 'NONE', #1053, #45, #168 );
#1819=FACE_OUTER_BOUND ( 'NONE', #8018, .T. );
#1820=ORIENTED_EDGE ( 'NONE', *, *, #4115, .F. );
#1821=ORIENTED_EDGE ( 'NONE', *, *, #7556, .F. );
#1822=CARTESIAN_POINT ( 'NONE',  ( 0.1250000000000014155, 0.5716990566028306020, -3.025000000000000355 ) );
#1823=LINE ( 'NONE', #2754, #83 );
#1824=CARTESIAN_POINT ( 'NONE',  ( 3.024999999999999467, 0.000000000000000000, -2.624999999999999112 ) );
#1825=LINE ( 'NONE', #968, #30 );
#1826=VERTEX_POINT ( 'NONE', #7455 );
#1827=LINE ( 'NONE', #3722, #207 );
#1828=EDGE_CURVE ( 'NONE', #7258, #7676, #1355, .T. );
#1829=EDGE_CURVE ( 'NONE', #1574, #2289, #2236, .T. );
#1830=LINE ( 'NONE', #7781, #260 );
#1831=VERTEX_POINT ( 'NONE', #3610 );
#1832=VERTEX_POINT ( 'NONE', #874 );
#1833=CARTESIAN_POINT ( 'NONE',  ( -3.024999999999999467, 0.09999999999999999167, -2.124999999999999112 ) );
#1834=VECTOR ( 'NONE', #5253, 1000.000000000000000 );
#1835=ORIENTED_EDGE ( 'NONE', *, *, #5048, .F. );
#1836=CARTESIAN_POINT ( 'NONE',  ( 2.375000000000001776, 0.000000000000000000, -3.425000000000001155 ) );
#1837=EDGE_LOOP ( 'NONE', ( #798, #1427, #653, #57 ) );
#1838=ORIENTED_EDGE ( 'NONE', *, *, #1639, .T. );
#1839=LINE ( 'NONE', #4694, #6 );
#1840=EDGE_CURVE ( 'NONE', #4947, #8165, #4243, .T. );
#1841=AXIS2_PLACEMENT_3D ( 'NONE', #739, #526, #130 );
#1842=ADVANCED_FACE ( 'NONE', ( #6238 ), #668, .F. );
#1843=FACE_OUTER_BOUND ( 'NONE', #5362, .T. );
#1844=MANIFOLD_SOLID_BREP ( 'LPattern4[2]', #5339 );
#1845=CARTESIAN_POINT ( 'NONE',  ( 5.000000000000000000, 0.000000000000000000, 0.000000000000000000 ) );
#1846=EDGE_CURVE ( 'NONE', #4095, #4408, #907, .T. );
#1847=LINE ( 'NONE', #669, #30 );
#1848=AXIS2_PLACEMENT_3D ( 'NONE', #4891, #168, #128 );
#1849=ORIENTED_EDGE ( 'NONE', *, *, #2099, .F. );
#1850=ORIENTED_EDGE ( 'NONE', *, *, #6708, .F. );
#1851=ORIENTED_EDGE ( 'NONE', *, *, #1313, .F. );
#1852=LINE ( 'NONE', #288, #4 );
#1853=ORIENTED_EDGE ( 'NONE', *, *, #2099, .T. );
#1854=PLANE ( 'NONE',  #4630 );
#1855=ORIENTED_EDGE ( 'NONE', *, *, #1656, .F. );
#1856=PLANE ( 'NONE',  #6325 );
#1857=AXIS2_PLACEMENT_3D ( 'NONE', #288, #32, #5 );
#1858=PLANE ( 'NONE',  #3142 );
#1859=EDGE_CURVE ( 'NONE', #3871, #6252, #2861, .T. );
#1860=CARTESIAN_POINT ( 'NONE',  ( -1.374999999999997780, 0.09999999999999999167, 3.025000000000001243 ) );
#1861=ORIENTED_EDGE ( 'NONE', *, *, #5781, .T. );
#1862=ORIENTED_EDGE ( 'NONE', *, *, #5282, .F. );
#1863=ORIENTED_EDGE ( 'NONE', *, *, #832, .T. );
#1864=VERTEX_POINT ( 'NONE', #3782 );
#1865=ORIENTED_EDGE ( 'NONE', *, *, #1975, .F. );
#1866=CARTESIAN_POINT ( 'NONE',  ( -3.024999999999999467, 0.09999999999999999167, 1.375000000000000888 ) );
#1867=EDGE_CURVE ( 'NONE', #1529, #5698, #5948, .T. );
#1868=ORIENTED_EDGE ( 'NONE', *, *, #5281, .T. );
#1869=ORIENTED_EDGE ( 'NONE', *, *, #2952, .F. );
#1870=FACE_OUTER_BOUND ( 'NONE', #2187, .T. );
#1871=CARTESIAN_POINT ( 'NONE',  ( -3.024999999999999467, 0.5716990566028302689, -2.124999999999999112 ) );
#1872=ADVANCED_FACE ( 'NONE', ( #855 ), #5869, .F. );
#1873=CARTESIAN_POINT ( 'NONE',  ( -2.124999999999998668, 0.1000000000000000056, -3.425000000000001155 ) );
#1874=AXIS2_PLACEMENT_3D ( 'NONE', #2244, #21, #526 );
#1875=ORIENTED_EDGE ( 'NONE', *, *, #7721, .T. );
#1876=LINE ( 'NONE', #1429, #2645 );
#1877=ORIENTED_EDGE ( 'NONE', *, *, #7702, .T. );
#1878=EDGE_CURVE ( 'NONE', #3281, #6857, #8692, .T. );
#1879=DIRECTION ( 'NONE',  ( 1.000000000000000000, -0.000000000000000000, -1.239088197126290570E-16 ) );
#1880=EDGE_LOOP ( 'NONE', ( #6820, #3910, #4185, #3993 ) );
#1881=EDGE_CURVE ( 'NONE', #1460, #5468, #4470, .T. );
#1882=FACE_OUTER_BOUND ( 'NONE', #4699, .T. );
#1883=EDGE_LOOP ( 'NONE', ( #4238, #8649, #2740, #1474 ) );
#1884=LINE ( 'NONE', #3606, #432 );
#1885=EDGE_LOOP ( 'NONE', ( #5046, #1623, #7940, #1187 ) );
#1886=VERTEX_POINT ( 'NONE', #2384 );
#1887=LINE ( 'NONE', #3135, #207 );
#1888=ORIENTED_EDGE ( 'NONE', *, *, #4360, .T. );
#1889=ORIENTED_EDGE ( 'NONE', *, *, #8675, .F. );
#1890=EDGE_CURVE ( 'NONE', #570, #116, #8246, .T. );
#1891=CARTESIAN_POINT ( 'NONE',  ( 3.424999999999999822, 0.1000000000000001027, -0.6249999999999992228 ) );
#1892=ORIENTED_EDGE ( 'NONE', *, *, #5822, .F. );
#1893=CARTESIAN_POINT ( 'NONE',  ( -2.874999999999998668, 0.1000000000000000056, -3.025000000000000355 ) );
#1894=MANIFOLD_SOLID_BREP ( 'Boss-Extrude2[2]', #7539 );
#1895=CARTESIAN_POINT ( 'NONE',  ( 0.3750000000000020539, 0.000000000000000000, 3.425000000000002043 ) );
#1896=ORIENTED_EDGE ( 'NONE', *, *, #4040, .T. );
#1897=EDGE_LOOP ( 'NONE', ( #8516, #976, #6749, #3413 ) );
#1898=ORIENTED_EDGE ( 'NONE', *, *, #5022, .F. );
#1899=PLANE ( 'NONE',  #1302 );
#1900=CARTESIAN_POINT ( 'NONE',  ( 3.024999999999999467, 0.5716990566028302689, -2.624999999999999112 ) );
#1901=EDGE_CURVE ( 'NONE', #6066, #138, #1741, .T. );
#1902=ORIENTED_EDGE ( 'NONE', *, *, #6919, .T. );
#1903=EDGE_CURVE ( 'NONE', #7929, #4425, #7678, .T. );
#1904=FACE_OUTER_BOUND ( 'NONE', #3915, .T. );
#1905=LINE ( 'NONE', #8463, #30 );
#1906=VERTEX_POINT ( 'NONE', #3069 );
#1907=ORIENTED_EDGE ( 'NONE', *, *, #7701, .F. );
#1908=ORIENTED_EDGE ( 'NONE', *, *, #3958, .F. );
#1909=EDGE_LOOP ( 'NONE', ( #7440, #1929, #5927, #6054 ) );
#1910=CARTESIAN_POINT ( 'NONE',  ( -3.024999999999999467, 0.09999999999999999167, -0.1249999999999992506 ) );
#1911=VERTEX_POINT ( 'NONE', #3223 );
#1912=EDGE_CURVE ( 'NONE', #1864, #3204, #3139, .T. );
#1913=EDGE_CURVE ( 'NONE', #116, #4900, #5301, .T. );
#1914=ADVANCED_FACE ( 'NONE', ( #3519 ), #4042, .T. );
#1915=PLANE ( 'NONE',  #6684 );
#1916=CARTESIAN_POINT ( 'NONE',  ( -2.624999999999998668, 0.5716990566028306020, -3.425000000000001155 ) );
#1917=ORIENTED_EDGE ( 'NONE', *, *, #1154, .T. );
#1918=PLANE ( 'NONE',  #2038 );
#1919=( GEOMETRIC_REPRESENTATION_CONTEXT ( 3 ) GLOBAL_UNCERTAINTY_ASSIGNED_CONTEXT ( ( #12 ) ) GLOBAL_UNIT_ASSIGNED_CONTEXT ( ( #359, #272, #78 ) ) REPRESENTATION_CONTEXT ( 'NONE', 'WORKASPACE' ) );
#1920=VERTEX_POINT ( 'NONE', #1685 );
#1921=CARTESIAN_POINT ( 'NONE',  ( -3.024999999999999467, 0.000000000000000000, 0.3750000000000007772 ) );
#1922=VERTEX_POINT ( 'NONE', #7360 );
#1923=PLANE ( 'NONE',  #6296 );
#1924=LINE ( 'NONE', #874, #432 );
#1925=VERTEX_POINT ( 'NONE', #424 );
#1926=CARTESIAN_POINT ( 'NONE',  ( -3.024999999999999467, 0.5716990566028302689, 2.375000000000001332 ) );
#1927=EDGE_CURVE ( 'NONE', #6595, #3583, #487, .T. );
#1928=VERTEX_POINT ( 'NONE', #1304 );
#1929=ORIENTED_EDGE ( 'NONE', *, *, #7412, .F. );
#1930=EDGE_CURVE ( 'NONE', #6606, #6310, #6193, .T. );
#1931=CARTESIAN_POINT ( 'NONE',  ( 3.024999999999999467, 0.09999999999999999167, 0.8750000000000007772 ) );
#1932=ORIENTED_EDGE ( 'NONE', *, *, #5670, .F. );
#1933=ORIENTED_EDGE ( 'NONE', *, *, #8698, .T. );
#1934=CARTESIAN_POINT ( 'NONE',  ( 3.424999999999999822, 0.09999999999999999167, 2.375000000000001332 ) );
#1935=AXIS2_PLACEMENT_3D ( 'NONE', #4091, #5, #128 );
#1936=ORIENTED_EDGE ( 'NONE', *, *, #62, .F. );
#1937=EDGE_LOOP ( 'NONE', ( #35, #1601, #3032, #6286 ) );
#1938=EDGE_LOOP ( 'NONE', ( #2282, #6903, #3450, #4207 ) );
#1939=CARTESIAN_POINT ( 'NONE',  ( -2.624999999999997780, 0.09999999999999999167, 3.025000000000001243 ) );
#1940=ORIENTED_EDGE ( 'NONE', *, *, #7056, .F. );
#1941=CARTESIAN_POINT ( 'NONE',  ( 3.024999999999999467, 0.000000000000000000, -1.124999999999999334 ) );
#1942=ORIENTED_EDGE ( 'NONE', *, *, #2911, .F. );
#1943=AXIS2_PLACEMENT_3D ( 'NONE', #38, #5, #128 );
#1944=PLANE ( 'NONE',  #6428 );
#1945=CARTESIAN_POINT ( 'NONE',  ( -0.1249999999999988065, 0.1000000000000000056, -3.425000000000001155 ) );
#1946=CARTESIAN_POINT ( 'NONE',  ( 0.5000000000000000000, 0.000000000000000000, 0.000000000000000000 ) );
#1947=VERTEX_POINT ( 'NONE', #7131 );
#1948=EDGE_CURVE ( 'NONE', #8745, #4328, #4824, .T. );
#1949=CARTESIAN_POINT ( 'NONE',  ( 0.6250000000000014433, 0.5716990566028306020, -3.025000000000000355 ) );
#1950=ORIENTED_EDGE ( 'NONE', *, *, #8130, .F. );
#1951=EDGE_CURVE ( 'NONE', #3149, #4206, #5520, .T. );
#1952=ORIENTED_EDGE ( 'NONE', *, *, #3548, .T. );
#1953=ORIENTED_EDGE ( 'NONE', *, *, #1221, .F. );
#1954=FACE_OUTER_BOUND ( 'NONE', #7888, .T. );
#1955=FACE_BOUND ( 'NONE', #6698, .T. );
#1956=VERTEX_POINT ( 'NONE', #892 );
#1957=CARTESIAN_POINT ( 'NONE',  ( -2.174999999999999822, 0.1000000000000002554, -2.475000000000000533 ) );
#1958=CARTESIAN_POINT ( 'NONE',  ( -3.024999999999999467, 0.5716990566028302689, -2.874999999999999112 ) );
#1959=EDGE_LOOP ( 'NONE', ( #4741, #3483, #2559, #1526 ) );
#1960=ORIENTED_EDGE ( 'NONE', *, *, #7962, .T. );
#1961=FACE_OUTER_BOUND ( 'NONE', #5865, .T. );
#1962=AXIS2_PLACEMENT_3D ( 'NONE', #1459, #3, #86 );
#1963=PLANE ( 'NONE',  #7994 );
#1964=CARTESIAN_POINT ( 'NONE',  ( 2.125000000000001332, 0.09999999999999999167, -3.425000000000000711 ) );
#1965=EDGE_LOOP ( 'NONE', ( #5608, #1865, #2538, #2232 ) );
#1966=EDGE_CURVE ( 'NONE', #930, #1195, #3994, .T. );
#1967=EDGE_CURVE ( 'NONE', #8661, #7148, #6072, .T. );
#1968=EDGE_CURVE ( 'NONE', #1340, #2875, #6791, .T. );
#1969=ADVANCED_FACE ( 'NONE', ( #8380 ), #3325, .T. );
#1970=VERTEX_POINT ( 'NONE', #3319 );
#1971=CLOSED_SHELL ( 'NONE', ( #6514, #5667, #3868, #1750, #1247, #7731 ) );
#1972=PLANE ( 'NONE',  #8476 );
#1973=EDGE_LOOP ( 'NONE', ( #8714, #814, #7756, #8334 ) );
#1974=LINE ( 'NONE', #1213, #6 );
#1975=EDGE_CURVE ( 'NONE', #5537, #1081, #8456, .T. );
#1976=LINE ( 'NONE', #322, #207 );
#1977=AXIS2_PLACEMENT_3D ( 'NONE', #500, #32, #5 );
#1978=AXIS2_PLACEMENT_3D ( 'NONE', #993, #45, #168 );
#1979=PLANE ( 'NONE',  #2578 );
#1980=ORIENTED_EDGE ( 'NONE', *, *, #1167, .T. );
#1981=EDGE_CURVE ( 'NONE', #6025, #2157, #3466, .T. );
#1982=FACE_OUTER_BOUND ( 'NONE', #5868, .T. );
#1983=EDGE_LOOP ( 'NONE', ( #7993, #2609, #3177, #985 ) );
#1984=ORIENTED_EDGE ( 'NONE', *, *, #2054, .F. );
#1985=VERTEX_POINT ( 'NONE', #2564 );
#1986=ORIENTED_EDGE ( 'NONE', *, *, #5416, .T. );
#1987=EDGE_CURVE ( 'NONE', #6252, #2750, #1839, .T. );
#1988=ORIENTED_EDGE ( 'NONE', *, *, #1761, .T. );
#1989=AXIS2_PLACEMENT_3D ( 'NONE', #278, #45, #168 );
#1990=CARTESIAN_POINT ( 'NONE',  ( 0.000000000000000000, 0.1000000000000000056, 1.500000000000000000 ) );
#1991=CARTESIAN_POINT ( 'NONE',  ( 3.024999999999999467, 0.5716990566028302689, 1.125000000000000888 ) );
#1992=LINE ( 'NONE', #4827, #432 );
#1993=ORIENTED_EDGE ( 'NONE', *, *, #5881, .T. );
#1994=ORIENTED_EDGE ( 'NONE', *, *, #8568, .F. );
#1995=CARTESIAN_POINT ( 'NONE',  ( 2.875000000000001332, 0.000000000000000000, 3.425000000000002043 ) );
#1996=LINE ( 'NONE', #1949, #30 );
#1997=FACE_OUTER_BOUND ( 'NONE', #5010, .T. );
#1998=ORIENTED_EDGE ( 'NONE', *, *, #3129, .T. );
#1999=EDGE_CURVE ( 'NONE', #4297, #2617, #1063, .T. );
#2000=CARTESIAN_POINT ( 'NONE',  ( 2.125000000000002665, 0.1000000000000000056, 3.025000000000001243 ) );
#2001=CARTESIAN_POINT ( 'NONE',  ( 2.375000000000002220, 0.000000000000000000, 3.425000000000002043 ) );
#2002=AXIS2_PLACEMENT_3D ( 'NONE', #901, #21, #526 );
#2003=AXIS2_PLACEMENT_3D ( 'NONE', #516, #21, #526 );
#2004=CARTESIAN_POINT ( 'NONE',  ( 1.625000000000002665, 0.000000000000000000, 3.025000000000001243 ) );
#2005=FACE_OUTER_BOUND ( 'NONE', #1552, .T. );
#2006=EDGE_LOOP ( 'NONE', ( #4172, #8366, #6396, #3056 ) );
#2007=CARTESIAN_POINT ( 'NONE',  ( -3.424999999999999822, 0.000000000000000000, 2.875000000000000000 ) );
#2008=ORIENTED_EDGE ( 'NONE', *, *, #1881, .T. );
#2009=LINE ( 'NONE', #178, #4 );
#2010=EDGE_LOOP ( 'NONE', ( #4565, #3420, #4524, #2427 ) );
#2011=PLANE ( 'NONE',  #2153 );
#2012=EDGE_LOOP ( 'NONE', ( #8519, #7011, #6531, #1980 ) );
#2013=ORIENTED_EDGE ( 'NONE', *, *, #3831, .F. );
#2014=EDGE_CURVE ( 'NONE', #466, #3089, #5429, .T. );
#2015=CARTESIAN_POINT ( 'NONE',  ( -3.024999999999999467, 0.000000000000000000, -0.3749999999999990563 ) );
#2016=EDGE_CURVE ( 'NONE', #8552, #1430, #4773, .T. );
#2017=ORIENTED_EDGE ( 'NONE', *, *, #8155, .T. );
#2018=ORIENTED_EDGE ( 'NONE', *, *, #4742, .F. );
#2019=LINE ( 'NONE', #3108, #58 );
#2020=ORIENTED_EDGE ( 'NONE', *, *, #2714, .T. );
#2021=LINE ( 'NONE', #4849, #4 );
#2022=ORIENTED_EDGE ( 'NONE', *, *, #4627, .T. );
#2023=ADVANCED_FACE ( 'NONE', ( #277 ), #514, .F. );
#2024=EDGE_CURVE ( 'NONE', #4579, #6593, #1291, .T. );
#2025=EDGE_CURVE ( 'NONE', #7369, #7388, #5568, .T. );
#2026=CARTESIAN_POINT ( 'NONE',  ( -2.374999999999998668, 0.000000000000000000, -3.425000000000001155 ) );
#2027=EDGE_CURVE ( 'NONE', #5366, #430, #2898, .T. );
#2028=FACE_OUTER_BOUND ( 'NONE', #268, .T. );
#2029=PLANE ( 'NONE',  #2349 );
#2030=ORIENTED_EDGE ( 'NONE', *, *, #6261, .T. );
#2031=ORIENTED_EDGE ( 'NONE', *, *, #1927, .T. );
#2032=CARTESIAN_POINT ( 'NONE',  ( 2.125000000000002220, 0.5716990566028306020, 3.025000000000001243 ) );
#2033=ORIENTED_EDGE ( 'NONE', *, *, #5376, .F. );
#2034=ORIENTED_EDGE ( 'NONE', *, *, #2625, .F. );
#2035=EDGE_CURVE ( 'NONE', #2903, #118, #5743, .T. );
#2036=EDGE_CURVE ( 'NONE', #3283, #7113, #687, .T. );
#2037=ADVANCED_FACE ( 'NONE', ( #6316 ), #5085, .T. );
#2038=AXIS2_PLACEMENT_3D ( 'NONE', #2920, #585, #105 );
#2039=EDGE_LOOP ( 'NONE', ( #2713, #7004, #5960, #7747 ) );
#2040=CARTESIAN_POINT ( 'NONE',  ( -3.024999999999999467, 0.000000000000000000, 1.375000000000000888 ) );
#2041=LINE ( 'NONE', #1294, #200 );
#2042=EDGE_LOOP ( 'NONE', ( #4629, #5964, #1290, #6426 ) );
#2043=ORIENTED_EDGE ( 'NONE', *, *, #2970, .T. );
#2044=FACE_OUTER_BOUND ( 'NONE', #829, .T. );
#2045=ORIENTED_EDGE ( 'NONE', *, *, #4450, .F. );
#2046=LINE ( 'NONE', #3568, #4 );
#2047=EDGE_CURVE ( 'NONE', #6066, #1176, #1456, .T. );
#2048=EDGE_CURVE ( 'NONE', #1202, #6768, #5611, .T. );
#2049=CARTESIAN_POINT ( 'NONE',  ( -3.424999999999999822, 0.1000000000000001027, -0.1249999999999992506 ) );
#2050=EDGE_CURVE ( 'NONE', #4305, #1120, #2083, .T. );
#2051=ORIENTED_EDGE ( 'NONE', *, *, #3190, .T. );
#2052=ORIENTED_EDGE ( 'NONE', *, *, #2119, .F. );
#2053=ORIENTED_EDGE ( 'NONE', *, *, #5871, .F. );
#2054=EDGE_CURVE ( 'NONE', #8172, #1758, #2136, .T. );
#2055=CARTESIAN_POINT ( 'NONE',  ( 0.8750000000000012212, 0.09999999999999999167, -3.425000000000001155 ) );
#2056=LINE ( 'NONE', #1568, #58 );
#2057=CARTESIAN_POINT ( 'NONE',  ( -1.124999999999998002, 0.09999999999999999167, 3.025000000000001243 ) );
#2058=VERTEX_POINT ( 'NONE', #641 );
#2059=LINE ( 'NONE', #1047, #432 );
#2060=EDGE_LOOP ( 'NONE', ( #8000, #6921, #2745, #7548 ) );
#2061=EDGE_CURVE ( 'NONE', #4249, #7239, #4415, .T. );
#2062=ORIENTED_EDGE ( 'NONE', *, *, #2660, .F. );
#2063=PRESENTATION_LAYER_ASSIGNMENT (  '', '', ( #6108 ) );
#2064=CARTESIAN_POINT ( 'NONE',  ( 1.375000000000001332, 0.000000000000000000, -3.425000000000001155 ) );
#2065=ORIENTED_EDGE ( 'NONE', *, *, #8622, .F. );
#2066=LINE ( 'NONE', #4124, #6 );
#2067=AXIS2_PLACEMENT_3D ( 'NONE', #1292, #51, #32 );
#2068=CARTESIAN_POINT ( 'NONE',  ( 0.8750000000000012212, 0.1000000000000000056, -3.425000000000001155 ) );
#2069=ORIENTED_EDGE ( 'NONE', *, *, #4889, .T. );
#2070=CARTESIAN_POINT ( 'NONE',  ( -3.024999999999999467, 0.000000000000000000, 2.375000000000001332 ) );
#2071=CARTESIAN_POINT ( 'NONE',  ( -3.024999999999999467, 0.000000000000000000, -0.1249999999999992506 ) );
#2072=EDGE_CURVE ( 'NONE', #8774, #8695, #3644, .T. );
#2073=CARTESIAN_POINT ( 'NONE',  ( 3.024999999999999467, 0.09999999999999999167, 1.125000000000000888 ) );
#2074=FACE_OUTER_BOUND ( 'NONE', #2473, .T. );
#2075=ORIENTED_EDGE ( 'NONE', *, *, #3769, .T. );
#2076=EDGE_LOOP ( 'NONE', ( #4172, #2695, #2921, #1381 ) );
#2077=EDGE_CURVE ( 'NONE', #7930, #6273, #7448, .T. );
#2078=CARTESIAN_POINT ( 'NONE',  ( 3.500000000000000444, 0.000000000000000000, -3.500000000000000444 ) );
#2079=ORIENTED_EDGE ( 'NONE', *, *, #5283, .F. );
#2080=ORIENTED_EDGE ( 'NONE', *, *, #5207, .T. );
#2081=AXIS2_PLACEMENT_3D ( 'NONE', #451, #32, #5 );
#2082=EDGE_LOOP ( 'NONE', ( #964, #7767, #2110, #4686 ) );
#2083=LINE ( 'NONE', #1402, #224 );
#2084=LINE ( 'NONE', #1292, #30 );
#2085=FACE_OUTER_BOUND ( 'NONE', #5715, .T. );
#2086=LINE ( 'NONE', #2032, #30 );
#2087=ORIENTED_EDGE ( 'NONE', *, *, #8613, .F. );
#2088=EDGE_CURVE ( 'NONE', #3664, #6201, #6980, .T. );
#2089=ADVANCED_FACE ( 'NONE', ( #5001 ), #6365, .T. );
#2090=ORIENTED_EDGE ( 'NONE', *, *, #7062, .F. );
#2091=LINE ( 'NONE', #5528, #6 );
#2092=CARTESIAN_POINT ( 'NONE',  ( -3.024999999999999467, 0.000000000000000000, 1.125000000000000888 ) );
#2093=ORIENTED_EDGE ( 'NONE', *, *, #1276, .T. );
#2094=LINE ( 'NONE', #4658, #4 );
#2095=CARTESIAN_POINT ( 'NONE',  ( -3.424999999999999822, 0.1000000000000001027, 1.875000000000000888 ) );
#2096=EDGE_LOOP ( 'NONE', ( #7637, #4611, #6400, #5804 ) );
#2097=PLANE ( 'NONE',  #605 );
#2098=ORIENTED_EDGE ( 'NONE', *, *, #4601, .T. );
#2099=EDGE_CURVE ( 'NONE', #6080, #6459, #2945, .T. );
#2100=AXIS2_PLACEMENT_3D ( 'NONE', #828, #45, #168 );
#2101=EDGE_LOOP ( 'NONE', ( #4133, #6932, #3977, #4517 ) );
#2102=VERTEX_POINT ( 'NONE', #2227 );
#2103=CARTESIAN_POINT ( 'NONE',  ( 0.3750000000000012212, 0.09999999999999999167, -3.025000000000000355 ) );
#2104=EDGE_LOOP ( 'NONE', ( #2695, #2789, #314, #1448 ) );
#2105=CARTESIAN_POINT ( 'NONE',  ( 3.424999999999999822, 0.000000000000000000, 2.375000000000001332 ) );
#2106=ORIENTED_EDGE ( 'NONE', *, *, #301, .T. );
#2107=EDGE_CURVE ( 'NONE', #4425, #5042, #3538, .T. );
#2108=ORIENTED_EDGE ( 'NONE', *, *, #7634, .F. );
#2109=EDGE_CURVE ( 'NONE', #6535, #8245, #5255, .T. );
#2110=ORIENTED_EDGE ( 'NONE', *, *, #5908, .F. );
#2111=PRESENTATION_LAYER_ASSIGNMENT (  '', '', ( #6014 ) );
#2112=PLANE ( 'NONE',  #7460 );
#2113=EDGE_CURVE ( 'NONE', #7331, #1956, #8681, .T. );
#2114=ORIENTED_EDGE ( 'NONE', *, *, #2496, .T. );
#2115=CARTESIAN_POINT ( 'NONE',  ( -0.8749999999999985567, 0.000000000000000000, -3.025000000000000355 ) );
#2116=ORIENTED_EDGE ( 'NONE', *, *, #7409, .F. );
#2117=FACE_OUTER_BOUND ( 'NONE', #6834, .T. );
#2118=ORIENTED_EDGE ( 'NONE', *, *, #5551, .T. );
#2119=EDGE_CURVE ( 'NONE', #4558, #942, #7744, .T. );
#2120=LINE ( 'NONE', #3591, #365 );
#2121=EDGE_LOOP ( 'NONE', ( #3136, #6979, #3345, #5509 ) );
#2122=ORIENTED_EDGE ( 'NONE', *, *, #2472, .F. );
#2123=CLOSED_SHELL ( 'NONE', ( #5616, #3494, #410, #2696, #6559, #6481 ) );
#2124=CARTESIAN_POINT ( 'NONE',  ( 1.625000000000001332, 0.1000000000000000056, -3.425000000000000711 ) );
#2125=PLANE ( 'NONE',  #8143 );
#2126=EDGE_LOOP ( 'NONE', ( #8563, #5260, #994, #7310 ) );
#2127=VERTEX_POINT ( 'NONE', #3908 );
#2128=AXIS2_PLACEMENT_3D ( 'NONE', #7424, #45, #168 );
#2129=FACE_OUTER_BOUND ( 'NONE', #7514, .T. );
#2130=EDGE_LOOP ( 'NONE', ( #7458, #7364, #6645, #3617 ) );
#2131=ORIENTED_EDGE ( 'NONE', *, *, #7990, .T. );
#2132=AXIS2_PLACEMENT_3D ( 'NONE', #389, #585, #105 );
#2133=EDGE_CURVE ( 'NONE', #5537, #5533, #5861, .T. );
#2134=ADVANCED_FACE ( 'NONE', ( #3078 ), #8646, .F. );
#2135=ORIENTED_EDGE ( 'NONE', *, *, #5540, .T. );
#2136=LINE ( 'NONE', #4954, #30 );
#2137=LINE ( 'NONE', #4594, #30 );
#2138=CARTESIAN_POINT ( 'NONE',  ( -3.024999999999999467, 0.1000000000000001027, 0.3750000000000007772 ) );
#2139=AXIS2_PLACEMENT_3D ( 'NONE', #2158, #128, #51 );
#2140=LINE ( 'NONE', #4683, #30 );
#2141=ORIENTED_EDGE ( 'NONE', *, *, #1313, .T. );
#2142=EDGE_LOOP ( 'NONE', ( #5287, #1325, #6177, #2462 ) );
#2143=ORIENTED_EDGE ( 'NONE', *, *, #8564, .F. );
#2144=APPLICATION_PROTOCOL_DEFINITION ( 'draft international standard', 'automotive_design', 1998, #444 );
#2145=CARTESIAN_POINT ( 'NONE',  ( 2.625000000000001332, 0.1000000000000000056, 3.025000000000001243 ) );
#2146=EDGE_CURVE ( 'NONE', #2572, #2348, #7666, .T. );
#2147=ORIENTED_EDGE ( 'NONE', *, *, #1553, .F. );
#2148=EDGE_CURVE ( 'NONE', #5852, #5108, #3178, .T. );
#2149=EDGE_CURVE ( 'NONE', #6621, #3022, #4308, .T. );
#2150=CARTESIAN_POINT ( 'NONE',  ( 0.6250000000000014433, 0.1000000000000000056, -3.425000000000000711 ) );
#2151=EDGE_CURVE ( 'NONE', #6084, #2481, #11, .T. );
#2152=CARTESIAN_POINT ( 'NONE',  ( 1.375000000000001332, 0.09999999999999999167, -3.425000000000001155 ) );
#2153=AXIS2_PLACEMENT_3D ( 'NONE', #1389, #526, #130 );
#2154=ORIENTED_EDGE ( 'NONE', *, *, #8052, .F. );
#2155=VERTEX_POINT ( 'NONE', #8133 );
#2156=EDGE_LOOP ( 'NONE', ( #3155, #642, #2131, #7725 ) );
#2157=VERTEX_POINT ( 'NONE', #56 );
#2158=CARTESIAN_POINT ( 'NONE',  ( 1.625000000000002220, 0.1000000000000000056, 3.025000000000001243 ) );
#2159=AXIS2_PLACEMENT_3D ( 'NONE', #2513, #46, #21 );
#2160=AXIS2_PLACEMENT_3D ( 'NONE', #397, #45, #168 );
#2161=EDGE_CURVE ( 'NONE', #2241, #7018, #1775, .T. );
#2162=PLANE ( 'NONE',  #1943 );
#2163=ORIENTED_EDGE ( 'NONE', *, *, #2573, .F. );
#2164=ORIENTED_EDGE ( 'NONE', *, *, #4310, .T. );
#2165=AXIS2_PLACEMENT_3D ( 'NONE', #1489, #585, #105 );
#2166=CARTESIAN_POINT ( 'NONE',  ( 3.024999999999999467, 0.1000000000000001027, -1.624999999999999334 ) );
#2167=LINE ( 'NONE', #5523, #4 );
#2168=EDGE_LOOP ( 'NONE', ( #3194, #4652, #1376, #1447 ) );
#2169=AXIS2_PLACEMENT_3D ( 'NONE', #4683, #585, #105 );
#2170=FACE_OUTER_BOUND ( 'NONE', #7862, .T. );
#2171=ORIENTED_EDGE ( 'NONE', *, *, #1968, .T. );
#2172=CARTESIAN_POINT ( 'NONE',  ( 1.125000000000001332, 0.1000000000000000056, -3.025000000000000355 ) );
#2173=EDGE_CURVE ( 'NONE', #1483, #1202, #7088, .T. );
#2174=FACE_BOUND ( 'NONE', #6444, .T. );
#2175=AXIS2_PLACEMENT_3D ( 'NONE', #1365, #32, #5 );
#2176=VERTEX_POINT ( 'NONE', #5016 );
#2177=FACE_OUTER_BOUND ( 'NONE', #4041, .T. );
#2178=LINE ( 'NONE', #1559, #6 );
#2179=EDGE_CURVE ( 'NONE', #2348, #3560, #7120, .T. );
#2180=ORIENTED_EDGE ( 'NONE', *, *, #956, .T. );
#2181=ADVANCED_FACE ( 'NONE', ( #4462 ), #3127, .T. );
#2182=ORIENTED_EDGE ( 'NONE', *, *, #6849, .T. );
#2183=EDGE_CURVE ( 'NONE', #6650, #360, #1619, .T. );
#2184=CARTESIAN_POINT ( 'NONE',  ( -3.424999999999999822, 0.09999999999999999167, 2.375000000000001332 ) );
#2185=ORIENTED_EDGE ( 'NONE', *, *, #143, .T. );
#2186=LINE ( 'NONE', #1293, #206 );
#2187=EDGE_LOOP ( 'NONE', ( #1084, #4688, #8152, #3114 ) );
#2188=EDGE_CURVE ( 'NONE', #7978, #2465, #5292, .T. );
#2189=ORIENTED_EDGE ( 'NONE', *, *, #7308, .T. );
#2190=LINE ( 'NONE', #1406, #365 );
#2191=CARTESIAN_POINT ( 'NONE',  ( 3.424999999999999822, 0.09999999999999999167, 2.875000000000000000 ) );
#2192=EDGE_LOOP ( 'NONE', ( #3006, #4487, #6434, #7275 ) );
#2193=LINE ( 'NONE', #4375, #30 );
#2194=ORIENTED_EDGE ( 'NONE', *, *, #2183, .T. );
#2195=FACE_OUTER_BOUND ( 'NONE', #8427, .T. );
#2196=EDGE_LOOP ( 'NONE', ( #2891, #2226, #2429, #1273 ) );
#2197=ORIENTED_EDGE ( 'NONE', *, *, #696, .T. );
#2198=ADVANCED_FACE ( 'NONE', ( #8237 ), #5832, .F. );
#2199=ORIENTED_EDGE ( 'NONE', *, *, #2824, .F. );
#2200=PLANE ( 'NONE',  #3817 );
#2201=ORIENTED_EDGE ( 'NONE', *, *, #8686, .T. );
#2202=ADVANCED_FACE ( 'NONE', ( #7708 ), #4596, .T. );
#2203=ORIENTED_EDGE ( 'NONE', *, *, #5283, .T. );
#2204=CARTESIAN_POINT ( 'NONE',  ( 3.424999999999999822, 0.000000000000000000, -1.374999999999999112 ) );
#2205=ORIENTED_EDGE ( 'NONE', *, *, #5411, .T. );
#2206=CARTESIAN_POINT ( 'NONE',  ( -3.024999999999999467, 0.09999999999999999167, -0.8749999999999990008 ) );
#2207=FACE_OUTER_BOUND ( 'NONE', #6452, .T. );
#2208=EDGE_CURVE ( 'NONE', #5666, #4004, #8308, .T. );
#2209=ORIENTED_EDGE ( 'NONE', *, *, #7353, .F. );
#2210=EDGE_CURVE ( 'NONE', #3717, #6675, #6705, .T. );
#2211=EDGE_CURVE ( 'NONE', #1906, #3065, #999, .T. );
#2212=ORIENTED_EDGE ( 'NONE', *, *, #8039, .T. );
#2213=PLANE ( 'NONE',  #6751 );
#2214=LINE ( 'NONE', #701, #6 );
#2215=LINE ( 'NONE', #2834, #365 );
#2216=CARTESIAN_POINT ( 'NONE',  ( -3.024999999999999467, 0.000000000000000000, 2.875000000000000444 ) );
#2217=VERTEX_POINT ( 'NONE', #1746 );
#2218=EDGE_LOOP ( 'NONE', ( #5381, #2171, #2164, #4314 ) );
#2219=EDGE_LOOP ( 'NONE', ( #5828, #1031, #8781, #4210 ) );
#2220=ORIENTED_EDGE ( 'NONE', *, *, #5048, .T. );
#2221=CARTESIAN_POINT ( 'NONE',  ( 3.424999999999999822, 0.000000000000000000, 2.875000000000000000 ) );
#2222=ADVANCED_FACE ( 'NONE', ( #7319 ), #1159, .T. );
#2223=CARTESIAN_POINT ( 'NONE',  ( 3.024999999999999467, 0.09999999999999999167, 0.3750000000000007772 ) );
#2224=PLANE ( 'NONE',  #7621 );
#2225=ADVANCED_FACE ( 'NONE', ( #2028 ), #3414, .T. );
#2226=ORIENTED_EDGE ( 'NONE', *, *, #8163, .F. );
#2227=CARTESIAN_POINT ( 'NONE',  ( -3.424999999999999822, 0.000000000000000000, 1.375000000000000888 ) );
#2228=ADVANCED_FACE ( 'NONE', ( #5373 ), #1706, .F. );
#2229=PLANE ( 'NONE',  #1505 );
#2230=CARTESIAN_POINT ( 'NONE',  ( 3.024999999999999467, 0.1000000000000001027, -0.1249999999999992506 ) );
#2231=PLANE ( 'NONE',  #8106 );
#2232=ORIENTED_EDGE ( 'NONE', *, *, #6677, .F. );
#2233=ORIENTED_EDGE ( 'NONE', *, *, #3293, .F. );
#2234=CARTESIAN_POINT ( 'NONE',  ( 3.024999999999999467, 0.5716990566028302689, 2.875000000000000000 ) );
#2235=FACE_OUTER_BOUND ( 'NONE', #5837, .T. );
#2236=LINE ( 'NONE', #4553, #6591 );
#2237=CARTESIAN_POINT ( 'NONE',  ( -2.624999999999998668, 0.000000000000000000, -3.425000000000001155 ) );
#2238=PLANE ( 'NONE',  #3244 );
#2239=VERTEX_POINT ( 'NONE', #1106 );
#2240=CARTESIAN_POINT ( 'NONE',  ( -3.024999999999999467, 0.09999999999999999167, -2.874999999999999112 ) );
#2241=VERTEX_POINT ( 'NONE', #1957 );
#2242=EDGE_LOOP ( 'NONE', ( #5934, #5526, #2051, #2915 ) );
#2243=ORIENTED_EDGE ( 'NONE', *, *, #933, .T. );
#2244=CARTESIAN_POINT ( 'NONE',  ( 3.024999999999999467, 0.5716990566028302689, -0.6249999999999992228 ) );
#2245=ORIENTED_EDGE ( 'NONE', *, *, #4911, .F. );
#2246=PLANE ( 'NONE',  #6049 );
#2247=CARTESIAN_POINT ( 'NONE',  ( -1.374999999999997780, 0.5716990566028306020, 3.425000000000001599 ) );
#2248=EDGE_LOOP ( 'NONE', ( #3912, #6976, #1988, #6442 ) );
#2249=CARTESIAN_POINT ( 'NONE',  ( 3.024999999999999467, 0.000000000000000000, 0.6250000000000009992 ) );
#2250=LINE ( 'NONE', #1139, #1015 );
#2251=EDGE_CURVE ( 'NONE', #7661, #8107, #6666, .T. );
#2252=FACE_OUTER_BOUND ( 'NONE', #5119, .T. );
#2253=LINE ( 'NONE', #414, #4 );
#2254=ORIENTED_EDGE ( 'NONE', *, *, #1654, .T. );
#2255=EDGE_CURVE ( 'NONE', #5938, #732, #5460, .T. );
#2256=ORIENTED_EDGE ( 'NONE', *, *, #2715, .T. );
#2257=CARTESIAN_POINT ( 'NONE',  ( -3.424999999999999822, 0.000000000000000000, 0.6250000000000009992 ) );
#2258=FACE_OUTER_BOUND ( 'NONE', #6731, .T. );
#2259=ORIENTED_EDGE ( 'NONE', *, *, #7167, .T. );
#2260=AXIS2_PLACEMENT_3D ( 'NONE', #4849, #130, #46 );
#2261=LINE ( 'NONE', #2860, #206 );
#2262=FACE_BOUND ( 'NONE', #2242, .T. );
#2263=FACE_OUTER_BOUND ( 'NONE', #6112, .T. );
#2264=EDGE_CURVE ( 'NONE', #4681, #7376, #4129, .T. );
#2265=AXIS2_PLACEMENT_3D ( 'NONE', #4628, #168, #128 );
#2266=ADVANCED_FACE ( 'NONE', ( #5978 ), #2555, .F. );
#2267=EDGE_CURVE ( 'NONE', #5519, #1280, #4854, .T. );
#2268=CARTESIAN_POINT ( 'NONE',  ( 3.024999999999999467, 0.1000000000000001027, 1.375000000000000888 ) );
#2269=AXIS2_PLACEMENT_3D ( 'NONE', #4663, #585, #105 );
#2270=CARTESIAN_POINT ( 'NONE',  ( 1.625000000000002665, 0.5716990566028306020, 3.025000000000001243 ) );
#2271=ORIENTED_EDGE ( 'NONE', *, *, #843, .T. );
#2272=ORIENTED_EDGE ( 'NONE', *, *, #370, .F. );
#2273=PLANE ( 'NONE',  #6803 );
#2274=PLANE ( 'NONE',  #6635 );
#2275=ADVANCED_FACE ( 'NONE', ( #6060 ), #7779, .T. );
#2276=LINE ( 'NONE', #1566, #260 );
#2277=ORIENTED_EDGE ( 'NONE', *, *, #3066, .T. );
#2278=AXIS2_PLACEMENT_3D ( 'NONE', #326, #5, #128 );
#2279=AXIS2_PLACEMENT_3D ( 'NONE', #4267, #32, #5 );
#2280=CARTESIAN_POINT ( 'NONE',  ( 3.024999999999999467, 0.000000000000000000, 0.1250000000000009714 ) );
#2281=LINE ( 'NONE', #1516, #365 );
#2282=ORIENTED_EDGE ( 'NONE', *, *, #6710, .T. );
#2283=ADVANCED_FACE ( 'NONE', ( #7926 ), #2610, .T. );
#2284=EDGE_LOOP ( 'NONE', ( #581, #1703, #957, #2017 ) );
#2285=CLOSED_SHELL ( 'NONE', ( #1032, #7524, #5052, #8547, #6263, #6294 ) );
#2286=ORIENTED_EDGE ( 'NONE', *, *, #8096, .F. );
#2287=PLANE ( 'NONE',  #7988 );
#2288=EDGE_CURVE ( 'NONE', #4900, #6107, #2548, .T. );
#2289=VERTEX_POINT ( 'NONE', #5419 );
#2290=LINE ( 'NONE', #6876, #260 );
#2291=CARTESIAN_POINT ( 'NONE',  ( 3.424999999999999822, 0.1000000000000001027, 1.375000000000000888 ) );
#2292=LINE ( 'NONE', #688, #365 );
#2293=VERTEX_POINT ( 'NONE', #1443 );
#2294=CARTESIAN_POINT ( 'NONE',  ( -0.1249999999999988065, 0.5716990566028306020, -3.425000000000001155 ) );
#2295=LINE ( 'NONE', #1500, #30 );
#2296=ORIENTED_EDGE ( 'NONE', *, *, #4963, .T. );
#2297=EDGE_CURVE ( 'NONE', #1501, #6521, #6355, .T. );
#2298=ORIENTED_EDGE ( 'NONE', *, *, #8592, .T. );
#2299=EDGE_LOOP ( 'NONE', ( #8576, #6126, #1888, #7082 ) );
#2300=CARTESIAN_POINT ( 'NONE',  ( 3.500000000000000444, 1.210000000000002629, -3.500000000000000444 ) );
#2301=ORIENTED_EDGE ( 'NONE', *, *, #6197, .F. );
#2302=EDGE_CURVE ( 'NONE', #4082, #5690, #5600, .T. );
#2303=ORIENTED_EDGE ( 'NONE', *, *, #4535, .T. );
#2304=EDGE_LOOP ( 'NONE', ( #3497, #6345, #5964, #4364 ) );
#2305=LINE ( 'NONE', #6344, #432 );
#2306=ORIENTED_EDGE ( 'NONE', *, *, #4209, .T. );
#2307=FACE_OUTER_BOUND ( 'NONE', #5136, .T. );
#2308=ORIENTED_EDGE ( 'NONE', *, *, #1219, .F. );
#2309=EDGE_LOOP ( 'NONE', ( #8355, #4906, #5014, #6203 ) );
#2310=EDGE_CURVE ( 'NONE', #2239, #6729, #3740, .T. );
#2311=EDGE_LOOP ( 'NONE', ( #3248, #6187, #4070, #7191 ) );
#2312=ADVANCED_FACE ( 'NONE', ( #8483 ), #4942, .T. );
#2313=FACE_BOUND ( 'NONE', #5712, .T. );
#2314=FACE_OUTER_BOUND ( 'NONE', #7778, .T. );
#2315=CARTESIAN_POINT ( 'NONE',  ( 0.000000000000000000, 0.000000000000000000, 3.000000000000000000 ) );
#2316=PLANE ( 'NONE',  #7896 );
#2317=AXIS2_PLACEMENT_3D ( 'NONE', #462, #5, #128 );
#2318=CARTESIAN_POINT ( 'NONE',  ( 3.424999999999999822, 0.5716990566028302689, 0.6250000000000009992 ) );
#2319=CARTESIAN_POINT ( 'NONE',  ( -2.475000000000000089, 0.1000000000000002554, -2.175000000000003819 ) );
#2320=PLANE ( 'NONE',  #2260 );
#2321=VERTEX_POINT ( 'NONE', #701 );
#2322=ADVANCED_FACE ( 'NONE', ( #7477 ), #8611, .T. );
#2323=VERTEX_POINT ( 'NONE', #2268 );
#2324=EDGE_CURVE ( 'NONE', #6689, #4013, #1334, .T. );
#2325=LINE ( 'NONE', #3261, #83 );
#2326=CARTESIAN_POINT ( 'NONE',  ( 0.000000000000000000, 0.1000000000000000056, 0.5000000000000000000 ) );
#2327=LINE ( 'NONE', #5706, #30 );
#2328=LINE ( 'NONE', #475, #30 );
#2329=( GEOMETRIC_REPRESENTATION_CONTEXT ( 3 ) GLOBAL_UNCERTAINTY_ASSIGNED_CONTEXT ( ( #12 ) ) GLOBAL_UNIT_ASSIGNED_CONTEXT ( ( #359, #272, #78 ) ) REPRESENTATION_CONTEXT ( 'NONE', 'WORKASPACE' ) );
#2330=EDGE_LOOP ( 'NONE', ( #1510, #5000, #3323, #1068, #5089 ) );
#2331=EDGE_CURVE ( 'NONE', #3204, #3110, #263, .T. );
#2332=VERTEX_POINT ( 'NONE', #503 );
#2333=ADVANCED_FACE ( 'NONE', ( #392 ), #4354, .T. );
#2334=ADVANCED_FACE ( 'NONE', ( #8083 ), #4176, .F. );
#2335=VERTEX_POINT ( 'NONE', #448 );
#2336=CARTESIAN_POINT ( 'NONE',  ( 3.024999999999999467, 0.000000000000000000, 2.125000000000001332 ) );
#2337=ORIENTED_EDGE ( 'NONE', *, *, #5205, .T. );
#2338=LINE ( 'NONE', #5179, #6 );
#2339=CARTESIAN_POINT ( 'NONE',  ( 3.424999999999999822, 0.000000000000000000, -0.3749999999999990563 ) );
#2340=LINE ( 'NONE', #594, #4 );
#2341=LINE ( 'NONE', #2073, #365 );
#2342=ORIENTED_EDGE ( 'NONE', *, *, #8170, .T. );
#2343=CARTESIAN_POINT ( 'NONE',  ( 2.875000000000001332, 0.1000000000000000056, 3.425000000000002043 ) );
#2344=LINE ( 'NONE', #3003, #260 );
#2345=EDGE_LOOP ( 'NONE', ( #7094, #634, #3471, #2944 ) );
#2346=ORIENTED_EDGE ( 'NONE', *, *, #5459, .T. );
#2347=EDGE_LOOP ( 'NONE', ( #1561, #6069, #916, #4465 ) );
#2348=VERTEX_POINT ( 'NONE', #1322 );
#2349=AXIS2_PLACEMENT_3D ( 'NONE', #1336, #526, #130 );
#2350=FACE_OUTER_BOUND ( 'NONE', #873, .T. );
#2351=ORIENTED_EDGE ( 'NONE', *, *, #1048, .F. );
#2352=EDGE_CURVE ( 'NONE', #4984, #3352, #4995, .T. );
#2353=ADVANCED_FACE ( 'NONE', ( #3547 ), #394, .F. );
#2354=CARTESIAN_POINT ( 'NONE',  ( 2.875000000000001776, 0.000000000000000000, 3.025000000000001243 ) );
#2355=ORIENTED_EDGE ( 'NONE', *, *, #5500, .T. );
#2356=ADVANCED_FACE ( 'NONE', ( #2177 ), #7391, .T. );
#2357=VERTEX_POINT ( 'NONE', #6844 );
#2358=CARTESIAN_POINT ( 'NONE',  ( 3.424999999999999822, 0.5716990566028302689, 1.875000000000000888 ) );
#2359=CARTESIAN_POINT ( 'NONE',  ( -3.424999999999999822, 0.1000000000000001027, -0.6249999999999992228 ) );
#2360=ADVANCED_FACE ( 'NONE', ( #2935 ), #6867, .F. );
#2361=VERTEX_POINT ( 'NONE', #243 );
#2362=CARTESIAN_POINT ( 'NONE',  ( 3.024999999999999467, 0.5716990566028302689, -2.374999999999999112 ) );
#2363=ORIENTED_EDGE ( 'NONE', *, *, #6575, .F. );
#2364=CARTESIAN_POINT ( 'NONE',  ( -2.374999999999998668, 0.09999999999999999167, -3.025000000000000355 ) );
#2365=ORIENTED_EDGE ( 'NONE', *, *, #2072, .F. );
#2366=FACE_BOUND ( 'NONE', #8181, .T. );
#2367=FACE_OUTER_BOUND ( 'NONE', #1163, .T. );
#2368=CARTESIAN_POINT ( 'NONE',  ( -0.1249999999999988065, 0.09999999999999999167, -3.425000000000001155 ) );
#2369=ADVANCED_FACE ( 'NONE', ( #678 ), #5116, .T. );
#2370=CARTESIAN_POINT ( 'NONE',  ( -3.500000000000000444, 1.209999999999999298, -3.499999999999999556 ) );
#2371=ORIENTED_EDGE ( 'NONE', *, *, #2911, .T. );
#2372=EDGE_LOOP ( 'NONE', ( #6758, #7813, #519, #368 ) );
#2373=FACE_OUTER_BOUND ( 'NONE', #2996, .T. );
#2374=ORIENTED_EDGE ( 'NONE', *, *, #2671, .T. );
#2375=LINE ( 'NONE', #2280, #207 );
#2376=EDGE_CURVE ( 'NONE', #930, #237, #3965, .T. );
#2377=EDGE_CURVE ( 'NONE', #1176, #6115, #113, .T. );
#2378=CARTESIAN_POINT ( 'NONE',  ( -1.374999999999998668, 0.5716990566028306020, -3.425000000000000711 ) );
#2379=EDGE_LOOP ( 'NONE', ( #7991, #8458, #2205, #215 ) );
#2380=FACE_OUTER_BOUND ( 'NONE', #7074, .T. );
#2381=ORIENTED_EDGE ( 'NONE', *, *, #7712, .F. );
#2382=ORIENTED_EDGE ( 'NONE', *, *, #4601, .F. );
#2383=ORIENTED_EDGE ( 'NONE', *, *, #3565, .F. );
#2384=CARTESIAN_POINT ( 'NONE',  ( 3.424999999999999822, 0.1000000000000001027, -1.124999999999999334 ) );
#2385=EDGE_CURVE ( 'NONE', #383, #704, #3068, .T. );
#2386=EDGE_CURVE ( 'NONE', #289, #3595, #2664, .T. );
#2387=CARTESIAN_POINT ( 'NONE',  ( 3.024999999999999467, 0.5716990566028302689, -1.374999999999999112 ) );
#2388=EDGE_LOOP ( 'NONE', ( #1669, #3141, #7161, #4719 ) );
#2389=EDGE_CURVE ( 'NONE', #4328, #6487, #4453, .T. );
#2390=ORIENTED_EDGE ( 'NONE', *, *, #5463, .T. );
#2391=EDGE_LOOP ( 'NONE', ( #4179, #3490, #1257, #7506 ) );
#2392=FACE_OUTER_BOUND ( 'NONE', #4982, .T. );
#2393=EDGE_LOOP ( 'NONE', ( #349, #3070, #7196, #7568 ) );
#2394=CARTESIAN_POINT ( 'NONE',  ( -3.024999999999999467, 0.5716990566028302689, -1.124999999999999334 ) );
#2395=VERTEX_POINT ( 'NONE', #4497 );
#2396=LINE ( 'NONE', #2702, #30 );
#2397=FACE_OUTER_BOUND ( 'NONE', #8418, .T. );
#2398=LINE ( 'NONE', #867, #260 );
#2399=ADVANCED_FACE ( 'NONE', ( #2536 ), #8318, .F. );
#2400=FACE_OUTER_BOUND ( 'NONE', #3733, .T. );
#2401=ORIENTED_EDGE ( 'NONE', *, *, #7547, .F. );
#2402=LINE ( 'NONE', #1704, #269 );
#2403=VERTEX_POINT ( 'NONE', #5430 );
#2404=LINE ( 'NONE', #4663, #30 );
#2405=EDGE_LOOP ( 'NONE', ( #4821, #5389, #5618, #4698 ) );
#2406=EDGE_CURVE ( 'NONE', #5363, #4202, #7220, .T. );
#2407=VERTEX_POINT ( 'NONE', #3295 );
#2408=ADVANCED_FACE ( 'NONE', ( #1023 ), #4404, .T. );
#2409=FACE_OUTER_BOUND ( 'NONE', #3818, .T. );
#2410=AXIS2_PLACEMENT_3D ( 'NONE', #6020, #3, #86 );
#2411=ADVANCED_FACE ( 'NONE', ( #6973 ), #1802, .F. );
#2412=LINE ( 'NONE', #1661, #30 );
#2413=ORIENTED_EDGE ( 'NONE', *, *, #4920, .F. );
#2414=EDGE_LOOP ( 'NONE', ( #6730, #2306 ) );
#2415=ORIENTED_EDGE ( 'NONE', *, *, #2469, .F. );
#2416=LINE ( 'NONE', #144, #207 );
#2417=LINE ( 'NONE', #1768, #58 );
#2418=ORIENTED_EDGE ( 'NONE', *, *, #2457, .T. );
#2419=EDGE_CURVE ( 'NONE', #1886, #3595, #3923, .T. );
#2420=PLANE ( 'NONE',  #2132 );
#2421=CARTESIAN_POINT ( 'NONE',  ( -0.8749999999999977796, 0.5716990566028306020, 3.425000000000001599 ) );
#2422=LINE ( 'NONE', #987, #4 );
#2423=ORIENTED_EDGE ( 'NONE', *, *, #3825, .F. );
#2424=CARTESIAN_POINT ( 'NONE',  ( 3.424999999999999822, 0.1000000000000001027, 0.1250000000000009714 ) );
#2425=ORIENTED_EDGE ( 'NONE', *, *, #1798, .T. );
#2426=LINE ( 'NONE', #6587, #6 );
#2427=ORIENTED_EDGE ( 'NONE', *, *, #2107, .T. );
#2428=AXIS2_PLACEMENT_3D ( 'NONE', #1267, #32, #5 );
#2429=ORIENTED_EDGE ( 'NONE', *, *, #3982, .F. );
#2430=LINE ( 'NONE', #174, #365 );
#2431=ADVANCED_FACE ( 'NONE', ( #5827 ), #173, .T. );
#2432=VERTEX_POINT ( 'NONE', #511 );
#2433=EDGE_CURVE ( 'NONE', #4301, #3461, #734, .T. );
#2434=AXIS2_PLACEMENT_3D ( 'NONE', #4211, #21, #526 );
#2435=LINE ( 'NONE', #293, #432 );
#2436=VERTEX_POINT ( 'NONE', #7799 );
#2437=PLANE ( 'NONE',  #7264 );
#2438=ORIENTED_EDGE ( 'NONE', *, *, #6377, .T. );
#2439=CLOSED_SHELL ( 'NONE', ( #6997, #5862, #3773, #6017, #4389, #4226 ) );
#2440=PLANE ( 'NONE',  #4695 );
#2441=ORIENTED_EDGE ( 'NONE', *, *, #2113, .F. );
#2442=DIRECTION ( 'NONE',  ( 1.000000000000000000, 0.000000000000000000, 1.752245935330108181E-16 ) );
#2443=EDGE_CURVE ( 'NONE', #3543, #988, #6040, .T. );
#2444=EDGE_CURVE ( 'NONE', #4082, #5101, #8161, .T. );
#2445=CARTESIAN_POINT ( 'NONE',  ( 2.500000000000000000, 0.1000000000000000056, 0.000000000000000000 ) );
#2446=AXIS2_PLACEMENT_3D ( 'NONE', #2463, #3, #86 );
#2447=LINE ( 'NONE', #6163, #4 );
#2448=VERTEX_POINT ( 'NONE', #6314 );
#2449=ORIENTED_EDGE ( 'NONE', *, *, #4903, .T. );
#2450=CARTESIAN_POINT ( 'NONE',  ( 3.424999999999999822, 0.09999999999999999167, 2.875000000000000444 ) );
#2451=VERTEX_POINT ( 'NONE', #497 );
#2452=DIRECTION ( 'NONE',  ( -0.000000000000000000, 1.000000000000000000, -0.000000000000000000 ) );
#2453=ORIENTED_EDGE ( 'NONE', *, *, #7558, .T. );
#2454=EDGE_LOOP ( 'NONE', ( #1034, #1309, #5027, #5632 ) );
#2455=EDGE_CURVE ( 'NONE', #1185, #5254, #7138, .T. );
#2456=ADVANCED_FACE ( 'NONE', ( #6241 ), #2097, .F. );
#2457=EDGE_CURVE ( 'NONE', #3727, #2537, #6763, .T. );
#2458=FACE_BOUND ( 'NONE', #4410, .T. );
#2459=CARTESIAN_POINT ( 'NONE',  ( -3.024999999999999467, 0.5716990566028302689, 2.125000000000001332 ) );
#2460=AXIS2_PLACEMENT_3D ( 'NONE', #209, #5, #128 );
#2461=CARTESIAN_POINT ( 'NONE',  ( -3.024999999999999467, 0.5716990566028302689, 0.6250000000000009992 ) );
#2462=ORIENTED_EDGE ( 'NONE', *, *, #1465, .F. );
#2463=CARTESIAN_POINT ( 'NONE',  ( 0.5000000000000000000, 0.1000000000000000056, 0.000000000000000000 ) );
#2464=CARTESIAN_POINT ( 'NONE',  ( -3.024999999999999467, 0.09999999999999999167, 0.6250000000000009992 ) );
#2465=VERTEX_POINT ( 'NONE', #3481 );
#2466=EDGE_CURVE ( 'NONE', #1450, #219, #3439, .T. );
#2467=CARTESIAN_POINT ( 'NONE',  ( 3.424999999999999822, 0.5716990566028302689, -1.874999999999999112 ) );
#2468=ORIENTED_EDGE ( 'NONE', *, *, #5022, .T. );
#2469=EDGE_CURVE ( 'NONE', #3554, #6206, #7830, .T. );
#2470=( GEOMETRIC_REPRESENTATION_CONTEXT ( 3 ) GLOBAL_UNCERTAINTY_ASSIGNED_CONTEXT ( ( #12 ) ) GLOBAL_UNIT_ASSIGNED_CONTEXT ( ( #359, #272, #78 ) ) REPRESENTATION_CONTEXT ( 'NONE', 'WORKASPACE' ) );
#2471=AXIS2_PLACEMENT_3D ( 'NONE', #3316, #128, #51 );
#2472=EDGE_CURVE ( 'NONE', #8539, #3543, #5577, .T. );
#2473=EDGE_LOOP ( 'NONE', ( #4468, #3768, #513, #2559 ) );
#2474=ADVANCED_FACE ( 'NONE', ( #4154 ), #7944, .F. );
#2475=ORIENTED_EDGE ( 'NONE', *, *, #5317, .F. );
#2476=AXIS2_PLACEMENT_3D ( 'NONE', #4203, #5, #128 );
#2477=EDGE_CURVE ( 'NONE', #1430, #1784, #3829, .T. );
#2478=LINE ( 'NONE', #13, #224 );
#2479=VERTEX_POINT ( 'NONE', #4837 );
#2480=EDGE_LOOP ( 'NONE', ( #5756, #2507, #567, #5058 ) );
#2481=VERTEX_POINT ( 'NONE', #639 );
#2482=LINE ( 'NONE', #919, #4 );
#2483=AXIS2_PLACEMENT_3D ( 'NONE', #589, #3, #86 );
#2484=ORIENTED_EDGE ( 'NONE', *, *, #4169, .T. );
#2485=EDGE_CURVE ( 'NONE', #5231, #1529, #4106, .T. );
#2486=LINE ( 'NONE', #5342, #269 );
#2487=EDGE_LOOP ( 'NONE', ( #3231, #362, #4264, #2923 ) );
#2488=ORIENTED_EDGE ( 'NONE', *, *, #5606, .F. );
#2489=CARTESIAN_POINT ( 'NONE',  ( -4.336808689942017736E-16, 0.1000000000000002554, 2.475000000000000089 ) );
#2490=VERTEX_POINT ( 'NONE', #358 );
#2491=LINE ( 'NONE', #6448, #795 );
#2492=LINE ( 'NONE', #3478, #206 );
#2493=ORIENTED_EDGE ( 'NONE', *, *, #4543, .T. );
#2494=ADVANCED_FACE ( 'NONE', ( #4749 ), #7975, .F. );
#2495=CARTESIAN_POINT ( 'NONE',  ( -3.424999999999999822, 0.1000000000000001027, 1.375000000000000888 ) );
#2496=EDGE_CURVE ( 'NONE', #8060, #1864, #6198, .T. );
#2497=ORIENTED_EDGE ( 'NONE', *, *, #6462, .T. );
#2498=CARTESIAN_POINT ( 'NONE',  ( -2.624999999999998668, 0.1000000000000000056, -3.425000000000001155 ) );
#2499=VERTEX_POINT ( 'NONE', #238 );
#2500=ORIENTED_EDGE ( 'NONE', *, *, #6110, .T. );
#2501=ORIENTED_EDGE ( 'NONE', *, *, #800, .T. );
#2502=EDGE_CURVE ( 'NONE', #1647, #4012, #623, .T. );
#2503=FACE_OUTER_BOUND ( 'NONE', #7604, .T. );
#2504=LINE ( 'NONE', #941, #260 );
#2505=ORIENTED_EDGE ( 'NONE', *, *, #4248, .T. );
#2506=LINE ( 'NONE', #208, #30 );
#2507=ORIENTED_EDGE ( 'NONE', *, *, #2477, .T. );
#2508=CARTESIAN_POINT ( 'NONE',  ( -1.624999999999998890, 0.5716990566028306020, -3.025000000000000355 ) );
#2509=LINE ( 'NONE', #1773, #4 );
#2510=ORIENTED_EDGE ( 'NONE', *, *, #2952, .T. );
#2511=CARTESIAN_POINT ( 'NONE',  ( -3.424999999999999822, 0.5716990566028302689, -1.874999999999999112 ) );
#2512=CARTESIAN_POINT ( 'NONE',  ( 3.024999999999999467, 0.000000000000000000, -0.3749999999999990563 ) );
#2513=CARTESIAN_POINT ( 'NONE',  ( 0.6250000000000014433, 0.1000000000000000056, -3.025000000000000355 ) );
#2514=CARTESIAN_POINT ( 'NONE',  ( -3.424999999999999822, 0.09999999999999999167, 1.375000000000000888 ) );
#2515=VERTEX_POINT ( 'NONE', #2230 );
#2516=ORIENTED_EDGE ( 'NONE', *, *, #4853, .T. );
#2517=EDGE_CURVE ( 'NONE', #2361, #4970, #5441, .T. );
#2518=ORIENTED_EDGE ( 'NONE', *, *, #7316, .F. );
#2519=LINE ( 'NONE', #2244, #30 );
#2520=ORIENTED_EDGE ( 'NONE', *, *, #1252, .F. );
#2521=EDGE_CURVE ( 'NONE', #3956, #3371, #1133, .T. );
#2522=FACE_OUTER_BOUND ( 'NONE', #3342, .T. );
#2523=EDGE_CURVE ( 'NONE', #4206, #4094, #1186, .T. );
#2524=ORIENTED_EDGE ( 'NONE', *, *, #5871, .T. );
#2525=LINE ( 'NONE', #560, #224 );
#2526=FACE_OUTER_BOUND ( 'NONE', #3307, .T. );
#2527=PLANE ( 'NONE',  #5784 );
#2528=ORIENTED_EDGE ( 'NONE', *, *, #6412, .T. );
#2529=AXIS2_PLACEMENT_3D ( 'NONE', #3131, #46, #21 );
#2530=ORIENTED_EDGE ( 'NONE', *, *, #8554, .T. );
#2531=ORIENTED_EDGE ( 'NONE', *, *, #7225, .F. );
#2532=ORIENTED_EDGE ( 'NONE', *, *, #7939, .F. );
#2533=CARTESIAN_POINT ( 'NONE',  ( -3.024999999999999467, 0.000000000000000000, -0.8749999999999990008 ) );
#2534=CARTESIAN_POINT ( 'NONE',  ( -3.024999999999999467, 0.1000000000000001027, -0.1249999999999992506 ) );
#2535=ORIENTED_EDGE ( 'NONE', *, *, #8447, .T. );
#2536=FACE_OUTER_BOUND ( 'NONE', #7749, .T. );
#2537=VERTEX_POINT ( 'NONE', #6876 );
#2538=ORIENTED_EDGE ( 'NONE', *, *, #7215, .F. );
#2539=PLANE ( 'NONE',  #290 );
#2540=ORIENTED_EDGE ( 'NONE', *, *, #7268, .T. );
#2541=ORIENTED_EDGE ( 'NONE', *, *, #7565, .T. );
#2542=ORIENTED_EDGE ( 'NONE', *, *, #8434, .T. );
#2543=LINE ( 'NONE', #5569, #432 );
#2544=EDGE_CURVE ( 'NONE', #118, #7800, #5754, .T. );
#2545=EDGE_LOOP ( 'NONE', ( #4797, #508, #7724, #2087 ) );
#2546=PLANE ( 'NONE',  #3663 );
#2547=EDGE_LOOP ( 'NONE', ( #2823, #6630, #4330, #8420 ) );
#2548=LINE ( 'NONE', #579, #83 );
#2549=LINE ( 'NONE', #4491, #4 );
#2550=ORIENTED_EDGE ( 'NONE', *, *, #711, .T. );
#2551=EDGE_CURVE ( 'NONE', #903, #3158, #3698, .T. );
#2552=EDGE_CURVE ( 'NONE', #6812, #2321, #3001, .T. );
#2553=EDGE_CURVE ( 'NONE', #6167, #7706, #8034, .T. );
#2554=ORIENTED_EDGE ( 'NONE', *, *, #7314, .F. );
#2555=PLANE ( 'NONE',  #2460 );
#2556=LINE ( 'NONE', #1873, #260 );
#2557=ORIENTED_EDGE ( 'NONE', *, *, #6330, .F. );
#2558=AXIS2_PLACEMENT_3D ( 'NONE', #414, #585, #105 );
#2559=ORIENTED_EDGE ( 'NONE', *, *, #6627, .F. );
#2560=EDGE_LOOP ( 'NONE', ( #6298, #2203, #7255, #6843 ) );
#2561=ORIENTED_EDGE ( 'NONE', *, *, #6557, .T. );
#2562=LINE ( 'NONE', #1005, #432 );
#2563=PRESENTATION_LAYER_ASSIGNMENT (  '', '', ( #6406 ) );
#2564=CARTESIAN_POINT ( 'NONE',  ( 3.424999999999999822, 0.000000000000000000, -2.374999999999999112 ) );
#2565=MECHANICAL_DESIGN_GEOMETRIC_PRESENTATION_REPRESENTATION (  '', ( #1266 ), #4192 );
#2566=ADVANCED_FACE ( 'NONE', ( #6990 ), #5095, .T. );
#2567=FACE_OUTER_BOUND ( 'NONE', #8638, .T. );
#2568=ORIENTED_EDGE ( 'NONE', *, *, #3303, .F. );
#2569=EDGE_LOOP ( 'NONE', ( #1898, #3618, #4994, #16 ) );
#2570=ORIENTED_EDGE ( 'NONE', *, *, #3540, .T. );
#2571=CARTESIAN_POINT ( 'NONE',  ( -0.8749999999999977796, 0.1000000000000000056, 3.025000000000001243 ) );
#2572=VERTEX_POINT ( 'NONE', #3031 );
#2573=EDGE_CURVE ( 'NONE', #1680, #7917, #8104, .T. );
#2574=LINE ( 'NONE', #2078, #4806 );
#2575=ORIENTED_EDGE ( 'NONE', *, *, #1016, .T. );
#2576=CARTESIAN_POINT ( 'NONE',  ( 2.875000000000001776, 0.000000000000000000, 3.425000000000002043 ) );
#2577=PLANE ( 'NONE',  #2592 );
#2578=AXIS2_PLACEMENT_3D ( 'NONE', #4812, #2843, #182 );
#2579=LINE ( 'NONE', #1066, #365 );
#2580=LINE ( 'NONE', #4521, #260 );
#2581=CLOSED_SHELL ( 'NONE', ( #1168, #7093, #4368, #3598, #6897, #6660 ) );
#2582=EDGE_CURVE ( 'NONE', #7480, #6563, #8562, .T. );
#2583=ORIENTED_EDGE ( 'NONE', *, *, #8484, .F. );
#2584=CARTESIAN_POINT ( 'NONE',  ( 3.024999999999999467, 0.09999999999999999167, 2.375000000000001332 ) );
#2585=VERTEX_POINT ( 'NONE', #4474 );
#2586=AXIS2_PLACEMENT_3D ( 'NONE', #3568, #32, #5 );
#2587=EDGE_CURVE ( 'NONE', #5101, #3022, #1358, .T. );
#2588=ORIENTED_EDGE ( 'NONE', *, *, #167, .F. );
#2589=VERTEX_POINT ( 'NONE', #2343 );
#2590=CARTESIAN_POINT ( 'NONE',  ( -3.424999999999999822, 0.1000000000000001027, 2.875000000000000000 ) );
#2591=ORIENTED_EDGE ( 'NONE', *, *, #5651, .F. );
#2592=AXIS2_PLACEMENT_3D ( 'NONE', #2145, #128, #51 );
#2593=LINE ( 'NONE', #1866, #206 );
#2594=VERTEX_POINT ( 'NONE', #6371 );
#2595=ORIENTED_EDGE ( 'NONE', *, *, #1927, .F. );
#2596=CARTESIAN_POINT ( 'NONE',  ( -0.1249999999999988065, 0.000000000000000000, -3.025000000000000355 ) );
#2597=CARTESIAN_POINT ( 'NONE',  ( -3.424999999999999822, 0.000000000000000000, -2.874999999999999112 ) );
#2598=LINE ( 'NONE', #5195, #30 );
#2599=AXIS2_PLACEMENT_3D ( 'NONE', #1603, #51, #32 );
#2600=CARTESIAN_POINT ( 'NONE',  ( -1.874999999999997780, 0.1000000000000000056, 3.025000000000001243 ) );
#2601=EDGE_CURVE ( 'NONE', #5753, #1599, #8597, .T. );
#2602=VERTEX_POINT ( 'NONE', #757 );
#2603=AXIS2_PLACEMENT_3D ( 'NONE', #7698, #3, #86 );
#2604=LINE ( 'NONE', #1271, #269 );
#2605=LINE ( 'NONE', #892, #83 );
#2606=ORIENTED_EDGE ( 'NONE', *, *, #5680, .F. );
#2607=LINE ( 'NONE', #222, #200 );
#2608=AXIS2_PLACEMENT_3D ( 'NONE', #739, #51, #32 );
#2609=ORIENTED_EDGE ( 'NONE', *, *, #5183, .T. );
#2610=PLANE ( 'NONE',  #7670 );
#2611=ORIENTED_EDGE ( 'NONE', *, *, #8102, .T. );
#2612=EDGE_CURVE ( 'NONE', #965, #3372, #3785, .T. );
#2613=CARTESIAN_POINT ( 'NONE',  ( -3.424999999999999822, 0.000000000000000000, 0.1250000000000009714 ) );
#2614=ORIENTED_EDGE ( 'NONE', *, *, #1968, .F. );
#2615=ORIENTED_EDGE ( 'NONE', *, *, #143, .F. );
#2616=EDGE_CURVE ( 'NONE', #7706, #2321, #4290, .T. );
#2617=VERTEX_POINT ( 'NONE', #2864 );
#2618=AXIS2_PLACEMENT_3D ( 'NONE', #1279, #585, #105 );
#2619=EDGE_LOOP ( 'NONE', ( #523, #6892, #2984, #3846 ) );
#2620=CARTESIAN_POINT ( 'NONE',  ( 1.875000000000002442, 0.5716990566028306020, 3.025000000000001243 ) );
#2621=VERTEX_POINT ( 'NONE', #3135 );
#2622=FACE_OUTER_BOUND ( 'NONE', #5296, .T. );
#2623=CARTESIAN_POINT ( 'NONE',  ( 3.500000000000000444, 1.209999999999999298, -3.500000000000000444 ) );
#2624=ORIENTED_EDGE ( 'NONE', *, *, #6369, .T. );
#2625=EDGE_CURVE ( 'NONE', #6535, #7961, #2959, .T. );
#2626=ADVANCED_FACE ( 'NONE', ( #5011 ), #7494, .F. );
#2627=ORIENTED_EDGE ( 'NONE', *, *, #5771, .T. );
#2628=ORIENTED_EDGE ( 'NONE', *, *, #3938, .F. );
#2629=STYLED_ITEM ( 'NONE', ( #320 ), #7303 );
#2630=ORIENTED_EDGE ( 'NONE', *, *, #7325, .T. );
#2631=FACE_OUTER_BOUND ( 'NONE', #2851, .T. );
#2632=LINE ( 'NONE', #1006, #6 );
#2633=ORIENTED_EDGE ( 'NONE', *, *, #3726, .T. );
#2634=EDGE_CURVE ( 'NONE', #7726, #4014, #5717, .T. );
#2635=EDGE_LOOP ( 'NONE', ( #6327, #2906, #344, #4513 ) );
#2636=ORIENTED_EDGE ( 'NONE', *, *, #1794, .T. );
#2637=ORIENTED_EDGE ( 'NONE', *, *, #8762, .F. );
#2638=LINE ( 'NONE', #121, #224 );
#2639=ORIENTED_EDGE ( 'NONE', *, *, #4993, .T. );
#2640=EDGE_CURVE ( 'NONE', #1826, #4956, #7531, .T. );
#2641=ORIENTED_EDGE ( 'NONE', *, *, #1379, .T. );
#2642=FACE_OUTER_BOUND ( 'NONE', #4640, .T. );
#2643=FACE_OUTER_BOUND ( 'NONE', #4080, .T. );
#2644=EDGE_CURVE ( 'NONE', #6787, #7646, #4525, .T. );
#2645=VECTOR ( 'NONE', #4523, 1000.000000000000000 );
#2646=EDGE_CURVE ( 'NONE', #3251, #5366, #5913, .T. );
#2647=ORIENTED_EDGE ( 'NONE', *, *, #133, .F. );
#2648=ORIENTED_EDGE ( 'NONE', *, *, #1771, .T. );
#2649=FACE_OUTER_BOUND ( 'NONE', #7152, .T. );
#2650=ORIENTED_EDGE ( 'NONE', *, *, #6619, .F. );
#2651=CARTESIAN_POINT ( 'NONE',  ( 2.375000000000001332, 0.000000000000000000, -3.025000000000000355 ) );
#2652=AXIS2_PLACEMENT_3D ( 'NONE', #2600, #128, #51 );
#2653=ORIENTED_EDGE ( 'NONE', *, *, #8042, .T. );
#2654=LINE ( 'NONE', #1108, #6 );
#2655=ORIENTED_EDGE ( 'NONE', *, *, #3692, .T. );
#2656=VERTEX_POINT ( 'NONE', #2765 );
#2657=ORIENTED_EDGE ( 'NONE', *, *, #2455, .T. );
#2658=ORIENTED_EDGE ( 'NONE', *, *, #7713, .F. );
#2659=LINE ( 'NONE', #4560, #28 );
#2660=EDGE_CURVE ( 'NONE', #8118, #1483, #4606, .T. );
#2661=ADVANCED_FACE ( 'NONE', ( #8178 ), #1706, .T. );
#2662=ORIENTED_EDGE ( 'NONE', *, *, #7609, .F. );
#2663=FACE_OUTER_BOUND ( 'NONE', #8056, .T. );
#2664=LINE ( 'NONE', #1941, #206 );
#2665=ORIENTED_EDGE ( 'NONE', *, *, #5500, .F. );
#2666=EDGE_LOOP ( 'NONE', ( #2423, #2382, #6148, #6061 ) );
#2667=EDGE_LOOP ( 'NONE', ( #3532, #7718, #6106, #3968 ) );
#2668=ORIENTED_EDGE ( 'NONE', *, *, #6329, .T. );
#2669=EDGE_CURVE ( 'NONE', #4093, #6621, #768, .T. );
#2670=PLANE ( 'NONE',  #34 );
#2671=EDGE_CURVE ( 'NONE', #1081, #5501, #815, .T. );
#2672=ADVANCED_FACE ( 'NONE', ( #4563 ), #6522, .T. );
#2673=FACE_OUTER_BOUND ( 'NONE', #3438, .T. );
#2674=FACE_OUTER_BOUND ( 'NONE', #4441, .T. );
#2675=ADVANCED_FACE ( 'NONE', ( #3095 ), #8213, .F. );
#2676=FACE_OUTER_BOUND ( 'NONE', #3869, .T. );
#2677=ORIENTED_EDGE ( 'NONE', *, *, #6710, .F. );
#2678=ORIENTED_EDGE ( 'NONE', *, *, #7754, .T. );
#2679=ORIENTED_EDGE ( 'NONE', *, *, #1948, .T. );
#2680=LINE ( 'NONE', #1308, #432 );
#2681=CARTESIAN_POINT ( 'NONE',  ( -3.024999999999999467, 0.1000000000000001027, 2.875000000000000000 ) );
#2682=VERTEX_POINT ( 'NONE', #909 );
#2683=ADVANCED_FACE ( 'NONE', ( #7716 ), #3906, .T. );
#2684=CARTESIAN_POINT ( 'NONE',  ( 2.375000000000002220, 0.09999999999999999167, 3.425000000000002043 ) );
#2685=EDGE_LOOP ( 'NONE', ( #2689, #4885, #1257, #2987 ) );
#2686=MECHANICAL_DESIGN_GEOMETRIC_PRESENTATION_REPRESENTATION (  '', ( #510 ), #1399 );
#2687=FACE_OUTER_BOUND ( 'NONE', #5066, .T. );
#2688=ADVANCED_FACE ( 'NONE', ( #3236 ), #2527, .T. );
#2689=ORIENTED_EDGE ( 'NONE', *, *, #4581, .T. );
#2690=ORIENTED_EDGE ( 'NONE', *, *, #3693, .F. );
#2691=CARTESIAN_POINT ( 'NONE',  ( -1.624999999999998002, 0.000000000000000000, 3.425000000000002043 ) );
#2692=ORIENTED_EDGE ( 'NONE', *, *, #5121, .F. );
#2693=FACE_OUTER_BOUND ( 'NONE', #1782, .T. );
#2694=CARTESIAN_POINT ( 'NONE',  ( -3.424999999999999822, 0.000000000000000000, 1.625000000000001332 ) );
#2695=ORIENTED_EDGE ( 'NONE', *, *, #3527, .F. );
#2696=ADVANCED_FACE ( 'NONE', ( #6594 ), #2273, .F. );
#2697=CARTESIAN_POINT ( 'NONE',  ( 2.125000000000002220, 0.09999999999999999167, 3.025000000000001243 ) );
#2698=LINE ( 'NONE', #4256, #83 );
#2699=EDGE_LOOP ( 'NONE', ( #1618, #3759, #2653, #2254 ) );
#2700=CARTESIAN_POINT ( 'NONE',  ( -1.624999999999998002, 0.1000000000000000056, 3.025000000000001243 ) );
#2701=ORIENTED_EDGE ( 'NONE', *, *, #5737, .F. );
#2702=CARTESIAN_POINT ( 'NONE',  ( 1.625000000000001776, 0.5716990566028306020, -3.025000000000000355 ) );
#2703=LINE ( 'NONE', #4731, #269 );
#2704=EDGE_LOOP ( 'NONE', ( #4457, #7902, #1026, #2034 ) );
#2705=VERTEX_POINT ( 'NONE', #2152 );
#2706=EDGE_CURVE ( 'NONE', #1395, #1886, #4505, .T. );
#2707=ORIENTED_EDGE ( 'NONE', *, *, #7317, .T. );
#2708=ORIENTED_EDGE ( 'NONE', *, *, #7306, .T. );
#2709=PLANE ( 'NONE',  #5590 );
#2710=LINE ( 'NONE', #490, #4 );
#2711=ORIENTED_EDGE ( 'NONE', *, *, #2406, .F. );
#2712=LINE ( 'NONE', #3051, #30 );
#2713=ORIENTED_EDGE ( 'NONE', *, *, #2027, .T. );
#2714=EDGE_CURVE ( 'NONE', #5760, #8626, #5791, .T. );
#2715=EDGE_CURVE ( 'NONE', #4202, #8320, #2325, .T. );
#2716=PLANE ( 'NONE',  #2608 );
#2717=CARTESIAN_POINT ( 'NONE',  ( -3.424999999999999822, 0.09999999999999999167, 1.875000000000001332 ) );
#2718=CARTESIAN_POINT ( 'NONE',  ( 3.024999999999999467, 0.5716990566028302689, 1.875000000000001332 ) );
#2719=ORIENTED_EDGE ( 'NONE', *, *, #1859, .F. );
#2720=AXIS2_PLACEMENT_3D ( 'NONE', #5968, #46, #21 );
#2721=ORIENTED_EDGE ( 'NONE', *, *, #5935, .F. );
#2722=ORIENTED_EDGE ( 'NONE', *, *, #7383, .F. );
#2723=EDGE_CURVE ( 'NONE', #930, #237, #3125, .T. );
#2724=EDGE_CURVE ( 'NONE', #5468, #4037, #4340, .T. );
#2725=ORIENTED_EDGE ( 'NONE', *, *, #7062, .T. );
#2726=FACE_OUTER_BOUND ( 'NONE', #6171, .T. );
#2727=VERTEX_POINT ( 'NONE', #2997 );
#2728=ADVANCED_FACE ( 'NONE', ( #5040 ), #2988, .T. );
#2729=EDGE_CURVE ( 'NONE', #2127, #3664, #2942, .T. );
#2730=ORIENTED_EDGE ( 'NONE', *, *, #1593, .T. );
#2731=AXIS2_PLACEMENT_3D ( 'NONE', #2315, #45, #168 );
#2732=PLANE ( 'NONE',  #6978 );
#2733=LINE ( 'NONE', #1197, #6 );
#2734=PLANE ( 'NONE',  #5197 );
#2735=ORIENTED_EDGE ( 'NONE', *, *, #3337, .F. );
#2736=PLANE ( 'NONE',  #4369 );
#2737=ORIENTED_EDGE ( 'NONE', *, *, #6178, .F. );
#2738=CARTESIAN_POINT ( 'NONE',  ( 1.125000000000002220, 0.1000000000000000056, 3.425000000000001599 ) );
#2739=EDGE_CURVE ( 'NONE', #5008, #405, #683, .T. );
#2740=ORIENTED_EDGE ( 'NONE', *, *, #3153, .F. );
#2741=EDGE_CURVE ( 'NONE', #2705, #5533, #1453, .T. );
#2742=CLOSED_SHELL ( 'NONE', ( #2222, #3802, #3162, #3542, #3695, #8032 ) );
#2743=EDGE_CURVE ( 'NONE', #3251, #5366, #792, .T. );
#2744=ORIENTED_EDGE ( 'NONE', *, *, #7579, .F. );
#2745=ORIENTED_EDGE ( 'NONE', *, *, #3831, .T. );
#2746=CARTESIAN_POINT ( 'NONE',  ( -2.374999999999997780, 0.000000000000000000, 3.425000000000001599 ) );
#2747=ORIENTED_EDGE ( 'NONE', *, *, #7086, .F. );
#2748=EDGE_CURVE ( 'NONE', #1280, #4816, #6429, .T. );
#2749=EDGE_LOOP ( 'NONE', ( #3333, #630, #198, #5797 ) );
#2750=VERTEX_POINT ( 'NONE', #5738 );
#2751=ADVANCED_FACE ( 'NONE', ( #4460 ), #8717, .F. );
#2752=CARTESIAN_POINT ( 'NONE',  ( -0.3749999999999977240, 0.09999999999999999167, 3.025000000000001243 ) );
#2753=EDGE_CURVE ( 'NONE', #411, #2323, #8642, .T. );
#2754=CARTESIAN_POINT ( 'NONE',  ( 1.375000000000001332, 0.000000000000000000, -3.025000000000000355 ) );
#2755=ADVANCED_FACE ( 'NONE', ( #3683 ), #6362, .T. );
#2756=LINE ( 'NONE', #919, #58 );
#2757=PLANE ( 'NONE',  #1428 );
#2758=EDGE_LOOP ( 'NONE', ( #4373, #4145, #2425, #4186 ) );
#2759=AXIS2_PLACEMENT_3D ( 'NONE', #2244, #109, #21 );
#2760=ORIENTED_EDGE ( 'NONE', *, *, #5466, .T. );
#2761=ORIENTED_EDGE ( 'NONE', *, *, #6015, .F. );
#2762=FACE_OUTER_BOUND ( 'NONE', #1079, .T. );
#2763=VERTEX_POINT ( 'NONE', #2221 );
#2764=AXIS2_PLACEMENT_3D ( 'NONE', #475, #46, #21 );
#2765=CARTESIAN_POINT ( 'NONE',  ( 1.875000000000001332, 0.1000000000000000056, -3.425000000000001155 ) );
#2766=PRESENTATION_LAYER_ASSIGNMENT (  '', '', ( #4677 ) );
#2767=LINE ( 'NONE', #151, #224 );
#2768=CARTESIAN_POINT ( 'NONE',  ( -0.1249999999999979461, 0.09999999999999999167, 3.425000000000002043 ) );
#2769=EDGE_CURVE ( 'NONE', #3297, #7869, #7117, .T. );
#2770=LINE ( 'NONE', #1275, #6 );
#2771=ORIENTED_EDGE ( 'NONE', *, *, #1593, .F. );
#2772=ORIENTED_EDGE ( 'NONE', *, *, #4533, .F. );
#2773=ORIENTED_EDGE ( 'NONE', *, *, #3530, .T. );
#2774=CARTESIAN_POINT ( 'NONE',  ( 0.6250000000000023315, 0.09999999999999999167, 3.425000000000001599 ) );
#2775=VERTEX_POINT ( 'NONE', #1135 );
#2776=EDGE_LOOP ( 'NONE', ( #3331, #2740, #740, #3450 ) );
#2777=AXIS2_PLACEMENT_3D ( 'NONE', #604, #32, #5 );
#2778=ORIENTED_EDGE ( 'NONE', *, *, #8435, .F. );
#2779=CARTESIAN_POINT ( 'NONE',  ( 0.000000000000000000, 0.000000000000000000, 4.000000000000000000 ) );
#2780=CARTESIAN_POINT ( 'NONE',  ( -3.424999999999999822, 0.5716990566028302689, 1.875000000000000888 ) );
#2781=ADVANCED_FACE ( 'NONE', ( #6543 ), #2420, .T. );
#2782=VERTEX_POINT ( 'NONE', #3080 );
#2783=FACE_OUTER_BOUND ( 'NONE', #4843, .T. );
#2784=PRESENTATION_LAYER_ASSIGNMENT (  '', '', ( #4691 ) );
#2785=ORIENTED_EDGE ( 'NONE', *, *, #3303, .T. );
#2786=EDGE_CURVE ( 'NONE', #4816, #965, #2607, .T. );
#2787=AXIS2_PLACEMENT_3D ( 'NONE', #142, #526, #130 );
#2788=LINE ( 'NONE', #3021, #206 );
#2789=ORIENTED_EDGE ( 'NONE', *, *, #7811, .F. );
#2790=ORIENTED_EDGE ( 'NONE', *, *, #8363, .F. );
#2791=LINE ( 'NONE', #2807, #30 );
#2792=EDGE_CURVE ( 'NONE', #6342, #4851, #5367, .T. );
#2793=ADVANCED_FACE ( 'NONE', ( #8196 ), #3268, .F. );
#2794=ORIENTED_EDGE ( 'NONE', *, *, #2433, .F. );
#2795=ADVANCED_FACE ( 'NONE', ( #4550 ), #3939, .F. );
#2796=LINE ( 'NONE', #321, #224 );
#2797=LINE ( 'NONE', #479, #260 );
#2798=ORIENTED_EDGE ( 'NONE', *, *, #2792, .T. );
#2799=ORIENTED_EDGE ( 'NONE', *, *, #5692, .T. );
#2800=CARTESIAN_POINT ( 'NONE',  ( -3.024999999999999467, 0.09999999999999999167, 2.875000000000000000 ) );
#2801=ORIENTED_EDGE ( 'NONE', *, *, #1828, .F. );
#2802=ORIENTED_EDGE ( 'NONE', *, *, #7183, .F. );
#2803=ADVANCED_FACE ( 'NONE', ( #8304 ), #1046, .F. );
#2804=CARTESIAN_POINT ( 'NONE',  ( 2.625000000000001776, 0.5716990566028306020, 3.025000000000001243 ) );
#2805=EDGE_LOOP ( 'NONE', ( #591, #7729, #2493, #5793 ) );
#2806=LINE ( 'NONE', #1991, #30 );
#2807=CARTESIAN_POINT ( 'NONE',  ( -2.919842705443102204, 1.209999999999999964, -2.766848981824027831 ) );
#2808=ORIENTED_EDGE ( 'NONE', *, *, #236, .T. );
#2809=ADVANCED_FACE ( 'NONE', ( #5288 ), #7741, .F. );
#2810=ORIENTED_EDGE ( 'NONE', *, *, #6799, .F. );
#2811=LINE ( 'NONE', #1958, #4 );
#2812=CARTESIAN_POINT ( 'NONE',  ( -2.919842705443102204, 1.209999999999999964, -3.148842291372226487 ) );
#2813=EDGE_CURVE ( 'NONE', #8156, #1816, #1772, .T. );
#2814=LINE ( 'NONE', #291, #200 );
#2815=PLANE ( 'NONE',  #6031 );
#2816=PLANE ( 'NONE',  #4411 );
#2817=ORIENTED_EDGE ( 'NONE', *, *, #44, .T. );
#2818=CARTESIAN_POINT ( 'NONE',  ( -2.624999999999998668, 0.09999999999999999167, -3.025000000000000355 ) );
#2819=ORIENTED_EDGE ( 'NONE', *, *, #5626, .T. );
#2820=ORIENTED_EDGE ( 'NONE', *, *, #5578, .T. );
#2821=ORIENTED_EDGE ( 'NONE', *, *, #4382, .T. );
#2822=CARTESIAN_POINT ( 'NONE',  ( -3.024999999999999467, 0.000000000000000000, -2.124999999999999112 ) );
#2823=ORIENTED_EDGE ( 'NONE', *, *, #4535, .F. );
#2824=EDGE_CURVE ( 'NONE', #7791, #1120, #2083, .T. );
#2825=CARTESIAN_POINT ( 'NONE',  ( -2.475000000000000089, 7.100357133746822313, -2.175000000000003819 ) );
#2826=ORIENTED_EDGE ( 'NONE', *, *, #2149, .F. );
#2827=CARTESIAN_POINT ( 'NONE',  ( 3.024999999999999467, 0.5716990566028302689, 0.6250000000000009992 ) );
#2828=VERTEX_POINT ( 'NONE', #203 );
#2829=ORIENTED_EDGE ( 'NONE', *, *, #4310, .F. );
#2830=VERTEX_POINT ( 'NONE', #1544 );
#2831=EDGE_CURVE ( 'NONE', #3281, #849, #1670, .T. );
#2832=VERTEX_POINT ( 'NONE', #1482 );
#2833=ADVANCED_FACE ( 'NONE', ( #4676 ), #394, .F. );
#2834=CARTESIAN_POINT ( 'NONE',  ( -1.624999999999998890, 0.09999999999999999167, -3.025000000000000355 ) );
#2835=CARTESIAN_POINT ( 'NONE',  ( -2.374999999999997780, 0.1000000000000000056, 3.025000000000001243 ) );
#2836=CARTESIAN_POINT ( 'NONE',  ( -0.3749999999999986122, 0.000000000000000000, -3.025000000000000355 ) );
#2837=ORIENTED_EDGE ( 'NONE', *, *, #458, .T. );
#2838=CARTESIAN_POINT ( 'NONE',  ( 1.875000000000002442, 0.000000000000000000, 3.025000000000001243 ) );
#2839=CARTESIAN_POINT ( 'NONE',  ( -3.424999999999999822, 0.09999999999999999167, 2.125000000000000888 ) );
#2840=ORIENTED_EDGE ( 'NONE', *, *, #7882, .F. );
#2841=ORIENTED_EDGE ( 'NONE', *, *, #4276, .T. );
#2842=EDGE_CURVE ( 'NONE', #8113, #3372, #7194, .T. );
#2843=DIRECTION ( 'NONE',  ( 1.734723475976808672E-15, -0.000000000000000000, 1.000000000000000000 ) );
#2844=ADVANCED_FACE ( 'NONE', ( #887 ), #2238, .F. );
#2845=EDGE_LOOP ( 'NONE', ( #7760, #3795, #7802, #3537 ) );
#2846=EDGE_CURVE ( 'NONE', #2656, #788, #4173, .T. );
#2847=ADVANCED_FACE ( 'NONE', ( #4075 ), #1098, .F. );
#2848=ORIENTED_EDGE ( 'NONE', *, *, #4667, .T. );
#2849=STYLED_ITEM ( 'NONE', ( #320 ), #4545 );
#2850=FACE_OUTER_BOUND ( 'NONE', #2845, .T. );
#2851=EDGE_LOOP ( 'NONE', ( #2615, #6785, #1791, #2655 ) );
#2852=CARTESIAN_POINT ( 'NONE',  ( -3.024999999999999467, 0.09999999999999999167, 2.875000000000000444 ) );
#2853=ORIENTED_EDGE ( 'NONE', *, *, #5782, .T. );
#2854=ORIENTED_EDGE ( 'NONE', *, *, #2981, .F. );
#2855=ORIENTED_EDGE ( 'NONE', *, *, #7238, .F. );
#2856=EDGE_CURVE ( 'NONE', #7350, #5572, #7624, .T. );
#2857=ORIENTED_EDGE ( 'NONE', *, *, #713, .T. );
#2858=FACE_OUTER_BOUND ( 'NONE', #4858, .T. );
#2859=PLANE ( 'NONE',  #6931 );
#2860=CARTESIAN_POINT ( 'NONE',  ( 3.024999999999999467, 0.000000000000000000, 1.375000000000000888 ) );
#2861=LINE ( 'NONE', #5956, #166 );
#2862=LINE ( 'NONE', #2237, #260 );
#2863=EDGE_LOOP ( 'NONE', ( #5284, #7127, #4839, #5133 ) );
#2864=CARTESIAN_POINT ( 'NONE',  ( 3.424999999999999822, 0.000000000000000000, 1.375000000000000888 ) );
#2865=ORIENTED_EDGE ( 'NONE', *, *, #4087, .T. );
#2866=ADVANCED_FACE ( 'NONE', ( #7430 ), #1923, .F. );
#2867=ORIENTED_EDGE ( 'NONE', *, *, #8316, .F. );
#2868=PLANE ( 'NONE',  #6338 );
#2869=ORIENTED_EDGE ( 'NONE', *, *, #3336, .T. );
#2870=CARTESIAN_POINT ( 'NONE',  ( 0.6250000000000023315, 0.09999999999999999167, 3.025000000000001243 ) );
#2871=EDGE_LOOP ( 'NONE', ( #2541, #3271, #4149, #3234 ) );
#2872=CARTESIAN_POINT ( 'NONE',  ( 0.1250000000000022760, 0.09999999999999999167, 3.425000000000001599 ) );
#2873=LINE ( 'NONE', #279, #365 );
#2874=ADVANCED_FACE ( 'NONE', ( #5505 ), #4270, .T. );
#2875=VERTEX_POINT ( 'NONE', #1319 );
#2876=CARTESIAN_POINT ( 'NONE',  ( -3.024999999999999467, 0.5716990566028302689, -2.374999999999999112 ) );
#2877=VERTEX_POINT ( 'NONE', #2026 );
#2878=EDGE_CURVE ( 'NONE', #346, #5702, #6863, .T. );
#2879=AXIS2_PLACEMENT_3D ( 'NONE', #3131, #109, #21 );
#2880=PLANE ( 'NONE',  #6726 );
#2881=EDGE_CURVE ( 'NONE', #2451, #5976, #5596, .T. );
#2882=ORIENTED_EDGE ( 'NONE', *, *, #132, .F. );
#2883=ORIENTED_EDGE ( 'NONE', *, *, #8039, .F. );
#2884=MECHANICAL_DESIGN_GEOMETRIC_PRESENTATION_REPRESENTATION (  '', ( #7996 ), #1800 );
#2885=CARTESIAN_POINT ( 'NONE',  ( 0.3750000000000020539, 0.1000000000000000056, 3.425000000000002043 ) );
#2886=AXIS2_PLACEMENT_3D ( 'NONE', #919, #585, #105 );
#2887=FACE_BOUND ( 'NONE', #8532, .T. );
#2888=EDGE_CURVE ( 'NONE', #237, #2775, #388, .T. );
#2889=CLOSED_SHELL ( 'NONE', ( #5383, #5436, #4761, #1441, #4952, #139, #4508, #3218, #6525, #2683, #4557, #5944, #8761, #2566, #7395, #7231, #3932, #3658, #4053, #8452, #102, #4704, #8720, #7397, #7242, #8305, #8146, #413, #2322, #7009, #7643, #1169, #7999, #1423, #7323, #6386, #3988, #1608, #1312, #6111, #1065, #6032, #7700, #5081, #8585, #4653, #7742, #8423, #8086, #6879, #6092, #2954, #6632, #7293, #7564, #8057, #1087, #4344, #3704, #6278, #7602, #6348, #2844, #3373, #2356, #4717, #3588, #8289, #4810, #7473, #8340, #6779, #2023, #3880, #5703, #883, #6609, #7079, #6042, #2037, #2755, #4366, #8197, #2202, #1914, #2728, #7526, #2198, #661, #4692, #5349, #5515, #7389, #5238, #7750, #8019, #313, #1842, #7257, #5984, #4427, #6414, #6541, #3047, #3265, #5347, #6965, #5237, #8339, #2408, #3202, #5354, #5285, #6764, #3440, #2181, #3694, #4358, #1012, #8578, #5447, #627, #3902, #6665, #5890, #3754, #2874, #1722, #6121, #7973, #2431, #8550, #3215, #1702, #6756, #1699, #1486, #7877, #3241, #3615, #667, #4636, #7932, #5739, #5222, #2225, #3133, #3492, #7000, #6393, #5233, #1043, #773, #5848, #4690, #3451, #6868, #8506, #6900, #7485, #6567, #6874, #202, #3311, #1025, #6423, #5921, #8393, #350, #945, #5232, #3111, #1518, #1614, #7865, #2089, #7026, #6755, #352, #3848, #7691, #811, #6717, #7853, #2275, #5094, #7863, #6303, #8752, #3165, #4869, #4220, #7905, #647, #6180, #1805, #6075, #4873, #6777, #7469, #6988, #8069, #8145, #3814, #6701, #2626, #7379, #7827, #8121, #7214, #7193, #7338, #1969, #3076, #1590, #3074, #2228, #7600, #5225, #6250, #6728, #8477, #3541, #6886, #4265, #1359, #7356, #5487, #6754, #6490, #2283, #4496, #5729, #7136, #6816, #995, #5247, #6394, #7739, #6860, #7810, #2781, #2928, #2688, #8187, #2312, #8607, #771, #8173, #4478, #4720, #5352, #4592, #3314, #8443 ) );
#2890=LINE ( 'NONE', #1498, #260 );
#2891=ORIENTED_EDGE ( 'NONE', *, *, #1289, .F. );
#2892=ORIENTED_EDGE ( 'NONE', *, *, #8716, .F. );
#2893=AXIS2_PLACEMENT_3D ( 'NONE', #1162, #526, #130 );
#2894=LINE ( 'NONE', #1172, #206 );
#2895=VERTEX_POINT ( 'NONE', #321 );
#2896=ORIENTED_EDGE ( 'NONE', *, *, #1867, .T. );
#2897=EDGE_LOOP ( 'NONE', ( #4814, #245, #2365, #7805 ) );
#2898=LINE ( 'NONE', #101, #166 );
#2899=FACE_OUTER_BOUND ( 'NONE', #2042, .T. );
#2900=EDGE_CURVE ( 'NONE', #3109, #3946, #7886, .T. );
#2901=FACE_OUTER_BOUND ( 'NONE', #4781, .T. );
#2902=ORIENTED_EDGE ( 'NONE', *, *, #2385, .T. );
#2903=VERTEX_POINT ( 'NONE', #1468 );
#2904=CARTESIAN_POINT ( 'NONE',  ( -3.424999999999999822, 0.1000000000000001027, 0.3750000000000007772 ) );
#2905=CARTESIAN_POINT ( 'NONE',  ( -3.424999999999999822, 0.000000000000000000, 1.625000000000001110 ) );
#2906=ORIENTED_EDGE ( 'NONE', *, *, #1771, .F. );
#2907=EDGE_CURVE ( 'NONE', #4947, #3022, #4808, .T. );
#2908=EDGE_CURVE ( 'NONE', #1284, #223, #6142, .T. );
#2909=LINE ( 'NONE', #2152, #1015 );
#2910=ORIENTED_EDGE ( 'NONE', *, *, #2389, .T. );
#2911=EDGE_CURVE ( 'NONE', #4105, #3065, #3411, .T. );
#2912=ORIENTED_EDGE ( 'NONE', *, *, #2077, .F. );
#2913=EDGE_LOOP ( 'NONE', ( #1239, #1917, #7398, #4149 ) );
#2914=ORIENTED_EDGE ( 'NONE', *, *, #8131, .T. );
#2915=ORIENTED_EDGE ( 'NONE', *, *, #1689, .T. );
#2916=PRESENTATION_LAYER_ASSIGNMENT (  '', '', ( #8683 ) );
#2917=EDGE_LOOP ( 'NONE', ( #7826, #3097, #6227, #3271 ) );
#2918=FACE_OUTER_BOUND ( 'NONE', #5555, .T. );
#2919=ORIENTED_EDGE ( 'NONE', *, *, #7372, .F. );
#2920=CARTESIAN_POINT ( 'NONE',  ( 0.3750000000000020539, 0.5716990566028306020, 3.425000000000002043 ) );
#2921=ORIENTED_EDGE ( 'NONE', *, *, #499, .F. );
#2922=( GEOMETRIC_REPRESENTATION_CONTEXT ( 3 ) GLOBAL_UNCERTAINTY_ASSIGNED_CONTEXT ( ( #12 ) ) GLOBAL_UNIT_ASSIGNED_CONTEXT ( ( #359, #272, #78 ) ) REPRESENTATION_CONTEXT ( 'NONE', 'WORKASPACE' ) );
#2923=ORIENTED_EDGE ( 'NONE', *, *, #7740, .F. );
#2924=AXIS2_PLACEMENT_3D ( 'NONE', #1900, #21, #526 );
#2925=EDGE_CURVE ( 'NONE', #3022, #5690, #2890, .T. );
#2926=CARTESIAN_POINT ( 'NONE',  ( -3.424999999999999822, 0.5716990566028302689, -1.124999999999999334 ) );
#2927=ORIENTED_EDGE ( 'NONE', *, *, #758, .F. );
#2928=ADVANCED_FACE ( 'NONE', ( #443 ), #3506, .T. );
#2929=LINE ( 'NONE', #2885, #58 );
#2930=EDGE_CURVE ( 'NONE', #1433, #736, #2791, .T. );
#2931=CARTESIAN_POINT ( 'NONE',  ( -2.374999999999998668, 0.000000000000000000, -3.025000000000000355 ) );
#2932=LINE ( 'NONE', #1694, #200 );
#2933=EDGE_CURVE ( 'NONE', #572, #3279, #1602, .T. );
#2934=ORIENTED_EDGE ( 'NONE', *, *, #5836, .F. );
#2935=FACE_OUTER_BOUND ( 'NONE', #5777, .T. );
#2936=FACE_OUTER_BOUND ( 'NONE', #5951, .T. );
#2937=ORIENTED_EDGE ( 'NONE', *, *, #7868, .T. );
#2938=EDGE_LOOP ( 'NONE', ( #3124, #2542, #6059, #1531 ) );
#2939=AXIS2_PLACEMENT_3D ( 'NONE', #429, #526, #130 );
#2940=ORIENTED_EDGE ( 'NONE', *, *, #6411, .F. );
#2941=ORIENTED_EDGE ( 'NONE', *, *, #1549, .F. );
#2942=LINE ( 'NONE', #1615, #795 );
#2943=FACE_OUTER_BOUND ( 'NONE', #2391, .T. );
#2944=ORIENTED_EDGE ( 'NONE', *, *, #6656, .F. );
#2945=LINE ( 'NONE', #3079, #432 );
#2946=AXIS2_PLACEMENT_3D ( 'NONE', #5286, #5, #128 );
#2947=LINE ( 'NONE', #1271, #166 );
#2948=PLANE ( 'NONE',  #5110 );
#2949=ORIENTED_EDGE ( 'NONE', *, *, #2433, .T. );
#2950=VERTEX_POINT ( 'NONE', #673 );
#2951=CARTESIAN_POINT ( 'NONE',  ( -0.3749999999999977240, 0.000000000000000000, 3.025000000000001243 ) );
#2952=EDGE_CURVE ( 'NONE', #6115, #5629, #7968, .T. );
#2953=AXIS2_PLACEMENT_3D ( 'NONE', #490, #51, #32 );
#2954=ADVANCED_FACE ( 'NONE', ( #1385, #8577, #3067, #622, #7006, #4494, #495, #728, #6264, #2366, #6898, #2262, #8053, #5825, #5028, #5778, #8544, #5154, #7550, #4309, #2887, #7623, #6387, #2174, #558, #4991, #6299, #5693, #1439, #3675, #1494, #4401, #2313, #6970, #3716, #3023, #5113, #7590, #2458, #878, #7185, #5242, #5853, #6007, #6614, #4669, #8325, #5889, #8709, #64 ), #3116, .F. );
#2955=CARTESIAN_POINT ( 'NONE',  ( -2.124999999999998668, 0.000000000000000000, -3.425000000000001155 ) );
#2956=DIRECTION ( 'NONE',  ( 1.000000000000000000, 0.000000000000000000, -1.239088197126290817E-16 ) );
#2957=LINE ( 'NONE', #1871, #4 );
#2958=EDGE_LOOP ( 'NONE', ( #2979, #4883, #1295, #361 ) );
#2959=LINE ( 'NONE', #490, #83 );
#2960=LINE ( 'NONE', #2818, #365 );
#2961=EDGE_LOOP ( 'NONE', ( #1210, #3539, #8438, #7665 ) );
#2962=ORIENTED_EDGE ( 'NONE', *, *, #7115, .T. );
#2963=PLANE ( 'NONE',  #3082 );
#2964=EDGE_LOOP ( 'NONE', ( #4913, #5432, #2197, #8527 ) );
#2965=LINE ( 'NONE', #4253, #224 );
#2966=LINE ( 'NONE', #2247, #30 );
#2967=EDGE_CURVE ( 'NONE', #8376, #1947, #4539, .T. );
#2968=ADVANCED_FACE ( 'NONE', ( #7809 ), #6536, .F. );
#2969=EDGE_LOOP ( 'NONE', ( #3457, #3723 ) );
#2970=EDGE_CURVE ( 'NONE', #7318, #6706, #8783, .T. );
#2971=ORIENTED_EDGE ( 'NONE', *, *, #2210, .T. );
#2972=PLANE ( 'NONE',  #6924 );
#2973=EDGE_LOOP ( 'NONE', ( #7831, #7166, #8715, #7459 ) );
#2974=CARTESIAN_POINT ( 'NONE',  ( -3.424999999999999822, 0.000000000000000000, -1.374999999999999112 ) );
#2975=ORIENTED_EDGE ( 'NONE', *, *, #4909, .T. );
#2976=LINE ( 'NONE', #2620, #30 );
#2977=CARTESIAN_POINT ( 'NONE',  ( -3.424999999999999822, 0.000000000000000000, -1.124999999999999334 ) );
#2978=( GEOMETRIC_REPRESENTATION_CONTEXT ( 3 ) GLOBAL_UNCERTAINTY_ASSIGNED_CONTEXT ( ( #12 ) ) GLOBAL_UNIT_ASSIGNED_CONTEXT ( ( #359, #272, #78 ) ) REPRESENTATION_CONTEXT ( 'NONE', 'WORKASPACE' ) );
#2979=ORIENTED_EDGE ( 'NONE', *, *, #3984, .F. );
#2980=CARTESIAN_POINT ( 'NONE',  ( -2.874999999999997780, 0.09999999999999999167, 3.425000000000001599 ) );
#2981=EDGE_CURVE ( 'NONE', #1024, #4260, #3975, .T. );
#2982=LINE ( 'NONE', #72, #365 );
#2983=FACE_OUTER_BOUND ( 'NONE', #2938, .T. );
#2984=ORIENTED_EDGE ( 'NONE', *, *, #912, .F. );
#2985=ORIENTED_EDGE ( 'NONE', *, *, #6234, .F. );
#2986=EDGE_CURVE ( 'NONE', #6056, #3581, #5194, .T. );
#2987=ORIENTED_EDGE ( 'NONE', *, *, #1252, .T. );
#2988=PLANE ( 'NONE',  #6674 );
#2989=EDGE_LOOP ( 'NONE', ( #148, #7557, #6087, #2570 ) );
#2990=ADVANCED_FACE ( 'NONE', ( #3841 ), #3931, .F. );
#2991=LINE ( 'NONE', #3051, #4 );
#2992=ORIENTED_EDGE ( 'NONE', *, *, #6317, .F. );
#2993=ORIENTED_EDGE ( 'NONE', *, *, #3058, .F. );
#2994=LINE ( 'NONE', #4194, #83 );
#2995=PLANE ( 'NONE',  #2558 );
#2996=EDGE_LOOP ( 'NONE', ( #3038, #5159, #4468, #162 ) );
#2997=CARTESIAN_POINT ( 'NONE',  ( 1.125000000000002220, 0.000000000000000000, 3.425000000000001599 ) );
#2998=LINE ( 'NONE', #4091, #30 );
#2999=PLANE ( 'NONE',  #5892 );
#3000=VERTEX_POINT ( 'NONE', #1813 );
#3001=LINE ( 'NONE', #701, #83 );
#3002=EDGE_CURVE ( 'NONE', #1369, #4114, #5320, .T. );
#3003=CARTESIAN_POINT ( 'NONE',  ( -1.124999999999998890, 0.000000000000000000, -3.425000000000001155 ) );
#3004=ADVANCED_FACE ( 'NONE', ( #2409 ), #6497, .F. );
#3005=ORIENTED_EDGE ( 'NONE', *, *, #747, .F. );
#3006=ORIENTED_EDGE ( 'NONE', *, *, #8696, .F. );
#3007=FACE_OUTER_BOUND ( 'NONE', #2101, .T. );
#3008=ORIENTED_EDGE ( 'NONE', *, *, #1177, .T. );
#3009=CARTESIAN_POINT ( 'NONE',  ( -3.424999999999999822, 0.000000000000000000, 2.375000000000001332 ) );
#3010=CARTESIAN_POINT ( 'NONE',  ( -3.424999999999999822, 0.000000000000000000, -0.1249999999999992506 ) );
#3011=AXIS2_PLACEMENT_3D ( 'NONE', #451, #5, #128 );
#3012=FACE_OUTER_BOUND ( 'NONE', #5079, .T. );
#3013=ORIENTED_EDGE ( 'NONE', *, *, #7070, .T. );
#3014=AXIS2_PLACEMENT_3D ( 'NONE', #879, #32, #5 );
#3015=ORIENTED_EDGE ( 'NONE', *, *, #5408, .T. );
#3016=EDGE_CURVE ( 'NONE', #1121, #6232, #1763, .T. );
#3017=AXIS2_PLACEMENT_3D ( 'NONE', #6870, #46, #21 );
#3018=LINE ( 'NONE', #1544, #1015 );
#3019=EDGE_CURVE ( 'NONE', #6252, #5886, #7047, .T. );
#3020=ORIENTED_EDGE ( 'NONE', *, *, #5807, .F. );
#3021=CARTESIAN_POINT ( 'NONE',  ( 3.024999999999999467, 0.000000000000000000, -0.6249999999999992228 ) );
#3022=VERTEX_POINT ( 'NONE', #1498 );
#3023=FACE_BOUND ( 'NONE', #1837, .T. );
#3024=LINE ( 'NONE', #137, #365 );
#3025=MECHANICAL_DESIGN_GEOMETRIC_PRESENTATION_REPRESENTATION (  '', ( #5326 ), #8439 );
#3026=ORIENTED_EDGE ( 'NONE', *, *, #3376, .F. );
#3027=EDGE_CURVE ( 'NONE', #2436, #953, #4582, .T. );
#3028=ADVANCED_FACE ( 'NONE', ( #5279 ), #4623, .T. );
#3029=CARTESIAN_POINT ( 'NONE',  ( 0.000000000000000000, 0.1000000000000000056, 2.500000000000000000 ) );
#3030=ADVANCED_FACE ( 'NONE', ( #6208 ), #6051, .F. );
#3031=CARTESIAN_POINT ( 'NONE',  ( -3.024999999999999467, 0.1000000000000001027, -1.874999999999999112 ) );
#3032=ORIENTED_EDGE ( 'NONE', *, *, #954, .F. );
#3033=PLANE ( 'NONE',  #1841 );
#3034=ORIENTED_EDGE ( 'NONE', *, *, #6534, .F. );
#3035=LINE ( 'NONE', #3399, #224 );
#3036=PLANE ( 'NONE',  #1144 );
#3037=PLANE ( 'NONE',  #1962 );
#3038=ORIENTED_EDGE ( 'NONE', *, *, #2255, .T. );
#3039=VERTEX_POINT ( 'NONE', #4191 );
#3040=CLOSED_SHELL ( 'NONE', ( #3793, #7077, #1100, #5872, #1407, #4166 ) );
#3041=ADVANCED_FACE ( 'NONE', ( #7913 ), #7307, .F. );
#3042=EDGE_LOOP ( 'NONE', ( #1496, #3652, #544, #480 ) );
#3043=EDGE_CURVE ( 'NONE', #1715, #6850, #1146, .T. );
#3044=CARTESIAN_POINT ( 'NONE',  ( -3.024999999999999467, 0.1000000000000001027, -2.624999999999999112 ) );
#3045=ORIENTED_EDGE ( 'NONE', *, *, #2146, .T. );
#3046=ADVANCED_FACE ( 'NONE', ( #2643 ), #5407, .F. );
#3047=ADVANCED_FACE ( 'NONE', ( #7837 ), #1915, .T. );
#3048=AXIS2_PLACEMENT_3D ( 'NONE', #2508, #21, #526 );
#3049=CARTESIAN_POINT ( 'NONE',  ( -0.8749999999999985567, 0.09999999999999999167, -3.425000000000000711 ) );
#3050=ORIENTED_EDGE ( 'NONE', *, *, #6954, .T. );
#3051=CARTESIAN_POINT ( 'NONE',  ( 3.024999999999999467, 0.5716990566028302689, 1.375000000000000888 ) );
#3052=ORIENTED_EDGE ( 'NONE', *, *, #4533, .T. );
#3053=ORIENTED_EDGE ( 'NONE', *, *, #5665, .F. );
#3054=ORIENTED_EDGE ( 'NONE', *, *, #4667, .F. );
#3055=CARTESIAN_POINT ( 'NONE',  ( -3.424999999999999822, 0.09999999999999999167, -0.1249999999999992506 ) );
#3056=ORIENTED_EDGE ( 'NONE', *, *, #6096, .T. );
#3057=AXIS2_PLACEMENT_3D ( 'NONE', #879, #5, #128 );
#3058=EDGE_CURVE ( 'NONE', #7188, #7174, #5452, .T. );
#3059=PLANE ( 'NONE',  #5516 );
#3060=AXIS2_PLACEMENT_3D ( 'NONE', #1945, #548, #182 );
#3061=ORIENTED_EDGE ( 'NONE', *, *, #426, .F. );
#3062=EDGE_LOOP ( 'NONE', ( #4341, #691, #5503, #7851 ) );
#3063=MECHANICAL_DESIGN_GEOMETRIC_PRESENTATION_REPRESENTATION (  '', ( #5228 ), #7176 );
#3064=CARTESIAN_POINT ( 'NONE',  ( 3.424999999999999822, 0.1000000000000001027, -1.624999999999999334 ) );
#3065=VERTEX_POINT ( 'NONE', #1277 );
#3066=EDGE_CURVE ( 'NONE', #360, #1817, #252, .T. );
#3067=FACE_BOUND ( 'NONE', #6542, .T. );
#3068=LINE ( 'NONE', #3662, #224 );
#3069=CARTESIAN_POINT ( 'NONE',  ( 3.024999999999999467, 0.1000000000000001027, -2.124999999999999112 ) );
#3070=ORIENTED_EDGE ( 'NONE', *, *, #5304, .T. );
#3071=CARTESIAN_POINT ( 'NONE',  ( 3.024999999999999467, 0.09999999999999999167, -1.124999999999999334 ) );
#3072=ORIENTED_EDGE ( 'NONE', *, *, #1739, .T. );
#3073=( GEOMETRIC_REPRESENTATION_CONTEXT ( 3 ) GLOBAL_UNCERTAINTY_ASSIGNED_CONTEXT ( ( #12 ) ) GLOBAL_UNIT_ASSIGNED_CONTEXT ( ( #359, #272, #78 ) ) REPRESENTATION_CONTEXT ( 'NONE', 'WORKASPACE' ) );
#3074=ADVANCED_FACE ( 'NONE', ( #7980 ), #5541, .T. );
#3075=ADVANCED_FACE ( 'NONE', ( #1961 ), #4718, .F. );
#3076=ADVANCED_FACE ( 'NONE', ( #6652 ), #6735, .T. );
#3077=CARTESIAN_POINT ( 'NONE',  ( -0.1249999999999979461, 0.5716990566028306020, 3.025000000000001243 ) );
#3078=FACE_OUTER_BOUND ( 'NONE', #8087, .T. );
#3079=CARTESIAN_POINT ( 'NONE',  ( 1.125000000000002220, 0.1000000000000000056, 3.025000000000001243 ) );
#3080=CARTESIAN_POINT ( 'NONE',  ( -3.024999999999999467, 0.1000000000000001027, -1.624999999999999334 ) );
#3081=LINE ( 'NONE', #5067, #30 );
#3082=AXIS2_PLACEMENT_3D ( 'NONE', #6922, #46, #21 );
#3083=ORIENTED_EDGE ( 'NONE', *, *, #1105, .F. );
#3084=CARTESIAN_POINT ( 'NONE',  ( -3.024999999999999467, 0.1000000000000001027, 2.625000000000000000 ) );
#3085=ORIENTED_EDGE ( 'NONE', *, *, #7235, .T. );
#3086=ORIENTED_EDGE ( 'NONE', *, *, #5334, .T. );
#3087=FACE_OUTER_BOUND ( 'NONE', #4602, .T. );
#3088=EDGE_CURVE ( 'NONE', #4297, #1476, #2733, .T. );
#3089=VERTEX_POINT ( 'NONE', #604 );
#3090=LINE ( 'NONE', #4214, #6 );
#3091=PLANE ( 'NONE',  #2139 );
#3092=PLANE ( 'NONE',  #1573 );
#3093=EDGE_CURVE ( 'NONE', #3642, #2293, #4165, .T. );
#3094=VERTEX_POINT ( 'NONE', #5544 );
#3095=FACE_OUTER_BOUND ( 'NONE', #6747, .T. );
#3096=PLANE ( 'NONE',  #8641 );
#3097=ORIENTED_EDGE ( 'NONE', *, *, #4416, .T. );
#3098=EDGE_CURVE ( 'NONE', #3391, #3603, #7953, .T. );
#3099=ORIENTED_EDGE ( 'NONE', *, *, #8742, .T. );
#3100=ORIENTED_EDGE ( 'NONE', *, *, #5364, .F. );
#3101=CARTESIAN_POINT ( 'NONE',  ( -3.024999999999999467, 0.1000000000000001027, 0.1250000000000009714 ) );
#3102=EDGE_LOOP ( 'NONE', ( #1, #2708, #8615, #5906 ) );
#3103=EDGE_CURVE ( 'NONE', #4320, #6688, #6340, .T. );
#3104=FACE_OUTER_BOUND ( 'NONE', #2218, .T. );
#3105=LINE ( 'NONE', #6622, #432 );
#3106=ORIENTED_EDGE ( 'NONE', *, *, #3252, .F. );
#3107=CARTESIAN_POINT ( 'NONE',  ( 3.024999999999999467, 0.000000000000000000, -2.374999999999999112 ) );
#3108=CARTESIAN_POINT ( 'NONE',  ( -0.6249999999999980016, 0.000000000000000000, 3.425000000000002043 ) );
#3109=VERTEX_POINT ( 'NONE', #8537 );
#3110=VERTEX_POINT ( 'NONE', #484 );
#3111=ADVANCED_FACE ( 'NONE', ( #7464 ), #6254, .T. );
#3112=EDGE_LOOP ( 'NONE', ( #1896, #7954, #4714, #4339 ) );
#3113=ORIENTED_EDGE ( 'NONE', *, *, #3996, .T. );
#3114=ORIENTED_EDGE ( 'NONE', *, *, #2552, .T. );
#3115=DIRECTION ( 'NONE',  ( -0.7071067811865522357, 0.000000000000000000, 0.7071067811865429098 ) );
#3116=PLANE ( 'NONE',  #2160 );
#3117=PLANE ( 'NONE',  #8329 );
#3118=ORIENTED_EDGE ( 'NONE', *, *, #1059, .T. );
#3119=PLANE ( 'NONE',  #3832 );
#3120=EDGE_CURVE ( 'NONE', #225, #706, #7499, .T. );
#3121=EDGE_LOOP ( 'NONE', ( #256, #8179, #1686, #6776 ) );
#3122=EDGE_CURVE ( 'NONE', #7807, #5328, #4387, .T. );
#3123=CARTESIAN_POINT ( 'NONE',  ( 2.625000000000000888, 0.5716990566028306020, -3.025000000000000355 ) );
#3124=ORIENTED_EDGE ( 'NONE', *, *, #6944, .F. );
#3125=LINE ( 'NONE', #4005, #795 );
#3126=ORIENTED_EDGE ( 'NONE', *, *, #6120, .T. );
#3127=PLANE ( 'NONE',  #199 );
#3128=EDGE_CURVE ( 'NONE', #1340, #3149, #4703, .T. );
#3129=EDGE_CURVE ( 'NONE', #6067, #2682, #2873, .T. );
#3130=FACE_OUTER_BOUND ( 'NONE', #666, .T. );
#3131=CARTESIAN_POINT ( 'NONE',  ( -3.424999999999999822, 0.5716990566028302689, 0.3750000000000007772 ) );
#3132=ORIENTED_EDGE ( 'NONE', *, *, #7010, .F. );
#3133=ADVANCED_FACE ( 'NONE', ( #5811 ), #3623, .T. );
#3134=EDGE_CURVE ( 'NONE', #3546, #6562, #6998, .T. );
#3135=CARTESIAN_POINT ( 'NONE',  ( 3.024999999999999467, 0.000000000000000000, -0.8749999999999990008 ) );
#3136=ORIENTED_EDGE ( 'NONE', *, *, #6512, .T. );
#3137=ORIENTED_EDGE ( 'NONE', *, *, #3388, .T. );
#3138=PLANE ( 'NONE',  #7544 );
#3139=LINE ( 'NONE', #3782, #432 );
#3140=PLANE ( 'NONE',  #323 );
#3141=ORIENTED_EDGE ( 'NONE', *, *, #3996, .F. );
#3142=AXIS2_PLACEMENT_3D ( 'NONE', #4708, #21, #526 );
#3143=ORIENTED_EDGE ( 'NONE', *, *, #1362, .F. );
#3144=ADVANCED_FACE ( 'NONE', ( #5681 ), #6379, .T. );
#3145=EDGE_CURVE ( 'NONE', #4851, #2241, #6566, .T. );
#3146=ORIENTED_EDGE ( 'NONE', *, *, #4277, .T. );
#3147=ORIENTED_EDGE ( 'NONE', *, *, #7070, .F. );
#3148=LINE ( 'NONE', #1709, #224 );
#3149=VERTEX_POINT ( 'NONE', #1371 );
#3150=FACE_OUTER_BOUND ( 'NONE', #6805, .T. );
#3151=CARTESIAN_POINT ( 'NONE',  ( 0.000000000000000000, 0.000000000000000000, 3.500000000000000000 ) );
#3152=PLANE ( 'NONE',  #2886 );
#3153=EDGE_CURVE ( 'NONE', #1195, #3630, #342, .T. );
#3154=ORIENTED_EDGE ( 'NONE', *, *, #3904, .T. );
#3155=ORIENTED_EDGE ( 'NONE', *, *, #6077, .F. );
#3156=VERTEX_POINT ( 'NONE', #3233 );
#3157=CARTESIAN_POINT ( 'NONE',  ( -2.874999999999997780, 0.000000000000000000, 3.425000000000001599 ) );
#3158=VERTEX_POINT ( 'NONE', #775 );
#3159=LINE ( 'NONE', #4578, #6 );
#3160=LINE ( 'NONE', #859, #1015 );
#3161=ORIENTED_EDGE ( 'NONE', *, *, #2251, .F. );
#3162=ADVANCED_FACE ( 'NONE', ( #3012 ), #4439, .F. );
#3163=CARTESIAN_POINT ( 'NONE',  ( -3.424999999999999822, 0.5716990566028302689, 1.125000000000000888 ) );
#3164=AXIS2_PLACEMENT_3D ( 'NONE', #3051, #21, #526 );
#3165=ADVANCED_FACE ( 'NONE', ( #8570 ), #8664, .T. );
#3166=CARTESIAN_POINT ( 'NONE',  ( -1.624999999999998002, 0.5716990566028306020, 3.025000000000001243 ) );
#3167=FACE_OUTER_BOUND ( 'NONE', #804, .T. );
#3168=EDGE_CURVE ( 'NONE', #788, #2903, #8602, .T. );
#3169=ORIENTED_EDGE ( 'NONE', *, *, #8512, .F. );
#3170=PLANE ( 'NONE',  #6598 );
#3171=EDGE_LOOP ( 'NONE', ( #1014, #7321, #6795, #4693 ) );
#3172=ORIENTED_EDGE ( 'NONE', *, *, #6367, .F. );
#3173=PLANE ( 'NONE',  #8530 );
#3174=EDGE_CURVE ( 'NONE', #886, #2515, #607, .T. );
#3175=LINE ( 'NONE', #3850, #269 );
#3176=CARTESIAN_POINT ( 'NONE',  ( 3.424999999999999822, 0.09999999999999999167, -0.6249999999999992228 ) );
#3177=ORIENTED_EDGE ( 'NONE', *, *, #5305, .F. );
#3178=LINE ( 'NONE', #1824, #224 );
#3179=( GEOMETRIC_REPRESENTATION_CONTEXT ( 3 ) GLOBAL_UNCERTAINTY_ASSIGNED_CONTEXT ( ( #12 ) ) GLOBAL_UNIT_ASSIGNED_CONTEXT ( ( #359, #272, #78 ) ) REPRESENTATION_CONTEXT ( 'NONE', 'WORKASPACE' ) );
#3180=AXIS2_PLACEMENT_3D ( 'NONE', #4828, #32, #5 );
#3181=LINE ( 'NONE', #490, #6 );
#3182=ORIENTED_EDGE ( 'NONE', *, *, #4115, .T. );
#3183=ORIENTED_EDGE ( 'NONE', *, *, #635, .F. );
#3184=AXIS2_PLACEMENT_3D ( 'NONE', #1243, #585, #105 );
#3185=ORIENTED_EDGE ( 'NONE', *, *, #3705, .F. );
#3186=FACE_OUTER_BOUND ( 'NONE', #7527, .T. );
#3187=MECHANICAL_DESIGN_GEOMETRIC_PRESENTATION_REPRESENTATION (  '', ( #6797 ), #7534 );
#3188=ORIENTED_EDGE ( 'NONE', *, *, #7316, .T. );
#3189=PLANE ( 'NONE',  #4386 );
#3190=EDGE_CURVE ( 'NONE', #988, #969, #3706, .T. );
#3191=CARTESIAN_POINT ( 'NONE',  ( 3.424999999999999822, 0.1000000000000001027, 2.375000000000001332 ) );
#3192=EDGE_CURVE ( 'NONE', #7172, #2451, #7175, .T. );
#3193=ORIENTED_EDGE ( 'NONE', *, *, #3509, .F. );
#3194=ORIENTED_EDGE ( 'NONE', *, *, #6780, .F. );
#3195=CLOSED_SHELL ( 'NONE', ( #7622, #3004, #5870, #3046, #2333, #6236 ) );
#3196=VERTEX_POINT ( 'NONE', #6448 );
#3197=VERTEX_POINT ( 'NONE', #1764 );
#3198=ORIENTED_EDGE ( 'NONE', *, *, #7556, .T. );
#3199=ADVANCED_FACE ( 'NONE', ( #6529 ), #8257, .F. );
#3200=FACE_OUTER_BOUND ( 'NONE', #4244, .T. );
#3201=AXIS2_PLACEMENT_3D ( 'NONE', #1514, #32, #5 );
#3202=ADVANCED_FACE ( 'NONE', ( #5845 ), #1752, .T. );
#3203=EDGE_CURVE ( 'NONE', #7465, #988, #1592, .T. );
#3204=VERTEX_POINT ( 'NONE', #1085 );
#3205=ORIENTED_EDGE ( 'NONE', *, *, #1912, .F. );
#3206=FACE_OUTER_BOUND ( 'NONE', #8128, .T. );
#3207=VERTEX_POINT ( 'NONE', #137 );
#3208=PLANE ( 'NONE',  #6328 );
#3209=VERTEX_POINT ( 'NONE', #864 );
#3210=EDGE_CURVE ( 'NONE', #1956, #5580, #3867, .T. );
#3211=LINE ( 'NONE', #1386, #4 );
#3212=LINE ( 'NONE', #685, #30 );
#3213=CARTESIAN_POINT ( 'NONE',  ( -3.424999999999999822, 0.09999999999999999167, 2.875000000000000444 ) );
#3214=FACE_OUTER_BOUND ( 'NONE', #2309, .T. );
#3215=ADVANCED_FACE ( 'NONE', ( #8287 ), #6447, .T. );
#3216=FACE_OUTER_BOUND ( 'NONE', #1938, .T. );
#3217=EDGE_LOOP ( 'NONE', ( #6269, #4532, #4757, #716 ) );
#3218=ADVANCED_FACE ( 'NONE', ( #2397 ), #7762, .T. );
#3219=LINE ( 'NONE', #1668, #365 );
#3220=ORIENTED_EDGE ( 'NONE', *, *, #7412, .T. );
#3221=EDGE_CURVE ( 'NONE', #5231, #1529, #2447, .T. );
#3222=AXIS2_PLACEMENT_3D ( 'NONE', #3502, #5, #128 );
#3223=CARTESIAN_POINT ( 'NONE',  ( 3.424999999999999822, 0.1000000000000001027, 0.3750000000000007772 ) );
#3224=ORIENTED_EDGE ( 'NONE', *, *, #7087, .T. );
#3225=LINE ( 'NONE', #4624, #206 );
#3226=LINE ( 'NONE', #2461, #30 );
#3227=LINE ( 'NONE', #1442, #206 );
#3228=ORIENTED_EDGE ( 'NONE', *, *, #6152, .F. );
#3229=ADVANCED_FACE ( 'NONE', ( #3917 ), #8701, .F. );
#3230=ORIENTED_EDGE ( 'NONE', *, *, #3647, .T. );
#3231=ORIENTED_EDGE ( 'NONE', *, *, #1523, .T. );
#3232=ORIENTED_EDGE ( 'NONE', *, *, #5172, .T. );
#3233=CARTESIAN_POINT ( 'NONE',  ( -1.874999999999997780, 0.000000000000000000, 3.425000000000001599 ) );
#3234=ORIENTED_EDGE ( 'NONE', *, *, #285, .T. );
#3235=PLANE ( 'NONE',  #825 );
#3236=FACE_OUTER_BOUND ( 'NONE', #7951, .T. );
#3237=ORIENTED_EDGE ( 'NONE', *, *, #3388, .F. );
#3238=EDGE_CURVE ( 'NONE', #7764, #1632, #3528, .T. );
#3239=CARTESIAN_POINT ( 'NONE',  ( -0.3749999999999977240, 0.1000000000000000056, 3.025000000000001243 ) );
#3240=EDGE_LOOP ( 'NONE', ( #2355, #4130, #1265, #7282 ) );
#3241=ADVANCED_FACE ( 'NONE', ( #5310 ), #3962, .T. );
#3242=PLANE ( 'NONE',  #6686 );
#3243=LINE ( 'NONE', #292, #28 );
#3244=AXIS2_PLACEMENT_3D ( 'NONE', #5942, #45, #168 );
#3245=VERTEX_POINT ( 'NONE', #1559 );
#3246=PLANE ( 'NONE',  #4960 );
#3247=CARTESIAN_POINT ( 'NONE',  ( -3.424999999999999822, 0.09999999999999999167, 0.6250000000000009992 ) );
#3248=ORIENTED_EDGE ( 'NONE', *, *, #3088, .T. );
#3249=ORIENTED_EDGE ( 'NONE', *, *, #5183, .F. );
#3250=CARTESIAN_POINT ( 'NONE',  ( -0.8749999999999977796, 0.09999999999999999167, 3.025000000000001243 ) );
#3251=VERTEX_POINT ( 'NONE', #1644 );
#3252=EDGE_CURVE ( 'NONE', #8626, #7978, #6485, .T. );
#3253=LINE ( 'NONE', #5234, #30 );
#3254=ORIENTED_EDGE ( 'NONE', *, *, #3719, .T. );
#3255=EDGE_CURVE ( 'NONE', #903, #3158, #2046, .T. );
#3256=ADVANCED_FACE ( 'NONE', ( #2631 ), #1019, .F. );
#3257=ORIENTED_EDGE ( 'NONE', *, *, #4511, .F. );
#3258=ORIENTED_EDGE ( 'NONE', *, *, #5364, .T. );
#3259=PLANE ( 'NONE',  #2471 );
#3260=PLANE ( 'NONE',  #5158 );
#3261=CARTESIAN_POINT ( 'NONE',  ( -1.124999999999998890, 0.000000000000000000, -3.025000000000000355 ) );
#3262=LINE ( 'NONE', #864, #6 );
#3263=ORIENTED_EDGE ( 'NONE', *, *, #1074, .F. );
#3264=AXIS2_PLACEMENT_3D ( 'NONE', #107, #14, #21 );
#3265=ADVANCED_FACE ( 'NONE', ( #5439 ), #2577, .T. );
#3266=CARTESIAN_POINT ( 'NONE',  ( 3.424999999999999822, 0.09999999999999999167, -1.124999999999999334 ) );
#3267=LINE ( 'NONE', #3123, #30 );
#3268=PLANE ( 'NONE',  #7421 );
#3269=CARTESIAN_POINT ( 'NONE',  ( 0.1250000000000014155, 0.000000000000000000, -3.425000000000000711 ) );
#3270=ADVANCED_FACE ( 'NONE', ( #6721 ), #7942, .F. );
#3271=ORIENTED_EDGE ( 'NONE', *, *, #4642, .T. );
#3272=CARTESIAN_POINT ( 'NONE',  ( 1.875000000000002442, 0.09999999999999999167, 3.425000000000002043 ) );
#3273=CARTESIAN_POINT ( 'NONE',  ( -3.024999999999999467, 0.09999999999999999167, 2.375000000000000888 ) );
#3274=PLANE ( 'NONE',  #8708 );
#3275=EDGE_CURVE ( 'NONE', #3245, #5042, #4705, .T. );
#3276=CARTESIAN_POINT ( 'NONE',  ( 2.875000000000001776, 0.09999999999999999167, 3.025000000000001243 ) );
#3277=CARTESIAN_POINT ( 'NONE',  ( -3.424999999999999822, 0.000000000000000000, 1.125000000000000888 ) );
#3278=ORIENTED_EDGE ( 'NONE', *, *, #472, .T. );
#3279=VERTEX_POINT ( 'NONE', #2001 );
#3280=ADVANCED_FACE ( 'NONE', ( #4103 ), #8351, .F. );
#3281=VERTEX_POINT ( 'NONE', #7218 );
#3282=LINE ( 'NONE', #3378, #30 );
#3283=VERTEX_POINT ( 'NONE', #5346 );
#3284=LINE ( 'NONE', #5959, #30 );
#3285=EDGE_LOOP ( 'NONE', ( #7420, #5177, #4059, #1171 ) );
#3286=AXIS2_PLACEMENT_3D ( 'NONE', #76, #526, #130 );
#3287=EDGE_LOOP ( 'NONE', ( #7843, #8414, #1261, #6953 ) );
#3288=ORIENTED_EDGE ( 'NONE', *, *, #378, .T. );
#3289=ORIENTED_EDGE ( 'NONE', *, *, #4302, .T. );
#3290=LINE ( 'NONE', #4514, #432 );
#3291=VERTEX_POINT ( 'NONE', #3478 );
#3292=CARTESIAN_POINT ( 'NONE',  ( 0.6250000000000023315, 0.1000000000000000056, 3.425000000000001599 ) );
#3293=EDGE_CURVE ( 'NONE', #1284, #8029, #7249, .T. );
#3294=ORIENTED_EDGE ( 'NONE', *, *, #5139, .T. );
#3295=CARTESIAN_POINT ( 'NONE',  ( 3.424999999999999822, 0.1000000000000001027, -2.624999999999999112 ) );
#3296=EDGE_CURVE ( 'NONE', #4260, #914, #7336, .T. );
#3297=VERTEX_POINT ( 'NONE', #169 );
#3298=ORIENTED_EDGE ( 'NONE', *, *, #8406, .F. );
#3299=ORIENTED_EDGE ( 'NONE', *, *, #396, .F. );
#3300=VERTEX_POINT ( 'NONE', #6253 );
#3301=CARTESIAN_POINT ( 'NONE',  ( -3.424999999999999822, 0.5716990566028302689, -0.6249999999999992228 ) );
#3302=CARTESIAN_POINT ( 'NONE',  ( 2.125000000000001776, 0.000000000000000000, -3.025000000000000355 ) );
#3303=EDGE_CURVE ( 'NONE', #7807, #5702, #1905, .T. );
#3304=EDGE_LOOP ( 'NONE', ( #8565, #7714, #4867, #3572 ) );
#3305=ADVANCED_FACE ( 'NONE', ( #3339 ), #1244, .T. );
#3306=PLANE ( 'NONE',  #476 );
#3307=EDGE_LOOP ( 'NONE', ( #6397, #3026, #1693, #1262 ) );
#3308=EDGE_LOOP ( 'NONE', ( #7571, #5645, #2591, #6470 ) );
#3309=LINE ( 'NONE', #2951, #432 );
#3310=FACE_OUTER_BOUND ( 'NONE', #7717, .T. );
#3311=ADVANCED_FACE ( 'NONE', ( #5532 ), #6685, .T. );
#3312=ADVANCED_FACE ( 'NONE', ( #2673 ), #1944, .F. );
#3313=LINE ( 'NONE', #2700, #4 );
#3314=ADVANCED_FACE ( 'NONE', ( #1180 ), #3967, .F. );
#3315=LINE ( 'NONE', #81, #4 );
#3316=CARTESIAN_POINT ( 'NONE',  ( -2.874999999999997780, 0.1000000000000000056, 3.025000000000001243 ) );
#3317=ORIENTED_EDGE ( 'NONE', *, *, #4670, .T. );
#3318=LINE ( 'NONE', #4668, #30 );
#3319=CARTESIAN_POINT ( 'NONE',  ( -3.024999999999999467, 0.1000000000000001027, -2.374999999999999112 ) );
#3320=ORIENTED_EDGE ( 'NONE', *, *, #4940, .F. );
#3321=ORIENTED_EDGE ( 'NONE', *, *, #22, .F. );
#3322=ORIENTED_EDGE ( 'NONE', *, *, #7037, .T. );
#3323=ORIENTED_EDGE ( 'NONE', *, *, #5822, .T. );
#3324=ORIENTED_EDGE ( 'NONE', *, *, #3252, .T. );
#3325=PLANE ( 'NONE',  #4349 );
#3326=LINE ( 'NONE', #6585, #4 );
#3327=FACE_OUTER_BOUND ( 'NONE', #5246, .T. );
#3328=ORIENTED_EDGE ( 'NONE', *, *, #8722, .T. );
#3329=EDGE_CURVE ( 'NONE', #1024, #4260, #7529, .T. );
#3330=ORIENTED_EDGE ( 'NONE', *, *, #2297, .F. );
#3331=ORIENTED_EDGE ( 'NONE', *, *, #5998, .F. );
#3332=CARTESIAN_POINT ( 'NONE',  ( -1.374999999999997780, 0.09999999999999999167, 3.425000000000001599 ) );
#3333=ORIENTED_EDGE ( 'NONE', *, *, #7895, .F. );
#3334=AXIS2_PLACEMENT_3D ( 'NONE', #3459, #526, #130 );
#3335=PLANE ( 'NONE',  #5090 );
#3336=EDGE_CURVE ( 'NONE', #3196, #8193, #2094, .T. );
#3337=EDGE_CURVE ( 'NONE', #4233, #2432, #4426, .T. );
#3338=FACE_OUTER_BOUND ( 'NONE', #5599, .T. );
#3339=FACE_OUTER_BOUND ( 'NONE', #2414, .T. );
#3340=CLOSED_SHELL ( 'NONE', ( #833, #6640, #3305, #6076 ) );
#3341=CARTESIAN_POINT ( 'NONE',  ( -3.424999999999999822, 0.5716990566028302689, 2.125000000000000888 ) );
#3342=EDGE_LOOP ( 'NONE', ( #3118, #6597, #4868, #5089 ) );
#3343=AXIS2_PLACEMENT_3D ( 'NONE', #882, #5, #128 );
#3344=ORIENTED_EDGE ( 'NONE', *, *, #7998, .T. );
#3345=ORIENTED_EDGE ( 'NONE', *, *, #338, .F. );
#3346=LINE ( 'NONE', #1910, #6 );
#3347=ORIENTED_EDGE ( 'NONE', *, *, #4263, .F. );
#3348=CARTESIAN_POINT ( 'NONE',  ( -3.424999999999999822, 0.000000000000000000, 2.125000000000000888 ) );
#3349=EDGE_CURVE ( 'NONE', #3384, #2403, #2998, .T. );
#3350=ORIENTED_EDGE ( 'NONE', *, *, #733, .T. );
#3351=EDGE_LOOP ( 'NONE', ( #6661, #4632, #1576, #4159 ) );
#3352=VERTEX_POINT ( 'NONE', #471 );
#3353=LINE ( 'NONE', #757, #1659 );
#3354=AXIS2_PLACEMENT_3D ( 'NONE', #1710, #46, #21 );
#3355=VERTEX_POINT ( 'NONE', #1467 );
#3356=FACE_OUTER_BOUND ( 'NONE', #2545, .T. );
#3357=CARTESIAN_POINT ( 'NONE',  ( 2.625000000000001776, 0.000000000000000000, 3.425000000000001599 ) );
#3358=ORIENTED_EDGE ( 'NONE', *, *, #1577, .F. );
#3359=FACE_OUTER_BOUND ( 'NONE', #8065, .T. );
#3360=PLANE ( 'NONE',  #1255 );
#3361=EDGE_CURVE ( 'NONE', #6459, #8158, #6370, .T. );
#3362=EDGE_LOOP ( 'NONE', ( #4693, #7533, #2550, #7246 ) );
#3363=EDGE_CURVE ( 'NONE', #2537, #4618, #2290, .T. );
#3364=CARTESIAN_POINT ( 'NONE',  ( -2.374999999999997780, 0.09999999999999999167, 3.025000000000001243 ) );
#3365=AXIS2_PLACEMENT_3D ( 'NONE', #2394, #51, #32 );
#3366=ORIENTED_EDGE ( 'NONE', *, *, #3168, .T. );
#3367=CARTESIAN_POINT ( 'NONE',  ( -0.3749999999999977240, 0.5716990566028306020, 3.425000000000001599 ) );
#3368=EDGE_LOOP ( 'NONE', ( #3053, #7852, #2488, #3614 ) );
#3369=LINE ( 'NONE', #1480, #58 );
#3370=FACE_OUTER_BOUND ( 'NONE', #2096, .T. );
#3371=VERTEX_POINT ( 'NONE', #5751 );
#3372=VERTEX_POINT ( 'NONE', #2951 );
#3373=ADVANCED_FACE ( 'NONE', ( #2235 ), #2859, .T. );
#3374=ORIENTED_EDGE ( 'NONE', *, *, #201, .F. );
#3375=EDGE_CURVE ( 'NONE', #7819, #8539, #7410, .T. );
#3376=EDGE_CURVE ( 'NONE', #920, #3371, #530, .T. );
#3377=ORIENTED_EDGE ( 'NONE', *, *, #8405, .T. );
#3378=CARTESIAN_POINT ( 'NONE',  ( -2.874999999999998668, 0.5716990566028306020, -3.425000000000000711 ) );
#3379=PLANE ( 'NONE',  #8336 );
#3380=ORIENTED_EDGE ( 'NONE', *, *, #7040, .F. );
#3381=CARTESIAN_POINT ( 'NONE',  ( -3.424999999999999822, 0.09999999999999999167, 0.3750000000000007772 ) );
#3382=ORIENTED_EDGE ( 'NONE', *, *, #7580, .F. );
#3383=ORIENTED_EDGE ( 'NONE', *, *, #3128, .T. );
#3384=VERTEX_POINT ( 'NONE', #1301 );
#3385=ORIENTED_EDGE ( 'NONE', *, *, #8406, .T. );
#3386=EDGE_CURVE ( 'NONE', #2357, #5580, #4242, .T. );
#3387=LINE ( 'NONE', #1124, #6 );
#3388=EDGE_CURVE ( 'NONE', #2407, #949, #5621, .T. );
#3389=PLANE ( 'NONE',  #6942 );
#3390=LINE ( 'NONE', #6765, #4 );
#3391=VERTEX_POINT ( 'NONE', #2150 );
#3392=STYLED_ITEM ( 'NONE', ( #320 ), #7401 );
#3393=ADVANCED_FACE ( 'NONE', ( #4966 ), #3609, .F. );
#3394=ORIENTED_EDGE ( 'NONE', *, *, #6036, .T. );
#3395=CARTESIAN_POINT ( 'NONE',  ( -3.024999999999999467, 0.1000000000000001027, 0.6250000000000009992 ) );
#3396=LINE ( 'NONE', #7260, #28 );
#3397=VERTEX_POINT ( 'NONE', #2838 );
#3398=AXIS2_PLACEMENT_3D ( 'NONE', #1845, #45, #168 );
#3399=CARTESIAN_POINT ( 'NONE',  ( 3.024999999999999467, 0.000000000000000000, 2.875000000000000444 ) );
#3400=FACE_OUTER_BOUND ( 'NONE', #5356, .T. );
#3401=ORIENTED_EDGE ( 'NONE', *, *, #8699, .F. );
#3402=LINE ( 'NONE', #1824, #206 );
#3403=FACE_OUTER_BOUND ( 'NONE', #5318, .T. );
#3404=ORIENTED_EDGE ( 'NONE', *, *, #284, .F. );
#3405=LINE ( 'NONE', #3739, #365 );
#3406=FACE_OUTER_BOUND ( 'NONE', #5877, .T. );
#3407=ORIENTED_EDGE ( 'NONE', *, *, #2587, .F. );
#3408=CARTESIAN_POINT ( 'NONE',  ( -2.874999999999998668, 0.09999999999999999167, -3.025000000000000355 ) );
#3409=EDGE_LOOP ( 'NONE', ( #5704, #5297, #620, #5400 ) );
#3410=CARTESIAN_POINT ( 'NONE',  ( 3.424999999999999822, 0.5716990566028302689, -2.874999999999999112 ) );
#3411=LINE ( 'NONE', #1277, #224 );
#3412=PLANE ( 'NONE',  #8658 );
#3413=ORIENTED_EDGE ( 'NONE', *, *, #1167, .F. );
#3414=PLANE ( 'NONE',  #2278 );
#3415=EDGE_CURVE ( 'NONE', #8273, #1751, #1413, .T. );
#3416=EDGE_LOOP ( 'NONE', ( #1077, #2530, #3488, #7502 ) );
#3417=EDGE_CURVE ( 'NONE', #1717, #4231, #3653, .T. );
#3418=LINE ( 'NONE', #4744, #83 );
#3419=ORIENTED_EDGE ( 'NONE', *, *, #1890, .F. );
#3420=ORIENTED_EDGE ( 'NONE', *, *, #7895, .T. );
#3421=CARTESIAN_POINT ( 'NONE',  ( -3.424999999999999822, 0.5716990566028302689, -2.874999999999999112 ) );
#3422=ORIENTED_EDGE ( 'NONE', *, *, #4469, .F. );
#3423=EDGE_CURVE ( 'NONE', #1767, #4157, #4522, .T. );
#3424=EDGE_CURVE ( 'NONE', #534, #6941, #7061, .T. );
#3425=LINE ( 'NONE', #7783, #83 );
#3426=FACE_OUTER_BOUND ( 'NONE', #6315, .T. );
#3427=ADVANCED_FACE ( 'NONE', ( #6558 ), #3138, .T. );
#3428=VERTEX_POINT ( 'NONE', #809 );
#3429=ORIENTED_EDGE ( 'NONE', *, *, #8468, .F. );
#3430=CARTESIAN_POINT ( 'NONE',  ( 3.424999999999999822, 0.000000000000000000, 2.625000000000000444 ) );
#3431=CARTESIAN_POINT ( 'NONE',  ( 3.424999999999999822, 0.5716990566028302689, 2.625000000000000000 ) );
#3432=CARTESIAN_POINT ( 'NONE',  ( 3.424999999999999822, 0.5716990566028302689, 1.625000000000001110 ) );
#3433=ORIENTED_EDGE ( 'NONE', *, *, #674, .T. );
#3434=CARTESIAN_POINT ( 'NONE',  ( -2.374999999999997780, 0.5716990566028306020, 3.425000000000001599 ) );
#3435=LINE ( 'NONE', #1694, #365 );
#3436=EDGE_CURVE ( 'NONE', #5449, #1259, #3736, .T. );
#3437=EDGE_CURVE ( 'NONE', #8024, #4300, #2338, .T. );
#3438=EDGE_LOOP ( 'NONE', ( #6230, #8309, #106, #8459 ) );
#3439=LINE ( 'NONE', #1056, #30 );
#3440=ADVANCED_FACE ( 'NONE', ( #5135 ), #3091, .T. );
#3441=ORIENTED_EDGE ( 'NONE', *, *, #7730, .F. );
#3442=ORIENTED_EDGE ( 'NONE', *, *, #2050, .F. );
#3443=ORIENTED_EDGE ( 'NONE', *, *, #7821, .F. );
#3444=CARTESIAN_POINT ( 'NONE',  ( 2.000000000000000000, 0.1000000000000000056, 0.000000000000000000 ) );
#3445=ORIENTED_EDGE ( 'NONE', *, *, #8278, .T. );
#3446=PRESENTATION_LAYER_ASSIGNMENT (  '', '', ( #7846 ) );
#3447=ORIENTED_EDGE ( 'NONE', *, *, #4734, .F. );
#3448=VERTEX_POINT ( 'NONE', #26 );
#3449=CARTESIAN_POINT ( 'NONE',  ( -2.374999999999998668, 0.1000000000000000056, -3.425000000000000711 ) );
#3450=ORIENTED_EDGE ( 'NONE', *, *, #4829, .F. );
#3451=ADVANCED_FACE ( 'NONE', ( #1629 ), #697, .T. );
#3452=LINE ( 'NONE', #3010, #224 );
#3453=ORIENTED_EDGE ( 'NONE', *, *, #2552, .F. );
#3454=EDGE_CURVE ( 'NONE', #7369, #8345, #3780, .T. );
#3455=EDGE_CURVE ( 'NONE', #1970, #1501, #1738, .T. );
#3456=ORIENTED_EDGE ( 'NONE', *, *, #7233, .T. );
#3457=ORIENTED_EDGE ( 'NONE', *, *, #6849, .F. );
#3458=FACE_OUTER_BOUND ( 'NONE', #6636, .T. );
#3459=CARTESIAN_POINT ( 'NONE',  ( 3.424999999999999822, 0.5716990566028302689, -0.6249999999999992228 ) );
#3460=EDGE_LOOP ( 'NONE', ( #3713, #5453, #3947, #3113 ) );
#3461=VERTEX_POINT ( 'NONE', #3191 );
#3462=ORIENTED_EDGE ( 'NONE', *, *, #5257, .T. );
#3463=EDGE_LOOP ( 'NONE', ( #7280, #1299, #4996, #7145 ) );
#3464=EDGE_CURVE ( 'NONE', #2241, #717, #5802, .T. );
#3465=ORIENTED_EDGE ( 'NONE', *, *, #897, .F. );
#3466=LINE ( 'NONE', #406, #4 );
#3467=LINE ( 'NONE', #4127, #365 );
#3468=PLANE ( 'NONE',  #2946 );
#3469=LINE ( 'NONE', #516, #30 );
#3470=LINE ( 'NONE', #2394, #30 );
#3471=ORIENTED_EDGE ( 'NONE', *, *, #1761, .F. );
#3472=ORIENTED_EDGE ( 'NONE', *, *, #2612, .T. );
#3473=PRODUCT_CONTEXT ( 'NONE', #444, 'mechanical' );
#3474=LINE ( 'NONE', #1213, #206 );
#3475=EDGE_CURVE ( 'NONE', #8113, #8273, #8655, .T. );
#3476=ORIENTED_EDGE ( 'NONE', *, *, #2151, .T. );
#3477=EDGE_CURVE ( 'NONE', #6310, #380, #1785, .T. );
#3478=CARTESIAN_POINT ( 'NONE',  ( 3.024999999999999467, 0.000000000000000000, 1.875000000000001332 ) );
#3479=LINE ( 'NONE', #2600, #4 );
#3480=ORIENTED_EDGE ( 'NONE', *, *, #3296, .F. );
#3481=CARTESIAN_POINT ( 'NONE',  ( -3.424999999999999822, 0.000000000000000000, 2.125000000000001332 ) );
#3482=AXIS2_PLACEMENT_3D ( 'NONE', #174, #32, #5 );
#3483=ORIENTED_EDGE ( 'NONE', *, *, #8096, .T. );
#3484=EDGE_LOOP ( 'NONE', ( #2919, #6334, #3258, #5878 ) );
#3485=ORIENTED_EDGE ( 'NONE', *, *, #4098, .F. );
#3486=CARTESIAN_POINT ( 'NONE',  ( -3.024999999999999467, 0.1000000000000001027, 1.375000000000000888 ) );
#3487=PRESENTATION_LAYER_ASSIGNMENT (  '', '', ( #8221 ) );
#3488=ORIENTED_EDGE ( 'NONE', *, *, #7422, .T. );
#3489=LINE ( 'NONE', #604, #4 );
#3490=ORIENTED_EDGE ( 'NONE', *, *, #3725, .T. );
#3491=EDGE_CURVE ( 'NONE', #8654, #8118, #4604, .T. );
#3492=ADVANCED_FACE ( 'NONE', ( #7023 ), #755, .T. );
#3493=AXIS2_PLACEMENT_3D ( 'NONE', #2459, #5, #128 );
#3494=ADVANCED_FACE ( 'NONE', ( #7677 ), #854, .F. );
#3495=CARTESIAN_POINT ( 'NONE',  ( 0.000000000000000000, 0.1000000000000000056, 5.500000000000000000 ) );
#3496=CARTESIAN_POINT ( 'NONE',  ( 3.424999999999999822, 0.5716990566028302689, 2.375000000000000888 ) );
#3497=ORIENTED_EDGE ( 'NONE', *, *, #3455, .T. );
#3498=LINE ( 'NONE', #2931, #224 );
#3499=ORIENTED_EDGE ( 'NONE', *, *, #7139, .F. );
#3500=CARTESIAN_POINT ( 'NONE',  ( 3.424999999999999822, 0.1000000000000001027, -0.8749999999999990008 ) );
#3501=AXIS2_PLACEMENT_3D ( 'NONE', #1444, #51, #32 );
#3502=CARTESIAN_POINT ( 'NONE',  ( -3.024999999999999467, 0.5716990566028302689, -1.874999999999999112 ) );
#3503=ORIENTED_EDGE ( 'NONE', *, *, #3873, .F. );
#3504=PLANE ( 'NONE',  #1978 );
#3505=EDGE_CURVE ( 'NONE', #4268, #4816, #2482, .T. );
#3506=PLANE ( 'NONE',  #2446 );
#3507=AXIS2_PLACEMENT_3D ( 'NONE', #961, #109, #21 );
#3508=AXIS2_PLACEMENT_3D ( 'NONE', #6844, #548, #182 );
#3509=EDGE_CURVE ( 'NONE', #1286, #7453, #3900, .T. );
#3510=EDGE_LOOP ( 'NONE', ( #3407, #2648, #447, #4185 ) );
#3511=ORIENTED_EDGE ( 'NONE', *, *, #1276, .F. );
#3512=FACE_OUTER_BOUND ( 'NONE', #5455, .T. );
#3513=EDGE_CURVE ( 'NONE', #8695, #2763, #6030, .T. );
#3514=ORIENTED_EDGE ( 'NONE', *, *, #7481, .T. );
#3515=ORIENTED_EDGE ( 'NONE', *, *, #7159, .T. );
#3516=AXIS2_PLACEMENT_3D ( 'NONE', #6585, #526, #130 );
#3517=ORIENTED_EDGE ( 'NONE', *, *, #4209, .F. );
#3518=ORIENTED_EDGE ( 'NONE', *, *, #3066, .F. );
#3519=FACE_OUTER_BOUND ( 'NONE', #3240, .T. );
#3520=FACE_OUTER_BOUND ( 'NONE', #5610, .T. );
#3521=EDGE_LOOP ( 'NONE', ( #4941, #7674, #5725, #3188 ) );
#3522=AXIS2_PLACEMENT_3D ( 'NONE', #2804, #46, #21 );
#3523=EDGE_LOOP ( 'NONE', ( #2090, #2154, #5026, #3404 ) );
#3524=CARTESIAN_POINT ( 'NONE',  ( 0.1250000000000022760, 0.000000000000000000, 3.025000000000001243 ) );
#3525=ORIENTED_EDGE ( 'NONE', *, *, #5783, .F. );
#3526=ORIENTED_EDGE ( 'NONE', *, *, #5139, .F. );
#3527=EDGE_CURVE ( 'NONE', #5842, #1647, #217, .T. );
#3528=LINE ( 'NONE', #5963, #432 );
#3529=ORIENTED_EDGE ( 'NONE', *, *, #6045, .F. );
#3530=EDGE_CURVE ( 'NONE', #918, #2335, #153, .T. );
#3531=ORIENTED_EDGE ( 'NONE', *, *, #3336, .F. );
#3532=ORIENTED_EDGE ( 'NONE', *, *, #6568, .T. );
#3533=FACE_OUTER_BOUND ( 'NONE', #7434, .T. );
#3534=EDGE_LOOP ( 'NONE', ( #2737, #6786, #629, #8377 ) );
#3535=LINE ( 'NONE', #1389, #83 );
#3536=ORIENTED_EDGE ( 'NONE', *, *, #386, .T. );
#3537=ORIENTED_EDGE ( 'NONE', *, *, #1912, .T. );
#3538=LINE ( 'NONE', #1727, #365 );
#3539=ORIENTED_EDGE ( 'NONE', *, *, #3043, .T. );
#3540=EDGE_CURVE ( 'NONE', #2451, #3110, #955, .T. );
#3541=ADVANCED_FACE ( 'NONE', ( #7788 ), #6864, .T. );
#3542=ADVANCED_FACE ( 'NONE', ( #7820 ), #8515, .F. );
#3543=VERTEX_POINT ( 'NONE', #121 );
#3544=LINE ( 'NONE', #304, #4 );
#3545=LINE ( 'NONE', #5597, #30 );
#3546=VERTEX_POINT ( 'NONE', #3613 );
#3547=FACE_OUTER_BOUND ( 'NONE', #4735, .T. );
#3548=EDGE_CURVE ( 'NONE', #536, #7832, #7431, .T. );
#3549=VERTEX_POINT ( 'NONE', #3157 );
#3550=LINE ( 'NONE', #5227, #6 );
#3551=CARTESIAN_POINT ( 'NONE',  ( -0.6249999999999987788, 0.1000000000000000056, -3.425000000000001155 ) );
#3552=ORIENTED_EDGE ( 'NONE', *, *, #7806, .F. );
#3553=PLANE ( 'NONE',  #5928 );
#3554=VERTEX_POINT ( 'NONE', #6130 );
#3555=EDGE_LOOP ( 'NONE', ( #5312, #1522, #3894, #333 ) );
#3556=EDGE_CURVE ( 'NONE', #4681, #7221, #5382, .T. );
#3557=EDGE_CURVE ( 'NONE', #1342, #465, #1060, .T. );
#3558=ORIENTED_EDGE ( 'NONE', *, *, #2016, .F. );
#3559=LINE ( 'NONE', #5569, #166 );
#3560=VERTEX_POINT ( 'NONE', #4221 );
#3561=VERTEX_POINT ( 'NONE', #1891 );
#3562=ORIENTED_EDGE ( 'NONE', *, *, #2310, .F. );
#3563=EDGE_CURVE ( 'NONE', #4212, #1717, #5595, .T. );
#3564=DIRECTION ( 'NONE',  ( 6.195440985631455317E-17, 0.000000000000000000, -1.000000000000000000 ) );
#3565=EDGE_CURVE ( 'NONE', #2127, #4061, #6218, .T. );
#3566=PLANE ( 'NONE',  #5240 );
#3567=CARTESIAN_POINT ( 'NONE',  ( 0.000000000000000000, 0.1000000000000000056, 1.000000000000000000 ) );
#3568=CARTESIAN_POINT ( 'NONE',  ( 3.424999999999999822, 0.5716990566028302689, -2.124999999999999112 ) );
#3569=ORIENTED_EDGE ( 'NONE', *, *, #2831, .T. );
#3570=EDGE_LOOP ( 'NONE', ( #5562, #5888, #5514, #488 ) );
#3571=ORIENTED_EDGE ( 'NONE', *, *, #3349, .F. );
#3572=ORIENTED_EDGE ( 'NONE', *, *, #438, .T. );
#3573=LINE ( 'NONE', #6247, #30 );
#3574=ORIENTED_EDGE ( 'NONE', *, *, #6077, .T. );
#3575=FACE_OUTER_BOUND ( 'NONE', #4823, .T. );
#3576=ORIENTED_EDGE ( 'NONE', *, *, #4755, .T. );
#3577=ORIENTED_EDGE ( 'NONE', *, *, #2842, .F. );
#3578=EDGE_CURVE ( 'NONE', #4013, #1073, #5652, .T. );
#3579=FACE_OUTER_BOUND ( 'NONE', #8499, .T. );
#3580=PRODUCT_DEFINITION_CONTEXT ( 'detailed design', #444, 'design' );
#3581=VERTEX_POINT ( 'NONE', #2835 );
#3582=LINE ( 'NONE', #6844, #260 );
#3583=VERTEX_POINT ( 'NONE', #218 );
#3584=EDGE_LOOP ( 'NONE', ( #55, #2636, #5991, #7341 ) );
#3585=FACE_OUTER_BOUND ( 'NONE', #2699, .T. );
#3586=FACE_OUTER_BOUND ( 'NONE', #4367, .T. );
#3587=FACE_OUTER_BOUND ( 'NONE', #7227, .T. );
#3588=ADVANCED_FACE ( 'NONE', ( #7165 ), #3379, .T. );
#3589=EDGE_CURVE ( 'NONE', #3461, #1826, #6592, .T. );
#3590=CARTESIAN_POINT ( 'NONE',  ( -3.424999999999999822, 0.5716990566028302689, 2.625000000000000000 ) );
#3591=CARTESIAN_POINT ( 'NONE',  ( -1.124999999999998890, 0.09999999999999999167, -3.025000000000000355 ) );
#3592=CARTESIAN_POINT ( 'NONE',  ( 4.500000000000000888, 0.000000000000000000, 0.000000000000000000 ) );
#3593=LINE ( 'NONE', #2684, #28 );
#3594=ORIENTED_EDGE ( 'NONE', *, *, #2502, .T. );
#3595=VERTEX_POINT ( 'NONE', #1006 );
#3596=VERTEX_POINT ( 'NONE', #2534 );
#3597=ORIENTED_EDGE ( 'NONE', *, *, #7103, .T. );
#3598=ADVANCED_FACE ( 'NONE', ( #5073 ), #8082, .F. );
#3599=EDGE_CURVE ( 'NONE', #411, #2323, #1387, .T. );
#3600=EDGE_CURVE ( 'NONE', #8193, #5122, #7509, .T. );
#3601=FACE_OUTER_BOUND ( 'NONE', #6043, .T. );
#3602=CARTESIAN_POINT ( 'NONE',  ( 3.424999999999999822, 0.5716990566028302689, 1.625000000000001332 ) );
#3603=VERTEX_POINT ( 'NONE', #2513 );
#3604=ORIENTED_EDGE ( 'NONE', *, *, #3337, .T. );
#3605=ORIENTED_EDGE ( 'NONE', *, *, #5282, .T. );
#3606=CARTESIAN_POINT ( 'NONE',  ( 0.6250000000000023315, 0.000000000000000000, 3.025000000000001243 ) );
#3607=AXIS2_PLACEMENT_3D ( 'NONE', #901, #46, #21 );
#3608=ORIENTED_EDGE ( 'NONE', *, *, #301, .F. );
#3609=PLANE ( 'NONE',  #6811 );
#3610=CARTESIAN_POINT ( 'NONE',  ( 3.424999999999999822, 0.000000000000000000, 2.125000000000000888 ) );
#3611=LINE ( 'NONE', #1319, #365 );
#3612=EDGE_CURVE ( 'NONE', #7628, #5639, #2932, .T. );
#3613=CARTESIAN_POINT ( 'NONE',  ( -2.124999999999998668, 0.09999999999999999167, -3.425000000000001155 ) );
#3614=ORIENTED_EDGE ( 'NONE', *, *, #2967, .F. );
#3615=ADVANCED_FACE ( 'NONE', ( #6420 ), #8608, .T. );
#3616=EDGE_LOOP ( 'NONE', ( #2449, #8415, #680, #5005 ) );
#3617=ORIENTED_EDGE ( 'NONE', *, *, #2612, .F. );
#3618=ORIENTED_EDGE ( 'NONE', *, *, #3540, .F. );
#3619=AXIS2_PLACEMENT_3D ( 'NONE', #2700, #32, #5 );
#3620=LINE ( 'NONE', #56, #6 );
#3621=EDGE_LOOP ( 'NONE', ( #6679, #4348, #6601, #6491 ) );
#3622=CARTESIAN_POINT ( 'NONE',  ( 0.3750000000000012212, 0.09999999999999999167, -3.425000000000001155 ) );
#3623=PLANE ( 'NONE',  #7538 );
#3624=PRODUCT_DEFINITION_FORMATION_WITH_SPECIFIED_SOURCE ( 'ANY', '', #8390, .NOT_KNOWN. );
#3625=LINE ( 'NONE', #4980, #432 );
#3626=ORIENTED_EDGE ( 'NONE', *, *, #2748, .T. );
#3627=FACE_OUTER_BOUND ( 'NONE', #5488, .T. );
#3628=EDGE_CURVE ( 'NONE', #2321, #2239, #2214, .T. );
#3629=CARTESIAN_POINT ( 'NONE',  ( -1.374999999999998668, 0.09999999999999999167, -3.025000000000000355 ) );
#3630=VERTEX_POINT ( 'NONE', #2249 );
#3631=AXIS2_PLACEMENT_3D ( 'NONE', #500, #5, #128 );
#3632=ORIENTED_EDGE ( 'NONE', *, *, #1270, .F. );
#3633=CARTESIAN_POINT ( 'NONE',  ( 1.625000000000002665, 0.5716990566028306020, 3.425000000000001599 ) );
#3634=EDGE_LOOP ( 'NONE', ( #506, #4273, #8105, #8509 ) );
#3635=CLOSED_SHELL ( 'NONE', ( #6220, #2803, #5863, #3903, #6837, #7689 ) );
#3636=LINE ( 'NONE', #1444, #83 );
#3637=VERTEX_POINT ( 'NONE', #2158 );
#3638=ORIENTED_EDGE ( 'NONE', *, *, #2, .T. );
#3639=ADVANCED_FACE ( 'NONE', ( #2263 ), #8672, .F. );
#3640=LINE ( 'NONE', #8154, #365 );
#3641=EDGE_LOOP ( 'NONE', ( #8331, #1637, #5716, #4958 ) );
#3642=VERTEX_POINT ( 'NONE', #4402 );
#3643=EDGE_LOOP ( 'NONE', ( #5446, #3979, #1410, #4622 ) );
#3644=LINE ( 'NONE', #5428, #224 );
#3645=LINE ( 'NONE', #347, #30 );
#3646=ADVANCED_FACE ( 'NONE', ( #782 ), #1706, .T. );
#3647=EDGE_CURVE ( 'NONE', #3207, #831, #3024, .T. );
#3648=ORIENTED_EDGE ( 'NONE', *, *, #8400, .T. );
#3649=EDGE_CURVE ( 'NONE', #626, #4956, #676, .T. );
#3650=AXIS2_PLACEMENT_3D ( 'NONE', #1366, #21, #526 );
#3651=EDGE_CURVE ( 'NONE', #2515, #4111, #8238, .T. );
#3652=ORIENTED_EDGE ( 'NONE', *, *, #2907, .F. );
#3653=LINE ( 'NONE', #355, #365 );
#3654=ADVANCED_FACE ( 'NONE', ( #5780 ), #8123, .F. );
#3655=ORIENTED_EDGE ( 'NONE', *, *, #1125, .T. );
#3656=DIRECTION ( 'NONE',  ( 1.000000000000000000, 0.000000000000000000, -1.239088197126291063E-16 ) );
#3657=ORIENTED_EDGE ( 'NONE', *, *, #8520, .F. );
#3658=ADVANCED_FACE ( 'NONE', ( #1556 ), #3117, .T. );
#3659=VERTEX_POINT ( 'NONE', #974 );
#3660=ORIENTED_EDGE ( 'NONE', *, *, #7821, .T. );
#3661=PLANE ( 'NONE',  #6179 );
#3662=CARTESIAN_POINT ( 'NONE',  ( 1.625000000000001332, 0.000000000000000000, -3.025000000000000355 ) );
#3663=AXIS2_PLACEMENT_3D ( 'NONE', #304, #46, #21 );
#3664=VERTEX_POINT ( 'NONE', #1615 );
#3665=EDGE_CURVE ( 'NONE', #2289, #1632, #3976, .T. );
#3666=FACE_OUTER_BOUND ( 'NONE', #3285, .T. );
#3667=AXIS2_PLACEMENT_3D ( 'NONE', #1435, #130, #46 );
#3668=ORIENTED_EDGE ( 'NONE', *, *, #5098, .T. );
#3669=CARTESIAN_POINT ( 'NONE',  ( -2.624999999999998668, 0.5716990566028306020, -3.025000000000000355 ) );
#3670=EDGE_CURVE ( 'NONE', #6691, #4212, #5280, .T. );
#3671=EDGE_LOOP ( 'NONE', ( #5685, #177, #4890, #5069 ) );
#3672=AXIS2_PLACEMENT_3D ( 'NONE', #981, #32, #5 );
#3673=LINE ( 'NONE', #1921, #83 );
#3674=ORIENTED_EDGE ( 'NONE', *, *, #5438, .F. );
#3675=FACE_BOUND ( 'NONE', #2480, .T. );
#3676=AXIS2_PLACEMENT_3D ( 'NONE', #1224, #109, #21 );
#3677=CARTESIAN_POINT ( 'NONE',  ( -2.624999999999997780, 0.5716990566028306020, 3.425000000000002043 ) );
#3678=EDGE_CURVE ( 'NONE', #7704, #978, #7770, .T. );
#3679=ORIENTED_EDGE ( 'NONE', *, *, #4431, .T. );
#3680=EDGE_LOOP ( 'NONE', ( #2790, #6680, #3784, #4556 ) );
#3681=ORIENTED_EDGE ( 'NONE', *, *, #6234, .T. );
#3682=EDGE_LOOP ( 'NONE', ( #1311, #6177, #7302, #2031 ) );
#3683=FACE_OUTER_BOUND ( 'NONE', #7237, .T. );
#3684=FACE_OUTER_BOUND ( 'NONE', #7530, .T. );
#3685=EDGE_CURVE ( 'NONE', #3546, #8529, #8744, .T. );
#3686=PLANE ( 'NONE',  #2159 );
#3687=EDGE_CURVE ( 'NONE', #4595, #5533, #940, .T. );
#3688=ORIENTED_EDGE ( 'NONE', *, *, #3742, .F. );
#3689=EDGE_LOOP ( 'NONE', ( #6143, #8286, #5467, #6404 ) );
#3690=LINE ( 'NONE', #1893, #224 );
#3691=VERTEX_POINT ( 'NONE', #1815 );
#3692=EDGE_CURVE ( 'NONE', #7890, #6689, #5196, .T. );
#3693=EDGE_CURVE ( 'NONE', #3561, #1284, #4461, .T. );
#3694=ADVANCED_FACE ( 'NONE', ( #7732 ), #6615, .T. );
#3695=ADVANCED_FACE ( 'NONE', ( #8297 ), #6538, .F. );
#3696=CARTESIAN_POINT ( 'NONE',  ( 2.125000000000002665, 0.1000000000000000056, 3.425000000000001599 ) );
#3697=ORIENTED_EDGE ( 'NONE', *, *, #8730, .F. );
#3698=LINE ( 'NONE', #3568, #30 );
#3699=LINE ( 'NONE', #2387, #4 );
#3700=ORIENTED_EDGE ( 'NONE', *, *, #8635, .F. );
#3701=ORIENTED_EDGE ( 'NONE', *, *, #5459, .F. );
#3702=CARTESIAN_POINT ( 'NONE',  ( 4.336808689942016750E-16, 0.000000000000000000, -2.475000000000000089 ) );
#3703=EDGE_LOOP ( 'NONE', ( #4069, #4381, #2271, #3574 ) );
#3704=ADVANCED_FACE ( 'NONE', ( #834 ), #8326, .T. );
#3705=EDGE_CURVE ( 'NONE', #4970, #2432, #1600, .T. );
#3706=LINE ( 'NONE', #1241, #6 );
#3707=EDGE_CURVE ( 'NONE', #1121, #7258, #934, .T. );
#3708=PLANE ( 'NONE',  #7875 );
#3709=EDGE_LOOP ( 'NONE', ( #6132, #8064, #7234, #4359 ) );
#3710=ORIENTED_EDGE ( 'NONE', *, *, #62, .T. );
#3711=PLANE ( 'NONE',  #5820 );
#3712=CARTESIAN_POINT ( 'NONE',  ( 0.1250000000000014155, 0.000000000000000000, -3.425000000000001155 ) );
#3713=ORIENTED_EDGE ( 'NONE', *, *, #6664, .F. );
#3714=ORIENTED_EDGE ( 'NONE', *, *, #3190, .F. );
#3715=AXIS2_PLACEMENT_3D ( 'NONE', #7008, #6556, #1537 );
#3716=FACE_BOUND ( 'NONE', #5265, .T. );
#3717=VERTEX_POINT ( 'NONE', #6052 );
#3718=( GEOMETRIC_REPRESENTATION_CONTEXT ( 3 ) GLOBAL_UNCERTAINTY_ASSIGNED_CONTEXT ( ( #12 ) ) GLOBAL_UNIT_ASSIGNED_CONTEXT ( ( #359, #272, #78 ) ) REPRESENTATION_CONTEXT ( 'NONE', 'WORKASPACE' ) );
#3719=EDGE_CURVE ( 'NONE', #3297, #4618, #2412, .T. );
#3720=AXIS2_PLACEMENT_3D ( 'NONE', #1366, #526, #130 );
#3721=ADVANCED_FACE ( 'NONE', ( #4540 ), #7078, .F. );
#3722=CARTESIAN_POINT ( 'NONE',  ( 3.024999999999999467, 0.000000000000000000, 2.625000000000000000 ) );
#3723=ORIENTED_EDGE ( 'NONE', *, *, #1033, .F. );
#3724=EDGE_LOOP ( 'NONE', ( #8010, #4289, #6516, #7116 ) );
#3725=EDGE_CURVE ( 'NONE', #430, #184, #3212, .T. );
#3726=EDGE_CURVE ( 'NONE', #1306, #1717, #3933, .T. );
#3727=VERTEX_POINT ( 'NONE', #2068 );
#3728=LINE ( 'NONE', #2343, #4 );
#3729=CARTESIAN_POINT ( 'NONE',  ( 5.000000000000000888, 0.1000000000000000056, 0.000000000000000000 ) );
#3730=MECHANICAL_DESIGN_GEOMETRIC_PRESENTATION_REPRESENTATION (  '', ( #1227 ), #881 );
#3731=EDGE_CURVE ( 'NONE', #6383, #5363, #2120, .T. );
#3732=VERTEX_POINT ( 'NONE', #4127 );
#3733=EDGE_LOOP ( 'NONE', ( #7228, #6715, #2185, #4537 ) );
#3734=ORIENTED_EDGE ( 'NONE', *, *, #6119, .T. );
#3735=FACE_OUTER_BOUND ( 'NONE', #1885, .T. );
#3736=LINE ( 'NONE', #332, #30 );
#3737=PLANE ( 'NONE',  #5538 );
#3738=ORIENTED_EDGE ( 'NONE', *, *, #6015, .T. );
#3739=CARTESIAN_POINT ( 'NONE',  ( -0.6249999999999987788, 0.09999999999999999167, -3.025000000000000355 ) );
#3740=LINE ( 'NONE', #1106, #260 );
#3741=ORIENTED_EDGE ( 'NONE', *, *, #4909, .F. );
#3742=EDGE_CURVE ( 'NONE', #3355, #3927, #262, .T. );
#3743=FACE_OUTER_BOUND ( 'NONE', #2560, .T. );
#3744=EDGE_LOOP ( 'NONE', ( #1676, #6321, #3224, #449 ) );
#3745=EDGE_CURVE ( 'NONE', #5690, #4093, #1370, .T. );
#3746=LINE ( 'NONE', #6314, #206 );
#3747=LINE ( 'NONE', #126, #432 );
#3748=VERTEX_POINT ( 'NONE', #324 );
#3749=ORIENTED_EDGE ( 'NONE', *, *, #4479, .F. );
#3750=LINE ( 'NONE', #1415, #224 );
#3751=EDGE_LOOP ( 'NONE', ( #6807, #1994, #2722, #2941 ) );
#3752=CARTESIAN_POINT ( 'NONE',  ( -3.424999999999999822, 0.1000000000000001027, -2.624999999999999112 ) );
#3753=EDGE_LOOP ( 'NONE', ( #6630, #6947, #4482, #8270 ) );
#3754=ADVANCED_FACE ( 'NONE', ( #5506 ), #4077, .T. );
#3755=ORIENTED_EDGE ( 'NONE', *, *, #8062, .T. );
#3756=EDGE_CURVE ( 'NONE', #223, #2621, #7433, .T. );
#3757=EDGE_CURVE ( 'NONE', #1970, #4433, #8408, .T. );
#3758=PLANE ( 'NONE',  #6702 );
#3759=ORIENTED_EDGE ( 'NONE', *, *, #2644, .T. );
#3760=AXIS2_PLACEMENT_3D ( 'NONE', #87, #2843, #182 );
#3761=MECHANICAL_DESIGN_GEOMETRIC_PRESENTATION_REPRESENTATION (  '', ( #6406 ), #745 );
#3762=CARTESIAN_POINT ( 'NONE',  ( 4.000000000000000000, 0.000000000000000000, 0.000000000000000000 ) );
#3763=STYLED_ITEM ( 'NONE', ( #320 ), #1671 );
#3764=VERTEX_POINT ( 'NONE', #390 );
#3765=ADVANCED_FACE ( 'NONE', ( #6703 ), #5598, .F. );
#3766=ORIENTED_EDGE ( 'NONE', *, *, #2967, .T. );
#3767=LINE ( 'NONE', #1267, #4 );
#3768=ORIENTED_EDGE ( 'NONE', *, *, #59, .F. );
#3769=EDGE_CURVE ( 'NONE', #2395, #3561, #446, .T. );
#3770=CARTESIAN_POINT ( 'NONE',  ( 0.8750000000000021094, 0.5716990566028306020, 3.025000000000001243 ) );
#3771=CLOSED_SHELL ( 'NONE', ( #7773, #8307, #155, #2866, #6565, #8084 ) );
#3772=EDGE_CURVE ( 'NONE', #3197, #7182, #5654, .T. );
#3773=ADVANCED_FACE ( 'NONE', ( #1333 ), #3412, .F. );
#3774=LINE ( 'NONE', #1174, #432 );
#3775=ORIENTED_EDGE ( 'NONE', *, *, #3221, .T. );
#3776=AXIS2_PLACEMENT_3D ( 'NONE', #727, #2843, #182 );
#3777=ORIENTED_EDGE ( 'NONE', *, *, #8433, .T. );
#3778=VERTEX_POINT ( 'NONE', #4899 );
#3779=ORIENTED_EDGE ( 'NONE', *, *, #6814, .T. );
#3780=LINE ( 'NONE', #6870, #4 );
#3781=EDGE_CURVE ( 'NONE', #4114, #456, #2698, .T. );
#3782=CARTESIAN_POINT ( 'NONE',  ( -1.374999999999997780, 0.000000000000000000, 3.025000000000001243 ) );
#3783=EDGE_CURVE ( 'NONE', #8614, #3300, #6865, .T. );
#3784=ORIENTED_EDGE ( 'NONE', *, *, #4493, .F. );
#3785=LINE ( 'NONE', #222, #365 );
#3786=ORIENTED_EDGE ( 'NONE', *, *, #3951, .T. );
#3787=ORIENTED_EDGE ( 'NONE', *, *, #2376, .T. );
#3788=FACE_OUTER_BOUND ( 'NONE', #2196, .T. );
#3789=EDGE_LOOP ( 'NONE', ( #4329, #3114, #52, #3385 ) );
#3790=FACE_OUTER_BOUND ( 'NONE', #3822, .T. );
#3791=CARTESIAN_POINT ( 'NONE',  ( -3.024999999999999467, 0.1000000000000001027, 1.625000000000001110 ) );
#3792=ORIENTED_EDGE ( 'NONE', *, *, #2743, .F. );
#3793=ADVANCED_FACE ( 'NONE', ( #7273 ), #8446, .T. );
#3794=FACE_OUTER_BOUND ( 'NONE', #8335, .T. );
#3795=ORIENTED_EDGE ( 'NONE', *, *, #1454, .T. );
#3796=LINE ( 'NONE', #451, #200 );
#3797=ORIENTED_EDGE ( 'NONE', *, *, #2523, .F. );
#3798=ORIENTED_EDGE ( 'NONE', *, *, #7317, .F. );
#3799=AXIS2_PLACEMENT_3D ( 'NONE', #3239, #128, #51 );
#3800=CARTESIAN_POINT ( 'NONE',  ( -3.499999999999999556, 12.31949493661166706, -3.499999999999999556 ) );
#3801=ADVANCED_FACE ( 'NONE', ( #7887 ), #1979, .F. );
#3802=ADVANCED_FACE ( 'NONE', ( #1157 ), #6824, .F. );
#3803=AXIS2_PLACEMENT_3D ( 'NONE', #1926, #51, #32 );
#3804=EDGE_CURVE ( 'NONE', #4724, #5909, #2215, .T. );
#3805=FACE_OUTER_BOUND ( 'NONE', #7491, .T. );
#3806=AXIS2_PLACEMENT_3D ( 'NONE', #669, #21, #526 );
#3807=ADVANCED_FACE ( 'NONE', ( #3805 ), #7592, .F. );
#3808=AXIS2_PLACEMENT_3D ( 'NONE', #979, #109, #21 );
#3809=ORIENTED_EDGE ( 'NONE', *, *, #2264, .F. );
#3810=EDGE_LOOP ( 'NONE', ( #1636, #6810, #3447, #7472 ) );
#3811=FACE_OUTER_BOUND ( 'NONE', #6770, .T. );
#3812=ORIENTED_EDGE ( 'NONE', *, *, #5012, .F. );
#3813=AXIS2_PLACEMENT_3D ( 'NONE', #828, #2452, #5 );
#3814=ADVANCED_FACE ( 'NONE', ( #6421 ), #8160, .F. );
#3815=LINE ( 'NONE', #326, #4 );
#3816=LINE ( 'NONE', #6465, #4 );
#3817=AXIS2_PLACEMENT_3D ( 'NONE', #4668, #109, #21 );
#3818=EDGE_LOOP ( 'NONE', ( #2677, #3997, #297, #6495 ) );
#3819=EDGE_CURVE ( 'NONE', #6984, #6383, #4992, .T. );
#3820=ORIENTED_EDGE ( 'NONE', *, *, #59, .T. );
#3821=EDGE_LOOP ( 'NONE', ( #8323, #2532, #5357, #5723 ) );
#3822=EDGE_LOOP ( 'NONE', ( #3812, #8342, #4247, #8067 ) );
#3823=ORIENTED_EDGE ( 'NONE', *, *, #4416, .F. );
#3824=LINE ( 'NONE', #592, #83 );
#3825=EDGE_CURVE ( 'NONE', #5594, #4785, #2344, .T. );
#3826=ORIENTED_EDGE ( 'NONE', *, *, #3363, .T. );
#3827=ORIENTED_EDGE ( 'NONE', *, *, #3505, .F. );
#3828=ORIENTED_EDGE ( 'NONE', *, *, #1555, .F. );
#3829=LINE ( 'NONE', #1294, #365 );
#3830=ADVANCED_FACE ( 'NONE', ( #7476 ), #7625, .F. );
#3831=EDGE_CURVE ( 'NONE', #7572, #8625, #5156, .T. );
#3832=AXIS2_PLACEMENT_3D ( 'NONE', #5053, #3, #86 );
#3833=EDGE_LOOP ( 'NONE', ( #7937, #2043, #7187, #92 ) );
#3834=ORIENTED_EDGE ( 'NONE', *, *, #1061, .F. );
#3835=LINE ( 'NONE', #2336, #207 );
#3836=ORIENTED_EDGE ( 'NONE', *, *, #2109, .F. );
#3837=LINE ( 'NONE', #4211, #30 );
#3838=CARTESIAN_POINT ( 'NONE',  ( -2.874999999999998668, 0.5716990566028306020, -3.025000000000000355 ) );
#3839=ORIENTED_EDGE ( 'NONE', *, *, #8278, .F. );
#3840=FACE_OUTER_BOUND ( 'NONE', #1613, .T. );
#3841=FACE_OUTER_BOUND ( 'NONE', #2964, .T. );
#3842=PLANE ( 'NONE',  #1207 );
#3843=CARTESIAN_POINT ( 'NONE',  ( -4.336808689942017736E-16, 0.000000000000000000, 2.475000000000000089 ) );
#3844=FACE_OUTER_BOUND ( 'NONE', #7075, .T. );
#3845=CARTESIAN_POINT ( 'NONE',  ( 3.024999999999999467, 0.000000000000000000, -1.374999999999999112 ) );
#3846=ORIENTED_EDGE ( 'NONE', *, *, #6907, .F. );
#3847=FACE_OUTER_BOUND ( 'NONE', #4078, .T. );
#3848=ADVANCED_FACE ( 'NONE', ( #6972 ), #2316, .T. );
#3849=ORIENTED_EDGE ( 'NONE', *, *, #4879, .F. );
#3850=CARTESIAN_POINT ( 'NONE',  ( -3.424999999999999822, 0.09999999999999999167, 2.375000000000000888 ) );
#3851=ORIENTED_EDGE ( 'NONE', *, *, #308, .F. );
#3852=PLANE ( 'NONE',  #5258 );
#3853=EDGE_CURVE ( 'NONE', #3355, #4004, #6301, .T. );
#3854=ORIENTED_EDGE ( 'NONE', *, *, #638, .F. );
#3855=EDGE_CURVE ( 'NONE', #116, #6815, #1557, .T. );
#3856=ORIENTED_EDGE ( 'NONE', *, *, #6055, .T. );
#3857=ORIENTED_EDGE ( 'NONE', *, *, #5211, .F. );
#3858=PLANE ( 'NONE',  #1848 );
#3859=LINE ( 'NONE', #5851, #83 );
#3860=ORIENTED_EDGE ( 'NONE', *, *, #7594, .T. );
#3861=FACE_OUTER_BOUND ( 'NONE', #8700, .T. );
#3862=VERTEX_POINT ( 'NONE', #538 );
#3863=ORIENTED_EDGE ( 'NONE', *, *, #6436, .F. );
#3864=ORIENTED_EDGE ( 'NONE', *, *, #6353, .F. );
#3865=LINE ( 'NONE', #1174, #206 );
#3866=AXIS2_PLACEMENT_3D ( 'NONE', #863, #46, #21 );
#3867=LINE ( 'NONE', #892, #6 );
#3868=ADVANCED_FACE ( 'NONE', ( #5030 ), #8609, .F. );
#3869=EDGE_LOOP ( 'NONE', ( #7044, #4035, #1986, #6875 ) );
#3870=EDGE_CURVE ( 'NONE', #7912, #3956, #5074, .T. );
#3871=VERTEX_POINT ( 'NONE', #5893 );
#3872=AXIS2_PLACEMENT_3D ( 'NONE', #421, #585, #105 );
#3873=EDGE_CURVE ( 'NONE', #6857, #4665, #7080, .T. );
#3874=VERTEX_POINT ( 'NONE', #835 );
#3875=CARTESIAN_POINT ( 'NONE',  ( 2.375000000000001776, 0.000000000000000000, -3.025000000000000355 ) );
#3876=EDGE_LOOP ( 'NONE', ( #4217, #6013, #4321, #2854 ) );
#3877=LINE ( 'NONE', #4491, #224 );
#3878=ORIENTED_EDGE ( 'NONE', *, *, #4299, .F. );
#3879=PLANE ( 'NONE',  #3164 );
#3880=ADVANCED_FACE ( 'NONE', ( #3167 ), #8227, .T. );
#3881=CARTESIAN_POINT ( 'NONE',  ( 1.375000000000001998, 0.5716990566028306020, 3.025000000000001243 ) );
#3882=LINE ( 'NONE', #1446, #365 );
#3883=ORIENTED_EDGE ( 'NONE', *, *, #4195, .F. );
#3884=LINE ( 'NONE', #353, #30 );
#3885=PLANE ( 'NONE',  #939 );
#3886=ORIENTED_EDGE ( 'NONE', *, *, #6534, .T. );
#3887=FACE_OUTER_BOUND ( 'NONE', #8295, .T. );
#3888=ORIENTED_EDGE ( 'NONE', *, *, #527, .F. );
#3889=EDGE_CURVE ( 'NONE', #8320, #5594, #327, .T. );
#3890=FACE_OUTER_BOUND ( 'NONE', #4721, .T. );
#3891=EDGE_CURVE ( 'NONE', #8704, #1832, #936, .T. );
#3892=PRESENTATION_LAYER_ASSIGNMENT (  '', '', ( #7035 ) );
#3893=FACE_OUTER_BOUND ( 'NONE', #286, .T. );
#3894=ORIENTED_EDGE ( 'NONE', *, *, #2842, .T. );
#3895=VERTEX_POINT ( 'NONE', #1047 );
#3896=AXIS2_PLACEMENT_3D ( 'NONE', #1495, #4311, #731 );
#3897=EDGE_LOOP ( 'NONE', ( #1960, #7298, #509, #3857 ) );
#3898=AXIS2_PLACEMENT_3D ( 'NONE', #1512, #45, #168 );
#3899=ORIENTED_EDGE ( 'NONE', *, *, #3221, .F. );
#3900=LINE ( 'NONE', #3992, #6 );
#3901=ORIENTED_EDGE ( 'NONE', *, *, #22, .T. );
#3902=ADVANCED_FACE ( 'NONE', ( #3844 ), #5243, .T. );
#3903=ADVANCED_FACE ( 'NONE', ( #8299 ), #6498, .F. );
#3904=EDGE_CURVE ( 'NONE', #1450, #3596, #6658, .T. );
#3905=DIRECTION ( 'NONE',  ( 1.000000000000000000, 0.000000000000000000, 8.761229676650540906E-17 ) );
#3906=PLANE ( 'NONE',  #7653 );
#3907=EDGE_CURVE ( 'NONE', #4964, #6952, #4583, .T. );
#3908=CARTESIAN_POINT ( 'NONE',  ( 3.424999999999999822, 0.1000000000000001027, -1.374999999999999112 ) );
#3909=EDGE_LOOP ( 'NONE', ( #6645, #6571, #2630, #8120 ) );
#3910=ORIENTED_EDGE ( 'NONE', *, *, #2669, .T. );
#3911=ORIENTED_EDGE ( 'NONE', *, *, #6176, .F. );
#3912=ORIENTED_EDGE ( 'NONE', *, *, #2724, .F. );
#3913=EDGE_CURVE ( 'NONE', #3391, #7144, #1765, .T. );
#3914=AXIS2_PLACEMENT_3D ( 'NONE', #1603, #21, #526 );
#3915=EDGE_LOOP ( 'NONE', ( #2199, #7995, #3883, #4390 ) );
#3916=LINE ( 'NONE', #1931, #166 );
#3917=FACE_OUTER_BOUND ( 'NONE', #1114, .T. );
#3918=PLANE ( 'NONE',  #8409 );
#3919=FACE_OUTER_BOUND ( 'NONE', #6359, .T. );
#3920=EDGE_CURVE ( 'NONE', #2602, #5140, #3353, .T. );
#3921=PLANE ( 'NONE',  #5779 );
#3922=VERTEX_POINT ( 'NONE', #6053 );
#3923=LINE ( 'NONE', #5313, #30 );
#3924=LINE ( 'NONE', #1860, #6 );
#3925=VERTEX_POINT ( 'NONE', #322 );
#3926=LINE ( 'NONE', #2498, #260 );
#3927=VERTEX_POINT ( 'NONE', #7734 );
#3928=AXIS2_PLACEMENT_3D ( 'NONE', #1508, #32, #5 );
#3929=PLANE ( 'NONE',  #2720 );
#3930=EDGE_CURVE ( 'NONE', #2403, #7709, #7771, .T. );
#3931=PLANE ( 'NONE',  #4222 );
#3932=ADVANCED_FACE ( 'NONE', ( #6540 ), #5070, .F. );
#3933=LINE ( 'NONE', #6577, #30 );
#3934=ORIENTED_EDGE ( 'NONE', *, *, #2389, .F. );
#3935=PRESENTATION_LAYER_ASSIGNMENT (  '', '', ( #5228 ) );
#3936=VERTEX_POINT ( 'NONE', #987 );
#3937=LINE ( 'NONE', #4628, #30 );
#3938=EDGE_CURVE ( 'NONE', #3952, #3109, #6616, .T. );
#3939=PLANE ( 'NONE',  #3507 );
#3940=MECHANICAL_DESIGN_GEOMETRIC_PRESENTATION_REPRESENTATION (  '', ( #4677 ), #6445 );
#3941=VECTOR ( 'NONE', #8109, 1000.000000000000000 );
#3942=ORIENTED_EDGE ( 'NONE', *, *, #3599, .T. );
#3943=LINE ( 'NONE', #3272, #28 );
#3944=CARTESIAN_POINT ( 'NONE',  ( 3.424999999999999822, 0.1000000000000001027, 1.875000000000000888 ) );
#3945=ORIENTED_EDGE ( 'NONE', *, *, #4672, .T. );
#3946=VERTEX_POINT ( 'NONE', #5198 );
#3947=ORIENTED_EDGE ( 'NONE', *, *, #8130, .T. );
#3948=LINE ( 'NONE', #7333, #30 );
#3949=EDGE_CURVE ( 'NONE', #7339, #7709, #7838, .T. );
#3950=ORIENTED_EDGE ( 'NONE', *, *, #8675, .T. );
#3951=EDGE_CURVE ( 'NONE', #2877, #5702, #3498, .T. );
#3952=VERTEX_POINT ( 'NONE', #6737 );
#3953=FACE_OUTER_BOUND ( 'NONE', #473, .T. );
#3954=ORIENTED_EDGE ( 'NONE', *, *, #7383, .T. );
#3955=ORIENTED_EDGE ( 'NONE', *, *, #6094, .F. );
#3956=VERTEX_POINT ( 'NONE', #1964 );
#3957=FACE_OUTER_BOUND ( 'NONE', #5149, .T. );
#3958=EDGE_CURVE ( 'NONE', #6570, #7453, #5409, .T. );
#3959=VERTEX_POINT ( 'NONE', #1201 );
#3960=ADVANCED_FACE ( 'NONE', ( #8361 ), #6818, .F. );
#3961=LINE ( 'NONE', #532, #6 );
#3962=PLANE ( 'NONE',  #766 );
#3963=FACE_OUTER_BOUND ( 'NONE', #1736, .T. );
#3964=ORIENTED_EDGE ( 'NONE', *, *, #2267, .T. );
#3965=LINE ( 'NONE', #4005, #365 );
#3966=ORIENTED_EDGE ( 'NONE', *, *, #5102, .F. );
#3967=CYLINDRICAL_SURFACE ( 'NONE', #3813, 0.1909966547740992171 );
#3968=ORIENTED_EDGE ( 'NONE', *, *, #4163, .T. );
#3969=FACE_OUTER_BOUND ( 'NONE', #283, .T. );
#3970=VERTEX_POINT ( 'NONE', #373 );
#3971=EDGE_CURVE ( 'NONE', #2750, #3094, #8507, .T. );
#3972=ADVANCED_FACE ( 'NONE', ( #7916 ), #2736, .F. );
#3973=ADVANCED_FACE ( 'NONE', ( #7265 ), #1706, .T. );
#3974=LINE ( 'NONE', #979, #30 );
#3975=LINE ( 'NONE', #159, #30 );
#3976=LINE ( 'NONE', #3843, #4675 );
#3977=ORIENTED_EDGE ( 'NONE', *, *, #1048, .T. );
#3978=EDGE_LOOP ( 'NONE', ( #7909, #6945, #5838, #798 ) );
#3979=ORIENTED_EDGE ( 'NONE', *, *, #8129, .F. );
#3980=EDGE_CURVE ( 'NONE', #1740, #4101, #7984, .T. );
#3981=EDGE_LOOP ( 'NONE', ( #3888, #8108, #7358, #5393 ) );
#3982=EDGE_CURVE ( 'NONE', #3895, #2727, #2059, .T. );
#3983=PLANE ( 'NONE',  #1345 );
#3984=EDGE_CURVE ( 'NONE', #4408, #659, #312, .T. );
#3985=FACE_OUTER_BOUND ( 'NONE', #2192, .T. );
#3986=ORIENTED_EDGE ( 'NONE', *, *, #5918, .F. );
#3987=ORIENTED_EDGE ( 'NONE', *, *, #6209, .T. );
#3988=ADVANCED_FACE ( 'NONE', ( #2783 ), #5832, .F. );
#3989=EDGE_LOOP ( 'NONE', ( #1062, #4997, #4070, #4335 ) );
#3990=EDGE_LOOP ( 'NONE', ( #1932, #7208, #2785, #4458 ) );
#3991=LINE ( 'NONE', #2040, #83 );
#3992=CARTESIAN_POINT ( 'NONE',  ( -3.024999999999999467, 0.000000000000000000, 2.375000000000000888 ) );
#3993=ORIENTED_EDGE ( 'NONE', *, *, #6343, .T. );
#3994=LINE ( 'NONE', #2318, #4 );
#3995=LINE ( 'NONE', #324, #6 );
#3996=EDGE_CURVE ( 'NONE', #534, #4093, #7955, .T. );
#3997=ORIENTED_EDGE ( 'NONE', *, *, #8475, .T. );
#3998=ORIENTED_EDGE ( 'NONE', *, *, #5023, .F. );
#3999=ORIENTED_EDGE ( 'NONE', *, *, #1712, .F. );
#4000=LINE ( 'NONE', #2000, #432 );
#4001=FACE_OUTER_BOUND ( 'NONE', #425, .T. );
#4002=EDGE_LOOP ( 'NONE', ( #7446, #4258, #8691, #1057 ) );
#4003=FACE_OUTER_BOUND ( 'NONE', #7518, .T. );
#4004=VERTEX_POINT ( 'NONE', #4079 );
#4005=CARTESIAN_POINT ( 'NONE',  ( 3.024999999999999467, 0.09999999999999999167, 0.6250000000000009992 ) );
#4006=EDGE_CURVE ( 'NONE', #7525, #8614, #1318, .T. );
#4007=ORIENTED_EDGE ( 'NONE', *, *, #378, .F. );
#4008=ORIENTED_EDGE ( 'NONE', *, *, #3612, .T. );
#4009=LINE ( 'NONE', #4664, #166 );
#4010=PLANE ( 'NONE',  #8442 );
#4011=MECHANICAL_DESIGN_GEOMETRIC_PRESENTATION_REPRESENTATION (  '', ( #2849 ), #7123 );
#4012=VERTEX_POINT ( 'NONE', #298 );
#4013=VERTEX_POINT ( 'NONE', #4039 );
#4014=VERTEX_POINT ( 'NONE', #8403 );
#4015=EDGE_CURVE ( 'NONE', #1649, #4845, #754, .T. );
#4016=EDGE_CURVE ( 'NONE', #6675, #6570, #1149, .T. );
#4017=ADVANCED_FACE ( 'NONE', ( #7033 ), #610, .F. );
#4018=FACE_OUTER_BOUND ( 'NONE', #6082, .T. );
#4019=LINE ( 'NONE', #7312, #365 );
#4020=ORIENTED_EDGE ( 'NONE', *, *, #3692, .F. );
#4021=AXIS2_PLACEMENT_3D ( 'NONE', #1871, #51, #32 );
#4022=EDGE_CURVE ( 'NONE', #5399, #4095, #7615, .T. );
#4023=PLANE ( 'NONE',  #3286 );
#4024=LINE ( 'NONE', #1603, #30 );
#4025=ORIENTED_EDGE ( 'NONE', *, *, #2109, .T. );
#4026=EDGE_CURVE ( 'NONE', #5008, #1369, #2305, .T. );
#4027=EDGE_LOOP ( 'NONE', ( #3383, #4795, #6173, #2093 ) );
#4028=LINE ( 'NONE', #1490, #4 );
#4029=LINE ( 'NONE', #6670, #432 );
#4030=LINE ( 'NONE', #4918, #365 );
#4031=ORIENTED_EDGE ( 'NONE', *, *, #167, .T. );
#4032=ORIENTED_EDGE ( 'NONE', *, *, #8512, .T. );
#4033=AXIS2_PLACEMENT_3D ( 'NONE', #1039, #526, #130 );
#4034=DIRECTION ( 'NONE',  ( -1.000000000000000000, 0.000000000000000000, -1.752245935330108181E-16 ) );
#4035=ORIENTED_EDGE ( 'NONE', *, *, #3437, .T. );
#4036=EDGE_CURVE ( 'NONE', #3283, #3251, #6964, .T. );
#4037=VERTEX_POINT ( 'NONE', #7002 );
#4038=ADVANCED_FACE ( 'NONE', ( #3627 ), #2972, .F. );
#4039=CARTESIAN_POINT ( 'NONE',  ( 2.875000000000000888, 0.000000000000000000, -3.025000000000000355 ) );
#4040=EDGE_CURVE ( 'NONE', #380, #3764, #1595, .T. );
#4041=EDGE_LOOP ( 'NONE', ( #5677, #7322, #7856, #737 ) );
#4042=PLANE ( 'NONE',  #4646 );
#4043=AXIS2_PLACEMENT_3D ( 'NONE', #1444, #526, #130 );
#4044=LINE ( 'NONE', #4659, #30 );
#4045=PLANE ( 'NONE',  #1935 );
#4046=EDGE_LOOP ( 'NONE', ( #4745, #6872, #7091, #52 ) );
#4047=ORIENTED_EDGE ( 'NONE', *, *, #4251, .F. );
#4048=EDGE_LOOP ( 'NONE', ( #8600, #4673, #112, #8498 ) );
#4049=( GEOMETRIC_REPRESENTATION_CONTEXT ( 3 ) GLOBAL_UNCERTAINTY_ASSIGNED_CONTEXT ( ( #12 ) ) GLOBAL_UNIT_ASSIGNED_CONTEXT ( ( #359, #272, #78 ) ) REPRESENTATION_CONTEXT ( 'NONE', 'WORKASPACE' ) );
#4050=AXIS2_PLACEMENT_3D ( 'NONE', #809, #32, #5 );
#4051=( GEOMETRIC_REPRESENTATION_CONTEXT ( 3 ) GLOBAL_UNCERTAINTY_ASSIGNED_CONTEXT ( ( #12 ) ) GLOBAL_UNIT_ASSIGNED_CONTEXT ( ( #359, #272, #78 ) ) REPRESENTATION_CONTEXT ( 'NONE', 'WORKASPACE' ) );
#4052=ORIENTED_EDGE ( 'NONE', *, *, #8557, .F. );
#4053=ADVANCED_FACE ( 'NONE', ( #8045 ), #5105, .T. );
#4054=CARTESIAN_POINT ( 'NONE',  ( 3.024999999999999467, 0.1000000000000001027, -2.624999999999999112 ) );
#4055=FACE_OUTER_BOUND ( 'NONE', #2284, .T. );
#4056=FILL_AREA_STYLE_COLOUR ( '', #1040 );
#4057=CLOSED_SHELL ( 'NONE', ( #2672, #1565, #6745, #972, #4038, #8603 ) );
#4058=PLANE ( 'NONE',  #922 );
#4059=ORIENTED_EDGE ( 'NONE', *, *, #1859, .T. );
#4060=ORIENTED_EDGE ( 'NONE', *, *, #3192, .F. );
#4061=VERTEX_POINT ( 'NONE', #2204 );
#4062=LINE ( 'NONE', #379, #432 );
#4063=VERTEX_POINT ( 'NONE', #4491 );
#4064=AXIS2_PLACEMENT_3D ( 'NONE', #882, #168, #128 );
#4065=AXIS2_PLACEMENT_3D ( 'NONE', #6896, #45, #168 );
#4066=ORIENTED_EDGE ( 'NONE', *, *, #3600, .F. );
#4067=CARTESIAN_POINT ( 'NONE',  ( -3.424999999999999822, 0.1000000000000001027, 1.875000000000001332 ) );
#4068=EDGE_CURVE ( 'NONE', #692, #8695, #7466, .T. );
#4069=ORIENTED_EDGE ( 'NONE', *, *, #5900, .T. );
#4070=ORIENTED_EDGE ( 'NONE', *, *, #7422, .F. );
#4071=LINE ( 'NONE', #54, #6 );
#4072=ORIENTED_EDGE ( 'NONE', *, *, #4853, .F. );
#4073=EDGE_CURVE ( 'NONE', #6768, #8118, #1374, .T. );
#4074=PLANE ( 'NONE',  #5923 );
#4075=FACE_OUTER_BOUND ( 'NONE', #1373, .T. );
#4076=EDGE_CURVE ( 'NONE', #8107, #3549, #1484, .T. );
#4077=PLANE ( 'NONE',  #3631 );
#4078=EDGE_LOOP ( 'NONE', ( #3901, #5896, #1869, #7417 ) );
#4079=CARTESIAN_POINT ( 'NONE',  ( 3.024999999999999467, 0.000000000000000000, 2.625000000000000444 ) );
#4080=EDGE_LOOP ( 'NONE', ( #6091, #3008, #7065, #975 ) );
#4081=PLANE ( 'NONE',  #5833 );
#4082=VERTEX_POINT ( 'NONE', #8572 );
#4083=ORIENTED_EDGE ( 'NONE', *, *, #6055, .F. );
#4084=ORIENTED_EDGE ( 'NONE', *, *, #1803, .T. );
#4085=ADVANCED_FACE ( 'NONE', ( #2252 ), #7582, .F. );
#4086=ADVANCED_FACE ( 'NONE', ( #1541 ), #7503, .F. );
#4087=EDGE_CURVE ( 'NONE', #8158, #5175, #7541, .T. );
#4088=LINE ( 'NONE', #3421, #4 );
#4089=EDGE_LOOP ( 'NONE', ( #5057, #6724, #900, #8011 ) );
#4090=STYLED_ITEM ( 'NONE', ( #320 ), #7170 );
#4091=CARTESIAN_POINT ( 'NONE',  ( 3.024999999999999467, 0.5716990566028302689, 2.125000000000000888 ) );
#4092=FACE_OUTER_BOUND ( 'NONE', #2913, .T. );
#4093=VERTEX_POINT ( 'NONE', #2836 );
#4094=VERTEX_POINT ( 'NONE', #2138 );
#4095=VERTEX_POINT ( 'NONE', #5769 );
#4096=LINE ( 'NONE', #1939, #206 );
#4097=ORIENTED_EDGE ( 'NONE', *, *, #7808, .F. );
#4098=EDGE_CURVE ( 'NONE', #3874, #6984, #8151, .T. );
#4099=CARTESIAN_POINT ( 'NONE',  ( 0.1250000000000014155, 0.000000000000000000, -3.025000000000000355 ) );
#4100=PRESENTATION_LAYER_ASSIGNMENT (  '', '', ( #632 ) );
#4101=VERTEX_POINT ( 'NONE', #3791 );
#4102=FACE_OUTER_BOUND ( 'NONE', #2487, .T. );
#4103=FACE_OUTER_BOUND ( 'NONE', #50, .T. );
#4104=ADVANCED_FACE ( 'NONE', ( #4710 ), #3921, .F. );
#4105=VERTEX_POINT ( 'NONE', #3107 );
#4106=LINE ( 'NONE', #6163, #30 );
#4107=PLANE ( 'NONE',  #2002 );
#4108=PLANE ( 'NONE',  #6653 );
#4109=ORIENTED_EDGE ( 'NONE', *, *, #3386, .T. );
#4110=EDGE_CURVE ( 'NONE', #2682, #4082, #1700, .T. );
#4111=VERTEX_POINT ( 'NONE', #1790 );
#4112=ORIENTED_EDGE ( 'NONE', *, *, #6169, .F. );
#4113=LINE ( 'NONE', #1467, #365 );
#4114=VERTEX_POINT ( 'NONE', #4444 );
#4115=EDGE_CURVE ( 'NONE', #7710, #2782, #4617, .T. );
#4116=LINE ( 'NONE', #2489, #550 );
#4117=ORIENTED_EDGE ( 'NONE', *, *, #6119, .F. );
#4118=ORIENTED_EDGE ( 'NONE', *, *, #6403, .F. );
#4119=PLANE ( 'NONE',  #7952 );
#4120=VERTEX_POINT ( 'NONE', #1134 );
#4121=ORIENTED_EDGE ( 'NONE', *, *, #7580, .T. );
#4122=EDGE_CURVE ( 'NONE', #1342, #1024, #8317, .T. );
#4123=VERTEX_POINT ( 'NONE', #1860 );
#4124=CARTESIAN_POINT ( 'NONE',  ( 3.424999999999999822, 0.09999999999999999167, -0.1249999999999992506 ) );
#4125=EDGE_LOOP ( 'NONE', ( #1217, #4580, #8176, #1908 ) );
#4126=PLANE ( 'NONE',  #6182 );
#4127=CARTESIAN_POINT ( 'NONE',  ( 1.375000000000001332, 0.09999999999999999167, -3.025000000000000355 ) );
#4128=ORIENTED_EDGE ( 'NONE', *, *, #8252, .F. );
#4129=LINE ( 'NONE', #2700, #200 );
#4130=ORIENTED_EDGE ( 'NONE', *, *, #6411, .T. );
#4131=EDGE_CURVE ( 'NONE', #8539, #7465, #1645, .T. );
#4132=CARTESIAN_POINT ( 'NONE',  ( -2.374999999999998668, 0.09999999999999999167, -3.425000000000000711 ) );
#4133=ORIENTED_EDGE ( 'NONE', *, *, #1414, .F. );
#4134=ORIENTED_EDGE ( 'NONE', *, *, #2188, .F. );
#4135=ADVANCED_FACE ( 'NONE', ( #2400 ), #8703, .F. );
#4136=FACE_OUTER_BOUND ( 'NONE', #2667, .T. );
#4137=ORIENTED_EDGE ( 'NONE', *, *, #149, .F. );
#4138=ORIENTED_EDGE ( 'NONE', *, *, #5540, .F. );
#4139=LINE ( 'NONE', #503, #6 );
#4140=EDGE_LOOP ( 'NONE', ( #4083, #5443, #4671, #1466, #7244 ) );
#4141=EDGE_CURVE ( 'NONE', #5471, #3659, #7068, .T. );
#4142=PLANE ( 'NONE',  #5204 );
#4143=EDGE_CURVE ( 'NONE', #6695, #7331, #111, .T. );
#4144=EDGE_CURVE ( 'NONE', #6080, #3895, #5184, .T. );
#4145=ORIENTED_EDGE ( 'NONE', *, *, #7203, .T. );
#4146=LINE ( 'NONE', #5959, #4 );
#4147=MECHANICAL_DESIGN_GEOMETRIC_PRESENTATION_REPRESENTATION (  '', ( #6744 ), #2978 );
#4148=FACE_OUTER_BOUND ( 'NONE', #3351, .T. );
#4149=ORIENTED_EDGE ( 'NONE', *, *, #3687, .T. );
#4150=PLANE ( 'NONE',  #793 );
#4151=SURFACE_STYLE_FILL_AREA ( #7294 );
#4152=FACE_OUTER_BOUND ( 'NONE', #89, .T. );
#4153=ORIENTED_EDGE ( 'NONE', *, *, #861, .T. );
#4154=FACE_OUTER_BOUND ( 'NONE', #4140, .T. );
#4155=PLANE ( 'NONE',  #7723 );
#4156=LINE ( 'NONE', #2864, #6 );
#4157=VERTEX_POINT ( 'NONE', #1836 );
#4158=ADVANCED_FACE ( 'NONE', ( #8183 ), #7645, .T. );
#4159=ORIENTED_EDGE ( 'NONE', *, *, #4760, .F. );
#4160=ORIENTED_EDGE ( 'NONE', *, *, #1362, .T. );
#4161=LINE ( 'NONE', #363, #83 );
#4162=PLANE ( 'NONE',  #5796 );
#4163=EDGE_CURVE ( 'NONE', #2176, #3000, #5096, .T. );
#4164=FACE_OUTER_BOUND ( 'NONE', #1683, .T. );
#4165=LINE ( 'NONE', #3496, #30 );
#4166=ADVANCED_FACE ( 'NONE', ( #8219 ), #394, .F. );
#4167=LINE ( 'NONE', #1941, #224 );
#4168=VERTEX_POINT ( 'NONE', #1749 );
#4169=EDGE_CURVE ( 'NONE', #3291, #5886, #2492, .T. );
#4170=EDGE_LOOP ( 'NONE', ( #838, #2665, #7346, #4855 ) );
#4171=ORIENTED_EDGE ( 'NONE', *, *, #3424, .F. );
#4172=ORIENTED_EDGE ( 'NONE', *, *, #2502, .F. );
#4173=LINE ( 'NONE', #2765, #260 );
#4174=PLANE ( 'NONE',  #8726 );
#4175=ORIENTED_EDGE ( 'NONE', *, *, #1635, .T. );
#4176=PLANE ( 'NONE',  #3650 );
#4177=PLANE ( 'NONE',  #902 );
#4178=ORIENTED_EDGE ( 'NONE', *, *, #1578, .F. );
#4179=ORIENTED_EDGE ( 'NONE', *, *, #5641, .F. );
#4180=CARTESIAN_POINT ( 'NONE',  ( 1.625000000000002665, 0.09999999999999999167, 3.025000000000001243 ) );
#4181=AXIS2_PLACEMENT_3D ( 'NONE', #336, #46, #21 );
#4182=EDGE_CURVE ( 'NONE', #3659, #5254, #5311, .T. );
#4183=EDGE_CURVE ( 'NONE', #2594, #5250, #2416, .T. );
#4184=ORIENTED_EDGE ( 'NONE', *, *, #2660, .T. );
#4185=ORIENTED_EDGE ( 'NONE', *, *, #2149, .T. );
#4186=ORIENTED_EDGE ( 'NONE', *, *, #1663, .F. );
#4187=PLANE ( 'NONE',  #929 );
#4188=AXIS2_PLACEMENT_3D ( 'NONE', #397, #5, #46 );
#4189=FACE_OUTER_BOUND ( 'NONE', #229, .T. );
#4190=ADVANCED_FACE ( 'NONE', ( #2676 ), #1021, .F. );
#4191=CARTESIAN_POINT ( 'NONE',  ( 3.424999999999999822, 0.000000000000000000, 0.8750000000000007772 ) );
#4192=( GEOMETRIC_REPRESENTATION_CONTEXT ( 3 ) GLOBAL_UNCERTAINTY_ASSIGNED_CONTEXT ( ( #12 ) ) GLOBAL_UNIT_ASSIGNED_CONTEXT ( ( #359, #272, #78 ) ) REPRESENTATION_CONTEXT ( 'NONE', 'WORKASPACE' ) );
#4193=ADVANCED_FACE ( 'NONE', ( #7943 ), #4058, .F. );
#4194=CARTESIAN_POINT ( 'NONE',  ( -3.024999999999999467, 0.000000000000000000, -2.624999999999999112 ) );
#4195=EDGE_CURVE ( 'NONE', #8625, #1528, #2770, .T. );
#4196=LINE ( 'NONE', #2040, #6 );
#4197=FACE_OUTER_BOUND ( 'NONE', #5413, .T. );
#4198=ORIENTED_EDGE ( 'NONE', *, *, #240, .T. );
#4199=LINE ( 'NONE', #1004, #269 );
#4200=ORIENTED_EDGE ( 'NONE', *, *, #185, .F. );
#4201=EDGE_LOOP ( 'NONE', ( #1942, #876, #3100, #680 ) );
#4202=VERTEX_POINT ( 'NONE', #742 );
#4203=CARTESIAN_POINT ( 'NONE',  ( -3.024999999999999467, 0.5716990566028302689, 2.625000000000000000 ) );
#4204=( GEOMETRIC_REPRESENTATION_CONTEXT ( 3 ) GLOBAL_UNCERTAINTY_ASSIGNED_CONTEXT ( ( #12 ) ) GLOBAL_UNIT_ASSIGNED_CONTEXT ( ( #359, #272, #78 ) ) REPRESENTATION_CONTEXT ( 'NONE', 'WORKASPACE' ) );
#4205=PLANE ( 'NONE',  #3482 );
#4206=VERTEX_POINT ( 'NONE', #2904 );
#4207=ORIENTED_EDGE ( 'NONE', *, *, #337, .F. );
#4208=LINE ( 'NONE', #6207, #1659 );
#4209=EDGE_CURVE ( 'NONE', #1433, #5140, #4648, .T. );
#4210=ORIENTED_EDGE ( 'NONE', *, *, #2925, .T. );
#4211=CARTESIAN_POINT ( 'NONE',  ( 2.875000000000000888, 0.5716990566028306020, -3.025000000000000355 ) );
#4212=VERTEX_POINT ( 'NONE', #3108 );
#4213=CARTESIAN_POINT ( 'NONE',  ( -4.336808689942017736E-16, 7.100357133746822313, 2.475000000000000089 ) );
#4214=CARTESIAN_POINT ( 'NONE',  ( 3.424999999999999822, 0.09999999999999999167, 0.3750000000000007772 ) );
#4215=AXIS2_PLACEMENT_3D ( 'NONE', #2445, #3, #86 );
#4216=ADVANCED_FACE ( 'NONE', ( #7251 ), #1076, .F. );
#4217=ORIENTED_EDGE ( 'NONE', *, *, #4122, .F. );
#4218=CLOSED_SHELL ( 'NONE', ( #6977, #4017, #1052, #894, #8679, #2833 ) );
#4219=ORIENTED_EDGE ( 'NONE', *, *, #6584, .T. );
#4220=ADVANCED_FACE ( 'NONE', ( #1131 ), #4789, .T. );
#4221=CARTESIAN_POINT ( 'NONE',  ( -3.424999999999999822, 0.000000000000000000, -1.874999999999999112 ) );
#4222=AXIS2_PLACEMENT_3D ( 'NONE', #1871, #32, #5 );
#4223=ORIENTED_EDGE ( 'NONE', *, *, #5790, .F. );
#4224=VERTEX_POINT ( 'NONE', #1248 );
#4225=LINE ( 'NONE', #326, #365 );
#4226=ADVANCED_FACE ( 'NONE', ( #4152 ), #1706, .T. );
#4227=PLANE ( 'NONE',  #741 );
#4228=ORIENTED_EDGE ( 'NONE', *, *, #6018, .T. );
#4229=ORIENTED_EDGE ( 'NONE', *, *, #5153, .T. );
#4230=EDGE_CURVE ( 'NONE', #6245, #2289, #171, .T. );
#4231=VERTEX_POINT ( 'NONE', #6622 );
#4232=EDGE_LOOP ( 'NONE', ( #1898, #148, #3205, #4490 ) );
#4233=VERTEX_POINT ( 'NONE', #6356 );
#4234=CARTESIAN_POINT ( 'NONE',  ( -1.874999999999998668, 0.000000000000000000, -3.425000000000001155 ) );
#4235=PLANE ( 'NONE',  #4501 );
#4236=VERTEX_POINT ( 'NONE', #419 );
#4237=EDGE_CURVE ( 'NONE', #223, #2621, #356, .T. );
#4238=ORIENTED_EDGE ( 'NONE', *, *, #2723, .T. );
#4239=PLANE ( 'NONE',  #6899 );
#4240=FACE_OUTER_BOUND ( 'NONE', #3634, .T. );
#4241=ORIENTED_EDGE ( 'NONE', *, *, #1088, .F. );
#4242=LINE ( 'NONE', #6844, #4 );
#4243=LINE ( 'NONE', #1945, #260 );
#4244=EDGE_LOOP ( 'NONE', ( #3132, #2934, #7752, #6368 ) );
#4245=LINE ( 'NONE', #1432, #6 );
#4246=ORIENTED_EDGE ( 'NONE', *, *, #8734, .T. );
#4247=ORIENTED_EDGE ( 'NONE', *, *, #5782, .F. );
#4248=EDGE_CURVE ( 'NONE', #1080, #7871, #5483, .T. );
#4249=VERTEX_POINT ( 'NONE', #2004 );
#4250=ORIENTED_EDGE ( 'NONE', *, *, #8491, .T. );
#4251=EDGE_CURVE ( 'NONE', #2479, #5719, #7974, .T. );
#4252=EDGE_CURVE ( 'NONE', #6084, #1784, #3479, .T. );
#4253=CARTESIAN_POINT ( 'NONE',  ( -3.424999999999999822, 0.000000000000000000, 2.375000000000000888 ) );
#4254=EDGE_LOOP ( 'NONE', ( #1953, #4935, #5057, #6532 ) );
#4255=AXIS2_PLACEMENT_3D ( 'NONE', #67, #5, #128 );
#4256=CARTESIAN_POINT ( 'NONE',  ( -3.024999999999999467, 0.000000000000000000, -0.6249999999999992228 ) );
#4257=LINE ( 'NONE', #4303, #432 );
#4258=ORIENTED_EDGE ( 'NONE', *, *, #2640, .T. );
#4259=LINE ( 'NONE', #2651, #83 );
#4260=VERTEX_POINT ( 'NONE', #4194 );
#4261=PLANE ( 'NONE',  #8277 );
#4262=CARTESIAN_POINT ( 'NONE',  ( 1.875000000000001776, 0.000000000000000000, -3.425000000000001155 ) );
#4263=EDGE_CURVE ( 'NONE', #219, #1038, #7054, .T. );
#4264=ORIENTED_EDGE ( 'NONE', *, *, #1798, .F. );
#4265=ADVANCED_FACE ( 'NONE', ( #5396 ), #2815, .T. );
#4266=ADVANCED_FACE ( 'NONE', ( #1356 ), #8657, .F. );
#4267=CARTESIAN_POINT ( 'NONE',  ( 0.8750000000000012212, 0.5716990566028306020, -3.025000000000000355 ) );
#4268=VERTEX_POINT ( 'NONE', #919 );
#4269=LINE ( 'NONE', #1008, #4 );
#4270=PLANE ( 'NONE',  #1977 );
#4271=CARTESIAN_POINT ( 'NONE',  ( -3.024999999999999467, 0.5716990566028302689, 1.875000000000000888 ) );
#4272=EDGE_LOOP ( 'NONE', ( #2180, #5050, #4335, #4281 ) );
#4273=ORIENTED_EDGE ( 'NONE', *, *, #1981, .F. );
#4274=ORIENTED_EDGE ( 'NONE', *, *, #8768, .F. );
#4275=VERTEX_POINT ( 'NONE', #6239 );
#4276=EDGE_CURVE ( 'NONE', #6459, #2727, #5054, .T. );
#4277=EDGE_CURVE ( 'NONE', #2828, #5572, #2957, .T. );
#4278=EDGE_CURVE ( 'NONE', #6857, #6695, #4327, .T. );
#4279=FACE_OUTER_BOUND ( 'NONE', #37, .T. );
#4280=ORIENTED_EDGE ( 'NONE', *, *, #3415, .T. );
#4281=ORIENTED_EDGE ( 'NONE', *, *, #1503, .F. );
#4282=PLANE ( 'NONE',  #5761 );
#4283=VERTEX_POINT ( 'NONE', #3696 );
#4284=PLANE ( 'NONE',  #963 );
#4285=DIRECTION ( 'NONE',  ( -8.761229676650540906E-17, 0.000000000000000000, 1.000000000000000000 ) );
#4286=PRODUCT_RELATED_PRODUCT_CATEGORY ( 'part', '', ( #8390 ) );
#4287=CARTESIAN_POINT ( 'NONE',  ( -1.374999999999998668, 0.000000000000000000, -3.425000000000000711 ) );
#4288=LINE ( 'NONE', #1995, #58 );
#4289=ORIENTED_EDGE ( 'NONE', *, *, #6194, .T. );
#4290=LINE ( 'NONE', #5451, #30 );
#4291=CARTESIAN_POINT ( 'NONE',  ( 3.424999999999999822, 0.5716990566028302689, -0.8749999999999990008 ) );
#4292=ORIENTED_EDGE ( 'NONE', *, *, #7586, .F. );
#4293=ORIENTED_EDGE ( 'NONE', *, *, #5131, .T. );
#4294=FACE_OUTER_BOUND ( 'NONE', #6861, .T. );
#4295=VERTEX_POINT ( 'NONE', #4287 );
#4296=LINE ( 'NONE', #543, #365 );
#4297=VERTEX_POINT ( 'NONE', #2291 );
#4298=PLANE ( 'NONE',  #5271 );
#4299=EDGE_CURVE ( 'NONE', #2499, #6573, #2340, .T. );
#4300=VERTEX_POINT ( 'NONE', #3049 );
#4301=VERTEX_POINT ( 'NONE', #5623 );
#4302=EDGE_CURVE ( 'NONE', #1528, #4305, #2862, .T. );
#4303=CARTESIAN_POINT ( 'NONE',  ( -0.6249999999999980016, 0.09999999999999999167, 3.025000000000001243 ) );
#4304=PLANE ( 'NONE',  #6579 );
#4305=VERTEX_POINT ( 'NONE', #533 );
#4306=LINE ( 'NONE', #1435, #30 );
#4307=ORIENTED_EDGE ( 'NONE', *, *, #2027, .F. );
#4308=LINE ( 'NONE', #2596, #6 );
#4309=FACE_BOUND ( 'NONE', #7129, .T. );
#4310=EDGE_CURVE ( 'NONE', #2875, #1003, #3611, .T. );
#4311=DIRECTION ( 'NONE',  ( -1.239088197126290817E-16, 0.000000000000000000, -1.000000000000000000 ) );
#4312=EDGE_CURVE ( 'NONE', #3039, #1195, #5573, .T. );
#4313=LINE ( 'NONE', #4456, #30 );
#4314=ORIENTED_EDGE ( 'NONE', *, *, #4627, .F. );
#4315=ORIENTED_EDGE ( 'NONE', *, *, #6813, .T. );
#4316=EDGE_LOOP ( 'NONE', ( #6782, #6210, #695, #1743 ) );
#4317=CARTESIAN_POINT ( 'NONE',  ( 0.6250000000000014433, 0.000000000000000000, -3.425000000000000711 ) );
#4318=EDGE_CURVE ( 'NONE', #1922, #2705, #2909, .T. );
#4319=EDGE_LOOP ( 'NONE', ( #1658, #5656, #921, #7374 ) );
#4320=VERTEX_POINT ( 'NONE', #4376 );
#4321=ORIENTED_EDGE ( 'NONE', *, *, #4479, .T. );
#4322=LINE ( 'NONE', #3524, #432 );
#4323=FACE_OUTER_BOUND ( 'NONE', #6604, .T. );
#4324=EDGE_CURVE ( 'NONE', #4845, #3560, #7085, .T. );
#4325=ORIENTED_EDGE ( 'NONE', *, *, #7103, .F. );
#4326=CARTESIAN_POINT ( 'NONE',  ( -0.1249999999999979461, 0.09999999999999999167, 3.025000000000001243 ) );
#4327=LINE ( 'NONE', #3622, #1015 );
#4328=VERTEX_POINT ( 'NONE', #1008 );
#4329=ORIENTED_EDGE ( 'NONE', *, *, #6471, .T. );
#4330=ORIENTED_EDGE ( 'NONE', *, *, #7324, .F. );
#4331=EDGE_LOOP ( 'NONE', ( #8385, #3738, #7571, #6492 ) );
#4332=PLANE ( 'NONE',  #7171 );
#4333=ADVANCED_FACE ( 'NONE', ( #648 ), #394, .F. );
#4334=FACE_OUTER_BOUND ( 'NONE', #2666, .T. );
#4335=ORIENTED_EDGE ( 'NONE', *, *, #7019, .F. );
#4336=LINE ( 'NONE', #5521, #6 );
#4337=EDGE_LOOP ( 'NONE', ( #8220, #6873, #7536, #7659 ) );
#4338=LINE ( 'NONE', #2920, #30 );
#4339=ORIENTED_EDGE ( 'NONE', *, *, #3477, .T. );
#4340=LINE ( 'NONE', #1866, #6 );
#4341=ORIENTED_EDGE ( 'NONE', *, *, #5458, .F. );
#4342=FACE_OUTER_BOUND ( 'NONE', #2006, .T. );
#4343=PLANE ( 'NONE',  #4363 );
#4344=ADVANCED_FACE ( 'NONE', ( #7570 ), #25, .F. );
#4345=ORIENTED_EDGE ( 'NONE', *, *, #5473, .T. );
#4346=MECHANICAL_DESIGN_GEOMETRIC_PRESENTATION_REPRESENTATION (  '', ( #7889 ), #7532 );
#4347=EDGE_CURVE ( 'NONE', #2828, #1970, #700, .T. );
#4348=ORIENTED_EDGE ( 'NONE', *, *, #6681, .F. );
#4349=AXIS2_PLACEMENT_3D ( 'NONE', #1893, #46, #21 );
#4350=AXIS2_PLACEMENT_3D ( 'NONE', #3669, #32, #5 );
#4351=PLANE ( 'NONE',  #4813 );
#4352=AXIS2_PLACEMENT_3D ( 'NONE', #2765, #548, #182 );
#4353=ORIENTED_EDGE ( 'NONE', *, *, #5463, .F. );
#4354=PLANE ( 'NONE',  #5226 );
#4355=MANIFOLD_SOLID_BREP ( 'LPattern3[15]', #5482 );
#4356=AXIS2_PLACEMENT_3D ( 'NONE', #7698, #45, #168 );
#4357=ORIENTED_EDGE ( 'NONE', *, *, #1128, .T. );
#4358=ADVANCED_FACE ( 'NONE', ( #7715 ), #3092, .T. );
#4359=ORIENTED_EDGE ( 'NONE', *, *, #8721, .F. );
#4360=EDGE_CURVE ( 'NONE', #8500, #4762, #2525, .T. );
#4361=ADVANCED_FACE ( 'NONE', ( #8765 ), #3140, .T. );
#4362=ORIENTED_EDGE ( 'NONE', *, *, #2640, .F. );
#4363=AXIS2_PLACEMENT_3D ( 'NONE', #848, #548, #182 );
#4364=ORIENTED_EDGE ( 'NONE', *, *, #7790, .F. );
#4365=ORIENTED_EDGE ( 'NONE', *, *, #2517, .T. );
#4366=ADVANCED_FACE ( 'NONE', ( #5873 ), #4471, .T. );
#4367=EDGE_LOOP ( 'NONE', ( #6248, #5969, #6890, #653 ) );
#4368=ADVANCED_FACE ( 'NONE', ( #5957 ), #7753, .F. );
#4369=AXIS2_PLACEMENT_3D ( 'NONE', #4211, #32, #5 );
#4370=MANIFOLD_SOLID_BREP ( 'LPattern3[7]', #5209 );
#4371=EDGE_CURVE ( 'NONE', #704, #7800, #3859, .T. );
#4372=FACE_OUTER_BOUND ( 'NONE', #1691, .T. );
#4373=ORIENTED_EDGE ( 'NONE', *, *, #911, .F. );
#4374=AXIS2_PLACEMENT_3D ( 'NONE', #2358, #526, #130 );
#4375=CARTESIAN_POINT ( 'NONE',  ( -2.374999999999998668, 0.5716990566028306020, -3.425000000000000711 ) );
#4376=CARTESIAN_POINT ( 'NONE',  ( 3.424999999999999822, 0.1000000000000001027, -2.374999999999999112 ) );
#4377=LINE ( 'NONE', #1308, #206 );
#4378=ORIENTED_EDGE ( 'NONE', *, *, #5498, .T. );
#4379=ORIENTED_EDGE ( 'NONE', *, *, #5508, .F. );
#4380=ORIENTED_EDGE ( 'NONE', *, *, #7063, .T. );
#4381=ORIENTED_EDGE ( 'NONE', *, *, #457, .T. );
#4382=EDGE_CURVE ( 'NONE', #7676, #5168, #8211, .T. );
#4383=CARTESIAN_POINT ( 'NONE',  ( 3.024999999999999467, 0.09999999999999999167, -0.3749999999999990563 ) );
#4384=LINE ( 'NONE', #5956, #269 );
#4385=PRESENTATION_LAYER_ASSIGNMENT (  '', '', ( #7686 ) );
#4386=AXIS2_PLACEMENT_3D ( 'NONE', #4521, #548, #182 );
#4387=LINE ( 'NONE', #2364, #6 );
#4388=MANIFOLD_SOLID_BREP ( 'LPattern3[10]', #4057 );
#4389=ADVANCED_FACE ( 'NONE', ( #3520 ), #6073, .T. );
#4390=ORIENTED_EDGE ( 'NONE', *, *, #6412, .F. );
#4391=ORIENTED_EDGE ( 'NONE', *, *, #2183, .F. );
#4392=ADVANCED_FACE ( 'NONE', ( #1843 ), #7207, .F. );
#4393=PLANE ( 'NONE',  #8044 );
#4394=( GEOMETRIC_REPRESENTATION_CONTEXT ( 3 ) GLOBAL_UNCERTAINTY_ASSIGNED_CONTEXT ( ( #12 ) ) GLOBAL_UNIT_ASSIGNED_CONTEXT ( ( #359, #272, #78 ) ) REPRESENTATION_CONTEXT ( 'NONE', 'WORKASPACE' ) );
#4395=CARTESIAN_POINT ( 'NONE',  ( 3.024999999999999467, 0.1000000000000001027, -1.124999999999999334 ) );
#4396=EDGE_CURVE ( 'NONE', #6850, #7480, #3425, .T. );
#4397=ORIENTED_EDGE ( 'NONE', *, *, #308, .T. );
#4398=PLANE ( 'NONE',  #4065 );
#4399=VERTEX_POINT ( 'NONE', #7361 );
#4400=ORIENTED_EDGE ( 'NONE', *, *, #2888, .F. );
#4401=FACE_BOUND ( 'NONE', #5384, .T. );
#4402=CARTESIAN_POINT ( 'NONE',  ( 3.424999999999999822, 0.1000000000000001027, 2.375000000000000888 ) );
#4403=ORIENTED_EDGE ( 'NONE', *, *, #6329, .F. );
#4404=PLANE ( 'NONE',  #6044 );
#4405=ADVANCED_FACE ( 'NONE', ( #7327 ), #1706, .T. );
#4406=PLANE ( 'NONE',  #6862 );
#4407=MANIFOLD_SOLID_BREP ( 'LPattern3[17]', #2285 );
#4408=VERTEX_POINT ( 'NONE', #1064 );
#4409=PLANE ( 'NONE',  #1321 );
#4410=EDGE_LOOP ( 'NONE', ( #6772, #6185, #2657, #1701 ) );
#4411=AXIS2_PLACEMENT_3D ( 'NONE', #6577, #168, #128 );
#4412=CARTESIAN_POINT ( 'NONE',  ( 3.024999999999999467, 0.5716990566028302689, 0.1250000000000009714 ) );
#4413=LINE ( 'NONE', #191, #206 );
#4414=LINE ( 'NONE', #979, #4 );
#4415=LINE ( 'NONE', #2004, #432 );
#4416=EDGE_CURVE ( 'NONE', #3732, #3209, #3467, .T. );
#4417=EDGE_CURVE ( 'NONE', #6941, #6621, #3326, .T. );
#4418=CARTESIAN_POINT ( 'NONE',  ( 3.424999999999999822, 0.1000000000000001027, -0.3749999999999990563 ) );
#4419=DIRECTION ( 'NONE',  ( 1.000000000000000000, 0.000000000000000000, 1.752245935330107688E-16 ) );
#4420=CARTESIAN_POINT ( 'NONE',  ( 3.424999999999999822, 0.5716990566028302689, 2.625000000000000444 ) );
#4421=ORIENTED_EDGE ( 'NONE', *, *, #7015, .T. );
#4422=ORIENTED_EDGE ( 'NONE', *, *, #2856, .T. );
#4423=LINE ( 'NONE', #2977, #224 );
#4424=CARTESIAN_POINT ( 'NONE',  ( 3.424999999999999822, 0.000000000000000000, -2.874999999999999112 ) );
#4425=VERTEX_POINT ( 'NONE', #1727 );
#4426=LINE ( 'NONE', #67, #4 );
#4427=ADVANCED_FACE ( 'NONE', ( #6910 ), #8588, .T. );
#4428=EDGE_CURVE ( 'NONE', #6443, #4212, #2137, .T. );
#4429=FACE_OUTER_BOUND ( 'NONE', #935, .T. );
#4430=ORIENTED_EDGE ( 'NONE', *, *, #2878, .T. );
#4431=EDGE_CURVE ( 'NONE', #8185, #145, #578, .T. );
#4432=ORIENTED_EDGE ( 'NONE', *, *, #4815, .F. );
#4433=VERTEX_POINT ( 'NONE', #1406 );
#4434=FACE_OUTER_BOUND ( 'NONE', #1455, .T. );
#4435=ORIENTED_EDGE ( 'NONE', *, *, #3120, .T. );
#4436=LINE ( 'NONE', #863, #30 );
#4437=VERTEX_POINT ( 'NONE', #688 );
#4438=CARTESIAN_POINT ( 'NONE',  ( 3.000000000000000000, 0.1000000000000000056, 0.000000000000000000 ) );
#4439=PLANE ( 'NONE',  #4650 );
#4440=MANIFOLD_SOLID_BREP ( 'LPattern4[17]', #3771 );
#4441=EDGE_LOOP ( 'NONE', ( #5912, #8410, #2826, #1669 ) );
#4442=ADVANCED_FACE ( 'NONE', ( #2899 ), #5661, .F. );
#4443=ORIENTED_EDGE ( 'NONE', *, *, #5932, .F. );
#4444=CARTESIAN_POINT ( 'NONE',  ( -3.424999999999999822, 0.000000000000000000, -0.6249999999999992228 ) );
#4445=EDGE_LOOP ( 'NONE', ( #3465, #6410, #5997, #5584 ) );
#4446=ORIENTED_EDGE ( 'NONE', *, *, #5591, .T. );
#4447=EDGE_CURVE ( 'NONE', #2782, #1649, #2084, .T. );
#4448=PLANE ( 'NONE',  #1679 );
#4449=VERTEX_POINT ( 'NONE', #4234 );
#4450=EDGE_CURVE ( 'NONE', #8704, #6895, #6835, .T. );
#4451=EDGE_CURVE ( 'NONE', #5175, #6427, #1403, .T. );
#4452=LINE ( 'NONE', #3502, #30 );
#4453=LINE ( 'NONE', #1267, #200 );
#4454=MANIFOLD_SOLID_BREP ( 'LPattern4[12]', #404 );
#4455=PRESENTATION_LAYER_ASSIGNMENT (  '', '', ( #5426 ) );
#4456=CARTESIAN_POINT ( 'NONE',  ( -2.124999999999997780, 0.5716990566028306020, 3.425000000000002043 ) );
#4457=ORIENTED_EDGE ( 'NONE', *, *, #8754, .F. );
#4458=ORIENTED_EDGE ( 'NONE', *, *, #5414, .T. );
#4459=ORIENTED_EDGE ( 'NONE', *, *, #3557, .T. );
#4460=FACE_OUTER_BOUND ( 'NONE', #8285, .T. );
#4461=LINE ( 'NONE', #3176, #6 );
#4462=FACE_OUTER_BOUND ( 'NONE', #4953, .T. );
#4463=FACE_OUTER_BOUND ( 'NONE', #6258, .T. );
#4464=ORIENTED_EDGE ( 'NONE', *, *, #6456, .T. );
#4465=ORIENTED_EDGE ( 'NONE', *, *, #240, .F. );
#4466=MANIFOLD_SOLID_BREP ( 'LPattern4[1]', #1633 );
#4467=ADVANCED_FACE ( 'NONE', ( #8466 ), #4155, .F. );
#4468=ORIENTED_EDGE ( 'NONE', *, *, #2148, .F. );
#4469=EDGE_CURVE ( 'NONE', #4120, #316, #5398, .T. );
#4470=LINE ( 'NONE', #1866, #166 );
#4471=PLANE ( 'NONE',  #2529 );
#4472=PLANE ( 'NONE',  #7934 );
#4473=ORIENTED_EDGE ( 'NONE', *, *, #7204, .F. );
#4474=CARTESIAN_POINT ( 'NONE',  ( 3.424999999999999822, 0.000000000000000000, 2.625000000000000000 ) );
#4475=CARTESIAN_POINT ( 'NONE',  ( -3.424999999999999822, 0.5716990566028302689, -1.624999999999999334 ) );
#4476=ORIENTED_EDGE ( 'NONE', *, *, #933, .F. );
#4477=EDGE_LOOP ( 'NONE', ( #1357, #1405, #4830, #5673 ) );
#4478=ADVANCED_FACE ( 'NONE', ( #7297 ), #4107, .T. );
#4479=EDGE_CURVE ( 'NONE', #465, #4260, #2994, .T. );
#4480=EDGE_CURVE ( 'NONE', #1393, #141, #8378, .T. );
#4481=AXIS2_PLACEMENT_3D ( 'NONE', #1134, #548, #182 );
#4482=ORIENTED_EDGE ( 'NONE', *, *, #3296, .T. );
#4483=EDGE_CURVE ( 'NONE', #803, #1259, #8311, .T. );
#4484=LINE ( 'NONE', #5198, #224 );
#4485=AXIS2_PLACEMENT_3D ( 'NONE', #3496, #32, #5 );
#4486=CARTESIAN_POINT ( 'NONE',  ( -1.124999999999998890, 0.09999999999999999167, -3.425000000000001155 ) );
#4487=ORIENTED_EDGE ( 'NONE', *, *, #8721, .T. );
#4488=VERTEX_POINT ( 'NONE', #4689 );
#4489=ORIENTED_EDGE ( 'NONE', *, *, #3769, .F. );
#4490=ORIENTED_EDGE ( 'NONE', *, *, #2496, .F. );
#4491=CARTESIAN_POINT ( 'NONE',  ( -1.374999999999998668, 0.1000000000000000056, -3.025000000000000355 ) );
#4492=VERTEX_POINT ( 'NONE', #1235 );
#4493=EDGE_CURVE ( 'NONE', #8651, #1393, #2562, .T. );
#4494=FACE_BOUND ( 'NONE', #5593, .T. );
#4495=( GEOMETRIC_REPRESENTATION_CONTEXT ( 3 ) GLOBAL_UNCERTAINTY_ASSIGNED_CONTEXT ( ( #12 ) ) GLOBAL_UNIT_ASSIGNED_CONTEXT ( ( #359, #272, #78 ) ) REPRESENTATION_CONTEXT ( 'NONE', 'WORKASPACE' ) );
#4496=ADVANCED_FACE ( 'NONE', ( #2522 ), #7164, .T. );
#4497=CARTESIAN_POINT ( 'NONE',  ( 3.024999999999999467, 0.1000000000000001027, -0.6249999999999992228 ) );
#4498=FACE_OUTER_BOUND ( 'NONE', #4331, .T. );
#4499=ORIENTED_EDGE ( 'NONE', *, *, #7939, .T. );
#4500=EDGE_LOOP ( 'NONE', ( #6255, #4060, #8306, #3834 ) );
#4501=AXIS2_PLACEMENT_3D ( 'NONE', #4828, #526, #130 );
#4502=EDGE_CURVE ( 'NONE', #2782, #1649, #5340, .T. );
#4503=PLANE ( 'NONE',  #6424 );
#4504=EDGE_LOOP ( 'NONE', ( #6024, #4198, #3358, #3429 ) );
#4505=LINE ( 'NONE', #3071, #166 );
#4506=CLOSED_SHELL ( 'NONE', ( #2456, #1437, #5553, #2360, #3830, #5965 ) );
#4507=LINE ( 'NONE', #2822, #6 );
#4508=ADVANCED_FACE ( 'NONE', ( #7787 ), #25, .F. );
#4509=FACE_OUTER_BOUND ( 'NONE', #6700, .T. );
#4510=ORIENTED_EDGE ( 'NONE', *, *, #2485, .T. );
#4511=EDGE_CURVE ( 'NONE', #8626, #7201, #7205, .T. );
#4512=LINE ( 'NONE', #5342, #432 );
#4513=ORIENTED_EDGE ( 'NONE', *, *, #4110, .F. );
#4514=CARTESIAN_POINT ( 'NONE',  ( -2.874999999999997780, 0.000000000000000000, 3.025000000000001243 ) );
#4515=EDGE_LOOP ( 'NONE', ( #7223, #7699, #7281, #2627 ) );
#4516=AXIS2_PLACEMENT_3D ( 'NONE', #4456, #585, #105 );
#4517=ORIENTED_EDGE ( 'NONE', *, *, #3889, .T. );
#4518=LINE ( 'NONE', #294, #30 );
#4519=AXIS2_PLACEMENT_3D ( 'NONE', #2461, #5, #128 );
#4520=ORIENTED_EDGE ( 'NONE', *, *, #4015, .F. );
#4521=CARTESIAN_POINT ( 'NONE',  ( 2.375000000000001776, 0.1000000000000000056, -3.425000000000001155 ) );
#4522=LINE ( 'NONE', #3875, #6 );
#4523=DIRECTION ( 'NONE',  ( 8.761229676650540906E-17, 0.000000000000000000, -1.000000000000000000 ) );
#4524=ORIENTED_EDGE ( 'NONE', *, *, #132, .T. );
#4525=LINE ( 'NONE', #293, #365 );
#4526=ORIENTED_EDGE ( 'NONE', *, *, #4276, .F. );
#4527=PLANE ( 'NONE',  #6305 );
#4528=EDGE_LOOP ( 'NONE', ( #4489, #1152, #6617, #5718 ) );
#4529=FACE_OUTER_BOUND ( 'NONE', #7012, .T. );
#4530=MANIFOLD_SOLID_BREP ( 'LPattern4[6]', #5343 );
#4531=CARTESIAN_POINT ( 'NONE',  ( 1.000000000000000000, 0.1000000000000000056, 0.000000000000000000 ) );
#4532=ORIENTED_EDGE ( 'NONE', *, *, #1549, .T. );
#4533=EDGE_CURVE ( 'NONE', #2407, #225, #3159, .T. );
#4534=ORIENTED_EDGE ( 'NONE', *, *, #8332, .T. );
#4535=EDGE_CURVE ( 'NONE', #183, #6853, #96, .T. );
#4536=ORIENTED_EDGE ( 'NONE', *, *, #60, .F. );
#4537=ORIENTED_EDGE ( 'NONE', *, *, #2324, .T. );
#4538=ORIENTED_EDGE ( 'NONE', *, *, #5309, .F. );
#4539=LINE ( 'NONE', #1939, #432 );
#4540=FACE_OUTER_BOUND ( 'NONE', #5315, .T. );
#4541=AXIS2_PLACEMENT_3D ( 'NONE', #3567, #45, #168 );
#4542=CARTESIAN_POINT ( 'NONE',  ( 0.1250000000000014155, 0.5716990566028306020, -3.425000000000000711 ) );
#4543=EDGE_CURVE ( 'NONE', #4014, #7791, #3282, .T. );
#4544=EDGE_CURVE ( 'NONE', #6297, #5480, #2659, .T. );
#4545=MANIFOLD_SOLID_BREP ( 'LPattern4[11]', #196 );
#4546=ADVANCED_FACE ( 'NONE', ( #2850 ), #5609, .F. );
#4547=ORIENTED_EDGE ( 'NONE', *, *, #7183, .T. );
#4548=ORIENTED_EDGE ( 'NONE', *, *, #3375, .F. );
#4549=STYLED_ITEM ( 'NONE', ( #320 ), #7289 );
#4550=FACE_OUTER_BOUND ( 'NONE', #2168, .T. );
#4551=CARTESIAN_POINT ( 'NONE',  ( 1.125000000000002220, 0.09999999999999999167, 3.425000000000001599 ) );
#4552=ORIENTED_EDGE ( 'NONE', *, *, #8521, .T. );
#4553=CARTESIAN_POINT ( 'NONE',  ( 2.475000000000000533, 0.000000000000000000, 2.168404344971009361E-16 ) );
#4554=PLANE ( 'NONE',  #1075 );
#4555=EDGE_LOOP ( 'NONE', ( #2245, #4928, #2524, #8710 ) );
#4556=ORIENTED_EDGE ( 'NONE', *, *, #4861, .F. );
#4557=ADVANCED_FACE ( 'NONE', ( #3601 ), #2709, .T. );
#4558=VERTEX_POINT ( 'NONE', #3395 );
#4559=EDGE_CURVE ( 'NONE', #2332, #5666, #4139, .T. );
#4560=CARTESIAN_POINT ( 'NONE',  ( 0.8750000000000021094, 0.09999999999999999167, 3.425000000000002043 ) );
#4561=EDGE_CURVE ( 'NONE', #6853, #1642, #4088, .T. );
#4562=EDGE_CURVE ( 'NONE', #1369, #2176, #6752, .T. );
#4563=FACE_OUTER_BOUND ( 'NONE', #2130, .T. );
#4564=ORIENTED_EDGE ( 'NONE', *, *, #1452, .F. );
#4565=ORIENTED_EDGE ( 'NONE', *, *, #3275, .F. );
#4566=LINE ( 'NONE', #744, #6 );
#4567=ORIENTED_EDGE ( 'NONE', *, *, #3783, .T. );
#4568=FACE_OUTER_BOUND ( 'NONE', #7672, .T. );
#4569=ORIENTED_EDGE ( 'NONE', *, *, #3464, .T. );
#4570=FACE_OUTER_BOUND ( 'NONE', #3555, .T. );
#4571=MANIFOLD_SOLID_BREP ( 'LPattern4[19]', #4929 );
#4572=AXIS2_PLACEMENT_3D ( 'NONE', #2461, #168, #128 );
#4573=ORIENTED_EDGE ( 'NONE', *, *, #7340, .F. );
#4574=EDGE_LOOP ( 'NONE', ( #3577, #1801, #546, #3472 ) );
#4575=ORIENTED_EDGE ( 'NONE', *, *, #5670, .T. );
#4576=FACE_OUTER_BOUND ( 'NONE', #4959, .T. );
#4577=ORIENTED_EDGE ( 'NONE', *, *, #5692, .F. );
#4578=CARTESIAN_POINT ( 'NONE',  ( 3.424999999999999822, 0.09999999999999999167, -2.624999999999999112 ) );
#4579=VERTEX_POINT ( 'NONE', #336 );
#4580=ORIENTED_EDGE ( 'NONE', *, *, #370, .T. );
#4581=EDGE_CURVE ( 'NONE', #3925, #5556, #5566, .T. );
#4582=LINE ( 'NONE', #7112, #4 );
#4583=LINE ( 'NONE', #191, #432 );
#4584=ORIENTED_EDGE ( 'NONE', *, *, #2908, .T. );
#4585=LINE ( 'NONE', #4127, #432 );
#4586=ORIENTED_EDGE ( 'NONE', *, *, #3556, .T. );
#4587=FACE_OUTER_BOUND ( 'NONE', #8469, .T. );
#4588=ORIENTED_EDGE ( 'NONE', *, *, #747, .T. );
#4589=EDGE_CURVE ( 'NONE', #1176, #6475, #4999, .T. );
#4590=EDGE_CURVE ( 'NONE', #4004, #5674, #3035, .T. );
#4591=EDGE_CURVE ( 'NONE', #7247, #6056, #1507, .T. );
#4592=ADVANCED_FACE ( 'NONE', ( #684 ), #1534, .F. );
#4593=PLANE ( 'NONE',  #7613 );
#4594=CARTESIAN_POINT ( 'NONE',  ( -0.6249999999999980016, 0.5716990566028306020, 3.425000000000002043 ) );
#4595=VERTEX_POINT ( 'NONE', #2754 );
#4596=PLANE ( 'NONE',  #3343 );
#4597=LINE ( 'NONE', #4271, #4 );
#4598=EDGE_LOOP ( 'NONE', ( #4848, #5345, #257, #4153 ) );
#4599=EDGE_LOOP ( 'NONE', ( #8058, #415, #3366, #7963 ) );
#4600=ORIENTED_EDGE ( 'NONE', *, *, #554, .F. );
#4601=EDGE_CURVE ( 'NONE', #4120, #5594, #8584, .T. );
#4602=EDGE_LOOP ( 'NONE', ( #4643, #273, #1942, #7373 ) );
#4603=LINE ( 'NONE', #2691, #58 );
#4604=LINE ( 'NONE', #905, #30 );
#4605=ORIENTED_EDGE ( 'NONE', *, *, #2024, .T. );
#4606=LINE ( 'NONE', #2354, #365 );
#4607=ADVANCED_FACE ( 'NONE', ( #3684 ), #7482, .F. );
#4608=STYLED_ITEM ( 'NONE', ( #320 ), #4951 );
#4609=CARTESIAN_POINT ( 'NONE',  ( 3.424999999999999822, 0.5716990566028302689, -2.374999999999999112 ) );
#4610=ORIENTED_EDGE ( 'NONE', *, *, #7936, .F. );
#4611=ORIENTED_EDGE ( 'NONE', *, *, #885, .T. );
#4612=FACE_OUTER_BOUND ( 'NONE', #3521, .T. );
#4613=EDGE_LOOP ( 'NONE', ( #3998, #2022, #8251, #2647 ) );
#4614=ADVANCED_FACE ( 'NONE', ( #1564 ), #2274, .F. );
#4615=CARTESIAN_POINT ( 'NONE',  ( 5.500000000000000000, 0.1000000000000000056, 0.000000000000000000 ) );
#4616=ORIENTED_EDGE ( 'NONE', *, *, #4428, .F. );
#4617=LINE ( 'NONE', #765, #166 );
#4618=VERTEX_POINT ( 'NONE', #4317 );
#4619=ORIENTED_EDGE ( 'NONE', *, *, #897, .T. );
#4620=ORIENTED_EDGE ( 'NONE', *, *, #2601, .F. );
#4621=LINE ( 'NONE', #2498, #4 );
#4622=ORIENTED_EDGE ( 'NONE', *, *, #4182, .T. );
#4623=PLANE ( 'NONE',  #1643 );
#4624=CARTESIAN_POINT ( 'NONE',  ( 3.024999999999999467, 0.000000000000000000, 2.375000000000000888 ) );
#4625=MANIFOLD_SOLID_BREP ( 'Boss-Extrude3[2]', #5902 );
#4626=EDGE_LOOP ( 'NONE', ( #3447, #5406, #4520, #509 ) );
#4627=EDGE_CURVE ( 'NONE', #3149, #1003, #794, .T. );
#4628=CARTESIAN_POINT ( 'NONE',  ( 0.3750000000000020539, 0.5716990566028306020, 3.025000000000001243 ) );
#4629=ORIENTED_EDGE ( 'NONE', *, *, #1779, .F. );
#4630=AXIS2_PLACEMENT_3D ( 'NONE', #1900, #109, #21 );
#4631=( GEOMETRIC_REPRESENTATION_CONTEXT ( 3 ) GLOBAL_UNCERTAINTY_ASSIGNED_CONTEXT ( ( #12 ) ) GLOBAL_UNIT_ASSIGNED_CONTEXT ( ( #359, #272, #78 ) ) REPRESENTATION_CONTEXT ( 'NONE', 'WORKASPACE' ) );
#4632=ORIENTED_EDGE ( 'NONE', *, *, #4447, .T. );
#4633=FACE_OUTER_BOUND ( 'NONE', #2989, .T. );
#4634=PRESENTATION_LAYER_ASSIGNMENT (  '', '', ( #8099 ) );
#4635=CARTESIAN_POINT ( 'NONE',  ( 2.375000000000001332, 0.09999999999999999167, -3.025000000000000355 ) );
#4636=ADVANCED_FACE ( 'NONE', ( #5740 ), #6392, .T. );
#4637=MECHANICAL_DESIGN_GEOMETRIC_PRESENTATION_REPRESENTATION (  '', ( #8221 ), #4051 );
#4638=LINE ( 'NONE', #839, #6 );
#4639=FACE_OUTER_BOUND ( 'NONE', #4048, .T. );
#4640=EDGE_LOOP ( 'NONE', ( #1383, #5840, #3299, #6517 ) );
#4641=EDGE_CURVE ( 'NONE', #6593, #2357, #8090, .T. );
#4642=EDGE_CURVE ( 'NONE', #577, #4595, #1823, .T. );
#4643=ORIENTED_EDGE ( 'NONE', *, *, #5783, .T. );
#4644=ORIENTED_EDGE ( 'NONE', *, *, #2986, .T. );
#4645=ORIENTED_EDGE ( 'NONE', *, *, #5935, .T. );
#4646=AXIS2_PLACEMENT_3D ( 'NONE', #288, #526, #130 );
#4647=CARTESIAN_POINT ( 'NONE',  ( -3.024999999999999467, 0.09999999999999999167, 1.875000000000001332 ) );
#4648=CIRCLE ( 'NONE', #1096, 0.1909966547740992171 );
#4649=ORIENTED_EDGE ( 'NONE', *, *, #3647, .F. );
#4650=AXIS2_PLACEMENT_3D ( 'NONE', #2270, #46, #21 );
#4651=LINE ( 'NONE', #4828, #30 );
#4652=ORIENTED_EDGE ( 'NONE', *, *, #5438, .T. );
#4653=ADVANCED_FACE ( 'NONE', ( #205 ), #8274, .T. );
#4654=ADVANCED_FACE ( 'NONE', ( #1882 ), #394, .F. );
#4655=EDGE_LOOP ( 'NONE', ( #1597, #3836, #6605, #1394 ) );
#4656=ORIENTED_EDGE ( 'NONE', *, *, #2048, .F. );
#4657=AXIS2_PLACEMENT_3D ( 'NONE', #6223, #5, #128 );
#4658=CARTESIAN_POINT ( 'NONE',  ( 3.024999999999999467, 0.5716990566028302689, 2.125000000000001332 ) );
#4659=CARTESIAN_POINT ( 'NONE',  ( 2.875000000000000888, 0.5716990566028306020, -3.425000000000001155 ) );
#4660=CARTESIAN_POINT ( 'NONE',  ( -3.024999999999999467, 0.09999999999999999167, -0.6249999999999992228 ) );
#4661=ORIENTED_EDGE ( 'NONE', *, *, #4230, .T. );
#4662=VERTEX_POINT ( 'NONE', #996 );
#4663=CARTESIAN_POINT ( 'NONE',  ( 0.8750000000000021094, 0.5716990566028306020, 3.425000000000002043 ) );
#4664=CARTESIAN_POINT ( 'NONE',  ( 3.024999999999999467, 0.09999999999999999167, 1.875000000000000888 ) );
#4665=VERTEX_POINT ( 'NONE', #3269 );
#4666=EDGE_CURVE ( 'NONE', #1501, #5660, #944, .T. );
#4667=EDGE_CURVE ( 'NONE', #6690, #453, #7153, .T. );
#4668=CARTESIAN_POINT ( 'NONE',  ( -3.424999999999999822, 0.5716990566028302689, 0.8750000000000007772 ) );
#4669=FACE_BOUND ( 'NONE', #420, .T. );
#4670=EDGE_CURVE ( 'NONE', #4905, #6195, #2478, .T. );
#4671=ORIENTED_EDGE ( 'NONE', *, *, #1829, .T. );
#4672=EDGE_CURVE ( 'NONE', #8542, #4305, #2509, .T. );
#4673=ORIENTED_EDGE ( 'NONE', *, *, #6995, .F. );
#4674=ORIENTED_EDGE ( 'NONE', *, *, #6826, .T. );
#4675=VECTOR ( 'NONE', #4034, 1000.000000000000000 );
#4676=FACE_OUTER_BOUND ( 'NONE', #2635, .T. );
#4677=STYLED_ITEM ( 'NONE', ( #320 ), #7155 );
#4678=ADVANCED_FACE ( 'NONE', ( #4725 ), #3173, .F. );
#4679=AXIS2_PLACEMENT_3D ( 'NONE', #429, #32, #5 );
#4680=FACE_OUTER_BOUND ( 'NONE', #7971, .T. );
#4681=VERTEX_POINT ( 'NONE', #1279 );
#4682=LINE ( 'NONE', #4635, #432 );
#4683=CARTESIAN_POINT ( 'NONE',  ( 2.875000000000001776, 0.5716990566028306020, 3.425000000000002043 ) );
#4684=EDGE_LOOP ( 'NONE', ( #3968, #5437, #1307, #2802 ) );
#4685=ORIENTED_EDGE ( 'NONE', *, *, #1182, .F. );
#4686=ORIENTED_EDGE ( 'NONE', *, *, #2035, .F. );
#4687=AXIS2_PLACEMENT_3D ( 'NONE', #2700, #5, #128 );
#4688=ORIENTED_EDGE ( 'NONE', *, *, #6489, .T. );
#4689=CARTESIAN_POINT ( 'NONE',  ( 1.625000000000002665, 0.09999999999999999167, 3.425000000000001599 ) );
#4690=ADVANCED_FACE ( 'NONE', ( #3310 ), #4023, .T. );
#4691=STYLED_ITEM ( 'NONE', ( #320 ), #7497 );
#4692=ADVANCED_FACE ( 'NONE', ( #7663 ), #7776, .T. );
#4693=ORIENTED_EDGE ( 'NONE', *, *, #1654, .F. );
#4694=CARTESIAN_POINT ( 'NONE',  ( 3.424999999999999822, 0.09999999999999999167, 1.875000000000001332 ) );
#4695=AXIS2_PLACEMENT_3D ( 'NONE', #3762, #3, #86 );
#4696=DIRECTION ( 'NONE',  ( -1.752245935330107688E-16, 0.000000000000000000, 1.000000000000000000 ) );
#4697=VERTEX_POINT ( 'NONE', #8750 );
#4698=ORIENTED_EDGE ( 'NONE', *, *, #6367, .T. );
#4699=EDGE_LOOP ( 'NONE', ( #3823, #8687, #5819, #2308 ) );
#4700=LINE ( 'NONE', #1926, #4 );
#4701=ORIENTED_EDGE ( 'NONE', *, *, #2646, .F. );
#4702=ORIENTED_EDGE ( 'NONE', *, *, #8739, .T. );
#4703=LINE ( 'NONE', #6888, #365 );
#4704=ADVANCED_FACE ( 'NONE', ( #5901 ), #514, .F. );
#4705=LINE ( 'NONE', #6639, #30 );
#4706=LINE ( 'NONE', #3434, #30 );
#4707=ADVANCED_FACE ( 'NONE', ( #6508 ), #4593, .F. );
#4708=CARTESIAN_POINT ( 'NONE',  ( 3.024999999999999467, 0.5716990566028302689, 2.375000000000000888 ) );
#4709=FACE_OUTER_BOUND ( 'NONE', #2010, .T. );
#4710=FACE_OUTER_BOUND ( 'NONE', #8358, .T. );
#4711=ORIENTED_EDGE ( 'NONE', *, *, #6036, .F. );
#4712=ORIENTED_EDGE ( 'NONE', *, *, #3938, .T. );
#4713=LINE ( 'NONE', #1463, #30 );
#4714=ORIENTED_EDGE ( 'NONE', *, *, #1930, .T. );
#4715=ORIENTED_EDGE ( 'NONE', *, *, #5836, .T. );
#4716=AXIS2_PLACEMENT_3D ( 'NONE', #1946, #45, #168 );
#4717=ADVANCED_FACE ( 'NONE', ( #7743 ), #5554, .T. );
#4718=PLANE ( 'NONE',  #5481 );
#4719=ORIENTED_EDGE ( 'NONE', *, *, #4417, .T. );
#4720=ADVANCED_FACE ( 'NONE', ( #1214 ), #4174, .T. );
#4721=EDGE_LOOP ( 'NONE', ( #8174, #5831, #1069, #4809 ) );
#4722=EDGE_CURVE ( 'NONE', #6118, #1502, #6101, .T. );
#4723=LINE ( 'NONE', #294, #4 );
#4724=VERTEX_POINT ( 'NONE', #2834 );
#4725=FACE_OUTER_BOUND ( 'NONE', #2917, .T. );
#4726=PLANE ( 'NONE',  #7368 );
#4727=ORIENTED_EDGE ( 'NONE', *, *, #7217, .F. );
#4728=CARTESIAN_POINT ( 'NONE',  ( -3.024999999999999467, 0.1000000000000001027, 2.375000000000001332 ) );
#4729=VERTEX_POINT ( 'NONE', #2697 );
#4730=LINE ( 'NONE', #1301, #365 );
#4731=CARTESIAN_POINT ( 'NONE',  ( -3.424999999999999822, 0.09999999999999999167, -1.624999999999999334 ) );
#4732=ORIENTED_EDGE ( 'NONE', *, *, #785, .F. );
#4733=ORIENTED_EDGE ( 'NONE', *, *, #1074, .T. );
#4734=EDGE_CURVE ( 'NONE', #3560, #1928, #7595, .T. );
#4735=EDGE_LOOP ( 'NONE', ( #8496, #4768, #4047, #452 ) );
#4736=MANIFOLD_SOLID_BREP ( 'LPattern4[20]', #1092 );
#4737=ORIENTED_EDGE ( 'NONE', *, *, #6761, .T. );
#4738=ORIENTED_EDGE ( 'NONE', *, *, #4417, .F. );
#4739=FACE_OUTER_BOUND ( 'NONE', #4445, .T. );
#4740=ORIENTED_EDGE ( 'NONE', *, *, #114, .F. );
#4741=ORIENTED_EDGE ( 'NONE', *, *, #6123, .T. );
#4742=EDGE_CURVE ( 'NONE', #1762, #1202, #3545, .T. );
#4743=ORIENTED_EDGE ( 'NONE', *, *, #1219, .T. );
#4744=CARTESIAN_POINT ( 'NONE',  ( -3.024999999999999467, 0.000000000000000000, 2.875000000000000000 ) );
#4745=ORIENTED_EDGE ( 'NONE', *, *, #8282, .F. );
#4746=MANIFOLD_SOLID_BREP ( 'LPattern4[14]', #3195 );
#4747=FACE_OUTER_BOUND ( 'NONE', #3990, .T. );
#4748=ORIENTED_EDGE ( 'NONE', *, *, #3678, .T. );
#4749=FACE_OUTER_BOUND ( 'NONE', #5525, .T. );
#4750=EDGE_CURVE ( 'NONE', #8416, #7247, #5417, .T. );
#4751=EDGE_CURVE ( 'NONE', #141, #1350, #6523, .T. );
#4752=ORIENTED_EDGE ( 'NONE', *, *, #7880, .T. );
#4753=PLANE ( 'NONE',  #636 );
#4754=ORIENTED_EDGE ( 'NONE', *, *, #3920, .F. );
#4755=EDGE_CURVE ( 'NONE', #978, #2832, #6300, .T. );
#4756=MECHANICAL_DESIGN_GEOMETRIC_PRESENTATION_REPRESENTATION (  '', ( #6515 ), #531 );
#4757=ORIENTED_EDGE ( 'NONE', *, *, #4428, .T. );
#4758=ORIENTED_EDGE ( 'NONE', *, *, #4277, .F. );
#4759=LINE ( 'NONE', #4262, #260 );
#4760=EDGE_CURVE ( 'NONE', #2572, #4845, #4452, .T. );
#4761=ADVANCED_FACE ( 'NONE', ( #2314 ), #7475, .T. );
#4762=VERTEX_POINT ( 'NONE', #560 );
#4763=ORIENTED_EDGE ( 'NONE', *, *, #2485, .F. );
#4764=ADVANCED_FACE ( 'NONE', ( #7508 ), #5732, .F. );
#4765=LINE ( 'NONE', #2513, #4 );
#4766=PLANE ( 'NONE',  #7520 );
#4767=EDGE_LOOP ( 'NONE', ( #2823, #1877, #4733, #836 ) );
#4768=ORIENTED_EDGE ( 'NONE', *, *, #1454, .F. );
#4769=ORIENTED_EDGE ( 'NONE', *, *, #4591, .F. );
#4770=ADVANCED_FACE ( 'NONE', ( #2367 ), #2213, .F. );
#4771=EDGE_CURVE ( 'NONE', #4488, #7239, #5029, .T. );
#4772=ORIENTED_EDGE ( 'NONE', *, *, #6699, .F. );
#4773=LINE ( 'NONE', #3166, #30 );
#4774=AXIS2_PLACEMENT_3D ( 'NONE', #809, #5, #128 );
#4775=LINE ( 'NONE', #6314, #224 );
#4776=EDGE_CURVE ( 'NONE', #8651, #5042, #5650, .T. );
#4777=LINE ( 'NONE', #2623, #660 );
#4778=VERTEX_POINT ( 'NONE', #2980 );
#4779=EDGE_LOOP ( 'NONE', ( #2093, #6968, #4138, #6026 ) );
#4780=ORIENTED_EDGE ( 'NONE', *, *, #5291, .T. );
#4781=EDGE_LOOP ( 'NONE', ( #770, #858, #4153, #6885 ) );
#4782=( GEOMETRIC_REPRESENTATION_CONTEXT ( 3 ) GLOBAL_UNCERTAINTY_ASSIGNED_CONTEXT ( ( #12 ) ) GLOBAL_UNIT_ASSIGNED_CONTEXT ( ( #359, #272, #78 ) ) REPRESENTATION_CONTEXT ( 'NONE', 'WORKASPACE' ) );
#4783=PLANE ( 'NONE',  #8 );
#4784=MECHANICAL_DESIGN_GEOMETRIC_PRESENTATION_REPRESENTATION (  '', ( #5331 ), #4926 );
#4785=VERTEX_POINT ( 'NONE', #5826 );
#4786=LINE ( 'NONE', #3292, #4 );
#4787=PLANE ( 'NONE',  #4957 );
#4788=EDGE_CURVE ( 'NONE', #456, #4880, #8159, .T. );
#4789=PLANE ( 'NONE',  #400 );
#4790=ORIENTED_EDGE ( 'NONE', *, *, #4237, .T. );
#4791=AXIS2_PLACEMENT_3D ( 'NONE', #1991, #5, #128 );
#4792=LINE ( 'NONE', #2818, #432 );
#4793=ORIENTED_EDGE ( 'NONE', *, *, #8232, .F. );
#4794=ORIENTED_EDGE ( 'NONE', *, *, #5072, .F. );
#4795=ORIENTED_EDGE ( 'NONE', *, *, #5023, .T. );
#4796=FACE_OUTER_BOUND ( 'NONE', #899, .T. );
#4797=ORIENTED_EDGE ( 'NONE', *, *, #713, .F. );
#4798=LINE ( 'NONE', #3399, #206 );
#4799=ORIENTED_EDGE ( 'NONE', *, *, #3949, .T. );
#4800=LINE ( 'NONE', #2092, #365 );
#4801=ADVANCED_FACE ( 'NONE', ( #675 ), #8545, .F. );
#4802=VERTEX_POINT ( 'NONE', #7591 );
#4803=EDGE_CURVE ( 'NONE', #2572, #4845, #1554, .T. );
#4804=MANIFOLD_SOLID_BREP ( 'LPattern4[5]', #3635 );
#4805=EDGE_LOOP ( 'NONE', ( #1158, #1288, #6089, #2212 ) );
#4806=VECTOR ( 'NONE', #731, 1000.000000000000000 );
#4807=EDGE_LOOP ( 'NONE', ( #3085, #7197, #4741, #3052 ) );
#4808=LINE ( 'NONE', #1945, #4 );
#4809=ORIENTED_EDGE ( 'NONE', *, *, #3772, .F. );
#4810=ADVANCED_FACE ( 'NONE', ( #8743 ), #496, .T. );
#4811=ADVANCED_FACE ( 'NONE', ( #6576 ), #3879, .F. );
#4812=CARTESIAN_POINT ( 'NONE',  ( 0.3750000000000012212, 0.5716990566028306020, -3.425000000000001155 ) );
#4813=AXIS2_PLACEMENT_3D ( 'NONE', #689, #32, #5 );
#4814=ORIENTED_EDGE ( 'NONE', *, *, #7204, .T. );
#4815=EDGE_CURVE ( 'NONE', #3581, #1832, #7769, .T. );
#4816=VERTEX_POINT ( 'NONE', #573 );
#4817=PLANE ( 'NONE',  #6719 );
#4818=LINE ( 'NONE', #5193, #365 );
#4819=ORIENTED_EDGE ( 'NONE', *, *, #7408, .T. );
#4820=EDGE_LOOP ( 'NONE', ( #1222, #2798, #6464, #8450 ) );
#4821=ORIENTED_EDGE ( 'NONE', *, *, #8250, .F. );
#4822=ADVANCED_FACE ( 'NONE', ( #1660 ), #3842, .T. );
#4823=EDGE_LOOP ( 'NONE', ( #6308, #4241, #6578, #6361 ) );
#4824=LINE ( 'NONE', #1008, #58 );
#4825=STYLED_ITEM ( 'NONE', ( #320 ), #7263 );
#4826=LINE ( 'NONE', #538, #4 );
#4827=CARTESIAN_POINT ( 'NONE',  ( 0.8750000000000021094, 0.09999999999999999167, 3.025000000000001243 ) );
#4828=CARTESIAN_POINT ( 'NONE',  ( 3.424999999999999822, 0.5716990566028302689, -0.1249999999999992506 ) );
#4829=EDGE_CURVE ( 'NONE', #2448, #3039, #3746, .T. );
#4830=ORIENTED_EDGE ( 'NONE', *, *, #2054, .T. );
#4831=FACE_OUTER_BOUND ( 'NONE', #7950, .T. );
#4832=EDGE_CURVE ( 'NONE', #8773, #6562, #1814, .T. );
#4833=MECHANICAL_DESIGN_GEOMETRIC_PRESENTATION_REPRESENTATION (  '', ( #4691 ), #2329 );
#4834=EDGE_CURVE ( 'NONE', #3778, #8245, #7048, .T. );
#4835=ORIENTED_EDGE ( 'NONE', *, *, #3454, .F. );
#4836=AXIS2_PLACEMENT_3D ( 'NONE', #1103, #45, #168 );
#4837=CARTESIAN_POINT ( 'NONE',  ( -1.124999999999998002, 0.09999999999999999167, 3.425000000000002043 ) );
#4838=FACE_OUTER_BOUND ( 'NONE', #8510, .T. );
#4839=ORIENTED_EDGE ( 'NONE', *, *, #885, .F. );
#4840=ORIENTED_EDGE ( 'NONE', *, *, #2188, .T. );
#4841=ORIENTED_EDGE ( 'NONE', *, *, #2148, .T. );
#4842=CARTESIAN_POINT ( 'NONE',  ( 2.625000000000000888, 0.5716990566028306020, -3.425000000000000711 ) );
#4843=EDGE_LOOP ( 'NONE', ( #6991, #2690, #4489, #8694 ) );
#4844=FACE_OUTER_BOUND ( 'NONE', #3042, .T. );
#4845=VERTEX_POINT ( 'NONE', #1434 );
#4846=ORIENTED_EDGE ( 'NONE', *, *, #3670, .F. );
#4847=CARTESIAN_POINT ( 'NONE',  ( 2.375000000000002220, 0.000000000000000000, 3.025000000000001243 ) );
#4848=ORIENTED_EDGE ( 'NONE', *, *, #4978, .T. );
#4849=CARTESIAN_POINT ( 'NONE',  ( 3.024999999999999467, 0.5716990566028302689, 1.625000000000001110 ) );
#4850=EDGE_CURVE ( 'NONE', #2335, #8774, #3211, .T. );
#4851=VERTEX_POINT ( 'NONE', #2319 );
#4852=AXIS2_PLACEMENT_3D ( 'NONE', #1039, #51, #32 );
#4853=EDGE_CURVE ( 'NONE', #6871, #2332, #2598, .T. );
#4854=LINE ( 'NONE', #3367, #30 );
#4855=ORIENTED_EDGE ( 'NONE', *, *, #5542, .F. );
#4856=FACE_OUTER_BOUND ( 'NONE', #633, .T. );
#4857=ORIENTED_EDGE ( 'NONE', *, *, #1016, .F. );
#4858=EDGE_LOOP ( 'NONE', ( #6827, #6833, #1264, #4025 ) );
#4859=PLANE ( 'NONE',  #7679 );
#4860=EDGE_CURVE ( 'NONE', #346, #6025, #781, .T. );
#4861=EDGE_CURVE ( 'NONE', #7929, #8651, #5891, .T. );
#4862=ADVANCED_FACE ( 'NONE', ( #7149 ), #7697, .F. );
#4863=ORIENTED_EDGE ( 'NONE', *, *, #5082, .F. );
#4864=ORIENTED_EDGE ( 'NONE', *, *, #5003, .F. );
#4865=LINE ( 'NONE', #1172, #6 );
#4866=PLANE ( 'NONE',  #5627 );
#4867=ORIENTED_EDGE ( 'NONE', *, *, #4965, .T. );
#4868=ORIENTED_EDGE ( 'NONE', *, *, #6513, .F. );
#4869=ADVANCED_FACE ( 'NONE', ( #932 ), #3260, .T. );
#4870=FACE_OUTER_BOUND ( 'NONE', #7957, .T. );
#4871=LINE ( 'NONE', #424, #432 );
#4872=MANIFOLD_SOLID_BREP ( 'LPattern3[19]', #1462 );
#4873=ADVANCED_FACE ( 'NONE', ( #1538 ), #6654, .F. );
#4874=LINE ( 'NONE', #2362, #4 );
#4875=CARTESIAN_POINT ( 'NONE',  ( 2.125000000000001332, 0.5716990566028306020, -3.025000000000000355 ) );
#4876=ORIENTED_EDGE ( 'NONE', *, *, #1555, .T. );
#4877=PLANE ( 'NONE',  #8081 );
#4878=EDGE_LOOP ( 'NONE', ( #2189, #602, #3768, #8036 ) );
#4879=EDGE_CURVE ( 'NONE', #6147, #6625, #7722, .T. );
#4880=VERTEX_POINT ( 'NONE', #2533 );
#4881=LINE ( 'NONE', #38, #30 );
#4882=LINE ( 'NONE', #1366, #30 );
#4883=ORIENTED_EDGE ( 'NONE', *, *, #1231, .F. );
#4884=PLANE ( 'NONE',  #8571 );
#4885=ORIENTED_EDGE ( 'NONE', *, *, #1781, .T. );
#4886=EDGE_LOOP ( 'NONE', ( #3298, #5549, #5953, #8080 ) );
#4887=( GEOMETRIC_REPRESENTATION_CONTEXT ( 3 ) GLOBAL_UNCERTAINTY_ASSIGNED_CONTEXT ( ( #12 ) ) GLOBAL_UNIT_ASSIGNED_CONTEXT ( ( #359, #272, #78 ) ) REPRESENTATION_CONTEXT ( 'NONE', 'WORKASPACE' ) );
#4888=PLANE ( 'NONE',  #6734 );
#4889=EDGE_CURVE ( 'NONE', #7983, #1286, #7177, .T. );
#4890=ORIENTED_EDGE ( 'NONE', *, *, #5949, .T. );
#4891=CARTESIAN_POINT ( 'NONE',  ( -3.024999999999999467, 0.5716990566028302689, 2.125000000000000888 ) );
#4892=EDGE_LOOP ( 'NONE', ( #3324, #4840, #8526, #3257 ) );
#4893=ADVANCED_FACE ( 'NONE', ( #47 ), #3918, .F. );
#4894=AXIS2_PLACEMENT_3D ( 'NONE', #294, #46, #21 );
#4895=ORIENTED_EDGE ( 'NONE', *, *, #5386, .F. );
#4896=LINE ( 'NONE', #1208, #30 );
#4897=PLANE ( 'NONE',  #6551 );
#4898=EDGE_LOOP ( 'NONE', ( #1907, #3536, #4841, #8624 ) );
#4899=CARTESIAN_POINT ( 'NONE',  ( 2.125000000000001776, 0.000000000000000000, -3.425000000000001155 ) );
#4900=VERTEX_POINT ( 'NONE', #619 );
#4901=ADVANCED_FACE ( 'NONE', ( #8735 ), #8258, .F. );
#4902=FACE_OUTER_BOUND ( 'NONE', #5962, .T. );
#4903=EDGE_CURVE ( 'NONE', #1906, #903, #110, .T. );
#4904=LINE ( 'NONE', #1438, #365 );
#4905=VERTEX_POINT ( 'NONE', #1799 );
#4906=ORIENTED_EDGE ( 'NONE', *, *, #8768, .T. );
#4907=MANIFOLD_SOLID_BREP ( 'LPattern4[4]', #7154 );
#4908=ORIENTED_EDGE ( 'NONE', *, *, #3628, .F. );
#4909=EDGE_CURVE ( 'NONE', #2155, #7174, #5145, .T. );
#4910=FACE_OUTER_BOUND ( 'NONE', #2330, .T. );
#4911=EDGE_CURVE ( 'NONE', #6035, #8591, #8702, .T. );
#4912=LINE ( 'NONE', #1435, #4 );
#4913=ORIENTED_EDGE ( 'NONE', *, *, #4347, .F. );
#4914=ORIENTED_EDGE ( 'NONE', *, *, #2646, .T. );
#4915=PLANE ( 'NONE',  #1445 );
#4916=LINE ( 'NONE', #7406, #432 );
#4917=AXIS2_PLACEMENT_3D ( 'NONE', #2718, #109, #21 );
#4918=CARTESIAN_POINT ( 'NONE',  ( 2.875000000000001332, 0.000000000000000000, 3.025000000000001243 ) );
#4919=EDGE_CURVE ( 'NONE', #4268, #3428, #1697, .T. );
#4920=EDGE_CURVE ( 'NONE', #7978, #3448, #6908, .T. );
#4921=EDGE_CURVE ( 'NONE', #8529, #7807, #2579, .T. );
#4922=FACE_OUTER_BOUND ( 'NONE', #5138, .T. );
#4923=ORIENTED_EDGE ( 'NONE', *, *, #4278, .T. );
#4924=VERTEX_POINT ( 'NONE', #575 );
#4925=ORIENTED_EDGE ( 'NONE', *, *, #1027, .T. );
#4926=( GEOMETRIC_REPRESENTATION_CONTEXT ( 3 ) GLOBAL_UNCERTAINTY_ASSIGNED_CONTEXT ( ( #12 ) ) GLOBAL_UNIT_ASSIGNED_CONTEXT ( ( #359, #272, #78 ) ) REPRESENTATION_CONTEXT ( 'NONE', 'WORKASPACE' ) );
#4927=ORIENTED_EDGE ( 'NONE', *, *, #7115, .F. );
#4928=ORIENTED_EDGE ( 'NONE', *, *, #710, .T. );
#4929=CLOSED_SHELL ( 'NONE', ( #7511, #8078, #7828, #6906, #7738, #5767 ) );
#4930=ORIENTED_EDGE ( 'NONE', *, *, #1125, .F. );
#4931=ORIENTED_EDGE ( 'NONE', *, *, #228, .F. );
#4932=LINE ( 'NONE', #1900, #4 );
#4933=MANIFOLD_SOLID_BREP ( 'Boss-Extrude5', #3340 );
#4934=AXIS2_PLACEMENT_3D ( 'NONE', #1418, #596, #3656 );
#4935=ORIENTED_EDGE ( 'NONE', *, *, #1102, .F. );
#4936=EDGE_CURVE ( 'NONE', #3428, #5642, #7250, .T. );
#4937=ADVANCED_FACE ( 'NONE', ( #4003 ), #1858, .F. );
#4938=ORIENTED_EDGE ( 'NONE', *, *, #1878, .F. );
#4939=CARTESIAN_POINT ( 'NONE',  ( -3.424999999999999822, 0.1000000000000001027, -1.624999999999999334 ) );
#4940=EDGE_CURVE ( 'NONE', #6025, #8773, #8426, .T. );
#4941=ORIENTED_EDGE ( 'NONE', *, *, #2831, .F. );
#4942=PLANE ( 'NONE',  #4950 );
#4943=ORIENTED_EDGE ( 'NONE', *, *, #6580, .T. );
#4944=PLANE ( 'NONE',  #6274 );
#4945=FACE_OUTER_BOUND ( 'NONE', #7210, .T. );
#4946=ORIENTED_EDGE ( 'NONE', *, *, #8235, .F. );
#4947=VERTEX_POINT ( 'NONE', #1945 );
#4948=FACE_OUTER_BOUND ( 'NONE', #7992, .T. );
#4949=EDGE_LOOP ( 'NONE', ( #2798, #821, #1109, #1892, #1625 ) );
#4950=AXIS2_PLACEMENT_3D ( 'NONE', #1871, #526, #130 );
#4951=MANIFOLD_SOLID_BREP ( 'LPattern3[1]', #1971 );
#4952=ADVANCED_FACE ( 'NONE', ( #5083 ), #1020, .T. );
#4953=EDGE_LOOP ( 'NONE', ( #7605, #6746, #5424, #7096 ) );
#4954=CARTESIAN_POINT ( 'NONE',  ( 2.125000000000002220, 0.5716990566028306020, 3.425000000000001599 ) );
#4955=PLANE ( 'NONE',  #1857 );
#4956=VERTEX_POINT ( 'NONE', #7629 );
#4957=AXIS2_PLACEMENT_3D ( 'NONE', #5350, #45, #168 );
#4958=ORIENTED_EDGE ( 'NONE', *, *, #8457, .T. );
#4959=EDGE_LOOP ( 'NONE', ( #7997, #1584, #2143, #4473 ) );
#4960=AXIS2_PLACEMENT_3D ( 'NONE', #3669, #21, #526 );
#4961=LINE ( 'NONE', #1893, #4 );
#4962=CARTESIAN_POINT ( 'NONE',  ( 3.424999999999999822, 0.1000000000000001027, 2.625000000000000000 ) );
#4963=EDGE_CURVE ( 'NONE', #3283, #3251, #6463, .T. );
#4964=VERTEX_POINT ( 'NONE', #191 );
#4965=EDGE_CURVE ( 'NONE', #597, #7819, #2276, .T. );
#4966=FACE_OUTER_BOUND ( 'NONE', #2805, .T. );
#4967=ORIENTED_EDGE ( 'NONE', *, *, #1981, .T. );
#4968=CARTESIAN_POINT ( 'NONE',  ( 3.424999999999999822, 0.000000000000000000, 1.625000000000001332 ) );
#4969=ORIENTED_EDGE ( 'NONE', *, *, #7923, .T. );
#4970=VERTEX_POINT ( 'NONE', #363 );
#4971=PLANE ( 'NONE',  #2175 );
#4972=ORIENTED_EDGE ( 'NONE', *, *, #7754, .F. );
#4973=( GEOMETRIC_REPRESENTATION_CONTEXT ( 3 ) GLOBAL_UNCERTAINTY_ASSIGNED_CONTEXT ( ( #12 ) ) GLOBAL_UNIT_ASSIGNED_CONTEXT ( ( #359, #272, #78 ) ) REPRESENTATION_CONTEXT ( 'NONE', 'WORKASPACE' ) );
#4974=CARTESIAN_POINT ( 'NONE',  ( 3.424999999999999822, 0.1000000000000001027, 0.8750000000000007772 ) );
#4975=EDGE_CURVE ( 'NONE', #4924, #453, #5165, .T. );
#4976=EDGE_CURVE ( 'NONE', #5976, #8060, #3815, .T. );
#4977=ORIENTED_EDGE ( 'NONE', *, *, #6190, .F. );
#4978=EDGE_CURVE ( 'NONE', #405, #4114, #1675, .T. );
#4979=CARTESIAN_POINT ( 'NONE',  ( -0.8749999999999977796, 0.09999999999999999167, 3.425000000000001599 ) );
#4980=CARTESIAN_POINT ( 'NONE',  ( -3.424999999999999822, 0.09999999999999999167, -1.124999999999999334 ) );
#4981=EDGE_LOOP ( 'NONE', ( #6277, #8713, #5360, #549 ) );
#4982=EDGE_LOOP ( 'NONE', ( #4112, #3562, #4908, #3453 ) );
#4983=PLANE ( 'NONE',  #2953 );
#4984=VERTEX_POINT ( 'NONE', #4551 );
#4985=PLANE ( 'NONE',  #7685 );
#4986=CARTESIAN_POINT ( 'NONE',  ( -3.424999999999999822, 0.000000000000000000, -0.8749999999999990008 ) );
#4987=ORIENTED_EDGE ( 'NONE', *, *, #8468, .T. );
#4988=EDGE_CURVE ( 'NONE', #6895, #4012, #6363, .T. );
#4989=PLANE ( 'NONE',  #6136 );
#4990=FACE_OUTER_BOUND ( 'NONE', #2454, .T. );
#4991=FACE_BOUND ( 'NONE', #3703, .T. );
#4992=LINE ( 'NONE', #3591, #432 );
#4993=EDGE_CURVE ( 'NONE', #7172, #3204, #7599, .T. );
#4994=ORIENTED_EDGE ( 'NONE', *, *, #2881, .T. );
#4995=LINE ( 'NONE', #471, #6 );
#4996=ORIENTED_EDGE ( 'NONE', *, *, #5071, .T. );
#4997=ORIENTED_EDGE ( 'NONE', *, *, #4183, .F. );
#4998=EDGE_LOOP ( 'NONE', ( #7479, #6202, #3485, #6103 ) );
#4999=LINE ( 'NONE', #2223, #269 );
#5000=ORIENTED_EDGE ( 'NONE', *, *, #612, .T. );
#5001=FACE_OUTER_BOUND ( 'NONE', #3362, .T. );
#5002=FACE_OUTER_BOUND ( 'NONE', #1973, .T. );
#5003=EDGE_CURVE ( 'NONE', #4233, #2432, #8091, .T. );
#5004=LINE ( 'NONE', #6511, #1015 );
#5005=ORIENTED_EDGE ( 'NONE', *, *, #2211, .F. );
#5006=ORIENTED_EDGE ( 'NONE', *, *, #8554, .F. );
#5007=PLANE ( 'NONE',  #6399 );
#5008=VERTEX_POINT ( 'NONE', #796 );
#5009=LINE ( 'NONE', #1397, #200 );
#5010=EDGE_LOOP ( 'NONE', ( #4121, #6582, #884, #8548 ) );
#5011=FACE_OUTER_BOUND ( 'NONE', #7577, .T. );
#5012=EDGE_CURVE ( 'NONE', #7523, #4964, #4413, .T. );
#5013=ADVANCED_FACE ( 'NONE', ( #2943 ), #2224, .F. );
#5014=ORIENTED_EDGE ( 'NONE', *, *, #427, .T. );
#5015=ORIENTED_EDGE ( 'NONE', *, *, #7501, .T. );
#5016=CARTESIAN_POINT ( 'NONE',  ( -3.024999999999999467, 0.1000000000000001027, -0.6249999999999992228 ) );
#5017=AXIS2_PLACEMENT_3D ( 'NONE', #1710, #109, #21 );
#5018=FACE_OUTER_BOUND ( 'NONE', #3062, .T. );
#5019=ORIENTED_EDGE ( 'NONE', *, *, #8647, .T. );
#5020=CARTESIAN_POINT ( 'NONE',  ( -2.874999999999997780, 0.1000000000000000056, 3.425000000000001599 ) );
#5021=CARTESIAN_POINT ( 'NONE',  ( -3.024999999999999467, 0.5716990566028302689, 1.625000000000001332 ) );
#5022=EDGE_CURVE ( 'NONE', #3110, #8060, #2814, .T. );
#5023=EDGE_CURVE ( 'NONE', #3149, #4206, #8132, .T. );
#5024=EDGE_CURVE ( 'NONE', #138, #6115, #2375, .T. );
#5025=CARTESIAN_POINT ( 'NONE',  ( -3.424999999999999822, 0.5716990566028302689, -2.374999999999999112 ) );
#5026=ORIENTED_EDGE ( 'NONE', *, *, #7880, .F. );
#5027=ORIENTED_EDGE ( 'NONE', *, *, #5564, .T. );
#5028=FACE_BOUND ( 'NONE', #2871, .T. );
#5029=LINE ( 'NONE', #3633, #30 );
#5030=FACE_OUTER_BOUND ( 'NONE', #8374, .T. );
#5031=AXIS2_PLACEMENT_3D ( 'NONE', #2234, #21, #526 );
#5032=EDGE_CURVE ( 'NONE', #6706, #141, #2327, .T. );
#5033=EDGE_CURVE ( 'NONE', #4295, #4202, #7016, .T. );
#5034=FACE_OUTER_BOUND ( 'NONE', #3510, .T. );
#5035=EDGE_CURVE ( 'NONE', #8273, #965, #6430, .T. );
#5036=ORIENTED_EDGE ( 'NONE', *, *, #5908, .T. );
#5037=EDGE_LOOP ( 'NONE', ( #7069, #4846, #980, #8016 ) );
#5038=EDGE_LOOP ( 'NONE', ( #4200, #6453, #5813, #125 ) );
#5039=VERTEX_POINT ( 'NONE', #1723 );
#5040=FACE_OUTER_BOUND ( 'NONE', #6021, .T. );
#5041=PLANE ( 'NONE',  #5803 );
#5042=VERTEX_POINT ( 'NONE', #3524 );
#5043=EDGE_CURVE ( 'NONE', #1715, #1740, #5371, .T. );
#5044=PLANE ( 'NONE',  #4687 );
#5045=CARTESIAN_POINT ( 'NONE',  ( 3.424999999999999822, 0.1000000000000001027, 1.125000000000000888 ) );
#5046=ORIENTED_EDGE ( 'NONE', *, *, #427, .F. );
#5047=ORIENTED_EDGE ( 'NONE', *, *, #2714, .F. );
#5048=EDGE_CURVE ( 'NONE', #4094, #868, #4024, .T. );
#5049=FACE_OUTER_BOUND ( 'NONE', #611, .T. );
#5050=ORIENTED_EDGE ( 'NONE', *, *, #1999, .T. );
#5051=EDGE_CURVE ( 'NONE', #762, #577, #8236, .T. );
#5052=ADVANCED_FACE ( 'NONE', ( #6509 ), #4726, .F. );
#5053=CARTESIAN_POINT ( 'NONE',  ( 3.500000000000000000, 0.000000000000000000, 0.000000000000000000 ) );
#5054=LINE ( 'NONE', #2738, #4 );
#5055=ORIENTED_EDGE ( 'NONE', *, *, #6456, .F. );
#5056=ORIENTED_EDGE ( 'NONE', *, *, #4803, .F. );
#5057=ORIENTED_EDGE ( 'NONE', *, *, #3687, .F. );
#5058=ORIENTED_EDGE ( 'NONE', *, *, #1188, .T. );
#5059=LINE ( 'NONE', #4521, #4 );
#5060=ADVANCED_FACE ( 'NONE', ( #5903 ), #845, .F. );
#5061=FACE_OUTER_BOUND ( 'NONE', #5899, .T. );
#5062=PLANE ( 'NONE',  #180 );
#5063=EDGE_LOOP ( 'NONE', ( #2801, #3015, #1104, #311 ) );
#5064=ORIENTED_EDGE ( 'NONE', *, *, #5741, .T. );
#5065=LINE ( 'NONE', #613, #30 );
#5066=EDGE_LOOP ( 'NONE', ( #2033, #1821, #5721, #5507 ) );
#5067=CARTESIAN_POINT ( 'NONE',  ( -3.424999999999999822, 0.5716990566028302689, 1.875000000000001332 ) );
#5068=CARTESIAN_POINT ( 'NONE',  ( -3.024999999999999467, 0.1000000000000001027, 1.625000000000001332 ) );
#5069=ORIENTED_EDGE ( 'NONE', *, *, #5846, .F. );
#5070=PLANE ( 'NONE',  #547 );
#5071=EDGE_CURVE ( 'NONE', #4697, #242, #5252, .T. );
#5072=EDGE_CURVE ( 'NONE', #1080, #3717, #3175, .T. );
#5073=FACE_OUTER_BOUND ( 'NONE', #274, .T. );
#5074=LINE ( 'NONE', #625, #6 );
#5075=CARTESIAN_POINT ( 'NONE',  ( -3.424999999999999822, 0.5716990566028302689, 2.375000000000001332 ) );
#5076=PLANE ( 'NONE',  #372 );
#5077=EDGE_LOOP ( 'NONE', ( #4794, #2505, #8670, #3441 ) );
#5078=ORIENTED_EDGE ( 'NONE', *, *, #3238, .F. );
#5079=EDGE_LOOP ( 'NONE', ( #455, #7784, #1178, #7099 ) );
#5080=ADVANCED_FACE ( 'NONE', ( #4680 ), #7232, .F. );
#5081=ADVANCED_FACE ( 'NONE', ( #3887 ), #1049, .T. );
#5082=EDGE_CURVE ( 'NONE', #2490, #8704, #5327, .T. );
#5083=FACE_OUTER_BOUND ( 'NONE', #1796, .T. );
#5084=VERTEX_POINT ( 'NONE', #7 );
#5085=PLANE ( 'NONE',  #7775 );
#5086=LINE ( 'NONE', #4731, #432 );
#5087=LINE ( 'NONE', #4420, #30 );
#5088=VERTEX_POINT ( 'NONE', #265 );
#5089=ORIENTED_EDGE ( 'NONE', *, *, #3145, .F. );
#5090=AXIS2_PLACEMENT_3D ( 'NONE', #685, #526, #130 );
#5091=EDGE_LOOP ( 'NONE', ( #5000, #4661, #1466, #6574 ) );
#5092=EDGE_CURVE ( 'NONE', #3000, #4880, #5943, .T. );
#5093=LINE ( 'NONE', #2533, #365 );
#5094=ADVANCED_FACE ( 'NONE', ( #7847 ), #997, .T. );
#5095=PLANE ( 'NONE',  #4374 );
#5096=LINE ( 'NONE', #4660, #6 );
#5097=ORIENTED_EDGE ( 'NONE', *, *, #2466, .F. );
#5098=EDGE_CURVE ( 'NONE', #2782, #2572, #819, .T. );
#5099=ORIENTED_EDGE ( 'NONE', *, *, #1975, .T. );
#5100=ORIENTED_EDGE ( 'NONE', *, *, #2210, .F. );
#5101=VERTEX_POINT ( 'NONE', #2368 );
#5102=EDGE_CURVE ( 'NONE', #5039, #2490, #946, .T. );
#5103=ORIENTED_EDGE ( 'NONE', *, *, #3002, .F. );
#5104=CARTESIAN_POINT ( 'NONE',  ( -2.374999999999998668, 0.000000000000000000, -3.425000000000000711 ) );
#5105=PLANE ( 'NONE',  #2893 );
#5106=EDGE_LOOP ( 'NONE', ( #2303, #5306, #8404, #123 ) );
#5107=PLANE ( 'NONE',  #4716 );
#5108=VERTEX_POINT ( 'NONE', #1824 );
#5109=ORIENTED_EDGE ( 'NONE', *, *, #6096, .F. );
#5110=AXIS2_PLACEMENT_3D ( 'NONE', #3729, #3, #86 );
#5111=CARTESIAN_POINT ( 'NONE',  ( 3.424999999999999822, 0.1000000000000001027, -2.874999999999999112 ) );
#5112=ORIENTED_EDGE ( 'NONE', *, *, #3464, .F. );
#5113=FACE_BOUND ( 'NONE', #7271, .T. );
#5114=PRESENTATION_LAYER_ASSIGNMENT (  '', '', ( #3392 ) );
#5115=ORIENTED_EDGE ( 'NONE', *, *, #5701, .F. );
#5116=PLANE ( 'NONE',  #8464 );
#5117=LINE ( 'NONE', #4180, #6 );
#5118=EDGE_CURVE ( 'NONE', #7376, #1430, #3313, .T. );
#5119=EDGE_LOOP ( 'NONE', ( #4793, #5633, #1504, #6638 ) );
#5120=EDGE_LOOP ( 'NONE', ( #4548, #6651, #2401, #6129 ) );
#5121=EDGE_CURVE ( 'NONE', #4729, #3300, #2086, .T. );
#5122=VERTEX_POINT ( 'NONE', #1442 );
#5123=AXIS2_PLACEMENT_3D ( 'NONE', #2394, #32, #5 );
#5124=FACE_OUTER_BOUND ( 'NONE', #2758, .T. );
#5125=AXIS2_PLACEMENT_3D ( 'NONE', #4491, #46, #21 );
#5126=EDGE_CURVE ( 'NONE', #3109, #8204, #5474, .T. );
#5127=LINE ( 'NONE', #689, #200 );
#5128=PLANE ( 'NONE',  #4050 );
#5129=ORIENTED_EDGE ( 'NONE', *, *, #1635, .F. );
#5130=ADVANCED_FACE ( 'NONE', ( #8026 ), #4955, .F. );
#5131=EDGE_CURVE ( 'NONE', #3936, #4268, #2756, .T. );
#5132=EDGE_LOOP ( 'NONE', ( #2108, #3766, #399, #4069 ) );
#5133=ORIENTED_EDGE ( 'NONE', *, *, #6194, .F. );
#5134=ORIENTED_EDGE ( 'NONE', *, *, #5182, .T. );
#5135=FACE_OUTER_BOUND ( 'NONE', #2405, .T. );
#5136=EDGE_LOOP ( 'NONE', ( #8327, #913, #506, #95 ) );
#5137=CARTESIAN_POINT ( 'NONE',  ( -2.475000000000000089, 0.000000000000000000, -2.175000000000003819 ) );
#5138=EDGE_LOOP ( 'NONE', ( #5816, #6469, #1520, #1705 ) );
#5139=EDGE_CURVE ( 'NONE', #6066, #1176, #7449, .T. );
#5140=VERTEX_POINT ( 'NONE', #2812 );
#5141=EDGE_LOOP ( 'NONE', ( #7561, #8139, #5015, #7891 ) );
#5142=PLANE ( 'NONE',  #6904 );
#5143=ORIENTED_EDGE ( 'NONE', *, *, #135, .F. );
#5144=EDGE_CURVE ( 'NONE', #5366, #5556, #3469, .T. );
#5145=LINE ( 'NONE', #5630, #30 );
#5146=EDGE_CURVE ( 'NONE', #4300, #6167, #5004, .T. );
#5147=ORIENTED_EDGE ( 'NONE', *, *, #5771, .F. );
#5148=FACE_OUTER_BOUND ( 'NONE', #3978, .T. );
#5149=EDGE_LOOP ( 'NONE', ( #7551, #1558, #1000, #2271 ) );
#5150=ORIENTED_EDGE ( 'NONE', *, *, #4559, .T. );
#5151=PLANE ( 'NONE',  #2269 );
#5152=ORIENTED_EDGE ( 'NONE', *, *, #1794, .F. );
#5153=EDGE_CURVE ( 'NONE', #6504, #2877, #7328, .T. );
#5154=FACE_BOUND ( 'NONE', #1880, .T. );
#5155=EDGE_CURVE ( 'NONE', #8552, #3970, #6275, .T. );
#5156=LINE ( 'NONE', #3669, #30 );
#5157=FACE_OUTER_BOUND ( 'NONE', #3689, .T. );
#5158=AXIS2_PLACEMENT_3D ( 'NONE', #440, #51, #32 );
#5159=ORIENTED_EDGE ( 'NONE', *, *, #6454, .T. );
#5160=EDGE_LOOP ( 'NONE', ( #8630, #4547, #8389, #5152 ) );
#5161=CARTESIAN_POINT ( 'NONE',  ( 1.875000000000001998, 0.000000000000000000, 3.425000000000002043 ) );
#5162=ORIENTED_EDGE ( 'NONE', *, *, #7609, .T. );
#5163=AXIS2_PLACEMENT_3D ( 'NONE', #901, #109, #21 );
#5164=EDGE_CURVE ( 'NONE', #3664, #1395, #5522, .T. );
#5165=LINE ( 'NONE', #575, #4 );
#5166=PLANE ( 'NONE',  #6855 );
#5167=CARTESIAN_POINT ( 'NONE',  ( -3.024999999999999467, 0.5716990566028302689, 1.875000000000001332 ) );
#5168=VERTEX_POINT ( 'NONE', #1234 );
#5169=STYLED_ITEM ( 'NONE', ( #320 ), #4571 );
#5170=ORIENTED_EDGE ( 'NONE', *, *, #7178, .T. );
#5171=EDGE_LOOP ( 'NONE', ( #8353, #609, #2677, #61 ) );
#5172=EDGE_CURVE ( 'NONE', #411, #5250, #2806, .T. );
#5173=EDGE_CURVE ( 'NONE', #5938, #5852, #4912, .T. );
#5174=LINE ( 'NONE', #1631, #224 );
#5175=VERTEX_POINT ( 'NONE', #174 );
#5176=ORIENTED_EDGE ( 'NONE', *, *, #603, .F. );
#5177=ORIENTED_EDGE ( 'NONE', *, *, #694, .T. );
#5178=AXIS2_PLACEMENT_3D ( 'NONE', #1463, #467, #3564 );
#5179=CARTESIAN_POINT ( 'NONE',  ( -0.8749999999999985567, 0.09999999999999999167, -3.025000000000000355 ) );
#5180=ORIENTED_EDGE ( 'NONE', *, *, #8383, .T. );
#5181=FACE_OUTER_BOUND ( 'NONE', #3909, .T. );
#5182=EDGE_CURVE ( 'NONE', #2481, #3156, #8682, .T. );
#5183=EDGE_CURVE ( 'NONE', #4206, #2895, #8134, .T. );
#5184=LINE ( 'NONE', #3079, #4 );
#5185=ORIENTED_EDGE ( 'NONE', *, *, #2786, .T. );
#5186=ORIENTED_EDGE ( 'NONE', *, *, #8071, .T. );
#5187=LINE ( 'NONE', #5968, #30 );
#5188=ORIENTED_EDGE ( 'NONE', *, *, #1726, .T. );
#5189=LINE ( 'NONE', #961, #30 );
#5190=LINE ( 'NONE', #5268, #4 );
#5191=ORIENTED_EDGE ( 'NONE', *, *, #1536, .T. );
#5192=( GEOMETRIC_REPRESENTATION_CONTEXT ( 3 ) GLOBAL_UNCERTAINTY_ASSIGNED_CONTEXT ( ( #12 ) ) GLOBAL_UNIT_ASSIGNED_CONTEXT ( ( #359, #272, #78 ) ) REPRESENTATION_CONTEXT ( 'NONE', 'WORKASPACE' ) );
#5193=CARTESIAN_POINT ( 'NONE',  ( -3.024999999999999467, 0.000000000000000000, 2.125000000000001332 ) );
#5194=LINE ( 'NONE', #462, #365 );
#5195=CARTESIAN_POINT ( 'NONE',  ( 3.424999999999999822, 0.5716990566028302689, 2.875000000000000444 ) );
#5196=LINE ( 'NONE', #656, #224 );
#5197=AXIS2_PLACEMENT_3D ( 'NONE', #1729, #585, #105 );
#5198=CARTESIAN_POINT ( 'NONE',  ( -3.424999999999999822, 0.000000000000000000, 2.875000000000000444 ) );
#5199=LINE ( 'NONE', #809, #4 );
#5200=EDGE_CURVE ( 'NONE', #4111, #2217, #7631, .T. );
#5201=PRESENTATION_LAYER_ASSIGNMENT (  '', '', ( #1086 ) );
#5202=ORIENTED_EDGE ( 'NONE', *, *, #832, .F. );
#5203=EDGE_LOOP ( 'NONE', ( #1696, #3860, #4345, #2355 ) );
#5204=AXIS2_PLACEMENT_3D ( 'NONE', #6577, #32, #5 );
#5205=EDGE_CURVE ( 'NONE', #1528, #7791, #2862, .T. );
#5206=VERTEX_POINT ( 'NONE', #6466 );
#5207=EDGE_CURVE ( 'NONE', #4233, #2499, #1457, .T. );
#5208=EDGE_CURVE ( 'NONE', #2348, #7710, #5086, .T. );
#5209=CLOSED_SHELL ( 'NONE', ( #5602, #4193, #6537, #6623, #4190, #6596 ) );
#5210=ORIENTED_EDGE ( 'NONE', *, *, #6858, .T. );
#5211=EDGE_CURVE ( 'NONE', #7710, #1928, #5746, .T. );
#5212=ORIENTED_EDGE ( 'NONE', *, *, #4347, .T. );
#5213=ORIENTED_EDGE ( 'NONE', *, *, #4860, .F. );
#5214=CARTESIAN_POINT ( 'NONE',  ( 2.125000000000002220, 0.09999999999999999167, 3.425000000000001599 ) );
#5215=ORIENTED_EDGE ( 'NONE', *, *, #7381, .F. );
#5216=CARTESIAN_POINT ( 'NONE',  ( 0.000000000000000000, 0.000000000000000000, 4.500000000000000888 ) );
#5217=LINE ( 'NONE', #1039, #6 );
#5218=ORIENTED_EDGE ( 'NONE', *, *, #5933, .F. );
#5219=CARTESIAN_POINT ( 'NONE',  ( 0.1250000000000014155, 0.1000000000000000056, -3.425000000000000711 ) );
#5220=EDGE_LOOP ( 'NONE', ( #5534, #3462, #983, #2147 ) );
#5221=AXIS2_PLACEMENT_3D ( 'NONE', #249, #45, #168 );
#5222=ADVANCED_FACE ( 'NONE', ( #4463 ), #8093, .T. );
#5223=ORIENTED_EDGE ( 'NONE', *, *, #7816, .T. );
#5224=LINE ( 'NONE', #4303, #206 );
#5225=ADVANCED_FACE ( 'NONE', ( #7017 ), #748, .T. );
#5226=AXIS2_PLACEMENT_3D ( 'NONE', #3151, #3, #86 );
#5227=CARTESIAN_POINT ( 'NONE',  ( 0.8750000000000012212, 0.000000000000000000, -3.025000000000000355 ) );
#5228=STYLED_ITEM ( 'NONE', ( #320 ), #7147 );
#5229=PLANE ( 'NONE',  #8763 );
#5230=ORIENTED_EDGE ( 'NONE', *, *, #152, .T. );
#5231=VERTEX_POINT ( 'NONE', #4418 );
#5232=ADVANCED_FACE ( 'NONE', ( #8648 ), #2229, .T. );
#5233=ADVANCED_FACE ( 'NONE', ( #3130 ), #5044, .T. );
#5234=CARTESIAN_POINT ( 'NONE',  ( 1.125000000000002220, 0.5716990566028306020, 3.025000000000001243 ) );
#5235=ORIENTED_EDGE ( 'NONE', *, *, #3651, .T. );
#5236=AXIS2_PLACEMENT_3D ( 'NONE', #142, #32, #5 );
#5237=ADVANCED_FACE ( 'NONE', ( #8171 ), #2948, .T. );
#5238=ADVANCED_FACE ( 'NONE', ( #8200 ), #7089, .T. );
#5239=EDGE_LOOP ( 'NONE', ( #2744, #6078, #8249, #4229 ) );
#5240=AXIS2_PLACEMENT_3D ( 'NONE', #159, #51, #32 );
#5241=ORIENTED_EDGE ( 'NONE', *, *, #8392, .T. );
#5242=FACE_BOUND ( 'NONE', #1132, .T. );
#5243=PLANE ( 'NONE',  #2603 );
#5244=( GEOMETRIC_REPRESENTATION_CONTEXT ( 3 ) GLOBAL_UNCERTAINTY_ASSIGNED_CONTEXT ( ( #12 ) ) GLOBAL_UNIT_ASSIGNED_CONTEXT ( ( #359, #272, #78 ) ) REPRESENTATION_CONTEXT ( 'NONE', 'WORKASPACE' ) );
#5245=PLANE ( 'NONE',  #4852 );
#5246=EDGE_LOOP ( 'NONE', ( #4097, #4610, #7892, #4052 ) );
#5247=ADVANCED_FACE ( 'NONE', ( #5709 ), #3036, .T. );
#5248=LINE ( 'NONE', #3266, #6 );
#5249=LINE ( 'NONE', #4267, #30 );
#5250=VERTEX_POINT ( 'NONE', #144 );
#5251=ADVANCED_FACE ( 'NONE', ( #3370 ), #895, .F. );
#5252=LINE ( 'NONE', #8750, #365 );
#5253=DIRECTION ( 'NONE',  ( -6.195440985631454085E-17, -0.000000000000000000, 1.000000000000000000 ) );
#5254=VERTEX_POINT ( 'NONE', #8372 );
#5255=LINE ( 'NONE', #799, #4 );
#5256=AXIS2_PLACEMENT_3D ( 'NONE', #673, #526, #130 );
#5257=EDGE_CURVE ( 'NONE', #116, #4900, #3318, .T. );
#5258=AXIS2_PLACEMENT_3D ( 'NONE', #497, #585, #105 );
#5259=ORIENTED_EDGE ( 'NONE', *, *, #8383, .F. );
#5260=ORIENTED_EDGE ( 'NONE', *, *, #8457, .F. );
#5261=CARTESIAN_POINT ( 'NONE',  ( -1.874999999999998668, 0.09999999999999999167, -3.425000000000000711 ) );
#5262=ORIENTED_EDGE ( 'NONE', *, *, #204, .F. );
#5263=EDGE_CURVE ( 'NONE', #3603, #8223, #4765, .T. );
#5264=ORIENTED_EDGE ( 'NONE', *, *, #8479, .T. );
#5265=EDGE_LOOP ( 'NONE', ( #1993, #1491, #215, #4031 ) );
#5266=ORIENTED_EDGE ( 'NONE', *, *, #5304, .F. );
#5267=ORIENTED_EDGE ( 'NONE', *, *, #5973, .F. );
#5268=CARTESIAN_POINT ( 'NONE',  ( 2.475000000000000533, 7.100357133746822313, -2.474999999999999645 ) );
#5269=FACE_OUTER_BOUND ( 'NONE', #8462, .T. );
#5270=EDGE_CURVE ( 'NONE', #5122, #626, #3227, .T. );
#5271=AXIS2_PLACEMENT_3D ( 'NONE', #1480, #585, #105 );
#5272=ORIENTED_EDGE ( 'NONE', *, *, #7367, .T. );
#5273=ORIENTED_EDGE ( 'NONE', *, *, #7102, .F. );
#5274=ORIENTED_EDGE ( 'NONE', *, *, #5146, .F. );
#5275=LINE ( 'NONE', #433, #4 );
#5276=ORIENTED_EDGE ( 'NONE', *, *, #520, .F. );
#5277=EDGE_LOOP ( 'NONE', ( #3045, #8453, #3182, #3668 ) );
#5278=LINE ( 'NONE', #877, #1352 );
#5279=FACE_OUTER_BOUND ( 'NONE', #1238, .T. );
#5280=LINE ( 'NONE', #545, #4 );
#5281=EDGE_CURVE ( 'NONE', #1751, #4816, #7121, .T. );
#5282=EDGE_CURVE ( 'NONE', #7798, #8029, #2654, .T. );
#5283=EDGE_CURVE ( 'NONE', #570, #651, #6548, .T. );
#5284=ORIENTED_EDGE ( 'NONE', *, *, #1203, .F. );
#5285=ADVANCED_FACE ( 'NONE', ( #1777 ), #7745, .T. );
#5286=CARTESIAN_POINT ( 'NONE',  ( -3.024999999999999467, 0.5716990566028302689, 0.1250000000000009714 ) );
#5287=ORIENTED_EDGE ( 'NONE', *, *, #5473, .F. );
#5288=FACE_OUTER_BOUND ( 'NONE', #6135, .T. );
#5289=EDGE_CURVE ( 'NONE', #2465, #7930, #5377, .T. );
#5290=ORIENTED_EDGE ( 'NONE', *, *, #2846, .T. );
#5291=EDGE_CURVE ( 'NONE', #6364, #3384, #4730, .T. );
#5292=LINE ( 'NONE', #6432, #4 );
#5293=LINE ( 'NONE', #1083, #4 );
#5294=PLANE ( 'NONE',  #3760 );
#5295=LINE ( 'NONE', #1418, #30 );
#5296=EDGE_LOOP ( 'NONE', ( #5112, #1109, #3278, #2118 ) );
#5297=ORIENTED_EDGE ( 'NONE', *, *, #7087, .F. );
#5298=ORIENTED_EDGE ( 'NONE', *, *, #2208, .F. );
#5299=CARTESIAN_POINT ( 'NONE',  ( 1.625000000000002220, 0.000000000000000000, 3.025000000000001243 ) );
#5300=CARTESIAN_POINT ( 'NONE',  ( 0.000000000000000000, 0.1000000000000000056, 5.000000000000000888 ) );
#5301=LINE ( 'NONE', #4668, #4 );
#5302=PRESENTATION_LAYER_ASSIGNMENT (  '', '', ( #1227 ) );
#5303=EDGE_LOOP ( 'NONE', ( #5847, #469, #5099, #2374 ) );
#5304=EDGE_CURVE ( 'NONE', #5449, #431, #4029, .T. );
#5305=EDGE_CURVE ( 'NONE', #1003, #2895, #2796, .T. );
#5306=ORIENTED_EDGE ( 'NONE', *, *, #8484, .T. );
#5307=VERTEX_POINT ( 'NONE', #5557 );
#5308=LINE ( 'NONE', #5435, #30 );
#5309=EDGE_CURVE ( 'NONE', #1476, #411, #6222, .T. );
#5310=FACE_OUTER_BOUND ( 'NONE', #3744, .T. );
#5311=LINE ( 'NONE', #974, #4 );
#5312=ORIENTED_EDGE ( 'NONE', *, *, #2267, .F. );
#5313=CARTESIAN_POINT ( 'NONE',  ( 3.424999999999999822, 0.5716990566028302689, -1.124999999999999334 ) );
#5314=EDGE_LOOP ( 'NONE', ( #3294, #1007, #1628, #4118 ) );
#5315=EDGE_LOOP ( 'NONE', ( #2892, #5988, #1667, #2507 ) );
#5316=ORIENTED_EDGE ( 'NONE', *, *, #1388, .T. );
#5317=EDGE_CURVE ( 'NONE', #7290, #849, #328, .T. );
#5318=EDGE_LOOP ( 'NONE', ( #7371, #6832, #3964, #3626 ) );
#5319=PLANE ( 'NONE',  #2165 );
#5320=LINE ( 'NONE', #3301, #30 );
#5321=ORIENTED_EDGE ( 'NONE', *, *, #7758, .F. );
#5322=AXIS2_PLACEMENT_3D ( 'NONE', #4475, #109, #21 );
#5323=EDGE_CURVE ( 'NONE', #6808, #7696, #8449, .T. );
#5324=AXIS2_PLACEMENT_3D ( 'NONE', #3029, #45, #168 );
#5325=EDGE_CURVE ( 'NONE', #6738, #2537, #3550, .T. );
#5326=STYLED_ITEM ( 'NONE', ( #320 ), #1563 );
#5327=LINE ( 'NONE', #3364, #6 );
#5328=VERTEX_POINT ( 'NONE', #4132 );
#5329=MECHANICAL_DESIGN_GEOMETRIC_PRESENTATION_REPRESENTATION (  '', ( #8653 ), #5477 );
#5330=LINE ( 'NONE', #1728, #6 );
#5331=STYLED_ITEM ( 'NONE', ( #320 ), #1844 );
#5332=LINE ( 'NONE', #15, #432 );
#5333=ORIENTED_EDGE ( 'NONE', *, *, #2406, .T. );
#5334=EDGE_CURVE ( 'NONE', #732, #5108, #6184, .T. );
#5335=ORIENTED_EDGE ( 'NONE', *, *, #6212, .T. );
#5336=ADVANCED_FACE ( 'NONE', ( #3458 ), #2125, .F. );
#5337=EDGE_CURVE ( 'NONE', #7523, #4249, #8413, .T. );
#5338=EDGE_LOOP ( 'NONE', ( #6647, #8089, #1543, #27 ) );
#5339=CLOSED_SHELL ( 'NONE', ( #5060, #7168, #4266, #8218, #7925, #937 ) );
#5340=LINE ( 'NONE', #1292, #4 );
#5341=AXIS2_PLACEMENT_3D ( 'NONE', #1435, #5, #128 );
#5342=CARTESIAN_POINT ( 'NONE',  ( -3.424999999999999822, 0.09999999999999999167, -2.624999999999999112 ) );
#5343=CLOSED_SHELL ( 'NONE', ( #3312, #266, #8017, #5958, #7277, #5990 ) );
#5344=EDGE_LOOP ( 'NONE', ( #4264, #3032, #3471, #1520 ) );
#5345=ORIENTED_EDGE ( 'NONE', *, *, #3781, .T. );
#5346=CARTESIAN_POINT ( 'NONE',  ( 3.424999999999999822, 0.1000000000000001027, -1.874999999999999112 ) );
#5347=ADVANCED_FACE ( 'NONE', ( #1380 ), #7038, .T. );
#5348=FACE_OUTER_BOUND ( 'NONE', #3112, .T. );
#5349=ADVANCED_FACE ( 'NONE', ( #8079 ), #4304, .T. );
#5350=CARTESIAN_POINT ( 'NONE',  ( 2.500000000000000000, 0.000000000000000000, 0.000000000000000000 ) );
#5351=ORIENTED_EDGE ( 'NONE', *, *, #3949, .F. );
#5352=ADVANCED_FACE ( 'NONE', ( #7505 ), #7470, .T. );
#5353=EDGE_LOOP ( 'NONE', ( #483, #8432, #7394, #3945 ) );
#5354=ADVANCED_FACE ( 'NONE', ( #721 ), #6894, .T. );
#5355=ORIENTED_EDGE ( 'NONE', *, *, #439, .F. );
#5356=EDGE_LOOP ( 'NONE', ( #4780, #677, #7022, #2141 ) );
#5357=ORIENTED_EDGE ( 'NONE', *, *, #1678, .T. );
#5358=FACE_OUTER_BOUND ( 'NONE', #3368, .T. );
#5359=LINE ( 'NONE', #1142, #6 );
#5360=ORIENTED_EDGE ( 'NONE', *, *, #6711, .F. );
#5361=AXIS2_PLACEMENT_3D ( 'NONE', #38, #130, #46 );
#5362=EDGE_LOOP ( 'NONE', ( #2441, #4378, #3569, #2106 ) );
#5363=VERTEX_POINT ( 'NONE', #3629 );
#5364=EDGE_CURVE ( 'NONE', #3158, #1985, #6451, .T. );
#5365=ORIENTED_EDGE ( 'NONE', *, *, #542, .T. );
#5366=VERTEX_POINT ( 'NONE', #2166 );
#5367=LINE ( 'NONE', #5999, #6 );
#5368=PRESENTATION_LAYER_ASSIGNMENT (  '', '', ( #4090 ) );
#5369=CARTESIAN_POINT ( 'NONE',  ( -3.424999999999999822, 0.09999999999999999167, -2.124999999999999112 ) );
#5370=AXIS2_PLACEMENT_3D ( 'NONE', #516, #109, #21 );
#5371=LINE ( 'NONE', #140, #206 );
#5372=ORIENTED_EDGE ( 'NONE', *, *, #6513, .T. );
#5373=FACE_OUTER_BOUND ( 'NONE', #6125, .T. );
#5374=ADVANCED_FACE ( 'NONE', ( #615 ), #3711, .F. );
#5375=EDGE_LOOP ( 'NONE', ( #3177, #2829, #4138, #4007 ) );
#5376=EDGE_CURVE ( 'NONE', #7414, #536, #5817, .T. );
#5377=LINE ( 'NONE', #3009, #224 );
#5378=LINE ( 'NONE', #3629, #6 );
#5379=EDGE_LOOP ( 'NONE', ( #695, #4422, #2197, #2817 ) );
#5380=AXIS2_PLACEMENT_3D ( 'NONE', #2362, #130, #46 );
#5381=ORIENTED_EDGE ( 'NONE', *, *, #3128, .F. );
#5382=LINE ( 'NONE', #1279, #4 );
#5383=ADVANCED_FACE ( 'NONE', ( #6572 ), #3967, .F. );
#5384=EDGE_LOOP ( 'NONE', ( #716, #7428, #1646, #2497 ) );
#5385=LINE ( 'NONE', #450, #365 );
#5386=EDGE_CURVE ( 'NONE', #6487, #3637, #7107, .T. );
#5387=EDGE_CURVE ( 'NONE', #145, #8542, #3926, .T. );
#5388=ADVANCED_FACE ( 'NONE', ( #6646 ), #1807, .F. );
#5389=ORIENTED_EDGE ( 'NONE', *, *, #7918, .F. );
#5390=ORIENTED_EDGE ( 'NONE', *, *, #8062, .F. );
#5391=FACE_OUTER_BOUND ( 'NONE', #7507, .T. );
#5392=FACE_OUTER_BOUND ( 'NONE', #8360, .T. );
#5393=ORIENTED_EDGE ( 'NONE', *, *, #2813, .F. );
#5394=PLANE ( 'NONE',  #2759 );
#5395=ADVANCED_FACE ( 'NONE', ( #5849 ), #394, .F. );
#5396=FACE_OUTER_BOUND ( 'NONE', #6391, .T. );
#5397=ORIENTED_EDGE ( 'NONE', *, *, #2179, .T. );
#5398=LINE ( 'NONE', #1134, #260 );
#5399=VERTEX_POINT ( 'NONE', #769 );
#5400=ORIENTED_EDGE ( 'NONE', *, *, #5323, .F. );
#5401=EDGE_LOOP ( 'NONE', ( #2588, #751, #5559, #3681 ) );
#5402=PLANE ( 'NONE',  #5686 );
#5403=ORIENTED_EDGE ( 'NONE', *, *, #7780, .F. );
#5404=CARTESIAN_POINT ( 'NONE',  ( 0.6250000000000023315, 0.5716990566028306020, 3.425000000000001599 ) );
#5405=EDGE_CURVE ( 'NONE', #6297, #752, #2404, .T. );
#5406=ORIENTED_EDGE ( 'NONE', *, *, #4324, .F. );
#5407=PLANE ( 'NONE',  #5653 );
#5408=EDGE_CURVE ( 'NONE', #7258, #6133, #4713, .T. );
#5409=LINE ( 'NONE', #4891, #30 );
#5410=ORIENTED_EDGE ( 'NONE', *, *, #6120, .F. );
#5411=EDGE_CURVE ( 'NONE', #1547, #18, #5187, .T. );
#5412=FACE_OUTER_BOUND ( 'NONE', #8205, .T. );
#5413=EDGE_LOOP ( 'NONE', ( #4930, #8771, #6174, #4864 ) );
#5414=EDGE_CURVE ( 'NONE', #5702, #2157, #1161, .T. );
#5415=CARTESIAN_POINT ( 'NONE',  ( -3.424999999999999822, 0.5716990566028302689, 2.875000000000000444 ) );
#5416=EDGE_CURVE ( 'NONE', #4300, #6729, #924, .T. );
#5417=LINE ( 'NONE', #389, #58 );
#5418=EDGE_LOOP ( 'NONE', ( #5734, #6480, #2987, #817 ) );
#5419=CARTESIAN_POINT ( 'NONE',  ( 2.475000000000000533, 0.000000000000000000, 2.475000000000000533 ) );
#5420=CARTESIAN_POINT ( 'NONE',  ( -3.499999999999999556, 0.000000000000000000, -3.499999999999999556 ) );
#5421=ORIENTED_EDGE ( 'NONE', *, *, #588, .T. );
#5422=EDGE_LOOP ( 'NONE', ( #8697, #818, #3777, #4430 ) );
#5423=LINE ( 'NONE', #2768, #28 );
#5424=ORIENTED_EDGE ( 'NONE', *, *, #5386, .T. );
#5425=EDGE_CURVE ( 'NONE', #4437, #4013, #3837, .T. );
#5426=STYLED_ITEM ( 'NONE', ( #320 ), #4746 );
#5427=PLANE ( 'NONE',  #5370 );
#5428=CARTESIAN_POINT ( 'NONE',  ( 3.024999999999999467, 0.000000000000000000, 2.875000000000000000 ) );
#5429=LINE ( 'NONE', #604, #200 );
#5430=CARTESIAN_POINT ( 'NONE',  ( 3.024999999999999467, 0.000000000000000000, 2.125000000000000888 ) );
#5431=EDGE_LOOP ( 'NONE', ( #2711, #4246, #8008, #7931 ) );
#5432=ORIENTED_EDGE ( 'NONE', *, *, #5807, .T. );
#5433=FACE_OUTER_BOUND ( 'NONE', #4626, .T. );
#5434=ORIENTED_EDGE ( 'NONE', *, *, #2173, .F. );
#5435=CARTESIAN_POINT ( 'NONE',  ( -1.874999999999998668, 0.5716990566028306020, -3.425000000000000711 ) );
#5436=ADVANCED_FACE ( 'NONE', ( #4576 ), #2539, .F. );
#5437=ORIENTED_EDGE ( 'NONE', *, *, #7882, .T. );
#5438=EDGE_CURVE ( 'NONE', #886, #5698, #4881, .T. );
#5439=FACE_OUTER_BOUND ( 'NONE', #3643, .T. );
#5440=PRESENTATION_STYLE_ASSIGNMENT (( #234 ) );
#5441=LINE ( 'NONE', #2394, #4 );
#5442=ORIENTED_EDGE ( 'NONE', *, *, #6995, .T. );
#5443=ORIENTED_EDGE ( 'NONE', *, *, #5551, .F. );
#5444=EDGE_LOOP ( 'NONE', ( #2531, #938, #2030, #1535 ) );
#5445=ORIENTED_EDGE ( 'NONE', *, *, #6503, .T. );
#5446=ORIENTED_EDGE ( 'NONE', *, *, #2455, .F. );
#5447=ADVANCED_FACE ( 'NONE', ( #8397 ), #7300, .T. );
#5448=EDGE_CURVE ( 'NONE', #3149, #1003, #2009, .T. );
#5449=VERTEX_POINT ( 'NONE', #1139 );
#5450=EDGE_CURVE ( 'NONE', #6673, #3355, #4113, .T. );
#5451=CARTESIAN_POINT ( 'NONE',  ( -0.6249999999999987788, 0.5716990566028306020, -3.025000000000000355 ) );
#5452=LINE ( 'NONE', #2216, #6 );
#5453=ORIENTED_EDGE ( 'NONE', *, *, #910, .F. );
#5454=FACE_OUTER_BOUND ( 'NONE', #1196, .T. );
#5455=EDGE_LOOP ( 'NONE', ( #3052, #4435, #513, #2286 ) );
#5456=PLANE ( 'NONE',  #624 );
#5457=EDGE_LOOP ( 'NONE', ( #5727, #3987, #649, #7692 ) );
#5458=EDGE_CURVE ( 'NONE', #7150, #7890, #6128, .T. );
#5459=EDGE_CURVE ( 'NONE', #7414, #3691, #1258, .T. );
#5460=LINE ( 'NONE', #1271, #432 );
#5461=ORIENTED_EDGE ( 'NONE', *, *, #1515, .T. );
#5462=FACE_OUTER_BOUND ( 'NONE', #7413, .T. );
#5463=EDGE_CURVE ( 'NONE', #7525, #572, #2680, .T. );
#5464=ORIENTED_EDGE ( 'NONE', *, *, #4751, .F. );
#5465=EDGE_LOOP ( 'NONE', ( #3594, #477, #393, #79 ) );
#5466=EDGE_CURVE ( 'NONE', #6593, #1956, #7343, .T. );
#5467=ORIENTED_EDGE ( 'NONE', *, *, #3651, .F. );
#5468=VERTEX_POINT ( 'NONE', #3486 );
#5469=AXIS2_PLACEMENT_3D ( 'NONE', #5234, #46, #21 );
#5470=PRESENTATION_LAYER_ASSIGNMENT (  '', '', ( #8549 ) );
#5471=VERTEX_POINT ( 'NONE', #2145 );
#5472=LINE ( 'NONE', #4383, #365 );
#5473=EDGE_CURVE ( 'NONE', #1450, #3596, #1191, .T. );
#5474=LINE ( 'NONE', #2852, #166 );
#5475=LINE ( 'NONE', #1162, #30 );
#5476=EDGE_LOOP ( 'NONE', ( #2429, #8369, #1853, #2841 ) );
#5477=( GEOMETRIC_REPRESENTATION_CONTEXT ( 3 ) GLOBAL_UNCERTAINTY_ASSIGNED_CONTEXT ( ( #12 ) ) GLOBAL_UNIT_ASSIGNED_CONTEXT ( ( #359, #272, #78 ) ) REPRESENTATION_CONTEXT ( 'NONE', 'WORKASPACE' ) );
#5478=LINE ( 'NONE', #1432, #206 );
#5479=LINE ( 'NONE', #5907, #4 );
#5480=VERTEX_POINT ( 'NONE', #2774 );
#5481=AXIS2_PLACEMENT_3D ( 'NONE', #3301, #109, #21 );
#5482=CLOSED_SHELL ( 'NONE', ( #4801, #8634, #1411, #4678, #4707, #4654 ) );
#5483=LINE ( 'NONE', #3341, #30 );
#5484=CARTESIAN_POINT ( 'NONE',  ( 2.125000000000001332, 0.5716990566028306020, -3.425000000000000711 ) );
#5485=ADVANCED_FACE ( 'NONE', ( #3533 ), #5536, .F. );
#5486=STYLED_ITEM ( 'NONE', ( #320 ), #1506 );
#5487=ADVANCED_FACE ( 'NONE', ( #1954 ), #5402, .T. );
#5488=EDGE_LOOP ( 'NONE', ( #6644, #4280, #1868, #5185 ) );
#5489=EDGE_LOOP ( 'NONE', ( #7415, #7804, #2794, #6801 ) );
#5490=CARTESIAN_POINT ( 'NONE',  ( 0.1250000000000022760, 0.000000000000000000, 3.425000000000001599 ) );
#5491=ORIENTED_EDGE ( 'NONE', *, *, #4776, .F. );
#5492=LINE ( 'NONE', #2057, #432 );
#5493=PLANE ( 'NONE',  #384 );
#5494=ORIENTED_EDGE ( 'NONE', *, *, #5575, .T. );
#5495=LINE ( 'NONE', #296, #4 );
#5496=ORIENTED_EDGE ( 'NONE', *, *, #3513, .F. );
#5497=ORIENTED_EDGE ( 'NONE', *, *, #5126, .T. );
#5498=EDGE_CURVE ( 'NONE', #7331, #3281, #7833, .T. );
#5499=FACE_OUTER_BOUND ( 'NONE', #1013, .T. );
#5500=EDGE_CURVE ( 'NONE', #3596, #6118, #3346, .T. );
#5501=VERTEX_POINT ( 'NONE', #7259 );
#5502=LINE ( 'NONE', #3459, #4 );
#5503=ORIENTED_EDGE ( 'NONE', *, *, #5989, .T. );
#5504=LINE ( 'NONE', #1836, #260 );
#5505=FACE_OUTER_BOUND ( 'NONE', #923, .T. );
#5506=FACE_OUTER_BOUND ( 'NONE', #1297, .T. );
#5507=ORIENTED_EDGE ( 'NONE', *, *, #733, .F. );
#5508=EDGE_CURVE ( 'NONE', #2127, #3664, #1082, .T. );
#5509=ORIENTED_EDGE ( 'NONE', *, *, #3756, .F. );
#5510=CARTESIAN_POINT ( 'NONE',  ( 1.625000000000002220, 0.1000000000000000056, 3.425000000000001599 ) );
#5511=ORIENTED_EDGE ( 'NONE', *, *, #7037, .F. );
#5512=VERTEX_POINT ( 'NONE', #2300 );
#5513=AXIS2_PLACEMENT_3D ( 'NONE', #1056, #46, #21 );
#5514=ORIENTED_EDGE ( 'NONE', *, *, #7325, .F. );
#5515=ADVANCED_FACE ( 'NONE', ( #1530 ), #5722, .T. );
#5516=AXIS2_PLACEMENT_3D ( 'NONE', #6408, #8150, #4523 );
#5517=EDGE_CURVE ( 'NONE', #2395, #5823, #6956, .T. );
#5518=FACE_OUTER_BOUND ( 'NONE', #6634, .T. );
#5519=VERTEX_POINT ( 'NONE', #707 );
#5520=LINE ( 'NONE', #3381, #432 );
#5521=CARTESIAN_POINT ( 'NONE',  ( 3.424999999999999822, 0.000000000000000000, 1.875000000000000888 ) );
#5522=LINE ( 'NONE', #3071, #269 );
#5523=CARTESIAN_POINT ( 'NONE',  ( 3.424999999999999822, 0.5716990566028302689, 2.875000000000000000 ) );
#5524=AXIS2_PLACEMENT_3D ( 'NONE', #689, #5, #128 );
#5525=EDGE_LOOP ( 'NONE', ( #6144, #7034, #303, #3594 ) );
#5526=ORIENTED_EDGE ( 'NONE', *, *, #2443, .T. );
#5527=LINE ( 'NONE', #2804, #30 );
#5528=CARTESIAN_POINT ( 'NONE',  ( 3.424999999999999822, 0.09999999999999999167, 0.8750000000000007772 ) );
#5529=ADVANCED_FACE ( 'NONE', ( #601 ), #394, .F. );
#5530=LINE ( 'NONE', #1243, #30 );
#5531=AXIS2_PLACEMENT_3D ( 'NONE', #1822, #109, #21 );
#5532=FACE_OUTER_BOUND ( 'NONE', #8149, .T. );
#5533=VERTEX_POINT ( 'NONE', #2064 );
#5534=ORIENTED_EDGE ( 'NONE', *, *, #3855, .F. );
#5535=EDGE_LOOP ( 'NONE', ( #6809, #6549, #4117, #7109 ) );
#5536=PLANE ( 'NONE',  #6068 );
#5537=VERTEX_POINT ( 'NONE', #848 );
#5538=AXIS2_PLACEMENT_3D ( 'NONE', #2387, #5, #128 );
#5539=ORIENTED_EDGE ( 'NONE', *, *, #7594, .F. );
#5540=EDGE_CURVE ( 'NONE', #868, #2875, #381, .T. );
#5541=PLANE ( 'NONE',  #8004 );
#5542=EDGE_CURVE ( 'NONE', #1502, #1450, #1475, .T. );
#5543=ORIENTED_EDGE ( 'NONE', *, *, #2310, .T. );
#5544=CARTESIAN_POINT ( 'NONE',  ( 3.024999999999999467, 0.09999999999999999167, 1.625000000000001332 ) );
#5545=EDGE_LOOP ( 'NONE', ( #8075, #6926, #1115, #4927 ) );
#5546=ORIENTED_EDGE ( 'NONE', *, *, #5032, .F. );
#5547=LINE ( 'NONE', #1958, #30 );
#5548=LINE ( 'NONE', #2064, #260 );
#5549=ORIENTED_EDGE ( 'NONE', *, *, #8354, .F. );
#5550=AXIS2_PLACEMENT_3D ( 'NONE', #5075, #46, #21 );
#5551=EDGE_CURVE ( 'NONE', #1574, #717, #866, .T. );
#5552=ADVANCED_FACE ( 'NONE', ( #3743 ), #2200, .F. );
#5553=ADVANCED_FACE ( 'NONE', ( #3007 ), #4971, .F. );
#5554=PLANE ( 'NONE',  #317 );
#5555=EDGE_LOOP ( 'NONE', ( #3465, #5464, #1936, #1587 ) );
#5556=VERTEX_POINT ( 'NONE', #459 );
#5557=CARTESIAN_POINT ( 'NONE',  ( 1.625000000000002220, 0.000000000000000000, 3.425000000000001599 ) );
#5558=ORIENTED_EDGE ( 'NONE', *, *, #3920, .T. );
#5559=ORIENTED_EDGE ( 'NONE', *, *, #6189, .T. );
#5560=LINE ( 'NONE', #76, #6 );
#5561=ORIENTED_EDGE ( 'NONE', *, *, #4670, .F. );
#5562=ORIENTED_EDGE ( 'NONE', *, *, #4919, .F. );
#5563=EDGE_CURVE ( 'NONE', #4063, #3862, #6336, .T. );
#5564=EDGE_CURVE ( 'NONE', #3065, #3158, #1612, .T. );
#5565=ADVANCED_FACE ( 'NONE', ( #4434 ), #2963, .F. );
#5566=LINE ( 'NONE', #459, #224 );
#5567=ORIENTED_EDGE ( 'NONE', *, *, #114, .T. );
#5568=LINE ( 'NONE', #2800, #206 );
#5569=CARTESIAN_POINT ( 'NONE',  ( 3.024999999999999467, 0.09999999999999999167, 2.875000000000000000 ) );
#5570=PLANE ( 'NONE',  #6155 );
#5571=ORIENTED_EDGE ( 'NONE', *, *, #4248, .F. );
#5572=VERTEX_POINT ( 'NONE', #2822 );
#5573=LINE ( 'NONE', #4191, #6 );
#5574=( GEOMETRIC_REPRESENTATION_CONTEXT ( 3 ) GLOBAL_UNCERTAINTY_ASSIGNED_CONTEXT ( ( #12 ) ) GLOBAL_UNIT_ASSIGNED_CONTEXT ( ( #359, #272, #78 ) ) REPRESENTATION_CONTEXT ( 'NONE', 'WORKASPACE' ) );
#5575=EDGE_CURVE ( 'NONE', #6364, #1831, #1586, .T. );
#5576=ORIENTED_EDGE ( 'NONE', *, *, #24, .T. );
#5577=LINE ( 'NONE', #6159, #4 );
#5578=EDGE_CURVE ( 'NONE', #5607, #1528, #8566, .T. );
#5579=PLANE ( 'NONE',  #891 );
#5580=VERTEX_POINT ( 'NONE', #479 );
#5581=EDGE_CURVE ( 'NONE', #6688, #4105, #8534, .T. );
#5582=ORIENTED_EDGE ( 'NONE', *, *, #1553, .T. );
#5583=LINE ( 'NONE', #2700, #365 );
#5584=ORIENTED_EDGE ( 'NONE', *, *, #1903, .T. );
#5585=ADVANCED_FACE ( 'NONE', ( #6246 ), #2868, .F. );
#5586=CARTESIAN_POINT ( 'NONE',  ( 3.024999999999999467, 0.1000000000000001027, 1.875000000000000888 ) );
#5587=ORIENTED_EDGE ( 'NONE', *, *, #6403, .T. );
#5588=ORIENTED_EDGE ( 'NONE', *, *, #7990, .F. );
#5589=LINE ( 'NONE', #1004, #432 );
#5590=AXIS2_PLACEMENT_3D ( 'NONE', #6465, #46, #21 );
#5591=EDGE_CURVE ( 'NONE', #6118, #6595, #5995, .T. );
#5592=PLANE ( 'NONE',  #7186 );
#5593=EDGE_LOOP ( 'NONE', ( #8251, #3288, #2135, #2164 ) );
#5594=VERTEX_POINT ( 'NONE', #3003 );
#5595=LINE ( 'NONE', #355, #200 );
#5596=LINE ( 'NONE', #326, #200 );
#5597=CARTESIAN_POINT ( 'NONE',  ( 2.625000000000001776, 0.5716990566028306020, 3.425000000000001599 ) );
#5598=PLANE ( 'NONE',  #193 );
#5599=EDGE_LOOP ( 'NONE', ( #1094, #566, #3185, #1225 ) );
#5600=LINE ( 'NONE', #6828, #30 );
#5601=FACE_OUTER_BOUND ( 'NONE', #2958, .T. );
#5602=ADVANCED_FACE ( 'NONE', ( #2392 ), #763, .F. );
#5603=ORIENTED_EDGE ( 'NONE', *, *, #5651, .T. );
#5604=EDGE_LOOP ( 'NONE', ( #2891, #5795, #2865, #6065 ) );
#5605=AXIS2_PLACEMENT_3D ( 'NONE', #589, #45, #168 );
#5606=EDGE_CURVE ( 'NONE', #1947, #4778, #7027, .T. );
#5607=VERTEX_POINT ( 'NONE', #859 );
#5608=ORIENTED_EDGE ( 'NONE', *, *, #8298, .F. );
#5609=PLANE ( 'NONE',  #3866 );
#5610=EDGE_LOOP ( 'NONE', ( #3345, #1230, #1862, #4685 ) );
#5611=LINE ( 'NONE', #2576, #58 );
#5612=PLANE ( 'NONE',  #8037 );
#5613=ADVANCED_FACE ( 'NONE', ( #7640 ), #966, .F. );
#5614=CARTESIAN_POINT ( 'NONE',  ( -3.424999999999999822, 0.5716990566028302689, 1.625000000000001332 ) );
#5615=ORIENTED_EDGE ( 'NONE', *, *, #6176, .T. );
#5616=ADVANCED_FACE ( 'NONE', ( #3788 ), #2440, .T. );
#5617=ADVANCED_FACE ( 'NONE', ( #7755 ), #1706, .T. );
#5618=ORIENTED_EDGE ( 'NONE', *, *, #6436, .T. );
#5619=ORIENTED_EDGE ( 'NONE', *, *, #2251, .T. );
#5620=LINE ( 'NONE', #4918, #200 );
#5621=LINE ( 'NONE', #1336, #30 );
#5622=ADVANCED_FACE ( 'NONE', ( #8180 ), #1706, .T. );
#5623=CARTESIAN_POINT ( 'NONE',  ( 3.024999999999999467, 0.1000000000000001027, 2.375000000000001332 ) );
#5624=LINE ( 'NONE', #298, #365 );
#5625=PLANE ( 'NONE',  #6773 );
#5626=EDGE_CURVE ( 'NONE', #7388, #6672, #6479, .T. );
#5627=AXIS2_PLACEMENT_3D ( 'NONE', #282, #2843, #182 );
#5628=ORIENTED_EDGE ( 'NONE', *, *, #3027, .T. );
#5629=VERTEX_POINT ( 'NONE', #1293 );
#5630=CARTESIAN_POINT ( 'NONE',  ( -3.024999999999999467, 0.5716990566028302689, 2.625000000000000444 ) );
#5631=PRESENTATION_LAYER_ASSIGNMENT (  '', '', ( #375 ) );
#5632=ORIENTED_EDGE ( 'NONE', *, *, #2551, .F. );
#5633=ORIENTED_EDGE ( 'NONE', *, *, #5932, .T. );
#5634=EDGE_CURVE ( 'NONE', #8172, #4729, #8729, .T. );
#5635=LINE ( 'NONE', #6253, #432 );
#5636=CLOSED_SHELL ( 'NONE', ( #7441, #5251, #7030, #4770, #5711, #7067 ) );
#5637=EDGE_CURVE ( 'NONE', #1461, #1306, #5224, .T. );
#5638=PRESENTATION_STYLE_ASSIGNMENT (( #7500 ) );
#5639=VERTEX_POINT ( 'NONE', #1694 );
#5640=CARTESIAN_POINT ( 'NONE',  ( -3.024999999999999467, 0.09999999999999999167, 1.625000000000001332 ) );
#5641=EDGE_CURVE ( 'NONE', #430, #3283, #4566, .T. );
#5642=VERTEX_POINT ( 'NONE', #3239 );
#5643=LINE ( 'NONE', #373, #28 );
#5644=AXIS2_PLACEMENT_3D ( 'NONE', #2172, #46, #21 );
#5645=ORIENTED_EDGE ( 'NONE', *, *, #1867, .F. );
#5646=PLANE ( 'NONE',  #246 );
#5647=PLANE ( 'NONE',  #8770 );
#5648=ORIENTED_EDGE ( 'NONE', *, *, #3891, .T. );
#5649=FACE_OUTER_BOUND ( 'NONE', #7025, .T. );
#5650=LINE ( 'NONE', #1005, #4 );
#5651=EDGE_CURVE ( 'NONE', #2217, #1529, #6109, .T. );
#5652=LINE ( 'NONE', #4039, #6 );
#5653=AXIS2_PLACEMENT_3D ( 'NONE', #2827, #5, #128 );
#5654=LINE ( 'NONE', #2926, #30 );
#5655=EDGE_LOOP ( 'NONE', ( #6750, #8362, #2910, #2453 ) );
#5656=ORIENTED_EDGE ( 'NONE', *, *, #216, .F. );
#5657=ADVANCED_FACE ( 'NONE', ( #4612 ), #915, .F. );
#5658=PLANE ( 'NONE',  #3522 );
#5659=EDGE_CURVE ( 'NONE', #7696, #4231, #7173, .T. );
#5660=VERTEX_POINT ( 'NONE', #6154 );
#5661=PLANE ( 'NONE',  #3898 );
#5662=LINE ( 'NONE', #3239, #4 );
#5663=EDGE_LOOP ( 'NONE', ( #7255, #983, #2243, #8281 ) );
#5664=EDGE_LOOP ( 'NONE', ( #1273, #8633, #2342, #8046 ) );
#5665=EDGE_CURVE ( 'NONE', #2058, #8376, #4096, .T. );
#5666=VERTEX_POINT ( 'NONE', #3430 );
#5667=ADVANCED_FACE ( 'NONE', ( #7824 ), #226, .F. );
#5668=FACE_OUTER_BOUND ( 'NONE', #2039, .T. );
#5669=FACE_OUTER_BOUND ( 'NONE', #3287, .T. );
#5670=EDGE_CURVE ( 'NONE', #8529, #2157, #8346, .T. );
#5671=ORIENTED_EDGE ( 'NONE', *, *, #7712, .T. );
#5672=ORIENTED_EDGE ( 'NONE', *, *, #3600, .T. );
#5673=ORIENTED_EDGE ( 'NONE', *, *, #6757, .T. );
#5674=VERTEX_POINT ( 'NONE', #3399 );
#5675=ORIENTED_EDGE ( 'NONE', *, *, #4976, .F. );
#5676=CARTESIAN_POINT ( 'NONE',  ( 1.625000000000001776, 0.000000000000000000, -3.025000000000000355 ) );
#5677=ORIENTED_EDGE ( 'NONE', *, *, #3980, .T. );
#5678=EDGE_CURVE ( 'NONE', #3596, #1038, #1852, .T. );
#5679=LINE ( 'NONE', #1569, #83 );
#5680=EDGE_CURVE ( 'NONE', #1653, #3156, #6114, .T. );
#5681=FACE_OUTER_BOUND ( 'NONE', #4232, .T. );
#5682=EDGE_CURVE ( 'NONE', #5760, #6273, #4700, .T. );
#5683=VERTEX_POINT ( 'NONE', #2092 );
#5684=PLANE ( 'NONE',  #7198 );
#5685=ORIENTED_EDGE ( 'NONE', *, *, #3477, .F. );
#5686=AXIS2_PLACEMENT_3D ( 'NONE', #423, #4696, #4419 );
#5687=ORIENTED_EDGE ( 'NONE', *, *, #3134, .F. );
#5688=CARTESIAN_POINT ( 'NONE',  ( -2.474999999999999645, 0.000000000000000000, -2.175000000000003819 ) );
#5689=FACE_OUTER_BOUND ( 'NONE', #5303, .T. );
#5690=VERTEX_POINT ( 'NONE', #7332 );
#5691=PLANE ( 'NONE',  #8749 );
#5692=EDGE_CURVE ( 'NONE', #6162, #1483, #5527, .T. );
#5693=FACE_BOUND ( 'NONE', #6519, .T. );
#5694=EDGE_LOOP ( 'NONE', ( #7814, #1952, #7457, #3701 ) );
#5695=LINE ( 'NONE', #2216, #83 );
#5696=LINE ( 'NONE', #1251, #365 );
#5697=EDGE_CURVE ( 'NONE', #4283, #466, #8421, .T. );
#5698=VERTEX_POINT ( 'NONE', #2512 );
#5699=AXIS2_PLACEMENT_3D ( 'NONE', #4615, #3, #86 );
#5700=ORIENTED_EDGE ( 'NONE', *, *, #280, .T. );
#5701=EDGE_CURVE ( 'NONE', #6793, #4283, #4000, .T. );
#5702=VERTEX_POINT ( 'NONE', #2931 );
#5703=ADVANCED_FACE ( 'NONE', ( #7212 ), #6079, .T. );
#5704=ORIENTED_EDGE ( 'NONE', *, *, #7348, .F. );
#5705=AXIS2_PLACEMENT_3D ( 'NONE', #5451, #21, #526 );
#5706=CARTESIAN_POINT ( 'NONE',  ( 0.1250000000000022760, 0.5716990566028306020, 3.425000000000001599 ) );
#5707=ORIENTED_EDGE ( 'NONE', *, *, #6063, .F. );
#5708=PLANE ( 'NONE',  #1874 );
#5709=FACE_OUTER_BOUND ( 'NONE', #5239, .T. );
#5710=VERTEX_POINT ( 'NONE', #1995 );
#5711=ADVANCED_FACE ( 'NONE', ( #8386 ), #7938, .F. );
#5712=EDGE_LOOP ( 'NONE', ( #5185, #3472, #333, #3626 ) );
#5713=FACE_OUTER_BOUND ( 'NONE', #2897, .T. );
#5714=FACE_OUTER_BOUND ( 'NONE', #8599, .T. );
#5715=EDGE_LOOP ( 'NONE', ( #374, #2116, #535, #4292 ) );
#5716=ORIENTED_EDGE ( 'NONE', *, *, #1414, .T. );
#5717=LINE ( 'NONE', #3408, #6 );
#5718=ORIENTED_EDGE ( 'NONE', *, *, #8742, .F. );
#5719=VERTEX_POINT ( 'NONE', #3332 );
#5720=EDGE_CURVE ( 'NONE', #3748, #138, #3995, .T. );
#5721=ORIENTED_EDGE ( 'NONE', *, *, #2025, .F. );
#5722=PLANE ( 'NONE',  #812 );
#5723=ORIENTED_EDGE ( 'NONE', *, *, #460, .T. );
#5724=ADVANCED_FACE ( 'NONE', ( #5433 ), #8276, .F. );
#5725=ORIENTED_EDGE ( 'NONE', *, *, #3873, .T. );
#5726=( GEOMETRIC_REPRESENTATION_CONTEXT ( 3 ) GLOBAL_UNCERTAINTY_ASSIGNED_CONTEXT ( ( #12 ) ) GLOBAL_UNIT_ASSIGNED_CONTEXT ( ( #359, #272, #78 ) ) REPRESENTATION_CONTEXT ( 'NONE', 'WORKASPACE' ) );
#5727=ORIENTED_EDGE ( 'NONE', *, *, #5043, .T. );
#5728=EDGE_CURVE ( 'NONE', #5250, #494, #230, .T. );
#5729=ADVANCED_FACE ( 'NONE', ( #7157 ), #394, .T. );
#5730=STYLED_ITEM ( 'NONE', ( #320 ), #4407 );
#5731=ADVANCED_FACE ( 'NONE', ( #1677 ), #3983, .F. );
#5732=PLANE ( 'NONE',  #6999 );
#5733=LINE ( 'NONE', #579, #6 );
#5734=ORIENTED_EDGE ( 'NONE', *, *, #4036, .F. );
#5735=AXIS2_PLACEMENT_3D ( 'NONE', #2326, #45, #168 );
#5736=ORIENTED_EDGE ( 'NONE', *, *, #4861, .T. );
#5737=EDGE_CURVE ( 'NONE', #2585, #8774, #1827, .T. );
#5738=CARTESIAN_POINT ( 'NONE',  ( 3.424999999999999822, 0.1000000000000001027, 1.625000000000001332 ) );
#5739=ADVANCED_FACE ( 'NONE', ( #4633 ), #3852, .T. );
#5740=FACE_OUTER_BOUND ( 'NONE', #5037, .T. );
#5741=EDGE_CURVE ( 'NONE', #6342, #1632, #3315, .T. );
#5742=ORIENTED_EDGE ( 'NONE', *, *, #6039, .T. );
#5743=LINE ( 'NONE', #1039, #83 );
#5744=LINE ( 'NONE', #462, #4 );
#5745=EDGE_CURVE ( 'NONE', #7239, #4224, #7707, .T. );
#5746=LINE ( 'NONE', #4475, #4 );
#5747=CARTESIAN_POINT ( 'NONE',  ( -3.024999999999999467, 0.09999999999999999167, -1.374999999999999112 ) );
#5748=ORIENTED_EDGE ( 'NONE', *, *, #3203, .F. );
#5749=EDGE_LOOP ( 'NONE', ( #860, #5055, #6323, #5365 ) );
#5750=LINE ( 'NONE', #996, #58 );
#5751=CARTESIAN_POINT ( 'NONE',  ( 2.125000000000001332, 0.000000000000000000, -3.425000000000000711 ) );
#5752=EDGE_CURVE ( 'NONE', #18, #3922, #1884, .T. );
#5753=VERTEX_POINT ( 'NONE', #1489 );
#5754=LINE ( 'NONE', #1039, #4 );
#5755=LINE ( 'NONE', #4475, #30 );
#5756=ORIENTED_EDGE ( 'NONE', *, *, #1451, .T. );
#5757=( GEOMETRIC_REPRESENTATION_CONTEXT ( 3 ) GLOBAL_UNCERTAINTY_ASSIGNED_CONTEXT ( ( #12 ) ) GLOBAL_UNIT_ASSIGNED_CONTEXT ( ( #359, #272, #78 ) ) REPRESENTATION_CONTEXT ( 'NONE', 'WORKASPACE' ) );
#5758=EDGE_LOOP ( 'NONE', ( #722, #4743, #7648, #7478 ) );
#5759=ORIENTED_EDGE ( 'NONE', *, *, #2377, .T. );
#5760=VERTEX_POINT ( 'NONE', #4728 );
#5761=AXIS2_PLACEMENT_3D ( 'NONE', #3077, #168, #128 );
#5762=FACE_OUTER_BOUND ( 'NONE', #4500, .T. );
#5763=PLANE ( 'NONE',  #7262 );
#5764=ORIENTED_EDGE ( 'NONE', *, *, #2419, .T. );
#5765=CARTESIAN_POINT ( 'NONE',  ( 3.424999999999999822, 0.1000000000000001027, 2.625000000000000444 ) );
#5766=CARTESIAN_POINT ( 'NONE',  ( -2.174999999999999822, 0.000000000000000000, -2.475000000000000089 ) );
#5767=ADVANCED_FACE ( 'NONE', ( #10 ), #1706, .T. );
#5768=AXIS2_PLACEMENT_3D ( 'NONE', #4708, #109, #21 );
#5769=CARTESIAN_POINT ( 'NONE',  ( 1.625000000000001776, 0.09999999999999999167, -3.425000000000000711 ) );
#5770=ORIENTED_EDGE ( 'NONE', *, *, #1203, .T. );
#5771=EDGE_CURVE ( 'NONE', #276, #4905, #6324, .T. );
#5772=AXIS2_PLACEMENT_3D ( 'NONE', #4438, #3, #86 );
#5773=FACE_OUTER_BOUND ( 'NONE', #4002, .T. );
#5774=FACE_OUTER_BOUND ( 'NONE', #478, .T. );
#5775=EDGE_LOOP ( 'NONE', ( #6266, #2122, #6736, #8015 ) );
#5776=LINE ( 'NONE', #669, #4 );
#5777=EDGE_LOOP ( 'NONE', ( #2351, #7638, #5333, #2256 ) );
#5778=FACE_BOUND ( 'NONE', #7864, .T. );
#5779=AXIS2_PLACEMENT_3D ( 'NONE', #3166, #32, #5 );
#5780=FACE_OUTER_BOUND ( 'NONE', #5375, .T. );
#5781=EDGE_CURVE ( 'NONE', #7709, #2293, #3225, .T. );
#5782=EDGE_CURVE ( 'NONE', #6952, #4488, #3943, .T. );
#5783=EDGE_CURVE ( 'NONE', #6688, #1906, #5589, .T. );
#5784=AXIS2_PLACEMENT_3D ( 'NONE', #979, #46, #21 );
#5785=CLOSED_SHELL ( 'NONE', ( #3144, #5613, #4546, #1567, #2809, #2353 ) );
#5786=PLANE ( 'NONE',  #6912 );
#5787=ORIENTED_EDGE ( 'NONE', *, *, #8114, .T. );
#5788=EDGE_LOOP ( 'NONE', ( #3045, #5397, #5406, #5056 ) );
#5789=EDGE_LOOP ( 'NONE', ( #3198, #2346, #5202, #8073 ) );
#5790=EDGE_CURVE ( 'NONE', #7148, #1680, #6891, .T. );
#5791=LINE ( 'NONE', #6313, #6 );
#5792=EDGE_CURVE ( 'NONE', #7318, #1350, #4338, .T. );
#5793=ORIENTED_EDGE ( 'NONE', *, *, #2824, .T. );
#5794=EDGE_CURVE ( 'NONE', #461, #8591, #4259, .T. );
#5795=ORIENTED_EDGE ( 'NONE', *, *, #5835, .F. );
#5796=AXIS2_PLACEMENT_3D ( 'NONE', #366, #46, #21 );
#5797=ORIENTED_EDGE ( 'NONE', *, *, #6228, .F. );
#5798=CARTESIAN_POINT ( 'NONE',  ( -3.024999999999999467, 0.1000000000000001027, 2.875000000000000444 ) );
#5799=PLANE ( 'NONE',  #4033 );
#5800=ADVANCED_FACE ( 'NONE', ( #8573 ), #5684, .F. );
#5801=EDGE_LOOP ( 'NONE', ( #3453, #4178, #1058, #5671 ) );
#5802=LINE ( 'NONE', #6473, #4 );
#5803=AXIS2_PLACEMENT_3D ( 'NONE', #1229, #109, #21 );
#5804=ORIENTED_EDGE ( 'NONE', *, *, #2048, .T. );
#5805=EDGE_CURVE ( 'NONE', #1024, #183, #6856, .T. );
#5806=ORIENTED_EDGE ( 'NONE', *, *, #6627, .T. );
#5807=EDGE_CURVE ( 'NONE', #2828, #5572, #7467, .T. );
#5808=FACE_OUTER_BOUND ( 'NONE', #6405, .T. );
#5809=AXIS2_PLACEMENT_3D ( 'NONE', #1037, #51, #32 );
#5810=EDGE_LOOP ( 'NONE', ( #4914, #437, #595, #3061 ) );
#5811=FACE_OUTER_BOUND ( 'NONE', #2569, .T. );
#5812=FILL_AREA_STYLE_COLOUR ( '', #8551 );
#5813=ORIENTED_EDGE ( 'NONE', *, *, #6742, .T. );
#5814=ORIENTED_EDGE ( 'NONE', *, *, #6191, .F. );
#5815=FACE_OUTER_BOUND ( 'NONE', #5545, .T. );
#5816=ORIENTED_EDGE ( 'NONE', *, *, #586, .T. );
#5817=LINE ( 'NONE', #1651, #365 );
#5818=LINE ( 'NONE', #8157, #30 );
#5819=ORIENTED_EDGE ( 'NONE', *, *, #4318, .F. );
#5820=AXIS2_PLACEMENT_3D ( 'NONE', #1330, #32, #5 );
#5821=CARTESIAN_POINT ( 'NONE',  ( 2.625000000000000444, 0.1000000000000000056, -3.425000000000000711 ) );
#5822=EDGE_CURVE ( 'NONE', #6245, #7018, #1876, .T. );
#5823=VERTEX_POINT ( 'NONE', #3021 );
#5824=FACE_OUTER_BOUND ( 'NONE', #2156, .T. );
#5825=FACE_BOUND ( 'NONE', #540, .T. );
#5826=CARTESIAN_POINT ( 'NONE',  ( -1.374999999999998668, 0.000000000000000000, -3.425000000000001155 ) );
#5827=FACE_OUTER_BOUND ( 'NONE', #213, .T. );
#5828=ORIENTED_EDGE ( 'NONE', *, *, #2302, .F. );
#5829=EDGE_LOOP ( 'NONE', ( #1242, #3394, #4997, #8292 ) );
#5830=EDGE_CURVE ( 'NONE', #431, #5399, #6928, .T. );
#5831=ORIENTED_EDGE ( 'NONE', *, *, #354, .T. );
#5832=PLANE ( 'NONE',  #2128 );
#5833=AXIS2_PLACEMENT_3D ( 'NONE', #2702, #109, #21 );
#5834=VERTEX_POINT ( 'NONE', #576 );
#5835=EDGE_CURVE ( 'NONE', #8158, #4662, #2253, .T. );
#5836=EDGE_CURVE ( 'NONE', #2357, #8751, #3582, .T. );
#5837=EDGE_LOOP ( 'NONE', ( #309, #5628, #7772, #5262 ) );
#5838=ORIENTED_EDGE ( 'NONE', *, *, #7461, .T. );
#5839=EDGE_LOOP ( 'NONE', ( #3617, #8043, #6933, #5461 ) );
#5840=ORIENTED_EDGE ( 'NONE', *, *, #1913, .T. );
#5841=ORIENTED_EDGE ( 'NONE', *, *, #2472, .T. );
#5842=VERTEX_POINT ( 'NONE', #2746 );
#5843=ORIENTED_EDGE ( 'NONE', *, *, #5121, .T. );
#5844=PLANE ( 'NONE',  #8020 );
#5845=FACE_OUTER_BOUND ( 'NONE', #6437, .T. );
#5846=EDGE_CURVE ( 'NONE', #380, #4697, #1375, .T. );
#5847=ORIENTED_EDGE ( 'NONE', *, *, #285, .F. );
#5848=ADVANCED_FACE ( 'NONE', ( #7276 ), #2112, .T. );
#5849=FACE_OUTER_BOUND ( 'NONE', #7296, .T. );
#5850=ORIENTED_EDGE ( 'NONE', *, *, #228, .T. );
#5851=CARTESIAN_POINT ( 'NONE',  ( 1.875000000000001332, 0.000000000000000000, -3.025000000000000355 ) );
#5852=VERTEX_POINT ( 'NONE', #412 );
#5853=FACE_BOUND ( 'NONE', #6499, .T. );
#5854=EDGE_CURVE ( 'NONE', #4012, #1832, #5624, .T. );
#5855=MECHANICAL_DESIGN_GEOMETRIC_PRESENTATION_REPRESENTATION (  '', ( #8407 ), #5574 );
#5856=PRESENTATION_LAYER_ASSIGNMENT (  '', '', ( #510 ) );
#5857=ORIENTED_EDGE ( 'NONE', *, *, #5208, .F. );
#5858=ORIENTED_EDGE ( 'NONE', *, *, #4559, .F. );
#5859=ORIENTED_EDGE ( 'NONE', *, *, #7512, .T. );
#5860=MECHANICAL_DESIGN_GEOMETRIC_PRESENTATION_REPRESENTATION (  '', ( #4608 ), #4887 );
#5861=LINE ( 'NONE', #848, #4 );
#5862=ADVANCED_FACE ( 'NONE', ( #1249 ), #5708, .F. );
#5863=ADVANCED_FACE ( 'NONE', ( #4197 ), #1184, .F. );
#5864=ORIENTED_EDGE ( 'NONE', *, *, #5072, .T. );
#5865=EDGE_LOOP ( 'NONE', ( #3986, #6153, #4848, #5103 ) );
#5866=EDGE_LOOP ( 'NONE', ( #6366, #4510, #2896, #3674 ) );
#5867=LINE ( 'NONE', #3421, #30 );
#5868=EDGE_LOOP ( 'NONE', ( #3787, #1143, #2282, #599 ) );
#5869=PLANE ( 'NONE',  #7279 );
#5870=ADVANCED_FACE ( 'NONE', ( #2005 ), #6916, .F. );
#5871=EDGE_CURVE ( 'NONE', #7912, #461, #6804, .T. );
#5872=ADVANCED_FACE ( 'NONE', ( #7456 ), #2816, .F. );
#5873=FACE_OUTER_BOUND ( 'NONE', #1983, .T. );
#5874=ORIENTED_EDGE ( 'NONE', *, *, #3665, .F. );
#5875=EDGE_CURVE ( 'NONE', #5254, #5710, #4288, .T. );
#5876=LINE ( 'NONE', #4812, #30 );
#5877=EDGE_LOOP ( 'NONE', ( #1605, #23, #331, #4353 ) );
#5878=ORIENTED_EDGE ( 'NONE', *, *, #8514, .F. );
#5879=ORIENTED_EDGE ( 'NONE', *, *, #6677, .T. );
#5880=PLANE ( 'NONE',  #7435 );
#5881=EDGE_CURVE ( 'NONE', #752, #1817, #5009, .T. );
#5882=ORIENTED_EDGE ( 'NONE', *, *, #7233, .F. );
#5883=LINE ( 'NONE', #99, #269 );
#5884=ORIENTED_EDGE ( 'NONE', *, *, #7474, .F. );
#5885=AXIS2_PLACEMENT_3D ( 'NONE', #1216, #130, #46 );
#5886=VERTEX_POINT ( 'NONE', #6951 );
#5887=PLANE ( 'NONE',  #7162 );
#5888=ORIENTED_EDGE ( 'NONE', *, *, #5131, .F. );
#5889=FACE_BOUND ( 'NONE', #7976, .T. );
#5890=ADVANCED_FACE ( 'NONE', ( #8693 ), #8725, .T. );
#5891=LINE ( 'NONE', #879, #365 );
#5892=AXIS2_PLACEMENT_3D ( 'NONE', #5053, #45, #168 );
#5893=CARTESIAN_POINT ( 'NONE',  ( 3.024999999999999467, 0.1000000000000001027, 1.875000000000001332 ) );
#5894=FACE_OUTER_BOUND ( 'NONE', #4319, .T. );
#5895=PRESENTATION_LAYER_ASSIGNMENT (  '', '', ( #7889 ) );
#5896=ORIENTED_EDGE ( 'NONE', *, *, #8006, .T. );
#5897=AXIS2_PLACEMENT_3D ( 'NONE', #888, #32, #5 );
#5898=LINE ( 'NONE', #3131, #30 );
#5899=EDGE_LOOP ( 'NONE', ( #7240, #2821, #4752, #5924 ) );
#5900=EDGE_CURVE ( 'NONE', #103, #7447, #813, .T. );
#5901=FACE_OUTER_BOUND ( 'NONE', #5171, .T. );
#5902=CLOSED_SHELL ( 'NONE', ( #842, #7562, #571, #3229, #8707, #2661 ) );
#5903=FACE_OUTER_BOUND ( 'NONE', #6683, .T. );
#5904=EDGE_LOOP ( 'NONE', ( #7468, #6237, #9, #6292 ) );
#5905=AXIS2_PLACEMENT_3D ( 'NONE', #3051, #46, #21 );
#5906=ORIENTED_EDGE ( 'NONE', *, *, #3578, .T. );
#5907=CARTESIAN_POINT ( 'NONE',  ( -0.3749999999999986122, 0.1000000000000000056, -3.425000000000000711 ) );
#5908=EDGE_CURVE ( 'NONE', #118, #2656, #5217, .T. );
#5909=VERTEX_POINT ( 'NONE', #1124 );
#5910=EDGE_CURVE ( 'NONE', #4729, #7525, #4377, .T. );
#5911=CARTESIAN_POINT ( 'NONE',  ( -3.024999999999999467, 0.09999999999999999167, -2.374999999999999112 ) );
#5912=ORIENTED_EDGE ( 'NONE', *, *, #3745, .F. );
#5913=LINE ( 'NONE', #101, #432 );
#5914=ORIENTED_EDGE ( 'NONE', *, *, #1663, .T. );
#5915=AXIS2_PLACEMENT_3D ( 'NONE', #5286, #168, #128 );
#5916=ORIENTED_EDGE ( 'NONE', *, *, #5947, .T. );
#5917=FACE_OUTER_BOUND ( 'NONE', #1770, .T. );
#5918=EDGE_CURVE ( 'NONE', #5008, #1369, #1581, .T. );
#5919=EDGE_CURVE ( 'NONE', #4437, #3959, #2292, .T. );
#5920=ORIENTED_EDGE ( 'NONE', *, *, #2469, .T. );
#5921=ADVANCED_FACE ( 'NONE', ( #8144 ), #4472, .T. );
#5922=PLANE ( 'NONE',  #3799 );
#5923=AXIS2_PLACEMENT_3D ( 'NONE', #1631, #46, #21 );
#5924=ORIENTED_EDGE ( 'NONE', *, *, #1536, .F. );
#5925=ORIENTED_EDGE ( 'NONE', *, *, #4163, .F. );
#5926=LINE ( 'NONE', #3239, #432 );
#5927=ORIENTED_EDGE ( 'NONE', *, *, #984, .T. );
#5928=AXIS2_PLACEMENT_3D ( 'NONE', #2032, #46, #21 );
#5929=( GEOMETRIC_REPRESENTATION_CONTEXT ( 3 ) GLOBAL_UNCERTAINTY_ASSIGNED_CONTEXT ( ( #12 ) ) GLOBAL_UNIT_ASSIGNED_CONTEXT ( ( #359, #272, #78 ) ) REPRESENTATION_CONTEXT ( 'NONE', 'WORKASPACE' ) );
#5930=FACE_OUTER_BOUND ( 'NONE', #1136, .T. );
#5931=ORIENTED_EDGE ( 'NONE', *, *, #5200, .T. );
#5932=EDGE_CURVE ( 'NONE', #7869, #6787, #2435, .T. );
#5933=EDGE_CURVE ( 'NONE', #1886, #3595, #8212, .T. );
#5934=ORIENTED_EDGE ( 'NONE', *, *, #7897, .T. );
#5935=EDGE_CURVE ( 'NONE', #1476, #411, #2341, .T. );
#5936=STYLED_ITEM ( 'NONE', ( #320 ), #7272 );
#5937=ORIENTED_EDGE ( 'NONE', *, *, #1278, .F. );
#5938=VERTEX_POINT ( 'NONE', #1446 );
#5939=LINE ( 'NONE', #5161, #58 );
#5940=EDGE_LOOP ( 'NONE', ( #357, #7028, #6219, #7219 ) );
#5941=STYLED_ITEM ( 'NONE', ( #320 ), #7513 );
#5942=CARTESIAN_POINT ( 'NONE',  ( 0.000000000000000000, 0.1000000000000000056, 4.500000000000000888 ) );
#5943=LINE ( 'NONE', #518, #30 );
#5944=ADVANCED_FACE ( 'NONE', ( #4429 ), #2238, .F. );
#5945=ORIENTED_EDGE ( 'NONE', *, *, #3255, .F. );
#5946=CARTESIAN_POINT ( 'NONE',  ( 1.125000000000001332, 0.5716990566028306020, -3.425000000000000711 ) );
#5947=EDGE_CURVE ( 'NONE', #6245, #2289, #8177, .T. );
#5948=LINE ( 'NONE', #2512, #207 );
#5949=EDGE_CURVE ( 'NONE', #1816, #4697, #6331, .T. );
#5950=EDGE_LOOP ( 'NONE', ( #725, #3377, #1226, #371 ) );
#5951=EDGE_LOOP ( 'NONE', ( #2415, #8088, #7020, #4564 ) );
#5952=FACE_OUTER_BOUND ( 'NONE', #7979, .T. );
#5953=ORIENTED_EDGE ( 'NONE', *, *, #8007, .T. );
#5954=LINE ( 'NONE', #2752, #6 );
#5955=ORIENTED_EDGE ( 'NONE', *, *, #8235, .T. );
#5956=CARTESIAN_POINT ( 'NONE',  ( 3.024999999999999467, 0.09999999999999999167, 1.875000000000001332 ) );
#5957=FACE_OUTER_BOUND ( 'NONE', #6267, .T. );
#5958=ADVANCED_FACE ( 'NONE', ( #8596 ), #3737, .F. );
#5959=CARTESIAN_POINT ( 'NONE',  ( 3.424999999999999822, 0.5716990566028302689, 1.125000000000000888 ) );
#5960=ORIENTED_EDGE ( 'NONE', *, *, #1781, .F. );
#5961=ORIENTED_EDGE ( 'NONE', *, *, #1901, .F. );
#5962=EDGE_LOOP ( 'NONE', ( #528, #7179, #364, #136 ) );
#5963=CARTESIAN_POINT ( 'NONE',  ( -2.475000000000000089, 0.000000000000000000, 0.000000000000000000 ) );
#5964=ORIENTED_EDGE ( 'NONE', *, *, #44, .F. );
#5965=ADVANCED_FACE ( 'NONE', ( #1789 ), #394, .F. );
#5966=LINE ( 'NONE', #288, #30 );
#5967=ADVANCED_FACE ( 'NONE', ( #908 ), #31, .F. );
#5968=CARTESIAN_POINT ( 'NONE',  ( 0.6250000000000023315, 0.5716990566028306020, 3.025000000000001243 ) );
#5969=ORIENTED_EDGE ( 'NONE', *, *, #2352, .T. );
#5970=VERTEX_POINT ( 'NONE', #8382 );
#5971=LINE ( 'NONE', #1569, #6 );
#5972=ADVANCED_FACE ( 'NONE', ( #8766 ), #3235, .F. );
#5973=EDGE_CURVE ( 'NONE', #7150, #806, #221, .T. );
#5974=CARTESIAN_POINT ( 'NONE',  ( 1.625000000000002665, 0.000000000000000000, 3.425000000000001599 ) );
#5975=PLANE ( 'NONE',  #2764 );
#5976=VERTEX_POINT ( 'NONE', #326 );
#5977=ORIENTED_EDGE ( 'NONE', *, *, #2601, .T. );
#5978=FACE_OUTER_BOUND ( 'NONE', #6985, .T. );
#5979=ADVANCED_FACE ( 'NONE', ( #3327 ), #394, .F. );
#5980=FACE_OUTER_BOUND ( 'NONE', #8095, .T. );
#5981=ORIENTED_EDGE ( 'NONE', *, *, #4143, .T. );
#5982=FACE_OUTER_BOUND ( 'NONE', #2345, .T. );
#5983=EDGE_LOOP ( 'NONE', ( #3322, #4712, #5497, #6589 ) );
#5984=ADVANCED_FACE ( 'NONE', ( #2663 ), #7859, .T. );
#5985=ORIENTED_EDGE ( 'NONE', *, *, #2769, .F. );
#5986=LINE ( 'NONE', #3316, #4 );
#5987=AXIS2_PLACEMENT_3D ( 'NONE', #6585, #51, #32 );
#5988=ORIENTED_EDGE ( 'NONE', *, *, #6330, .T. );
#5989=EDGE_CURVE ( 'NONE', #806, #1073, #4044, .T. );
#5990=ADVANCED_FACE ( 'NONE', ( #3953 ), #1706, .T. );
#5991=ORIENTED_EDGE ( 'NONE', *, *, #4978, .F. );
#5992=ORIENTED_EDGE ( 'NONE', *, *, #1656, .T. );
#5993=EDGE_LOOP ( 'NONE', ( #3401, #3849, #2962, #6642 ) );
#5994=ORIENTED_EDGE ( 'NONE', *, *, #1503, .T. );
#5995=LINE ( 'NONE', #882, #30 );
#5996=ORIENTED_EDGE ( 'NONE', *, *, #5881, .F. );
#5997=ORIENTED_EDGE ( 'NONE', *, *, #8363, .T. );
#5998=EDGE_CURVE ( 'NONE', #3630, #2448, #4775, .T. );
#5999=CARTESIAN_POINT ( 'NONE',  ( -2.475000000000000089, 0.1000000000000002554, 0.000000000000000000 ) );
#6000=SURFACE_SIDE_STYLE ('',( #4151 ) );
#6001=EDGE_LOOP ( 'NONE', ( #5996, #2588, #7440, #5143 ) );
#6002=EDGE_LOOP ( 'NONE', ( #5700, #3775, #2591, #7128 ) );
#6003=FACE_OUTER_BOUND ( 'NONE', #7402, .T. );
#6004=LINE ( 'NONE', #367, #224 );
#6005=ORIENTED_EDGE ( 'NONE', *, *, #4230, .F. );
#6006=ADVANCED_FACE ( 'NONE', ( #2526 ), #7287, .F. );
#6007=FACE_BOUND ( 'NONE', #6372, .T. );
#6008=ADVANCED_FACE ( 'NONE', ( #2622 ), #5402, .F. );
#6009=ORIENTED_EDGE ( 'NONE', *, *, #2729, .T. );
#6010=LINE ( 'NONE', #2812, #30 );
#6011=ORIENTED_EDGE ( 'NONE', *, *, #2088, .F. );
#6012=PLANE ( 'NONE',  #8247 );
#6013=ORIENTED_EDGE ( 'NONE', *, *, #8730, .T. );
#6014=STYLED_ITEM ( 'NONE', ( #320 ), #1206 );
#6015=EDGE_CURVE ( 'NONE', #2515, #7566, #1009, .T. );
#6016=PRESENTATION_LAYER_ASSIGNMENT (  '', '', ( #1266 ) );
#6017=ADVANCED_FACE ( 'NONE', ( #1232 ), #5612, .F. );
#6018=EDGE_CURVE ( 'NONE', #4618, #8223, #2767, .T. );
#6019=ORIENTED_EDGE ( 'NONE', *, *, #554, .T. );
#6020=CARTESIAN_POINT ( 'NONE',  ( 0.000000000000000000, 0.000000000000000000, 1.000000000000000000 ) );
#6021=EDGE_LOOP ( 'NONE', ( #3154, #7137, #3347, #7703 ) );
#6022=PRESENTATION_LAYER_ASSIGNMENT (  '', '', ( #7996 ) );
#6023=LINE ( 'NONE', #267, #30 );
#6024=ORIENTED_EDGE ( 'NONE', *, *, #7586, .T. );
#6025=VERTEX_POINT ( 'NONE', #406 );
#6026=ORIENTED_EDGE ( 'NONE', *, *, #6919, .F. );
#6027=EDGE_LOOP ( 'NONE', ( #7014, #3086, #5806, #3237 ) );
#6028=ADVANCED_FACE ( 'NONE', ( #4910 ), #394, .F. );
#6029=FACE_OUTER_BOUND ( 'NONE', #1367, .T. );
#6030=LINE ( 'NONE', #5428, #206 );
#6031=AXIS2_PLACEMENT_3D ( 'NONE', #159, #526, #130 );
#6032=ADVANCED_FACE ( 'NONE', ( #2085 ), #4753, .F. );
#6033=ORIENTED_EDGE ( 'NONE', *, *, #5164, .T. );
#6034=ORIENTED_EDGE ( 'NONE', *, *, #8188, .T. );
#6035=VERTEX_POINT ( 'NONE', #4635 );
#6036=EDGE_CURVE ( 'NONE', #411, #5250, #515, .T. );
#6037=PLANE ( 'NONE',  #8138 );
#6038=AXIS2_PLACEMENT_3D ( 'NONE', #4412, #5, #128 );
#6039=EDGE_CURVE ( 'NONE', #5231, #886, #5472, .T. );
#6040=LINE ( 'NONE', #1241, #83 );
#6041=ORIENTED_EDGE ( 'NONE', *, *, #6789, .T. );
#6042=ADVANCED_FACE ( 'NONE', ( #3426 ), #3468, .T. );
#6043=EDGE_LOOP ( 'NONE', ( #1126, #1493, #4066, #3531 ) );
#6044=AXIS2_PLACEMENT_3D ( 'NONE', #2000, #128, #51 );
#6045=EDGE_CURVE ( 'NONE', #5629, #3748, #2186, .T. );
#6046=CARTESIAN_POINT ( 'NONE',  ( 2.625000000000000888, 0.000000000000000000, -3.425000000000000711 ) );
#6047=PLANE ( 'NONE',  #8098 );
#6048=EDGE_LOOP ( 'NONE', ( #562, #5180, #1862, #4931 ) );
#6049=AXIS2_PLACEMENT_3D ( 'NONE', #249, #3, #86 );
#6050=ORIENTED_EDGE ( 'NONE', *, *, #3019, .T. );
#6051=PLANE ( 'NONE',  #4064 );
#6052=CARTESIAN_POINT ( 'NONE',  ( -3.424999999999999822, 0.1000000000000001027, 2.375000000000000888 ) );
#6053=CARTESIAN_POINT ( 'NONE',  ( 0.6250000000000023315, 0.000000000000000000, 3.425000000000001599 ) );
#6054=ORIENTED_EDGE ( 'NONE', *, *, #6802, .T. );
#6055=EDGE_CURVE ( 'NONE', #717, #8411, #5278, .T. );
#6056=VERTEX_POINT ( 'NONE', #462 );
#6057=AXIS2_PLACEMENT_3D ( 'NONE', #576, #548, #182 );
#6058=ORIENTED_EDGE ( 'NONE', *, *, #984, .F. );
#6059=ORIENTED_EDGE ( 'NONE', *, *, #954, .T. );
#6060=FACE_OUTER_BOUND ( 'NONE', #441, .T. );
#6061=ORIENTED_EDGE ( 'NONE', *, *, #8077, .T. );
#6062=LINE ( 'NONE', #3276, #432 );
#6063=EDGE_CURVE ( 'NONE', #3862, #8320, #4826, .T. );
#6064=FACE_OUTER_BOUND ( 'NONE', #1883, .T. );
#6065=ORIENTED_EDGE ( 'NONE', *, *, #4451, .T. );
#6066=VERTEX_POINT ( 'NONE', #2424 );
#6067=VERTEX_POINT ( 'NONE', #279 );
#6068=AXIS2_PLACEMENT_3D ( 'NONE', #1097, #2843, #182 );
#6069=ORIENTED_EDGE ( 'NONE', *, *, #5933, .T. );
#6070=ADVANCED_BREP_SHAPE_REPRESENTATION ( 'ESP32-PICO-V3-02', ( #1398, #1894, #7170, #4625, #4951, #7513, #1690, #1206, #1719, #7245, #4370, #1228, #7303, #4388, #1563, #7401, #7576, #7147, #4466, #1844, #1488, #4907, #4804, #4530, #7226, #4355, #7289, #4407, #7497, #4872, #7263, #1671, #7272, #1416, #7351, #1269, #7118, #4545, #4454, #1506, #4746, #7209, #7155, #4440, #1548, #4571, #4736, #7432, #1183, #1655, #4933, #4188 ), #5192 );
#6071=VERTEX_POINT ( 'NONE', #5521 );
#6072=LINE ( 'NONE', #157, #6 );
#6073=PLANE ( 'NONE',  #1396 );
#6074=CARTESIAN_POINT ( 'NONE',  ( 2.875000000000000888, 0.09999999999999999167, -3.425000000000001155 ) );
#6075=ADVANCED_FACE ( 'NONE', ( #5002 ), #1346, .T. );
#6076=ADVANCED_FACE ( 'NONE', ( #7935 ), #759, .F. );
#6077=EDGE_CURVE ( 'NONE', #3549, #103, #2056, .T. );
#6078=ORIENTED_EDGE ( 'NONE', *, *, #4832, .F. );
#6079=PLANE ( 'NONE',  #2787 );
#6080=VERTEX_POINT ( 'NONE', #3079 );
#6081=AXIS2_PLACEMENT_3D ( 'NONE', #1292, #526, #130 );
#6082=EDGE_LOOP ( 'NONE', ( #6009, #4987, #4600, #943 ) );
#6083=CARTESIAN_POINT ( 'NONE',  ( -3.024999999999999467, 0.1000000000000001027, 1.875000000000000888 ) );
#6084=VERTEX_POINT ( 'NONE', #2600 );
#6085=FACE_OUTER_BOUND ( 'NONE', #1965, .T. );
#6086=ORIENTED_EDGE ( 'NONE', *, *, #2743, .T. );
#6087=ORIENTED_EDGE ( 'NONE', *, *, #3192, .T. );
#6088=ORIENTED_EDGE ( 'NONE', *, *, #1059, .F. );
#6089=ORIENTED_EDGE ( 'NONE', *, *, #912, .T. );
#6090=FACE_OUTER_BOUND ( 'NONE', #4767, .T. );
#6091=ORIENTED_EDGE ( 'NONE', *, *, #2376, .F. );
#6092=ADVANCED_FACE ( 'NONE', ( #746 ), #7601, .T. );
#6093=PLANE ( 'NONE',  #4572 );
#6094=EDGE_CURVE ( 'NONE', #2058, #552, #3645, .T. );
#6095=EDGE_LOOP ( 'NONE', ( #3864, #8629, #7084, #482 ) );
#6096=EDGE_CURVE ( 'NONE', #6056, #4012, #5744, .T. );
#6097=ORIENTED_EDGE ( 'NONE', *, *, #8261, .F. );
#6098=LINE ( 'NONE', #1224, #30 );
#6099=ORIENTED_EDGE ( 'NONE', *, *, #6261, .F. );
#6100=CARTESIAN_POINT ( 'NONE',  ( 2.625000000000000888, 0.09999999999999999167, -3.425000000000000711 ) );
#6101=LINE ( 'NONE', #1156, #365 );
#6102=ORIENTED_EDGE ( 'NONE', *, *, #4252, .T. );
#6103=ORIENTED_EDGE ( 'NONE', *, *, #8734, .F. );
#6104=LINE ( 'NONE', #2508, #30 );
#6105=ORIENTED_EDGE ( 'NONE', *, *, #4143, .F. );
#6106=ORIENTED_EDGE ( 'NONE', *, *, #4562, .T. );
#6107=VERTEX_POINT ( 'NONE', #579 );
#6108=STYLED_ITEM ( 'NONE', ( #320 ), #4736 );
#6109=LINE ( 'NONE', #1746, #6 );
#6110=EDGE_CURVE ( 'NONE', #1501, #5660, #6318, .T. );
#6111=ADVANCED_FACE ( 'NONE', ( #6433 ), #5708, .T. );
#6112=EDGE_LOOP ( 'NONE', ( #3797, #7618, #3288, #1835 ) );
#6113=ORIENTED_EDGE ( 'NONE', *, *, #4879, .T. );
#6114=LINE ( 'NONE', #8460, #30 );
#6115=VERTEX_POINT ( 'NONE', #2280 );
#6116=FACE_OUTER_BOUND ( 'NONE', #7920, .T. );
#6117=LINE ( 'NONE', #2717, #269 );
#6118=VERTEX_POINT ( 'NONE', #119 );
#6119=EDGE_CURVE ( 'NONE', #2293, #1831, #8061, .T. );
#6120=EDGE_CURVE ( 'NONE', #1589, #8060, #637, .T. );
#6121=ADVANCED_FACE ( 'NONE', ( #1621 ), #5166, .T. );
#6122=LINE ( 'NONE', #6951, #6 );
#6123=EDGE_CURVE ( 'NONE', #732, #2407, #2947, .T. );
#6124=ORIENTED_EDGE ( 'NONE', *, *, #5680, .T. );
#6125=EDGE_LOOP ( 'NONE', ( #840, #1540, #7111, #4403 ) );
#6126=ORIENTED_EDGE ( 'NONE', *, *, #1579, .F. );
#6127=ORIENTED_EDGE ( 'NONE', *, *, #4771, .T. );
#6128=LINE ( 'NONE', #4842, #30 );
#6129=ORIENTED_EDGE ( 'NONE', *, *, #4131, .F. );
#6130=CARTESIAN_POINT ( 'NONE',  ( -0.8749999999999985567, 0.1000000000000000056, -3.425000000000000711 ) );
#6131=AXIS2_PLACEMENT_3D ( 'NONE', #429, #21, #526 );
#6132=ORIENTED_EDGE ( 'NONE', *, *, #2146, .F. );
#6133=VERTEX_POINT ( 'NONE', #801 );
#6134=EDGE_CURVE ( 'NONE', #4301, #5122, #3816, .T. );
#6135=EDGE_LOOP ( 'NONE', ( #5410, #2937, #7181, #2468 ) );
#6136=AXIS2_PLACEMENT_3D ( 'NONE', #669, #46, #21 );
#6137=EDGE_LOOP ( 'NONE', ( #7310, #3374, #7545, #8214 ) );
#6138=PLANE ( 'NONE',  #5768 );
#6139=EDGE_CURVE ( 'NONE', #3196, #4301, #6981, .T. );
#6140=LINE ( 'NONE', #1389, #6 );
#6141=ADVANCED_FACE ( 'NONE', ( #8619 ), #3116, .F. );
#6142=LINE ( 'NONE', #931, #365 );
#6143=ORIENTED_EDGE ( 'NONE', *, *, #6814, .F. );
#6144=ORIENTED_EDGE ( 'NONE', *, *, #4988, .F. );
#6145=ORIENTED_EDGE ( 'NONE', *, *, #8354, .T. );
#6146=EDGE_CURVE ( 'NONE', #6588, #4724, #7522, .T. );
#6147=VERTEX_POINT ( 'NONE', #689 );
#6148=ORIENTED_EDGE ( 'NONE', *, *, #4469, .T. );
#6149=( GEOMETRIC_REPRESENTATION_CONTEXT ( 3 ) GLOBAL_UNCERTAINTY_ASSIGNED_CONTEXT ( ( #12 ) ) GLOBAL_UNIT_ASSIGNED_CONTEXT ( ( #359, #272, #78 ) ) REPRESENTATION_CONTEXT ( 'NONE', 'WORKASPACE' ) );
#6150=FACE_OUTER_BOUND ( 'NONE', #8321, .T. );
#6151=ORIENTED_EDGE ( 'NONE', *, *, #6489, .F. );
#6152=EDGE_CURVE ( 'NONE', #2589, #5710, #3728, .T. );
#6153=ORIENTED_EDGE ( 'NONE', *, *, #2739, .T. );
#6154=CARTESIAN_POINT ( 'NONE',  ( -3.424999999999999822, 0.1000000000000001027, -2.124999999999999112 ) );
#6155=AXIS2_PLACEMENT_3D ( 'NONE', #5523, #526, #130 );
#6156=EDGE_CURVE ( 'NONE', #652, #3039, #5293, .T. );
#6157=LINE ( 'NONE', #730, #166 );
#6158=ORIENTED_EDGE ( 'NONE', *, *, #3707, .T. );
#6159=CARTESIAN_POINT ( 'NONE',  ( 2.625000000000000444, 0.1000000000000000056, -3.025000000000000355 ) );
#6160=AXIS2_PLACEMENT_3D ( 'NONE', #5350, #3, #86 );
#6161=CLOSED_SHELL ( 'NONE', ( #40, #7766, #808, #2266, #1477, #5622 ) );
#6162=VERTEX_POINT ( 'NONE', #1728 );
#6163=CARTESIAN_POINT ( 'NONE',  ( 3.424999999999999822, 0.5716990566028302689, -0.3749999999999990563 ) );
#6164=ORIENTED_EDGE ( 'NONE', *, *, #4447, .F. );
#6165=ORIENTED_EDGE ( 'NONE', *, *, #6859, .F. );
#6166=ADVANCED_FACE ( 'NONE', ( #5980 ), #394, .F. );
#6167=VERTEX_POINT ( 'NONE', #6511 );
#6168=EDGE_CURVE ( 'NONE', #1762, #6162, #5330, .T. );
#6169=EDGE_CURVE ( 'NONE', #6729, #6812, #1204, .T. );
#6170=LINE ( 'NONE', #4635, #365 );
#6171=EDGE_LOOP ( 'NONE', ( #4943, #6158, #7818, #4315 ) );
#6172=ORIENTED_EDGE ( 'NONE', *, *, #5697, .T. );
#6173=ORIENTED_EDGE ( 'NONE', *, *, #2523, .T. );
#6174=ORIENTED_EDGE ( 'NONE', *, *, #3705, .T. );
#6175=LINE ( 'NONE', #4660, #206 );
#6176=EDGE_CURVE ( 'NONE', #1502, #3583, #4028, .T. );
#6177=ORIENTED_EDGE ( 'NONE', *, *, #4263, .T. );
#6178=EDGE_CURVE ( 'NONE', #1922, #4236, #6668, .T. );
#6179=AXIS2_PLACEMENT_3D ( 'NONE', #3502, #168, #128 );
#6180=ADVANCED_FACE ( 'NONE', ( #8753 ), #211, .T. );
#6181=ORIENTED_EDGE ( 'NONE', *, *, #3742, .T. );
#6182=AXIS2_PLACEMENT_3D ( 'NONE', #288, #21, #526 );
#6183=ORIENTED_EDGE ( 'NONE', *, *, #5720, .T. );
#6184=LINE ( 'NONE', #1900, #30 );
#6185=ORIENTED_EDGE ( 'NONE', *, *, #8699, .T. );
#6186=LINE ( 'NONE', #2800, #6 );
#6187=ORIENTED_EDGE ( 'NONE', *, *, #77, .T. );
#6188=( GEOMETRIC_REPRESENTATION_CONTEXT ( 3 ) GLOBAL_UNCERTAINTY_ASSIGNED_CONTEXT ( ( #12 ) ) GLOBAL_UNIT_ASSIGNED_CONTEXT ( ( #359, #272, #78 ) ) REPRESENTATION_CONTEXT ( 'NONE', 'WORKASPACE' ) );
#6189=EDGE_CURVE ( 'NONE', #654, #6650, #3369, .T. );
#6190=EDGE_CURVE ( 'NONE', #2830, #6035, #4682, .T. );
#6191=EDGE_CURVE ( 'NONE', #4558, #942, #3226, .T. );
#6192=EDGE_LOOP ( 'NONE', ( #777, #8740, #3100, #5945 ) );
#6193=LINE ( 'NONE', #4647, #166 );
#6194=EDGE_CURVE ( 'NONE', #8654, #8284, #6062, .T. );
#6195=VERTEX_POINT ( 'NONE', #13 );
#6196=FACE_OUTER_BOUND ( 'NONE', #7202, .T. );
#6197=EDGE_CURVE ( 'NONE', #1947, #103, #8370, .T. );
#6198=LINE ( 'NONE', #291, #365 );
#6199=LINE ( 'NONE', #3551, #4 );
#6200=ORIENTED_EDGE ( 'NONE', *, *, #354, .F. );
#6201=VERTEX_POINT ( 'NONE', #3845 );
#6202=ORIENTED_EDGE ( 'NONE', *, *, #3819, .F. );
#6203=ORIENTED_EDGE ( 'NONE', *, *, #1739, .F. );
#6204=LINE ( 'NONE', #500, #365 );
#6205=ORIENTED_EDGE ( 'NONE', *, *, #7721, .F. );
#6206=VERTEX_POINT ( 'NONE', #296 );
#6207=CARTESIAN_POINT ( 'NONE',  ( -2.919842705443102204, 1.109999999999999876, -2.766848981824027831 ) );
#6208=FACE_OUTER_BOUND ( 'NONE', #8689, .T. );
#6209=EDGE_CURVE ( 'NONE', #1740, #7480, #4597, .T. );
#6210=ORIENTED_EDGE ( 'NONE', *, *, #7314, .T. );
#6211=ORIENTED_EDGE ( 'NONE', *, *, #4450, .T. );
#6212=EDGE_CURVE ( 'NONE', #953, #6850, #6626, .T. );
#6213=FACE_OUTER_BOUND ( 'NONE', #5694, .T. );
#6214=ORIENTED_EDGE ( 'NONE', *, *, #2477, .F. );
#6215=LINE ( 'NONE', #1229, #30 );
#6216=FACE_OUTER_BOUND ( 'NONE', #8727, .T. );
#6217=ORIENTED_EDGE ( 'NONE', *, *, #844, .T. );
#6218=LINE ( 'NONE', #1810, #30 );
#6219=ORIENTED_EDGE ( 'NONE', *, *, #8166, .T. );
#6220=ADVANCED_FACE ( 'NONE', ( #3890 ), #3274, .F. );
#6221=FACE_OUTER_BOUND ( 'NONE', #492, .T. );
#6222=LINE ( 'NONE', #2073, #795 );
#6223=CARTESIAN_POINT ( 'NONE',  ( 3.024999999999999467, 0.5716990566028302689, 1.625000000000001332 ) );
#6224=ORIENTED_EDGE ( 'NONE', *, *, #7013, .T. );
#6225=ORIENTED_EDGE ( 'NONE', *, *, #1469, .F. );
#6226=ORIENTED_EDGE ( 'NONE', *, *, #4396, .T. );
#6227=ORIENTED_EDGE ( 'NONE', *, *, #7365, .T. );
#6228=EDGE_CURVE ( 'NONE', #5088, #7318, #7436, .T. );
#6229=LINE ( 'NONE', #1343, #365 );
#6230=ORIENTED_EDGE ( 'NONE', *, *, #5164, .F. );
#6231=LINE ( 'NONE', #5614, #30 );
#6232=VERTEX_POINT ( 'NONE', #5420 );
#6233=PLANE ( 'NONE',  #154 );
#6234=EDGE_CURVE ( 'NONE', #6650, #752, #6743, .T. );
#6235=LINE ( 'NONE', #2514, #269 );
#6236=ADVANCED_FACE ( 'NONE', ( #1982 ), #1706, .T. );
#6237=ORIENTED_EDGE ( 'NONE', *, *, #5659, .F. );
#6238=FACE_OUTER_BOUND ( 'NONE', #1344, .T. );
#6239=CARTESIAN_POINT ( 'NONE',  ( 2.125000000000002665, 0.000000000000000000, 3.425000000000001599 ) );
#6240=ORIENTED_EDGE ( 'NONE', *, *, #3415, .F. );
#6241=FACE_OUTER_BOUND ( 'NONE', #2126, .T. );
#6242=AXIS2_PLACEMENT_3D ( 'NONE', #3762, #45, #168 );
#6243=ORIENTED_EDGE ( 'NONE', *, *, #6190, .T. );
#6244=EDGE_LOOP ( 'NONE', ( #4573, #2857, #1665, #1427 ) );
#6245=VERTEX_POINT ( 'NONE', #6829 );
#6246=FACE_OUTER_BOUND ( 'NONE', #8508, .T. );
#6247=CARTESIAN_POINT ( 'NONE',  ( 1.375000000000001998, 0.5716990566028306020, 3.425000000000002043 ) );
#6248=ORIENTED_EDGE ( 'NONE', *, *, #8184, .F. );
#6249=LINE ( 'NONE', #2057, #206 );
#6250=ADVANCED_FACE ( 'NONE', ( #3512 ), #2029, .T. );
#6251=LINE ( 'NONE', #604, #365 );
#6252=VERTEX_POINT ( 'NONE', #7928 );
#6253=CARTESIAN_POINT ( 'NONE',  ( 2.125000000000002220, 0.000000000000000000, 3.025000000000001243 ) );
#6254=PLANE ( 'NONE',  #5644 );
#6255=ORIENTED_EDGE ( 'NONE', *, *, #2881, .F. );
#6256=EDGE_LOOP ( 'NONE', ( #4616, #3954, #2848, #2497 ) );
#6257=LINE ( 'NONE', #688, #432 );
#6258=EDGE_LOOP ( 'NONE', ( #3205, #2650, #1787, #2639 ) );
#6259=FACE_OUTER_BOUND ( 'NONE', #8639, .T. );
#6260=PLANE ( 'NONE',  #5469 );
#6261=EDGE_CURVE ( 'NONE', #4724, #1920, #6104, .T. );
#6262=LINE ( 'NONE', #6313, #206 );
#6263=ADVANCED_FACE ( 'NONE', ( #8412 ), #4081, .F. );
#6264=FACE_BOUND ( 'NONE', #8216, .T. );
#6265=PLANE ( 'NONE',  #3619 );
#6266=ORIENTED_EDGE ( 'NONE', *, *, #2443, .F. );
#6267=EDGE_LOOP ( 'NONE', ( #71, #6050, #4421, #7299 ) );
#6268=EDGE_CURVE ( 'NONE', #2682, #4093, #6869, .T. );
#6269=ORIENTED_EDGE ( 'NONE', *, *, #3726, .F. );
#6270=EDGE_CURVE ( 'NONE', #788, #383, #504, .T. );
#6271=ORIENTED_EDGE ( 'NONE', *, *, #3454, .T. );
#6272=AXIS2_PLACEMENT_3D ( 'NONE', #3729, #45, #168 );
#6273=VERTEX_POINT ( 'NONE', #2070 );
#6274=AXIS2_PLACEMENT_3D ( 'NONE', #6306, #46, #21 );
#6275=LINE ( 'NONE', #341, #432 );
#6276=FACE_OUTER_BOUND ( 'NONE', #2304, .T. );
#6277=ORIENTED_EDGE ( 'NONE', *, *, #1967, .T. );
#6278=ADVANCED_FACE ( 'NONE', ( #5462 ), #4817, .T. );
#6279=ADVANCED_FACE ( 'NONE', ( #4856 ), #394, .F. );
#6280=ORIENTED_EDGE ( 'NONE', *, *, #5665, .T. );
#6281=PLANE ( 'NONE',  #7921 );
#6282=ORIENTED_EDGE ( 'NONE', *, *, #2324, .F. );
#6283=AXIS2_PLACEMENT_3D ( 'NONE', #2620, #32, #5 );
#6284=MECHANICAL_DESIGN_GEOMETRIC_PRESENTATION_REPRESENTATION (  '', ( #1086 ), #4049 );
#6285=LINE ( 'NONE', #3613, #1015 );
#6286=ORIENTED_EDGE ( 'NONE', *, *, #1780, .F. );
#6287=PRESENTATION_LAYER_ASSIGNMENT (  '', '', ( #6797 ) );
#6288=ORIENTED_EDGE ( 'NONE', *, *, #8564, .T. );
#6289=PLANE ( 'NONE',  #5256 );
#6290=ORIENTED_EDGE ( 'NONE', *, *, #1881, .F. );
#6291=CLOSED_SHELL ( 'NONE', ( #6831, #3960, #4086, #6722, #3393, #5529 ) );
#6292=ORIENTED_EDGE ( 'NONE', *, *, #4975, .T. );
#6293=EDGE_LOOP ( 'NONE', ( #8100, #5494, #6373, #3571 ) );
#6294=ADVANCED_FACE ( 'NONE', ( #6221 ), #394, .F. );
#6295=EDGE_CURVE ( 'NONE', #4224, #3397, #1282, .T. );
#6296=AXIS2_PLACEMENT_3D ( 'NONE', #5021, #168, #128 );
#6297=VERTEX_POINT ( 'NONE', #4560 );
#6298=ORIENTED_EDGE ( 'NONE', *, *, #1388, .F. );
#6299=FACE_BOUND ( 'NONE', #8244, .T. );
#6300=LINE ( 'NONE', #1482, #224 );
#6301=LINE ( 'NONE', #209, #30 );
#6302=ORIENTED_EDGE ( 'NONE', *, *, #6268, .F. );
#6303=ADVANCED_FACE ( 'NONE', ( #2936 ), #8612, .F. );
#6304=LINE ( 'NONE', #564, #30 );
#6305=AXIS2_PLACEMENT_3D ( 'NONE', #1005, #128, #51 );
#6306=CARTESIAN_POINT ( 'NONE',  ( -0.8749999999999977796, 0.5716990566028306020, 3.025000000000001243 ) );
#6307=PLANE ( 'NONE',  #8644 );
#6308=ORIENTED_EDGE ( 'NONE', *, *, #3417, .F. );
#6309=LINE ( 'NONE', #3071, #432 );
#6310=VERTEX_POINT ( 'NONE', #8546 );
#6311=AXIS2_PLACEMENT_3D ( 'NONE', #3051, #109, #21 );
#6312=ORIENTED_EDGE ( 'NONE', *, *, #1105, .T. );
#6313=CARTESIAN_POINT ( 'NONE',  ( -3.024999999999999467, 0.09999999999999999167, 2.375000000000001332 ) );
#6314=CARTESIAN_POINT ( 'NONE',  ( 3.024999999999999467, 0.000000000000000000, 0.8750000000000007772 ) );
#6315=EDGE_LOOP ( 'NONE', ( #3383, #93, #2829, #2855 ) );
#6316=FACE_OUTER_BOUND ( 'NONE', #4779, .T. );
#6317=EDGE_CURVE ( 'NONE', #2479, #3110, #6304, .T. );
#6318=LINE ( 'NONE', #5369, #269 );
#6319=EDGE_CURVE ( 'NONE', #4488, #7523, #5117, .T. );
#6320=LINE ( 'NONE', #1833, #166 );
#6321=ORIENTED_EDGE ( 'NONE', *, *, #4975, .F. );
#6322=MECHANICAL_DESIGN_GEOMETRIC_PRESENTATION_REPRESENTATION (  '', ( #8136 ), #2922 );
#6323=ORIENTED_EDGE ( 'NONE', *, *, #2014, .T. );
#6324=LINE ( 'NONE', #790, #260 );
#6325=AXIS2_PLACEMENT_3D ( 'NONE', #1179, #46, #21 );
#6326=CARTESIAN_POINT ( 'NONE',  ( -2.475000000000000089, 7.100357133746822313, 0.000000000000000000 ) );
#6327=ORIENTED_EDGE ( 'NONE', *, *, #3129, .F. );
#6328=AXIS2_PLACEMENT_3D ( 'NONE', #2835, #128, #51 );
#6329=EDGE_CURVE ( 'NONE', #7278, #8185, #3636, .T. );
#6330=EDGE_CURVE ( 'NONE', #1421, #8552, #8676, .T. );
#6331=LINE ( 'NONE', #698, #6 );
#6332=EDGE_LOOP ( 'NONE', ( #7390, #1018, #6966, #2182 ) );
#6333=ORIENTED_EDGE ( 'NONE', *, *, #4006, .T. );
#6334=ORIENTED_EDGE ( 'NONE', *, *, #2551, .T. );
#6335=VERTEX_POINT ( 'NONE', #1389 );
#6336=LINE ( 'NONE', #538, #83 );
#6337=( GEOMETRIC_REPRESENTATION_CONTEXT ( 3 ) GLOBAL_UNCERTAINTY_ASSIGNED_CONTEXT ( ( #12 ) ) GLOBAL_UNIT_ASSIGNED_CONTEXT ( ( #359, #272, #78 ) ) REPRESENTATION_CONTEXT ( 'NONE', 'WORKASPACE' ) );
#6338=AXIS2_PLACEMENT_3D ( 'NONE', #5630, #168, #128 );
#6339=ORIENTED_EDGE ( 'NONE', *, *, #8520, .T. );
#6340=LINE ( 'NONE', #442, #365 );
#6341=LINE ( 'NONE', #1482, #206 );
#6342=VERTEX_POINT ( 'NONE', #1737 );
#6343=EDGE_CURVE ( 'NONE', #3022, #4802, #2890, .T. );
#6344=CARTESIAN_POINT ( 'NONE',  ( -3.424999999999999822, 0.09999999999999999167, -0.6249999999999992228 ) );
#6345=ORIENTED_EDGE ( 'NONE', *, *, #2297, .T. );
#6346=LINE ( 'NONE', #142, #4 );
#6347=FACE_OUTER_BOUND ( 'NONE', #6048, .T. );
#6348=ADVANCED_FACE ( 'NONE', ( #8054 ), #8162, .T. );
#6349=LINE ( 'NONE', #6306, #30 );
#6350=ORIENTED_EDGE ( 'NONE', *, *, #8513, .T. );
#6351=EDGE_CURVE ( 'NONE', #4320, #1985, #8085, .T. );
#6352=CARTESIAN_POINT ( 'NONE',  ( 2.375000000000002220, 0.5716990566028306020, 3.425000000000002043 ) );
#6353=EDGE_CURVE ( 'NONE', #831, #4275, #735, .T. );
#6354=ORIENTED_EDGE ( 'NONE', *, *, #4183, .T. );
#6355=LINE ( 'NONE', #5025, #4 );
#6356=CARTESIAN_POINT ( 'NONE',  ( -3.024999999999999467, 0.1000000000000001027, -1.374999999999999112 ) );
#6357=FACE_OUTER_BOUND ( 'NONE', #1422, .T. );
#6358=AXIS2_PLACEMENT_3D ( 'NONE', #4628, #32, #5 );
#6359=EDGE_LOOP ( 'NONE', ( #8286, #4219, #5603, #4763 ) );
#6360=ORIENTED_EDGE ( 'NONE', *, *, #3376, .T. );
#6361=ORIENTED_EDGE ( 'NONE', *, *, #5659, .T. );
#6362=PLANE ( 'NONE',  #2599 );
#6363=LINE ( 'NONE', #1508, #30 );
#6364=VERTEX_POINT ( 'NONE', #6936 );
#6365=PLANE ( 'NONE',  #1095 );
#6366=ORIENTED_EDGE ( 'NONE', *, *, #6039, .F. );
#6367=EDGE_CURVE ( 'NONE', #8745, #5307, #6425, .T. );
#6368=ORIENTED_EDGE ( 'NONE', *, *, #2024, .F. );
#6369=EDGE_CURVE ( 'NONE', #3946, #7188, #5695, .T. );
#6370=LINE ( 'NONE', #414, #58 );
#6371=CARTESIAN_POINT ( 'NONE',  ( 3.424999999999999822, 0.000000000000000000, 1.125000000000000888 ) );
#6372=EDGE_LOOP ( 'NONE', ( #1376, #305, #5603, #2896 ) );
#6373=ORIENTED_EDGE ( 'NONE', *, *, #8531, .T. );
#6374=ORIENTED_EDGE ( 'NONE', *, *, #2573, .T. );
#6375=CARTESIAN_POINT ( 'NONE',  ( 3.424999999999999822, 0.5716990566028302689, 2.125000000000000888 ) );
#6376=ORIENTED_EDGE ( 'NONE', *, *, #4641, .T. );
#6377=EDGE_CURVE ( 'NONE', #3970, #7221, #6901, .T. );
#6378=EDGE_CURVE ( 'NONE', #6706, #3245, #2178, .T. );
#6379=PLANE ( 'NONE',  #1089 );
#6380=AXIS2_PLACEMENT_3D ( 'NONE', #1720, #45, #168 );
#6381=VERTEX_POINT ( 'NONE', #830 );
#6382=PLANE ( 'NONE',  #2476 );
#6383=VERTEX_POINT ( 'NONE', #3591 );
#6384=PRESENTATION_LAYER_ASSIGNMENT (  '', '', ( #1583 ) );
#6385=ORIENTED_EDGE ( 'NONE', *, *, #438, .F. );
#6386=ADVANCED_FACE ( 'NONE', ( #4498 ), #4406, .T. );
#6387=FACE_BOUND ( 'NONE', #8610, .T. );
#6388=EDGE_CURVE ( 'NONE', #156, #850, #8271, .T. );
#6389=PRESENTATION_LAYER_ASSIGNMENT (  '', '', ( #2849 ) );
#6390=ORIENTED_EDGE ( 'NONE', *, *, #439, .T. );
#6391=EDGE_LOOP ( 'NONE', ( #123, #5576, #3480, #6395 ) );
#6392=PLANE ( 'NONE',  #2081 );
#6393=ADVANCED_FACE ( 'NONE', ( #1819 ), #8229, .T. );
#6394=ADVANCED_FACE ( 'NONE', ( #2503 ), #3170, .F. );
#6395=ORIENTED_EDGE ( 'NONE', *, *, #3329, .F. );
#6396=ORIENTED_EDGE ( 'NONE', *, *, #4591, .T. );
#6397=ORIENTED_EDGE ( 'NONE', *, *, #7959, .F. );
#6398=PLANE ( 'NONE',  #7683 );
#6399=AXIS2_PLACEMENT_3D ( 'NONE', #1292, #32, #5 );
#6400=ORIENTED_EDGE ( 'NONE', *, *, #4742, .T. );
#6401=EDGE_CURVE ( 'NONE', #5140, #2602, #6010, .T. );
#6402=LINE ( 'NONE', #1389, #4 );
#6403=EDGE_CURVE ( 'NONE', #6066, #138, #68, .T. );
#6404=ORIENTED_EDGE ( 'NONE', *, *, #3174, .F. );
#6405=EDGE_LOOP ( 'NONE', ( #7334, #4913, #1160, #6788 ) );
#6406=STYLED_ITEM ( 'NONE', ( #320 ), #1183 );
#6407=PRESENTATION_LAYER_ASSIGNMENT (  '', '', ( #5326 ) );
#6408=CARTESIAN_POINT ( 'NONE',  ( 2.475000000000000533, 7.100357133746822313, 2.168404344971009361E-16 ) );
#6409=ORIENTED_EDGE ( 'NONE', *, *, #8762, .T. );
#6410=ORIENTED_EDGE ( 'NONE', *, *, #8148, .F. );
#6411=EDGE_CURVE ( 'NONE', #6118, #6595, #6501, .T. );
#6412=EDGE_CURVE ( 'NONE', #1120, #8625, #8328, .T. );
#6413=LINE ( 'NONE', #1704, #166 );
#6414=ADVANCED_FACE ( 'NONE', ( #134 ), #3306, .T. );
#6415=FACE_OUTER_BOUND ( 'NONE', #2547, .T. );
#6416=ORIENTED_EDGE ( 'NONE', *, *, #3891, .F. );
#6417=PLANE ( 'NONE',  #3672 );
#6418=ORIENTED_EDGE ( 'NONE', *, *, #2813, .T. );
#6419=CLOSED_SHELL ( 'NONE', ( #557, #8381, #436, #3721, #4104, #6279 ) );
#6420=FACE_OUTER_BOUND ( 'NONE', #5904, .T. );
#6421=FACE_OUTER_BOUND ( 'NONE', #5063, .T. );
#6422=EDGE_CURVE ( 'NONE', #3428, #965, #5199, .T. );
#6423=ADVANCED_FACE ( 'NONE', ( #5894 ), #5245, .T. );
#6424=AXIS2_PLACEMENT_3D ( 'NONE', #5167, #32, #5 );
#6425=LINE ( 'NONE', #5510, #4 );
#6426=ORIENTED_EDGE ( 'NONE', *, *, #2856, .F. );
#6427=VERTEX_POINT ( 'NONE', #1251 );
#6428=AXIS2_PLACEMENT_3D ( 'NONE', #294, #109, #21 );
#6429=LINE ( 'NONE', #573, #58 );
#6430=LINE ( 'NONE', #3077, #30 );
#6431=LINE ( 'NONE', #689, #365 );
#6432=CARTESIAN_POINT ( 'NONE',  ( -3.424999999999999822, 0.5716990566028302689, 2.125000000000001332 ) );
#6433=FACE_OUTER_BOUND ( 'NONE', #889, .T. );
#6434=ORIENTED_EDGE ( 'NONE', *, *, #4734, .T. );
#6435=EDGE_LOOP ( 'NONE', ( #6165, #3228, #2298, #6113 ) );
#6436=EDGE_CURVE ( 'NONE', #3637, #8745, #7081, .T. );
#6437=EDGE_LOOP ( 'NONE', ( #4649, #339, #7496, #8748 ) );
#6438=CARTESIAN_POINT ( 'NONE',  ( 1.125000000000002220, 0.5716990566028306020, 3.425000000000001599 ) );
#6439=ORIENTED_EDGE ( 'NONE', *, *, #2582, .T. );
#6440=ADVANCED_FACE ( 'NONE', ( #8711 ), #3119, .T. );
#6441=ADVANCED_FACE ( 'NONE', ( #8191 ), #1706, .T. );
#6442=ORIENTED_EDGE ( 'NONE', *, *, #8434, .F. );
#6443=VERTEX_POINT ( 'NONE', #7260 );
#6444=EDGE_LOOP ( 'NONE', ( #146, #2528, #7548, #3289 ) );
#6445=( GEOMETRIC_REPRESENTATION_CONTEXT ( 3 ) GLOBAL_UNCERTAINTY_ASSIGNED_CONTEXT ( ( #12 ) ) GLOBAL_UNIT_ASSIGNED_CONTEXT ( ( #359, #272, #78 ) ) REPRESENTATION_CONTEXT ( 'NONE', 'WORKASPACE' ) );
#6446=PLANE ( 'NONE',  #8480 );
#6447=PLANE ( 'NONE',  #4215 );
#6448=CARTESIAN_POINT ( 'NONE',  ( 3.024999999999999467, 0.09999999999999999167, 2.125000000000001332 ) );
#6449=ORIENTED_EDGE ( 'NONE', *, *, #783, .F. );
#6450=ORIENTED_EDGE ( 'NONE', *, *, #3685, .T. );
#6451=LINE ( 'NONE', #775, #6 );
#6452=EDGE_LOOP ( 'NONE', ( #2568, #7393, #4084, #3050 ) );
#6453=ORIENTED_EDGE ( 'NONE', *, *, #5830, .T. );
#6454=EDGE_CURVE ( 'NONE', #732, #5108, #4932, .T. );
#6455=MECHANICAL_DESIGN_GEOMETRIC_PRESENTATION_REPRESENTATION (  '', ( #3392 ), #6337 );
#6456=EDGE_CURVE ( 'NONE', #466, #1042, #376, .T. );
#6457=LINE ( 'NONE', #2838, #365 );
#6458=ORIENTED_EDGE ( 'NONE', *, *, #4110, .T. );
#6459=VERTEX_POINT ( 'NONE', #2738 );
#6460=ADVANCED_FACE ( 'NONE', ( #5499 ), #7919, .F. );
#6461=EDGE_CURVE ( 'NONE', #1369, #2176, #6175, .T. );
#6462=EDGE_CURVE ( 'NONE', #453, #4212, #2019, .T. );
#6463=LINE ( 'NONE', #1644, #795 );
#6464=ORIENTED_EDGE ( 'NONE', *, *, #638, .T. );
#6465=CARTESIAN_POINT ( 'NONE',  ( 3.024999999999999467, 0.5716990566028302689, 2.375000000000001332 ) );
#6466=CARTESIAN_POINT ( 'NONE',  ( -0.8749999999999985567, 0.000000000000000000, -3.425000000000001155 ) );
#6467=ORIENTED_EDGE ( 'NONE', *, *, #5697, .F. );
#6468=PLANE ( 'NONE',  #2939 );
#6469=ORIENTED_EDGE ( 'NONE', *, *, #6656, .T. );
#6470=ORIENTED_EDGE ( 'NONE', *, *, #8313, .F. );
#6471=EDGE_CURVE ( 'NONE', #5206, #6812, #1204, .T. );
#6472=ORIENTED_EDGE ( 'NONE', *, *, #3329, .T. );
#6473=CARTESIAN_POINT ( 'NONE',  ( -2.174999999999999822, 7.100357133746822313, -2.475000000000000089 ) );
#6474=ADVANCED_FACE ( 'NONE', ( #6697 ), #394, .F. );
#6475=VERTEX_POINT ( 'NONE', #1151 );
#6476=EDGE_LOOP ( 'NONE', ( #8618, #1054, #2624, #1733 ) );
#6477=ORIENTED_EDGE ( 'NONE', *, *, #6388, .T. );
#6478=ORIENTED_EDGE ( 'NONE', *, *, #898, .F. );
#6479=LINE ( 'NONE', #739, #4 );
#6480=ORIENTED_EDGE ( 'NONE', *, *, #7654, .T. );
#6481=ADVANCED_FACE ( 'NONE', ( #3356 ), #394, .F. );
#6482=PLANE ( 'NONE',  #5915 );
#6483=CARTESIAN_POINT ( 'NONE',  ( -0.8749999999999977796, 0.000000000000000000, 3.425000000000001599 ) );
#6484=VERTEX_POINT ( 'NONE', #2885 );
#6485=LINE ( 'NONE', #8732, #365 );
#6486=FACE_OUTER_BOUND ( 'NONE', #6435, .T. );
#6487=VERTEX_POINT ( 'NONE', #1267 );
#6488=EDGE_LOOP ( 'NONE', ( #8337, #8022, #7967, #1491 ) );
#6489=EDGE_CURVE ( 'NONE', #7706, #8024, #3405, .T. );
#6490=ADVANCED_FACE ( 'NONE', ( #6819 ), #4623, .F. );
#6491=ORIENTED_EDGE ( 'NONE', *, *, #8252, .T. );
#6492=ORIENTED_EDGE ( 'NONE', *, *, #7254, .F. );
#6493=LINE ( 'NONE', #5851, #6 );
#6494=LINE ( 'NONE', #5821, #4 );
#6495=ORIENTED_EDGE ( 'NONE', *, *, #152, .F. );
#6496=AXIS2_PLACEMENT_3D ( 'NONE', #1386, #130, #46 );
#6497=PLANE ( 'NONE',  #3806 );
#6498=PLANE ( 'NONE',  #8669 );
#6499=EDGE_LOOP ( 'NONE', ( #617, #6617, #3605, #5015 ) );
#6500=AXIS2_PLACEMENT_3D ( 'NONE', #823, #21, #526 );
#6501=LINE ( 'NONE', #882, #4 );
#6502=AXIS2_PLACEMENT_3D ( 'NONE', #4531, #45, #168 );
#6503=EDGE_CURVE ( 'NONE', #3251, #3925, #6775, .T. );
#6504=VERTEX_POINT ( 'NONE', #3449 );
#6505=ORIENTED_EDGE ( 'NONE', *, *, #5102, .T. );
#6506=ADVANCED_FACE ( 'NONE', ( #7840 ), #1918, .F. );
#6507=PLANE ( 'NONE',  #5236 );
#6508=FACE_OUTER_BOUND ( 'NONE', #5758, .T. );
#6509=FACE_OUTER_BOUND ( 'NONE', #2393, .T. );
#6510=ORIENTED_EDGE ( 'NONE', *, *, #6461, .F. );
#6511=CARTESIAN_POINT ( 'NONE',  ( -0.6249999999999987788, 0.09999999999999999167, -3.425000000000001155 ) );
#6512=EDGE_CURVE ( 'NONE', #223, #2395, #7267, .T. );
#6513=EDGE_CURVE ( 'NONE', #2241, #717, #315, .T. );
#6514=ADVANCED_FACE ( 'NONE', ( #2307 ), #5107, .F. );
#6515=STYLED_ITEM ( 'NONE', ( #320 ), #4530 );
#6516=ORIENTED_EDGE ( 'NONE', *, *, #8595, .T. );
#6517=ORIENTED_EDGE ( 'NONE', *, *, #1128, .F. );
#6518=LINE ( 'NONE', #2343, #58 );
#6519=EDGE_LOOP ( 'NONE', ( #2118, #7839, #8314, #5874, #319 ) );
#6520=LINE ( 'NONE', #673, #83 );
#6521=VERTEX_POINT ( 'NONE', #663 );
#6522=PLANE ( 'NONE',  #6160 );
#6523=LINE ( 'NONE', #1895, #58 );
#6524=EDGE_CURVE ( 'NONE', #8661, #6071, #7585, .T. );
#6525=ADVANCED_FACE ( 'NONE', ( #5773 ), #4393, .T. );
#6526=ORIENTED_EDGE ( 'NONE', *, *, #4562, .F. );
#6527=LINE ( 'NONE', #3551, #260 );
#6528=FACE_OUTER_BOUND ( 'NONE', #7642, .T. );
#6529=FACE_OUTER_BOUND ( 'NONE', #4515, .T. );
#6530=ORIENTED_EDGE ( 'NONE', *, *, #7224, .T. );
#6531=ORIENTED_EDGE ( 'NONE', *, *, #7758, .T. );
#6532=ORIENTED_EDGE ( 'NONE', *, *, #4642, .F. );
#6533=PLANE ( 'NONE',  #7885 );
#6534=EDGE_CURVE ( 'NONE', #3956, #2830, #3018, .T. );
#6535=VERTEX_POINT ( 'NONE', #799 );
#6536=PLANE ( 'NONE',  #8338 );
#6537=ADVANCED_FACE ( 'NONE', ( #718 ), #6930, .F. );
#6538=PLANE ( 'NONE',  #6283 );
#6539=MECHANICAL_DESIGN_GEOMETRIC_PRESENTATION_REPRESENTATION (  '', ( #375 ), #4204 );
#6540=FACE_OUTER_BOUND ( 'NONE', #6923, .T. );
#6541=ADVANCED_FACE ( 'NONE', ( #5815 ), #7542, .T. );
#6542=EDGE_LOOP ( 'NONE', ( #5335, #6226, #6439, #300 ) );
#6543=FACE_OUTER_BOUND ( 'NONE', #2104, .T. );
#6544=CLOSED_SHELL ( 'NONE', ( #8122, #1666, #3972, #4135, #3256, #6166 ) );
#6545=ORIENTED_EDGE ( 'NONE', *, *, #8131, .F. );
#6546=MECHANICAL_DESIGN_GEOMETRIC_PRESENTATION_REPRESENTATION (  '', ( #5486 ), #8782 );
#6547=AXIS2_PLACEMENT_3D ( 'NONE', #345, #32, #5 );
#6548=LINE ( 'NONE', #784, #30 );
#6549=ORIENTED_EDGE ( 'NONE', *, *, #8531, .F. );
#6550=PLANE ( 'NONE',  #53 );
#6551=AXIS2_PLACEMENT_3D ( 'NONE', #1508, #168, #128 );
#6552=ORIENTED_EDGE ( 'NONE', *, *, #8300, .T. );
#6553=PLANE ( 'NONE',  #729 );
#6554=LINE ( 'NONE', #1097, #30 );
#6555=ORIENTED_EDGE ( 'NONE', *, *, #4511, .T. );
#6556=DIRECTION ( 'NONE',  ( 0.7071067811865427988, -0.000000000000000000, 0.7071067811865522357 ) );
#6557=EDGE_CURVE ( 'NONE', #4778, #3549, #5065, .T. );
#6558=FACE_OUTER_BOUND ( 'NONE', #3308, .T. );
#6559=ADVANCED_FACE ( 'NONE', ( #5148 ), #2880, .F. );
#6560=ORIENTED_EDGE ( 'NONE', *, *, #3475, .F. );
#6561=FACE_OUTER_BOUND ( 'NONE', #6476, .T. );
#6562=VERTEX_POINT ( 'NONE', #2955 );
#6563=VERTEX_POINT ( 'NONE', #8154 );
#6564=PLANE ( 'NONE',  #5361 );
#6565=ADVANCED_FACE ( 'NONE', ( #8631 ), #4261, .F. );
#6566=LINE ( 'NONE', #715, #582 );
#6567=ADVANCED_FACE ( 'NONE', ( #8047 ), #4983, .T. );
#6568=EDGE_CURVE ( 'NONE', #3000, #5008, #147, .T. );
#6569=ORIENTED_EDGE ( 'NONE', *, *, #4480, .T. );
#6570=VERTEX_POINT ( 'NONE', #1431 );
#6571=ORIENTED_EDGE ( 'NONE', *, *, #1515, .F. );
#6572=FACE_OUTER_BOUND ( 'NONE', #6671, .T. );
#6573=VERTEX_POINT ( 'NONE', #2974 );
#6574=ORIENTED_EDGE ( 'NONE', *, *, #6826, .F. );
#6575=EDGE_CURVE ( 'NONE', #6815, #6107, #6346, .T. );
#6576=FACE_OUTER_BOUND ( 'NONE', #8775, .T. );
#6577=CARTESIAN_POINT ( 'NONE',  ( -0.6249999999999980016, 0.5716990566028306020, 3.025000000000001243 ) );
#6578=ORIENTED_EDGE ( 'NONE', *, *, #5323, .T. );
#6579=AXIS2_PLACEMENT_3D ( 'NONE', #1366, #51, #32 );
#6580=EDGE_CURVE ( 'NONE', #5512, #1121, #4777, .T. );
#6581=EDGE_CURVE ( 'NONE', #1920, #276, #1116, .T. );
#6582=ORIENTED_EDGE ( 'NONE', *, *, #6575, .T. );
#6583=STYLED_ITEM ( 'NONE', ( #320 ), #7432 );
#6584=EDGE_CURVE ( 'NONE', #4111, #2217, #4651, .T. );
#6585=CARTESIAN_POINT ( 'NONE',  ( -0.1249999999999988065, 0.1000000000000000056, -3.025000000000000355 ) );
#6586=ORIENTED_EDGE ( 'NONE', *, *, #2986, .F. );
#6587=CARTESIAN_POINT ( 'NONE',  ( 3.424999999999999822, 0.09999999999999999167, -2.124999999999999112 ) );
#6588=VERTEX_POINT ( 'NONE', #1145 );
#6589=ORIENTED_EDGE ( 'NONE', *, *, #758, .T. );
#6590=LINE ( 'NONE', #336, #4 );
#6591=VECTOR ( 'NONE', #4285, 1000.000000000000000 );
#6592=LINE ( 'NONE', #1934, #6 );
#6593=VERTEX_POINT ( 'NONE', #1037 );
#6594=FACE_OUTER_BOUND ( 'NONE', #6244, .T. );
#6595=VERTEX_POINT ( 'NONE', #2015 );
#6596=ADVANCED_FACE ( 'NONE', ( #8436 ), #394, .F. );
#6597=ORIENTED_EDGE ( 'NONE', *, *, #7189, .F. );
#6598=AXIS2_PLACEMENT_3D ( 'NONE', #2463, #45, #168 );
#6599=ADVANCED_FACE ( 'NONE', ( #4164 ), #2732, .F. );
#6600=LINE ( 'NONE', #1795, #4 );
#6601=ORIENTED_EDGE ( 'NONE', *, *, #783, .T. );
#6602=PLANE ( 'NONE',  #2618 );
#6603=CARTESIAN_POINT ( 'NONE',  ( 3.024999999999999467, 0.09999999999999999167, 1.625000000000001110 ) );
#6604=EDGE_LOOP ( 'NONE', ( #3499, #6243, #1349, #6041 ) );
#6605=ORIENTED_EDGE ( 'NONE', *, *, #2625, .T. );
#6606=VERTEX_POINT ( 'NONE', #4067 );
#6607=ADVANCED_FACE ( 'NONE', ( #7345 ), #6093, .F. );
#6608=ORIENTED_EDGE ( 'NONE', *, *, #7607, .T. );
#6609=ADVANCED_FACE ( 'NONE', ( #2642 ), #8324, .T. );
#6610=EDGE_CURVE ( 'NONE', #5660, #7350, #3974, .T. );
#6611=ORIENTED_EDGE ( 'NONE', *, *, #4672, .F. );
#6612=ORIENTED_EDGE ( 'NONE', *, *, #1061, .T. );
#6613=LINE ( 'NONE', #126, #4 );
#6614=FACE_BOUND ( 'NONE', #8028, .T. );
#6615=PLANE ( 'NONE',  #2428 );
#6616=LINE ( 'NONE', #3213, #269 );
#6617=ORIENTED_EDGE ( 'NONE', *, *, #1182, .T. );
#6618=ORIENTED_EDGE ( 'NONE', *, *, #7515, .F. );
#6619=EDGE_CURVE ( 'NONE', #6774, #1864, #6613, .T. );
#6620=LINE ( 'NONE', #2467, #30 );
#6621=VERTEX_POINT ( 'NONE', #2596 );
#6622=CARTESIAN_POINT ( 'NONE',  ( -0.8749999999999977796, 0.000000000000000000, 3.025000000000001243 ) );
#6623=ADVANCED_FACE ( 'NONE', ( #1870 ), #251, .F. );
#6624=STYLED_ITEM ( 'NONE', ( #320 ), #4370 );
#6625=VERTEX_POINT ( 'NONE', #4918 );
#6626=LINE ( 'NONE', #84, #224 );
#6627=EDGE_CURVE ( 'NONE', #5108, #949, #3402, .T. );
#6628=PLANE ( 'NONE',  #5322 );
#6629=EDGE_LOOP ( 'NONE', ( #8279, #5176, #5920, #6637 ) );
#6630=ORIENTED_EDGE ( 'NONE', *, *, #5805, .F. );
#6631=( GEOMETRIC_REPRESENTATION_CONTEXT ( 3 ) GLOBAL_UNCERTAINTY_ASSIGNED_CONTEXT ( ( #12 ) ) GLOBAL_UNIT_ASSIGNED_CONTEXT ( ( #359, #272, #78 ) ) REPRESENTATION_CONTEXT ( 'NONE', 'WORKASPACE' ) );
#6632=ADVANCED_FACE ( 'NONE', ( #2687 ), #2539, .F. );
#6633=ADVANCED_FACE ( 'NONE', ( #8472 ), #4119, .F. );
#6634=EDGE_LOOP ( 'NONE', ( #2018, #7627, #2799, #8137 ) );
#6635=AXIS2_PLACEMENT_3D ( 'NONE', #3770, #168, #128 );
#6636=EDGE_LOOP ( 'NONE', ( #2628, #3950, #5992, #8419 ) );
#6637=ORIENTED_EDGE ( 'NONE', *, *, #1578, .T. );
#6638=ORIENTED_EDGE ( 'NONE', *, *, #5325, .T. );
#6639=CARTESIAN_POINT ( 'NONE',  ( 0.1250000000000022760, 0.5716990566028306020, 3.025000000000001243 ) );
#6640=ADVANCED_FACE ( 'NONE', ( #6817 ), #1071, .T. );
#6641=EDGE_LOOP ( 'NONE', ( #1250, #4977, #3034, #7867 ) );
#6642=ORIENTED_EDGE ( 'NONE', *, *, #8129, .T. );
#6643=AXIS2_PLACEMENT_3D ( 'NONE', #6326, #128, #51 );
#6644=ORIENTED_EDGE ( 'NONE', *, *, #5035, .F. );
#6645=ORIENTED_EDGE ( 'NONE', *, *, #117, .F. );
#6646=FACE_OUTER_BOUND ( 'NONE', #4316, .T. );
#6647=ORIENTED_EDGE ( 'NONE', *, *, #248, .F. );
#6648=LINE ( 'NONE', #1234, #6 );
#6649=LINE ( 'NONE', #516, #4 );
#6650=VERTEX_POINT ( 'NONE', #1480 );
#6651=ORIENTED_EDGE ( 'NONE', *, *, #4965, .F. );
#6652=FACE_OUTER_BOUND ( 'NONE', #1193, .T. );
#6653=AXIS2_PLACEMENT_3D ( 'NONE', #299, #45, #168 );
#6654=PLANE ( 'NONE',  #6502 );
#6655=CARTESIAN_POINT ( 'NONE',  ( -3.500000000000000000, 1.209999999999999298, 3.500000000000000444 ) );
#6656=EDGE_CURVE ( 'NONE', #5468, #501, #7463, .T. );
#6657=AXIS2_PLACEMENT_3D ( 'NONE', #968, #21, #526 );
#6658=LINE ( 'NONE', #1910, #206 );
#6659=ORIENTED_EDGE ( 'NONE', *, *, #6228, .T. );
#6660=ADVANCED_FACE ( 'NONE', ( #3666 ), #1706, .T. );
#6661=ORIENTED_EDGE ( 'NONE', *, *, #5098, .F. );
#6662=ORIENTED_EDGE ( 'NONE', *, *, #1519, .T. );
#6663=PRESENTATION_LAYER_ASSIGNMENT (  '', '', ( #3763 ) );
#6664=EDGE_CURVE ( 'NONE', #4802, #4093, #1370, .T. );
#6665=ADVANCED_FACE ( 'NONE', ( #1424 ), #4298, .T. );
#6666=LINE ( 'NONE', #3316, #432 );
#6667=ORIENTED_EDGE ( 'NONE', *, *, #2208, .T. );
#6668=LINE ( 'NONE', #5946, #30 );
#6669=AXIS2_PLACEMENT_3D ( 'NONE', #345, #21, #526 );
#6670=CARTESIAN_POINT ( 'NONE',  ( 1.875000000000001776, 0.09999999999999999167, -3.025000000000000355 ) );
#6671=EDGE_LOOP ( 'NONE', ( #3457, #5558, #6730, #1850 ) );
#6672=VERTEX_POINT ( 'NONE', #4744 );
#6673=VERTEX_POINT ( 'NONE', #5765 );
#6674=AXIS2_PLACEMENT_3D ( 'NONE', #288, #51, #32 );
#6675=VERTEX_POINT ( 'NONE', #8601 );
#6676=VECTOR ( 'NONE', #1879, 1000.000000000000000 );
#6677=EDGE_CURVE ( 'NONE', #762, #8135, #5679, .T. );
#6678=ORIENTED_EDGE ( 'NONE', *, *, #7306, .F. );
#6679=ORIENTED_EDGE ( 'NONE', *, *, #457, .F. );
#6680=ORIENTED_EDGE ( 'NONE', *, *, #7159, .F. );
#6681=EDGE_CURVE ( 'NONE', #1599, #7447, #6887, .T. );
#6682=FACE_OUTER_BOUND ( 'NONE', #7872, .T. );
#6683=EDGE_LOOP ( 'NONE', ( #6986, #8168, #2371, #4727 ) );
#6684=AXIS2_PLACEMENT_3D ( 'NONE', #2343, #585, #105 );
#6685=PLANE ( 'NONE',  #4352 );
#6686=AXIS2_PLACEMENT_3D ( 'NONE', #5313, #32, #5 );
#6687=ORIENTED_EDGE ( 'NONE', *, *, #5466, .F. );
#6688=VERTEX_POINT ( 'NONE', #442 );
#6689=VERTEX_POINT ( 'NONE', #656 );
#6690=VERTEX_POINT ( 'NONE', #4979 );
#6691=VERTEX_POINT ( 'NONE', #545 );
#6692=FACE_OUTER_BOUND ( 'NONE', #8048, .T. );
#6693=LINE ( 'NONE', #6130, #4 );
#6694=ORIENTED_EDGE ( 'NONE', *, *, #3783, .F. );
#6695=VERTEX_POINT ( 'NONE', #3622 );
#6696=ORIENTED_EDGE ( 'NONE', *, *, #2907, .T. );
#6697=FACE_OUTER_BOUND ( 'NONE', #6641, .T. );
#6698=EDGE_LOOP ( 'NONE', ( #3517, #1018 ) );
#6699=EDGE_CURVE ( 'NONE', #3300, #1758, #5635, .T. );
#6700=EDGE_LOOP ( 'NONE', ( #5381, #3511, #5390, #8103 ) );
#6701=ADVANCED_FACE ( 'NONE', ( #5061 ), #4888, .F. );
#6702=AXIS2_PLACEMENT_3D ( 'NONE', #1327, #21, #526 );
#6703=FACE_OUTER_BOUND ( 'NONE', #1254, .T. );
#6704=EDGE_LOOP ( 'NONE', ( #7785, #6905, #1774, #4031 ) );
#6705=LINE ( 'NONE', #3273, #166 );
#6706=VERTEX_POINT ( 'NONE', #2872 );
#6707=ORIENTED_EDGE ( 'NONE', *, *, #5563, .F. );
#6708=EDGE_CURVE ( 'NONE', #736, #1433, #4208, .T. );
#6709=EDGE_LOOP ( 'NONE', ( #4740, #2883, #7733, #7352 ) );
#6710=EDGE_CURVE ( 'NONE', #2775, #652, #3916, .T. );
#6711=EDGE_CURVE ( 'NONE', #6071, #7704, #4336, .T. );
#6712=ORIENTED_EDGE ( 'NONE', *, *, #527, .T. );
#6713=VERTEX_POINT ( 'NONE', #5104 );
#6714=ORIENTED_EDGE ( 'NONE', *, *, #5416, .F. );
#6715=ORIENTED_EDGE ( 'NONE', *, *, #5919, .T. );
#6716=ORIENTED_EDGE ( 'NONE', *, *, #674, .F. );
#6717=ADVANCED_FACE ( 'NONE', ( #6528 ), #1591, .F. );
#6718=PLANE ( 'NONE',  #8437 );
#6719=AXIS2_PLACEMENT_3D ( 'NONE', #1926, #526, #130 );
#6720=ORIENTED_EDGE ( 'NONE', *, *, #5581, .F. );
#6721=FACE_OUTER_BOUND ( 'NONE', #8396, .T. );
#6722=ADVANCED_FACE ( 'NONE', ( #4529 ), #3246, .F. );
#6723=PLANE ( 'NONE',  #5772 );
#6724=ORIENTED_EDGE ( 'NONE', *, *, #8686, .F. );
#6725=FACE_OUTER_BOUND ( 'NONE', #7024, .T. );
#6726=AXIS2_PLACEMENT_3D ( 'NONE', #3881, #32, #5 );
#6727=EDGE_LOOP ( 'NONE', ( #7554, #2390, #8574, #6766 ) );
#6728=ADVANCED_FACE ( 'NONE', ( #7644 ), #8256, .T. );
#6729=VERTEX_POINT ( 'NONE', #7578 );
#6730=ORIENTED_EDGE ( 'NONE', *, *, #1246, .T. );
#6731=EDGE_LOOP ( 'NONE', ( #5561, #5147, #1158, #581 ) );
#6732=EDGE_LOOP ( 'NONE', ( #8290, #2501, #176, #57 ) );
#6733=ORIENTED_EDGE ( 'NONE', *, *, #841, .T. );
#6734=AXIS2_PLACEMENT_3D ( 'NONE', #1495, #32, #5 );
#6735=PLANE ( 'NONE',  #3501 );
#6736=ORIENTED_EDGE ( 'NONE', *, *, #4131, .T. );
#6737=CARTESIAN_POINT ( 'NONE',  ( -3.424999999999999822, 0.09999999999999999167, 2.625000000000000444 ) );
#6738=VERTEX_POINT ( 'NONE', #5227 );
#6739=FACE_OUTER_BOUND ( 'NONE', #1335, .T. );
#6740=FACE_OUTER_BOUND ( 'NONE', #600, .T. );
#6741=CARTESIAN_POINT ( 'NONE',  ( 0.6250000000000014433, 0.000000000000000000, -3.425000000000001155 ) );
#6742=EDGE_CURVE ( 'NONE', #5399, #659, #2396, .T. );
#6743=LINE ( 'NONE', #1480, #4 );
#6744=STYLED_ITEM ( 'NONE', ( #320 ), #4466 );
#6745=ADVANCED_FACE ( 'NONE', ( #4570 ), #6446, .F. );
#6746=ORIENTED_EDGE ( 'NONE', *, *, #7558, .F. );
#6747=EDGE_LOOP ( 'NONE', ( #5991, #1305, #1307, #8389 ) );
#6748=FACE_OUTER_BOUND ( 'NONE', #2749, .T. );
#6749=ORIENTED_EDGE ( 'NONE', *, *, #2061, .F. );
#6750=ORIENTED_EDGE ( 'NONE', *, *, #3612, .F. );
#6751=AXIS2_PLACEMENT_3D ( 'NONE', #905, #168, #128 );
#6752=LINE ( 'NONE', #4660, #166 );
#6753=ORIENTED_EDGE ( 'NONE', *, *, #5792, .T. );
#6754=ADVANCED_FACE ( 'NONE', ( #3150 ), #3059, .F. );
#6755=ADVANCED_FACE ( 'NONE', ( #3200 ), #5844, .F. );
#6756=ADVANCED_FACE ( 'NONE', ( #5181 ), #5922, .T. );
#6757=EDGE_CURVE ( 'NONE', #1758, #3279, #6996, .T. );
#6758=ORIENTED_EDGE ( 'NONE', *, *, #2047, .T. );
#6759=FACE_OUTER_BOUND ( 'NONE', #2299, .T. );
#6760=CARTESIAN_POINT ( 'NONE',  ( -3.424999999999999822, 0.1000000000000001027, 0.8750000000000007772 ) );
#6761=EDGE_CURVE ( 'NONE', #1284, #223, #822, .T. );
#6762=ORIENTED_EDGE ( 'NONE', *, *, #7324, .T. );
#6763=LINE ( 'NONE', #2068, #4 );
#6764=ADVANCED_FACE ( 'NONE', ( #767 ), #5880, .T. );
#6765=CARTESIAN_POINT ( 'NONE',  ( -3.424999999999999822, 0.5716990566028302689, -0.8749999999999990008 ) );
#6766=ORIENTED_EDGE ( 'NONE', *, *, #1300, .T. );
#6767=ORIENTED_EDGE ( 'NONE', *, *, #310, .F. );
#6768=VERTEX_POINT ( 'NONE', #2576 );
#6769=MECHANICAL_DESIGN_GEOMETRIC_PRESENTATION_REPRESENTATION (  '', ( #5426 ), #7728 );
#6770=EDGE_LOOP ( 'NONE', ( #7593, #5994, #1062, #4711 ) );
#6771=PLANE ( 'NONE',  #4043 );
#6772=ORIENTED_EDGE ( 'NONE', *, *, #6859, .T. );
#6773=AXIS2_PLACEMENT_3D ( 'NONE', #475, #109, #21 );
#6774=VERTEX_POINT ( 'NONE', #126 );
#6775=LINE ( 'NONE', #433, #30 );
#6776=ORIENTED_EDGE ( 'NONE', *, *, #5051, .T. );
#6777=ADVANCED_FACE ( 'NONE', ( #1127 ), #7761, .T. );
#6778=ORIENTED_EDGE ( 'NONE', *, *, #3361, .T. );
#6779=ADVANCED_FACE ( 'NONE', ( #4102 ), #1856, .T. );
#6780=EDGE_CURVE ( 'NONE', #886, #2515, #1797, .T. );
#6781=CARTESIAN_POINT ( 'NONE',  ( 3.024999999999999467, 0.09999999999999999167, 2.875000000000000444 ) );
#6782=ORIENTED_EDGE ( 'NONE', *, *, #6110, .F. );
#6783=CARTESIAN_POINT ( 'NONE',  ( -0.3749999999999986122, 0.5716990566028306020, -3.025000000000000355 ) );
#6784=LINE ( 'NONE', #2825, #30 );
#6785=ORIENTED_EDGE ( 'NONE', *, *, #7407, .T. );
#6786=ORIENTED_EDGE ( 'NONE', *, *, #4318, .T. );
#6787=VERTEX_POINT ( 'NONE', #293 );
#6788=ORIENTED_EDGE ( 'NONE', *, *, #4666, .F. );
#6789=EDGE_CURVE ( 'NONE', #8591, #920, #971, .T. );
#6790=MECHANICAL_DESIGN_GEOMETRIC_PRESENTATION_REPRESENTATION (  '', ( #8099 ), #4782 );
#6791=LINE ( 'NONE', #5286, #30 );
#6792=LINE ( 'NONE', #3250, #6 );
#6793=VERTEX_POINT ( 'NONE', #2000 );
#6794=AXIS2_PLACEMENT_3D ( 'NONE', #3166, #168, #128 );
#6795=ORIENTED_EDGE ( 'NONE', *, *, #5325, .F. );
#6796=LINE ( 'NONE', #412, #207 );
#6797=STYLED_ITEM ( 'NONE', ( #320 ), #1488 );
#6798=LINE ( 'NONE', #1336, #4 );
#6799=EDGE_CURVE ( 'NONE', #2537, #7144, #2290, .T. );
#6800=AXIS2_PLACEMENT_3D ( 'NONE', #2779, #3, #86 );
#6801=ORIENTED_EDGE ( 'NONE', *, *, #6139, .F. );
#6802=EDGE_CURVE ( 'NONE', #654, #3922, #4786, .T. );
#6803=AXIS2_PLACEMENT_3D ( 'NONE', #3881, #168, #128 );
#6804=LINE ( 'NONE', #4875, #30 );
#6805=EDGE_LOOP ( 'NONE', ( #3323, #3344, #4671, #6005 ) );
#6806=DIRECTION ( 'NONE',  ( 0.000000000000000000, 1.000000000000000000, -0.000000000000000000 ) );
#6807=ORIENTED_EDGE ( 'NONE', *, *, #5637, .F. );
#6808=VERTEX_POINT ( 'NONE', #451 );
#6809=ORIENTED_EDGE ( 'NONE', *, *, #3930, .F. );
#6810=ORIENTED_EDGE ( 'NONE', *, *, #5211, .T. );
#6811=AXIS2_PLACEMENT_3D ( 'NONE', #3838, #109, #21 );
#6812=VERTEX_POINT ( 'NONE', #2115 );
#6813=EDGE_CURVE ( 'NONE', #7676, #5512, #3961, .T. );
#6814=EDGE_CURVE ( 'NONE', #5231, #886, #8425, .T. );
#6815=VERTEX_POINT ( 'NONE', #1732 );
#6816=ADVANCED_FACE ( 'NONE', ( #7335 ), #2670, .T. );
#6817=FACE_OUTER_BOUND ( 'NONE', #6332, .T. );
#6818=PLANE ( 'NONE',  #7906 );
#6819=FACE_OUTER_BOUND ( 'NONE', #5091, .T. );
#6820=ORIENTED_EDGE ( 'NONE', *, *, #6664, .T. );
#6821=FACE_OUTER_BOUND ( 'NONE', #192, .T. );
#6822=ORIENTED_EDGE ( 'NONE', *, *, #4590, .F. );
#6823=LINE ( 'NONE', #3410, #30 );
#6824=PLANE ( 'NONE',  #3184 );
#6825=( GEOMETRIC_REPRESENTATION_CONTEXT ( 3 ) GLOBAL_UNCERTAINTY_ASSIGNED_CONTEXT ( ( #12 ) ) GLOBAL_UNIT_ASSIGNED_CONTEXT ( ( #359, #272, #78 ) ) REPRESENTATION_CONTEXT ( 'NONE', 'WORKASPACE' ) );
#6826=EDGE_CURVE ( 'NONE', #6342, #1632, #7796, .T. );
#6827=ORIENTED_EDGE ( 'NONE', *, *, #4834, .F. );
#6828=CARTESIAN_POINT ( 'NONE',  ( -0.3749999999999986122, 0.5716990566028306020, -3.425000000000000711 ) );
#6829=CARTESIAN_POINT ( 'NONE',  ( 2.475000000000000533, 0.1000000000000002554, 2.475000000000000533 ) );
#6830=EDGE_LOOP ( 'NONE', ( #994, #5707, #7719, #2098 ) );
#6831=ADVANCED_FACE ( 'NONE', ( #1904 ), #3116, .F. );
#6832=ORIENTED_EDGE ( 'NONE', *, *, #7515, .T. );
#6833=ORIENTED_EDGE ( 'NONE', *, *, #460, .F. );
#6834=EDGE_LOOP ( 'NONE', ( #3655, #3604, #3185, #8424 ) );
#6835=LINE ( 'NONE', #15, #206 );
#6836=MECHANICAL_DESIGN_GEOMETRIC_PRESENTATION_REPRESENTATION (  '', ( #5936 ), #4394 );
#6837=ADVANCED_FACE ( 'NONE', ( #3338 ), #6037, .F. );
#6838=ADVANCED_FACE ( 'NONE', ( #7454 ), #1354, .T. );
#6839=ORIENTED_EDGE ( 'NONE', *, *, #4076, .T. );
#6840=EDGE_LOOP ( 'NONE', ( #6532, #682, #5879, #2201 ) );
#6841=ORIENTED_EDGE ( 'NONE', *, *, #6401, .F. );
#6842=PLANE ( 'NONE',  #5605 );
#6843=ORIENTED_EDGE ( 'NONE', *, *, #5257, .F. );
#6844=CARTESIAN_POINT ( 'NONE',  ( 0.3750000000000012212, 0.1000000000000000056, -3.425000000000001155 ) );
#6845=LINE ( 'NONE', #1500, #4 );
#6846=ORIENTED_EDGE ( 'NONE', *, *, #3386, .F. );
#6847=ADVANCED_FACE ( 'NONE', ( #8593 ), #4284, .F. );
#6848=LINE ( 'NONE', #1687, #207 );
#6849=EDGE_CURVE ( 'NONE', #2602, #736, #1786, .T. );
#6850=VERTEX_POINT ( 'NONE', #84 );
#6851=AXIS2_PLACEMENT_3D ( 'NONE', #6020, #45, #168 );
#6852=FACE_OUTER_BOUND ( 'NONE', #5604, .T. );
#6853=VERTEX_POINT ( 'NONE', #1757 );
#6854=ORIENTED_EDGE ( 'NONE', *, *, #5682, .T. );
#6855=AXIS2_PLACEMENT_3D ( 'NONE', #2885, #585, #105 );
#6856=LINE ( 'NONE', #1754, #6 );
#6857=VERTEX_POINT ( 'NONE', #6882 );
#6858=EDGE_CURVE ( 'NONE', #6952, #4224, #5530, .T. );
#6859=EDGE_CURVE ( 'NONE', #5710, #6625, #5620, .T. );
#6860=ADVANCED_FACE ( 'NONE', ( #529 ), #7972, .T. );
#6861=EDGE_LOOP ( 'NONE', ( #7355, #4656, #5434, #2062 ) );
#6862=AXIS2_PLACEMENT_3D ( 'NONE', #961, #46, #21 );
#6863=LINE ( 'NONE', #1631, #4 );
#6864=PLANE ( 'NONE',  #3354 );
#6865=LINE ( 'NONE', #4847, #365 );
#6866=ORIENTED_EDGE ( 'NONE', *, *, #5575, .F. );
#6867=PLANE ( 'NONE',  #6934 );
#6868=ADVANCED_FACE ( 'NONE', ( #6196 ), #6281, .T. );
#6869=LINE ( 'NONE', #6783, #30 );
#6870=CARTESIAN_POINT ( 'NONE',  ( -3.424999999999999822, 0.5716990566028302689, 2.875000000000000000 ) );
#6871=VERTEX_POINT ( 'NONE', #8497 );
#6872=ORIENTED_EDGE ( 'NONE', *, *, #2553, .T. );
#6873=ORIENTED_EDGE ( 'NONE', *, *, #4022, .T. );
#6874=ADVANCED_FACE ( 'NONE', ( #2858 ), #8560, .T. );
#6875=ORIENTED_EDGE ( 'NONE', *, *, #6169, .T. );
#6876=CARTESIAN_POINT ( 'NONE',  ( 0.8750000000000012212, 0.000000000000000000, -3.425000000000001155 ) );
#6877=ORIENTED_EDGE ( 'NONE', *, *, #1527, .T. );
#6878=EDGE_LOOP ( 'NONE', ( #6552, #6854, #2912, #3380 ) );
#6879=ADVANCED_FACE ( 'NONE', ( #5668 ), #7592, .T. );
#6880=ORIENTED_EDGE ( 'NONE', *, *, #7998, .F. );
#6881=ADVANCED_FACE ( 'NONE', ( #1412 ), #7941, .F. );
#6882=CARTESIAN_POINT ( 'NONE',  ( 0.1250000000000013600, 0.09999999999999999167, -3.425000000000000711 ) );
#6883=CARTESIAN_POINT ( 'NONE',  ( -3.024999999999999467, 0.5716990566028302689, 1.625000000000001110 ) );
#6884=PRESENTATION_LAYER_ASSIGNMENT (  '', '', ( #6624 ) );
#6885=ORIENTED_EDGE ( 'NONE', *, *, #2739, .F. );
#6886=ADVANCED_FACE ( 'NONE', ( #470 ), #3566, .T. );
#6887=LINE ( 'NONE', #981, #4 );
#6888=CARTESIAN_POINT ( 'NONE',  ( -3.024999999999999467, 0.09999999999999999167, 0.1250000000000009714 ) );
#6889=PLANE ( 'NONE',  #5885 );
#6890=ORIENTED_EDGE ( 'NONE', *, *, #7340, .T. );
#6891=LINE ( 'NONE', #6603, #795 );
#6892=ORIENTED_EDGE ( 'NONE', *, *, #7050, .F. );
#6893=PLANE ( 'NONE',  #3334 );
#6894=PLANE ( 'NONE',  #2777 );
#6895=VERTEX_POINT ( 'NONE', #15 );
#6896=CARTESIAN_POINT ( 'NONE',  ( 1.000000000000000000, 0.000000000000000000, 0.000000000000000000 ) );
#6897=ADVANCED_FACE ( 'NONE', ( #3735 ), #6398, .T. );
#6898=FACE_BOUND ( 'NONE', #5379, .T. );
#6899=AXIS2_PLACEMENT_3D ( 'NONE', #981, #5, #128 );
#6900=ADVANCED_FACE ( 'NONE', ( #853 ), #3189, .T. );
#6901=LINE ( 'NONE', #7516, #30 );
#6902=VERTEX_POINT ( 'NONE', #1687 );
#6903=ORIENTED_EDGE ( 'NONE', *, *, #6156, .T. );
#6904=AXIS2_PLACEMENT_3D ( 'NONE', #5195, #32, #5 );
#6905=ORIENTED_EDGE ( 'NONE', *, *, #4544, .T. );
#6906=ADVANCED_FACE ( 'NONE', ( #8141 ), #3858, .F. );
#6907=EDGE_CURVE ( 'NONE', #4762, #2950, #6520, .T. );
#6908=LINE ( 'NONE', #2184, #432 );
#6909=LINE ( 'NONE', #576, #260 );
#6910=FACE_OUTER_BOUND ( 'NONE', #3897, .T. );
#6911=ORIENTED_EDGE ( 'NONE', *, *, #8716, .T. );
#6912=AXIS2_PLACEMENT_3D ( 'NONE', #3551, #548, #182 );
#6913=LINE ( 'NONE', #673, #6 );
#6914=MECHANICAL_DESIGN_GEOMETRIC_PRESENTATION_REPRESENTATION (  '', ( #8549 ), #3179 );
#6915=AXIS2_PLACEMENT_3D ( 'NONE', #538, #51, #32 );
#6916=PLANE ( 'NONE',  #986 );
#6917=AXIS2_PLACEMENT_3D ( 'NONE', #1103, #3, #86 );
#6918=ORIENTED_EDGE ( 'NONE', *, *, #386, .F. );
#6919=EDGE_CURVE ( 'NONE', #4094, #868, #8379, .T. );
#6920=EDGE_LOOP ( 'NONE', ( #535, #6034, #98, #1045 ) );
#6921=ORIENTED_EDGE ( 'NONE', *, *, #8371, .T. );
#6922=CARTESIAN_POINT ( 'NONE',  ( -2.374999999999997780, 0.5716990566028306020, 3.025000000000001243 ) );
#6923=EDGE_LOOP ( 'NONE', ( #4538, #1077, #1804, #7443 ) );
#6924=AXIS2_PLACEMENT_3D ( 'NONE', #3077, #32, #5 );
#6925=ADVANCED_FACE ( 'NONE', ( #6029 ), #5427, .F. );
#6926=ORIENTED_EDGE ( 'NONE', *, *, #8166, .F. );
#6927=CLOSED_SHELL ( 'NONE', ( #6440, #485, #463, #4614, #2968, #5979 ) );
#6928=LINE ( 'NONE', #6670, #365 );
#6929=EDGE_LOOP ( 'NONE', ( #2719, #3072, #2484, #7774 ) );
#6930=PLANE ( 'NONE',  #275 );
#6931=AXIS2_PLACEMENT_3D ( 'NONE', #6883, #5, #128 );
#6932=ORIENTED_EDGE ( 'NONE', *, *, #3819, .T. );
#6933=ORIENTED_EDGE ( 'NONE', *, *, #4936, .T. );
#6934=AXIS2_PLACEMENT_3D ( 'NONE', #1365, #21, #526 );
#6935=ORIENTED_EDGE ( 'NONE', *, *, #3093, .T. );
#6936=CARTESIAN_POINT ( 'NONE',  ( 3.424999999999999822, 0.1000000000000001027, 2.125000000000000888 ) );
#6937=EDGE_CURVE ( 'NONE', #7961, #1767, #2710, .T. );
#6938=EDGE_LOOP ( 'NONE', ( #6716, #925, #7727, #5571 ) );
#6939=EDGE_CURVE ( 'NONE', #5519, #8113, #5954, .T. );
#6940=ORIENTED_EDGE ( 'NONE', *, *, #8568, .T. );
#6941=VERTEX_POINT ( 'NONE', #6585 );
#6942=AXIS2_PLACEMENT_3D ( 'NONE', #475, #21, #526 );
#6943=ORIENTED_EDGE ( 'NONE', *, *, #8186, .T. );
#6944=EDGE_CURVE ( 'NONE', #4037, #4492, #1753, .T. );
#6945=ORIENTED_EDGE ( 'NONE', *, *, #8613, .T. );
#6946=EDGE_CURVE ( 'NONE', #1826, #3196, #2491, .T. );
#6947=ORIENTED_EDGE ( 'NONE', *, *, #2981, .T. );
#6948=EDGE_LOOP ( 'NONE', ( #2692, #7359, #6333, #4567 ) );
#6949=PRESENTATION_LAYER_ASSIGNMENT (  '', '', ( #4825 ) );
#6950=LINE ( 'NONE', #279, #432 );
#6951=CARTESIAN_POINT ( 'NONE',  ( 3.424999999999999822, 0.000000000000000000, 1.875000000000001332 ) );
#6952=VERTEX_POINT ( 'NONE', #3272 );
#6953=ORIENTED_EDGE ( 'NONE', *, *, #5263, .T. );
#6954=EDGE_CURVE ( 'NONE', #6713, #5702, #3498, .T. );
#6955=EDGE_LOOP ( 'NONE', ( #3054, #6940, #2678, #1646 ) );
#6956=LINE ( 'NONE', #2244, #4 );
#6957=EDGE_LOOP ( 'NONE', ( #595, #2520, #3632, #5960 ) );
#6958=AXIS2_PLACEMENT_3D ( 'NONE', #1083, #526, #130 );
#6959=FACE_OUTER_BOUND ( 'NONE', #7966, .T. );
#6960=AXIS2_PLACEMENT_3D ( 'NONE', #564, #585, #105 );
#6961=ORIENTED_EDGE ( 'NONE', *, *, #2521, .F. );
#6962=CARTESIAN_POINT ( 'NONE',  ( -1.874999999999997780, 0.09999999999999999167, 3.425000000000001599 ) );
#6963=ORIENTED_EDGE ( 'NONE', *, *, #6699, .T. );
#6964=LINE ( 'NONE', #1644, #365 );
#6965=ADVANCED_FACE ( 'NONE', ( #6486 ), #4351, .T. );
#6966=ORIENTED_EDGE ( 'NONE', *, *, #6401, .T. );
#6967=LINE ( 'NONE', #2450, #6 );
#6968=ORIENTED_EDGE ( 'NONE', *, *, #7238, .T. );
#6969=LINE ( 'NONE', #3021, #224 );
#6970=FACE_BOUND ( 'NONE', #7606, .T. );
#6971=ADVANCED_FACE ( 'NONE', ( #5269 ), #1706, .T. );
#6972=FACE_OUTER_BOUND ( 'NONE', #36, .T. );
#6973=FACE_OUTER_BOUND ( 'NONE', #239, .T. );
#6974=EDGE_LOOP ( 'NONE', ( #519, #3013, #3529, #8616 ) );
#6975=ORIENTED_EDGE ( 'NONE', *, *, #5003, .T. );
#6976=ORIENTED_EDGE ( 'NONE', *, *, #893, .T. );
#6977=ADVANCED_FACE ( 'NONE', ( #2674 ), #4787, .F. );
#6978=AXIS2_PLACEMENT_3D ( 'NONE', #1056, #109, #21 );
#6979=ORIENTED_EDGE ( 'NONE', *, *, #5517, .T. );
#6980=LINE ( 'NONE', #2387, #30 );
#6981=LINE ( 'NONE', #2584, #432 );
#6982=CARTESIAN_POINT ( 'NONE',  ( -3.024999999999999467, 0.1000000000000001027, 2.125000000000001332 ) );
#6983=CARTESIAN_POINT ( 'NONE',  ( 2.625000000000001776, 0.000000000000000000, 3.025000000000001243 ) );
#6984=VERTEX_POINT ( 'NONE', #4486 );
#6985=EDGE_LOOP ( 'NONE', ( #7504, #7291, #6667, #330 ) );
#6986=ORIENTED_EDGE ( 'NONE', *, *, #8330, .F. );
#6987=EDGE_CURVE ( 'NONE', #7144, #8223, #2767, .T. );
#6988=ADVANCED_FACE ( 'NONE', ( #4055 ), #4150, .T. );
#6989=ORIENTED_EDGE ( 'NONE', *, *, #8632, .F. );
#6990=FACE_OUTER_BOUND ( 'NONE', #4981, .T. );
#6991=ORIENTED_EDGE ( 'NONE', *, *, #6761, .F. );
#6992=ORIENTED_EDGE ( 'NONE', *, *, #3557, .F. );
#6993=ORIENTED_EDGE ( 'NONE', *, *, #7923, .F. );
#6994=PLANE ( 'NONE',  #3365 );
#6995=EDGE_CURVE ( 'NONE', #3727, #3391, #1130, .T. );
#6996=LINE ( 'NONE', #2001, #58 );
#6997=ADVANCED_FACE ( 'NONE', ( #7903 ), #5394, .F. );
#6998=LINE ( 'NONE', #1425, #30 );
#6999=AXIS2_PLACEMENT_3D ( 'NONE', #3677, #585, #105 );
#7000=ADVANCED_FACE ( 'NONE', ( #3963 ), #6602, .T. );
#7001=FILL_AREA_STYLE ('',( #5812 ) );
#7002=CARTESIAN_POINT ( 'NONE',  ( -3.024999999999999467, 0.1000000000000001027, 1.125000000000000888 ) );
#7003=EDGE_LOOP ( 'NONE', ( #5186, #4365, #1225, #2867 ) );
#7004=ORIENTED_EDGE ( 'NONE', *, *, #7474, .T. );
#7005=LINE ( 'NONE', #802, #30 );
#7006=FACE_BOUND ( 'NONE', #5663, .T. );
#7007=ORIENTED_EDGE ( 'NONE', *, *, #7178, .F. );
#7008=CARTESIAN_POINT ( 'NONE',  ( -2.324999999999985523, 7.100357133746822313, -2.325000000000016165 ) );
#7009=ADVANCED_FACE ( 'NONE', ( #233 ), #3389, .T. );
#7010=EDGE_CURVE ( 'NONE', #8751, #4579, #7797, .T. );
#7011=ORIENTED_EDGE ( 'NONE', *, *, #5012, .T. );
#7012=EDGE_LOOP ( 'NONE', ( #2013, #2535, #7140, #2528 ) );
#7013=EDGE_CURVE ( 'NONE', #2490, #5842, #4706, .T. );
#7014=ORIENTED_EDGE ( 'NONE', *, *, #6123, .F. );
#7015=EDGE_CURVE ( 'NONE', #5886, #8367, #6122, .T. );
#7016=LINE ( 'NONE', #742, #224 );
#7017=FACE_OUTER_BOUND ( 'NONE', #1959, .T. );
#7018=VERTEX_POINT ( 'NONE', #1181 );
#7019=EDGE_CURVE ( 'NONE', #494, #2617, #2261, .T. );
#7020=ORIENTED_EDGE ( 'NONE', *, *, #6388, .F. );
#7021=ORIENTED_EDGE ( 'NONE', *, *, #3725, .F. );
#7022=ORIENTED_EDGE ( 'NONE', *, *, #1347, .T. );
#7023=FACE_OUTER_BOUND ( 'NONE', #7384, .T. );
#7024=EDGE_LOOP ( 'NONE', ( #1756, #5759, #2510, #4325 ) );
#7025=EDGE_LOOP ( 'NONE', ( #3124, #3912, #7451, #8092 ) );
#7026=ADVANCED_FACE ( 'NONE', ( #5669 ), #3686, .T. );
#7027=LINE ( 'NONE', #7131, #28 );
#7028=ORIENTED_EDGE ( 'NONE', *, *, #4182, .F. );
#7029=MECHANICAL_DESIGN_GEOMETRIC_PRESENTATION_REPRESENTATION (  '', ( #6014 ), #1620 );
#7030=ADVANCED_FACE ( 'NONE', ( #5518 ), #5658, .F. );
#7031=MECHANICAL_DESIGN_GEOMETRIC_PRESENTATION_REPRESENTATION (  '', ( #3763 ), #4631 );
#7032=ORIENTED_EDGE ( 'NONE', *, *, #4750, .F. );
#7033=FACE_OUTER_BOUND ( 'NONE', #2219, .T. );
#7034=ORIENTED_EDGE ( 'NONE', *, *, #8643, .T. );
#7035=STYLED_ITEM ( 'NONE', ( #320 ), #1894 );
#7036=EDGE_LOOP ( 'NONE', ( #2518, #7311, #7535, #3608 ) );
#7037=EDGE_CURVE ( 'NONE', #2155, #3952, #6229, .T. );
#7038=PLANE ( 'NONE',  #5524 );
#7039=EDGE_LOOP ( 'NONE', ( #1696, #5615, #2595, #2940 ) );
#7040=EDGE_CURVE ( 'NONE', #3448, #7930, #512, .T. );
#7041=EDGE_CURVE ( 'NONE', #2750, #8367, #7933, .T. );
#7042=FACE_OUTER_BOUND ( 'NONE', #4125, .T. );
#7043=LINE ( 'NONE', #830, #4 );
#7044=ORIENTED_EDGE ( 'NONE', *, *, #7667, .F. );
#7045=CLOSED_SHELL ( 'NONE', ( #1744, #85, #5565, #351, #2494, #1748 ) );
#7046=LINE ( 'NONE', #901, #30 );
#7047=LINE ( 'NONE', #100, #30 );
#7048=LINE ( 'NONE', #3302, #224 );
#7049=ORIENTED_EDGE ( 'NONE', *, *, #3375, .T. );
#7050=EDGE_CURVE ( 'NONE', #5834, #8500, #6909, .T. );
#7051=ORIENTED_EDGE ( 'NONE', *, *, #8433, .F. );
#7052=EDGE_LOOP ( 'NONE', ( #7334, #1028, #2817, #2554 ) );
#7053=ADVANCED_FACE ( 'NONE', ( #8586 ), #5041, .F. );
#7054=LINE ( 'NONE', #2071, #83 );
#7055=LINE ( 'NONE', #1566, #4 );
#7056=EDGE_CURVE ( 'NONE', #5660, #7350, #4414, .T. );
#7057=EDGE_CURVE ( 'NONE', #597, #969, #7055, .T. );
#7058=ORIENTED_EDGE ( 'NONE', *, *, #8514, .T. );
#7059=ORIENTED_EDGE ( 'NONE', *, *, #3548, .F. );
#7060=ORIENTED_EDGE ( 'NONE', *, *, #4561, .T. );
#7061=LINE ( 'NONE', #6585, #83 );
#7062=EDGE_CURVE ( 'NONE', #6232, #6133, #7119, .T. );
#7063=EDGE_CURVE ( 'NONE', #6273, #7201, #846, .T. );
#7064=EDGE_LOOP ( 'NONE', ( #4379, #8471, #6019, #6011 ) );
#7065=ORIENTED_EDGE ( 'NONE', *, *, #3153, .T. );
#7066=PLANE ( 'NONE',  #4774 );
#7067=ADVANCED_FACE ( 'NONE', ( #797 ), #394, .F. );
#7068=LINE ( 'NONE', #2145, #432 );
#7069=ORIENTED_EDGE ( 'NONE', *, *, #3563, .F. );
#7070=EDGE_CURVE ( 'NONE', #1911, #3748, #7630, .T. );
#7071=ORIENTED_EDGE ( 'NONE', *, *, #6580, .F. );
#7072=PRESENTATION_LAYER_ASSIGNMENT (  '', '', ( #4549 ) );
#7073=LINE ( 'NONE', #1815, #365 );
#7074=EDGE_LOOP ( 'NONE', ( #35, #8241, #2008, #7094 ) );
#7075=EDGE_LOOP ( 'NONE', ( #4391, #1598, #6058, #6993 ) );
#7076=( GEOMETRIC_REPRESENTATION_CONTEXT ( 3 ) GLOBAL_UNCERTAINTY_ASSIGNED_CONTEXT ( ( #12 ) ) GLOBAL_UNIT_ASSIGNED_CONTEXT ( ( #359, #272, #78 ) ) REPRESENTATION_CONTEXT ( 'NONE', 'WORKASPACE' ) );
#7077=ADVANCED_FACE ( 'NONE', ( #7705 ), #1724, .F. );
#7078=PLANE ( 'NONE',  #6794 );
#7079=ADVANCED_FACE ( 'NONE', ( #4509 ), #6233, .F. );
#7080=LINE ( 'NONE', #4542, #30 );
#7081=LINE ( 'NONE', #2158, #432 );
#7082=ORIENTED_EDGE ( 'NONE', *, *, #1165, .T. );
#7083=ORIENTED_EDGE ( 'NONE', *, *, #472, .F. );
#7084=ORIENTED_EDGE ( 'NONE', *, *, #5701, .T. );
#7085=LINE ( 'NONE', #1434, #365 );
#7086=EDGE_CURVE ( 'NONE', #3862, #4120, #1617, .T. );
#7087=EDGE_CURVE ( 'NONE', #4924, #6691, #8169, .T. );
#7088=LINE ( 'NONE', #6983, #432 );
#7089=PLANE ( 'NONE',  #4255 );
#7090=LINE ( 'NONE', #2835, #432 );
#7091=ORIENTED_EDGE ( 'NONE', *, *, #2616, .T. );
#7092=ORIENTED_EDGE ( 'NONE', *, *, #7790, .T. );
#7093=ADVANCED_FACE ( 'NONE', ( #7559 ), #1509, .F. );
#7094=ORIENTED_EDGE ( 'NONE', *, *, #2724, .T. );
#7095=LINE ( 'NONE', #2007, #224 );
#7096=ORIENTED_EDGE ( 'NONE', *, *, #7918, .T. );
#7097=ADVANCED_FACE ( 'NONE', ( #5124 ), #8645, .F. );
#7098=ORIENTED_EDGE ( 'NONE', *, *, #2769, .T. );
#7099=ORIENTED_EDGE ( 'NONE', *, *, #2061, .T. );
#7100=ORIENTED_EDGE ( 'NONE', *, *, #1298, .F. );
#7101=LINE ( 'NONE', #5268, #30 );
#7102=EDGE_CURVE ( 'NONE', #3936, #1280, #2422, .T. );
#7103=EDGE_CURVE ( 'NONE', #6475, #5629, #2328, .T. );
#7104=PLANE ( 'NONE',  #2265 );
#7105=PRESENTATION_LAYER_ASSIGNMENT (  '', '', ( #6744 ) );
#7106=ORIENTED_EDGE ( 'NONE', *, *, #5408, .F. );
#7107=LINE ( 'NONE', #1267, #365 );
#7108=ORIENTED_EDGE ( 'NONE', *, *, #8052, .T. );
#7109=ORIENTED_EDGE ( 'NONE', *, *, #5781, .F. );
#7110=AXIS2_PLACEMENT_3D ( 'NONE', #1500, #5, #128 );
#7111=ORIENTED_EDGE ( 'NONE', *, *, #4431, .F. );
#7112=CARTESIAN_POINT ( 'NONE',  ( -3.424999999999999822, 0.5716990566028302689, 1.625000000000001110 ) );
#7113=VERTEX_POINT ( 'NONE', #1652 );
#7114=FACE_OUTER_BOUND ( 'NONE', #3671, .T. );
#7115=EDGE_CURVE ( 'NONE', #6147, #5471, #6431, .T. );
#7116=ORIENTED_EDGE ( 'NONE', *, *, #4073, .T. );
#7117=LINE ( 'NONE', #2055, #1015 );
#7118=MANIFOLD_SOLID_BREP ( 'LPattern4[10]', #8660 );
#7119=LINE ( 'NONE', #801, #1834 );
#7120=LINE ( 'NONE', #2511, #4 );
#7121=LINE ( 'NONE', #1729, #30 );
#7122=LINE ( 'NONE', #7668, #30 );
#7123=( GEOMETRIC_REPRESENTATION_CONTEXT ( 3 ) GLOBAL_UNCERTAINTY_ASSIGNED_CONTEXT ( ( #12 ) ) GLOBAL_UNIT_ASSIGNED_CONTEXT ( ( #359, #272, #78 ) ) REPRESENTATION_CONTEXT ( 'NONE', 'WORKASPACE' ) );
#7124=EDGE_CURVE ( 'NONE', #6067, #6621, #1825, .T. );
#7125=ORIENTED_EDGE ( 'NONE', *, *, #5155, .F. );
#7126=EDGE_CURVE ( 'NONE', #7696, #4924, #7195, .T. );
#7127=ORIENTED_EDGE ( 'NONE', *, *, #6168, .F. );
#7128=ORIENTED_EDGE ( 'NONE', *, *, #5200, .F. );
#7129=EDGE_LOOP ( 'NONE', ( #2611, #2256, #4517, #852 ) );
#7130=EDGE_LOOP ( 'NONE', ( #3005, #3263, #3480, #3749 ) );
#7131=CARTESIAN_POINT ( 'NONE',  ( -2.624999999999997780, 0.09999999999999999167, 3.425000000000002043 ) );
#7132=ADVANCED_FACE ( 'NONE', ( #7315 ), #4126, .F. );
#7133=AXIS2_PLACEMENT_3D ( 'NONE', #802, #21, #526 );
#7134=LINE ( 'NONE', #1489, #58 );
#7135=LINE ( 'NONE', #981, #365 );
#7136=ADVANCED_FACE ( 'NONE', ( #1212 ), #4074, .T. );
#7137=ORIENTED_EDGE ( 'NONE', *, *, #5678, .T. );
#7138=LINE ( 'NONE', #474, #432 );
#7139=EDGE_CURVE ( 'NONE', #2830, #920, #6554, .T. );
#7140=ORIENTED_EDGE ( 'NONE', *, *, #489, .T. );
#7141=AXIS2_PLACEMENT_3D ( 'NONE', #1569, #526, #130 );
#7142=FACE_OUTER_BOUND ( 'NONE', #3217, .T. );
#7143=EDGE_CURVE ( 'NONE', #3732, #4595, #1155, .T. );
#7144=VERTEX_POINT ( 'NONE', #6741 );
#7145=ORIENTED_EDGE ( 'NONE', *, *, #8521, .F. );
#7146=ORIENTED_EDGE ( 'NONE', *, *, #650, .F. );
#7147=MANIFOLD_SOLID_BREP ( 'LPattern3[14]', #6927 );
#7148=VERTEX_POINT ( 'NONE', #259 );
#7149=FACE_OUTER_BOUND ( 'NONE', #816, .T. );
#7150=VERTEX_POINT ( 'NONE', #6100 );
#7151=LINE ( 'NONE', #2827, #30 );
#7152=EDGE_LOOP ( 'NONE', ( #1067, #2595, #1265, #3347 ) );
#7153=LINE ( 'NONE', #2421, #30 );
#7154=CLOSED_SHELL ( 'NONE', ( #6925, #3807, #5013, #1872, #8208, #6971 ) );
#7155=MANIFOLD_SOLID_BREP ( 'LPattern4[16]', #587 );
#7156=ORIENTED_EDGE ( 'NONE', *, *, #5591, .F. );
#7157=FACE_OUTER_BOUND ( 'NONE', #4949, .T. );
#7158=EDGE_CURVE ( 'NONE', #225, #706, #6823, .T. );
#7159=EDGE_CURVE ( 'NONE', #1393, #6484, #2929, .T. );
#7160=ORIENTED_EDGE ( 'NONE', *, *, #4036, .T. );
#7161=ORIENTED_EDGE ( 'NONE', *, *, #3424, .T. );
#7162=AXIS2_PLACEMENT_3D ( 'NONE', #267, #46, #21 );
#7163=ORIENTED_EDGE ( 'NONE', *, *, #7437, .F. );
#7164=PLANE ( 'NONE',  #3715 );
#7165=FACE_OUTER_BOUND ( 'NONE', #2961, .T. );
#7166=ORIENTED_EDGE ( 'NONE', *, *, #8371, .F. );
#7167=EDGE_CURVE ( 'NONE', #4275, #1042, #8606, .T. );
#7168=ADVANCED_FACE ( 'NONE', ( #4990 ), #4107, .F. );
#7169=EDGE_LOOP ( 'NONE', ( #1855, #1793, #2993, #8517 ) );
#7170=MANIFOLD_SOLID_BREP ( 'Boss-Extrude3[1]', #7655 );
#7171=AXIS2_PLACEMENT_3D ( 'NONE', #1512, #3, #86 );
#7172=VERTEX_POINT ( 'NONE', #1331 );
#7173=LINE ( 'NONE', #2571, #4 );
#7174=VERTEX_POINT ( 'NONE', #1438 );
#7175=LINE ( 'NONE', #497, #58 );
#7176=( GEOMETRIC_REPRESENTATION_CONTEXT ( 3 ) GLOBAL_UNCERTAINTY_ASSIGNED_CONTEXT ( ( #12 ) ) GLOBAL_UNIT_ASSIGNED_CONTEXT ( ( #359, #272, #78 ) ) REPRESENTATION_CONTEXT ( 'NONE', 'WORKASPACE' ) );
#7177=LINE ( 'NONE', #3992, #83 );
#7178=EDGE_CURVE ( 'NONE', #5580, #7290, #2797, .T. );
#7179=ORIENTED_EDGE ( 'NONE', *, *, #3556, .F. );
#7180=ORIENTED_EDGE ( 'NONE', *, *, #4920, .T. );
#7181=ORIENTED_EDGE ( 'NONE', *, *, #6317, .T. );
#7182=VERTEX_POINT ( 'NONE', #2977 );
#7183=EDGE_CURVE ( 'NONE', #2176, #456, #8543, .T. );
#7184=AXIS2_PLACEMENT_3D ( 'NONE', #2445, #45, #168 );
#7185=FACE_BOUND ( 'NONE', #2685, .T. );
#7186=AXIS2_PLACEMENT_3D ( 'NONE', #1324, #21, #526 );
#7187=ORIENTED_EDGE ( 'NONE', *, *, #5032, .T. );
#7188=VERTEX_POINT ( 'NONE', #2216 );
#7189=EDGE_CURVE ( 'NONE', #717, #7764, #5278, .T. );
#7190=LINE ( 'NONE', #389, #4 );
#7191=ORIENTED_EDGE ( 'NONE', *, *, #1999, .F. );
#7192=MECHANICAL_DESIGN_GEOMETRIC_PRESENTATION_REPRESENTATION (  '', ( #5941 ), #7444 );
#7193=ADVANCED_FACE ( 'NONE', ( #5824 ), #5319, .T. );
#7194=LINE ( 'NONE', #1718, #30 );
#7195=LINE ( 'NONE', #2571, #432 );
#7196=ORIENTED_EDGE ( 'NONE', *, *, #185, .T. );
#7197=ORIENTED_EDGE ( 'NONE', *, *, #7701, .T. );
#7198=AXIS2_PLACEMENT_3D ( 'NONE', #2876, #168, #128 );
#7199=ORIENTED_EDGE ( 'NONE', *, *, #7167, .F. );
#7200=FACE_OUTER_BOUND ( 'NONE', #8228, .T. );
#7201=VERTEX_POINT ( 'NONE', #5193 );
#7202=EDGE_LOOP ( 'NONE', ( #8294, #6385, #7049, #5841 ) );
#7203=EDGE_CURVE ( 'NONE', #4492, #7486, #63, .T. );
#7204=EDGE_CURVE ( 'NONE', #2335, #692, #2543, .T. );
#7205=LINE ( 'NONE', #2459, #4 );
#7206=ORIENTED_EDGE ( 'NONE', *, *, #3804, .F. );
#7207=PLANE ( 'NONE',  #6500 );
#7208=ORIENTED_EDGE ( 'NONE', *, *, #4921, .T. );
#7209=MANIFOLD_SOLID_BREP ( 'LPattern4[15]', #8115 );
#7210=EDGE_LOOP ( 'NONE', ( #7823, #2808, #8259, #6478 ) );
#7211=ORIENTED_EDGE ( 'NONE', *, *, #1300, .F. );
#7212=FACE_OUTER_BOUND ( 'NONE', #708, .T. );
#7213=ORIENTED_EDGE ( 'NONE', *, *, #3513, .T. );
#7214=ADVANCED_FACE ( 'NONE', ( #3840 ), #3259, .T. );
#7215=EDGE_CURVE ( 'NONE', #8135, #5537, #5971, .T. );
#7216=ORIENTED_EDGE ( 'NONE', *, *, #4850, .T. );
#7217=EDGE_CURVE ( 'NONE', #1906, #3065, #7046, .T. );
#7218=CARTESIAN_POINT ( 'NONE',  ( 0.1250000000000013600, 0.09999999999999999167, -3.025000000000000355 ) );
#7219=ORIENTED_EDGE ( 'NONE', *, *, #6152, .T. );
#7220=LINE ( 'NONE', #1497, #30 );
#7221=VERTEX_POINT ( 'NONE', #2691 );
#7222=ORIENTED_EDGE ( 'NONE', *, *, #3016, .T. );
#7223=ORIENTED_EDGE ( 'NONE', *, *, #8041, .F. );
#7224=EDGE_CURVE ( 'NONE', #2763, #2585, #8268, .T. );
#7225=EDGE_CURVE ( 'NONE', #6588, #276, #8296, .T. );
#7226=MANIFOLD_SOLID_BREP ( 'Boss-Extrude4', #761 );
#7227=EDGE_LOOP ( 'NONE', ( #5859, #8110, #3331, #195 ) );
#7228=ORIENTED_EDGE ( 'NONE', *, *, #5425, .F. );
#7229=PLANE ( 'NONE',  #42 );
#7230=FACE_OUTER_BOUND ( 'NONE', #7036, .T. );
#7231=ADVANCED_FACE ( 'NONE', ( #1609 ), #2546, .T. );
#7232=PLANE ( 'NONE',  #8302 );
#7233=EDGE_CURVE ( 'NONE', #7563, #383, #2504, .T. );
#7234=ORIENTED_EDGE ( 'NONE', *, *, #4324, .T. );
#7235=EDGE_CURVE ( 'NONE', #225, #5938, #3882, .T. );
#7236=LINE ( 'NONE', #1569, #4 );
#7237=EDGE_LOOP ( 'NONE', ( #3755, #1902, #4007, #3249 ) );
#7238=EDGE_CURVE ( 'NONE', #1340, #2875, #70, .T. );
#7239=VERTEX_POINT ( 'NONE', #5974 );
#7240=ORIENTED_EDGE ( 'NONE', *, *, #6813, .F. );
#7241=EDGE_LOOP ( 'NONE', ( #3786, #4458, #1190, #7874 ) );
#7242=ADVANCED_FACE ( 'NONE', ( #3216 ), #6497, .T. );
#7243=DIRECTION ( 'NONE',  ( -1.000000000000000000, 0.000000000000000000, 1.239088197126291063E-16 ) );
#7244=ORIENTED_EDGE ( 'NONE', *, *, #8352, .F. );
#7245=MANIFOLD_SOLID_BREP ( 'LPattern3[6]', #5785 );
#7246=ORIENTED_EDGE ( 'NONE', *, *, #8435, .T. );
#7247=VERTEX_POINT ( 'NONE', #389 );
#7248=ORIENTED_EDGE ( 'NONE', *, *, #4026, .F. );
#7249=LINE ( 'NONE', #4291, #30 );
#7250=LINE ( 'NONE', #809, #365 );
#7251=FACE_OUTER_BOUND ( 'NONE', #3753, .T. );
#7252=EDGE_LOOP ( 'NONE', ( #7301, #2919, #1034, #3525 ) );
#7253=LINE ( 'NONE', #1251, #200 );
#7254=EDGE_CURVE ( 'NONE', #886, #5698, #786, .T. );
#7255=ORIENTED_EDGE ( 'NONE', *, *, #396, .T. );
#7256=AXIS2_PLACEMENT_3D ( 'NONE', #1292, #21, #526 );
#7257=ADVANCED_FACE ( 'NONE', ( #8440 ), #7878, .T. );
#7258=VERTEX_POINT ( 'NONE', #1090 );
#7259=CARTESIAN_POINT ( 'NONE',  ( 1.125000000000001332, 0.000000000000000000, -3.425000000000001155 ) );
#7260=CARTESIAN_POINT ( 'NONE',  ( -0.6249999999999980016, 0.09999999999999999167, 3.425000000000002043 ) );
#7261=ORIENTED_EDGE ( 'NONE', *, *, #7057, .T. );
#7262=AXIS2_PLACEMENT_3D ( 'NONE', #4615, #45, #168 );
#7263=MANIFOLD_SOLID_BREP ( 'LPattern3[20]', #8002 );
#7264=AXIS2_PLACEMENT_3D ( 'NONE', #1366, #32, #5 );
#7265=FACE_OUTER_BOUND ( 'NONE', #5106, .T. );
#7266=EDGE_CURVE ( 'NONE', #6335, #3727, #6140, .T. );
#7267=LINE ( 'NONE', #1392, #432 );
#7268=EDGE_CURVE ( 'NONE', #1928, #1649, #3824, .T. );
#7269=ORIENTED_EDGE ( 'NONE', *, *, #3599, .F. );
#7270=LINE ( 'NONE', #440, #4 );
#7271=EDGE_LOOP ( 'NONE', ( #4008, #5188, #8525, #6608 ) );
#7272=MANIFOLD_SOLID_BREP ( 'LPattern3[22]', #5636 );
#7273=FACE_OUTER_BOUND ( 'NONE', #1138, .T. );
#7274=VECTOR ( 'NONE', #189, 1000.000000000000000 );
#7275=ORIENTED_EDGE ( 'NONE', *, *, #8400, .F. );
#7276=FACE_OUTER_BOUND ( 'NONE', #3304, .T. );
#7277=ADVANCED_FACE ( 'NONE', ( #5454 ), #7229, .T. );
#7278=VERTEX_POINT ( 'NONE', #1893 );
#7279=AXIS2_PLACEMENT_3D ( 'NONE', #433, #5, #128 );
#7280=ORIENTED_EDGE ( 'NONE', *, *, #4040, .F. );
#7281=ORIENTED_EDGE ( 'NONE', *, *, #7225, .T. );
#7282=ORIENTED_EDGE ( 'NONE', *, *, #5678, .F. );
#7283=ADVANCED_FACE ( 'NONE', ( #3406 ), #394, .F. );
#7284=AXIS2_PLACEMENT_3D ( 'NONE', #440, #526, #130 );
#7285=CLOSED_SHELL ( 'NONE', ( #3075, #2334, #8492, #1473, #2675, #7549 ) );
#7286=ADVANCED_FACE ( 'NONE', ( #665 ), #5592, .F. );
#7287=PLANE ( 'NONE',  #3398 );
#7288=ORIENTED_EDGE ( 'NONE', *, *, #1465, .T. );
#7289=MANIFOLD_SOLID_BREP ( 'LPattern3[16]', #2123 );
#7290=VERTEX_POINT ( 'NONE', #3712 );
#7291=ORIENTED_EDGE ( 'NONE', *, *, #1469, .T. );
#7292=LINE ( 'NONE', #429, #30 );
#7293=ADVANCED_FACE ( 'NONE', ( #6213 ), #6382, .T. );
#7294=FILL_AREA_STYLE ('',( #4056 ) );
#7295=FACE_OUTER_BOUND ( 'NONE', #7521, .T. );
#7296=EDGE_LOOP ( 'NONE', ( #774, #4443, #5985, #161 ) );
#7297=FACE_OUTER_BOUND ( 'NONE', #3616, .T. );
#7298=ORIENTED_EDGE ( 'NONE', *, *, #4502, .T. );
#7299=ORIENTED_EDGE ( 'NONE', *, *, #7041, .F. );
#7300=PLANE ( 'NONE',  #7815 );
#7301=ORIENTED_EDGE ( 'NONE', *, *, #738, .F. );
#7302=ORIENTED_EDGE ( 'NONE', *, *, #39, .T. );
#7303=MANIFOLD_SOLID_BREP ( 'LPattern3[9]', #4218 );
#7304=MECHANICAL_DESIGN_GEOMETRIC_PRESENTATION_REPRESENTATION (  '', ( #1672 ), #6825 );
#7305=ORIENTED_EDGE ( 'NONE', *, *, #3210, .T. );
#7306=EDGE_CURVE ( 'NONE', #806, #4437, #6257, .T. );
#7307=PLANE ( 'NONE',  #8561 );
#7308=EDGE_CURVE ( 'NONE', #225, #5938, #8541, .T. );
#7309=ORIENTED_EDGE ( 'NONE', *, *, #8557, .T. );
#7310=ORIENTED_EDGE ( 'NONE', *, *, #2715, .F. );
#7311=ORIENTED_EDGE ( 'NONE', *, *, #8680, .F. );
#7312=CARTESIAN_POINT ( 'NONE',  ( -3.024999999999999467, 0.09999999999999999167, 1.625000000000001110 ) );
#7313=ORIENTED_EDGE ( 'NONE', *, *, #2553, .F. );
#7314=EDGE_CURVE ( 'NONE', #1501, #6521, #616, .T. );
#7315=FACE_OUTER_BOUND ( 'NONE', #2142, .T. );
#7316=EDGE_CURVE ( 'NONE', #4665, #849, #328, .T. );
#7317=EDGE_CURVE ( 'NONE', #5084, #2763, #2167, .T. );
#7318=VERTEX_POINT ( 'NONE', #7471 );
#7319=FACE_OUTER_BOUND ( 'NONE', #1897, .T. );
#7320=LINE ( 'NONE', #1710, #30 );
#7321=ORIENTED_EDGE ( 'NONE', *, *, #3363, .F. );
#7322=ORIENTED_EDGE ( 'NONE', *, *, #204, .T. );
#7323=ADVANCED_FACE ( 'NONE', ( #3206 ), #31, .T. );
#7324=EDGE_CURVE ( 'NONE', #1342, #1024, #1546, .T. );
#7325=EDGE_CURVE ( 'NONE', #5642, #3936, #5926, .T. );
#7326=ORIENTED_EDGE ( 'NONE', *, *, #7158, .T. );
#7327=FACE_OUTER_BOUND ( 'NONE', #5983, .T. );
#7328=LINE ( 'NONE', #3449, #4 );
#7329=FACE_OUTER_BOUND ( 'NONE', #5038, .T. );
#7330=FACE_OUTER_BOUND ( 'NONE', #3641, .T. );
#7331=VERTEX_POINT ( 'NONE', #2103 );
#7332=CARTESIAN_POINT ( 'NONE',  ( -0.3749999999999986122, 0.000000000000000000, -3.425000000000000711 ) );
#7333=CARTESIAN_POINT ( 'NONE',  ( 0.8750000000000012212, 0.5716990566028306020, -3.425000000000001155 ) );
#7334=ORIENTED_EDGE ( 'NONE', *, *, #3455, .F. );
#7335=FACE_OUTER_BOUND ( 'NONE', #8684, .T. );
#7336=LINE ( 'NONE', #4194, #6 );
#7337=LINE ( 'NONE', #2718, #30 );
#7338=ADVANCED_FACE ( 'NONE', ( #7649 ), #394, .T. );
#7339=VERTEX_POINT ( 'NONE', #776 );
#7340=EDGE_CURVE ( 'NONE', #3352, #3895, #3253, .T. );
#7341=ORIENTED_EDGE ( 'NONE', *, *, #8392, .F. );
#7342=ORIENTED_EDGE ( 'NONE', *, *, #6708, .T. );
#7343=LINE ( 'NONE', #1037, #4 );
#7344=LINE ( 'NONE', #3107, #207 );
#7345=FACE_OUTER_BOUND ( 'NONE', #8455, .T. );
#7346=ORIENTED_EDGE ( 'NONE', *, *, #3904, .F. );
#7347=LINE ( 'NONE', #435, #6 );
#7348=EDGE_CURVE ( 'NONE', #6691, #6808, #3796, .T. );
#7349=ORIENTED_EDGE ( 'NONE', *, *, #3423, .T. );
#7350=VERTEX_POINT ( 'NONE', #1415 );
#7351=MANIFOLD_SOLID_BREP ( 'LPattern4[8]', #2439 );
#7352=ORIENTED_EDGE ( 'NONE', *, *, #1579, .T. );
#7353=EDGE_CURVE ( 'NONE', #8175, #6588, #7693, .T. );
#7354=EDGE_LOOP ( 'NONE', ( #8501, #8662, #2820, #2337 ) );
#7355=ORIENTED_EDGE ( 'NONE', *, *, #4073, .F. );
#7356=ADVANCED_FACE ( 'NONE', ( #6415 ), #1706, .F. );
#7357=ORIENTED_EDGE ( 'NONE', *, *, #2544, .F. );
#7358=ORIENTED_EDGE ( 'NONE', *, *, #5949, .F. );
#7359=ORIENTED_EDGE ( 'NONE', *, *, #5910, .T. );
#7360=CARTESIAN_POINT ( 'NONE',  ( 1.125000000000001332, 0.09999999999999999167, -3.425000000000000711 ) );
#7361=CARTESIAN_POINT ( 'NONE',  ( -3.424999999999999822, 0.000000000000000000, 2.625000000000000444 ) );
#7362=EDGE_CURVE ( 'NONE', #8245, #1767, #872, .T. );
#7363=PLANE ( 'NONE',  #1274 );
#7364=ORIENTED_EDGE ( 'NONE', *, *, #2748, .F. );
#7365=EDGE_CURVE ( 'NONE', #3209, #577, #5818, .T. );
#7366=PRESENTATION_LAYER_ASSIGNMENT (  '', '', ( #5730 ) );
#7367=EDGE_CURVE ( 'NONE', #7917, #8661, #4009, .T. );
#7368=AXIS2_PLACEMENT_3D ( 'NONE', #208, #32, #5 );
#7369=VERTEX_POINT ( 'NONE', #2590 );
#7370=PLANE ( 'NONE',  #4516 );
#7371=ORIENTED_EDGE ( 'NONE', *, *, #5281, .F. );
#7372=EDGE_CURVE ( 'NONE', #903, #4320, #2426, .T. );
#7373=ORIENTED_EDGE ( 'NONE', *, *, #1721, .F. );
#7374=ORIENTED_EDGE ( 'NONE', *, *, #2544, .T. );
#7375=LINE ( 'NONE', #424, #4 );
#7376=VERTEX_POINT ( 'NONE', #2700 );
#7377=FACE_OUTER_BOUND ( 'NONE', #5277, .T. );
#7378=ORIENTED_EDGE ( 'NONE', *, *, #6378, .T. );
#7379=ADVANCED_FACE ( 'NONE', ( #1955, #2726 ), #7870, .T. );
#7380=ORIENTED_EDGE ( 'NONE', *, *, #3349, .T. );
#7381=EDGE_CURVE ( 'NONE', #6941, #4947, #1192, .T. );
#7382=ORIENTED_EDGE ( 'NONE', *, *, #5830, .F. );
#7383=EDGE_CURVE ( 'NONE', #6443, #6690, #3396, .T. );
#7384=EDGE_LOOP ( 'NONE', ( #3809, #2771, #7669, #8604 ) );
#7385=AXIS2_PLACEMENT_3D ( 'NONE', #518, #5, #128 );
#7386=ORIENTED_EDGE ( 'NONE', *, *, #5720, .F. );
#7387=PLANE ( 'NONE',  #5809 );
#7388=VERTEX_POINT ( 'NONE', #2681 );
#7389=ADVANCED_FACE ( 'NONE', ( #1030 ), #4753, .F. );
#7390=ORIENTED_EDGE ( 'NONE', *, *, #2930, .F. );
#7391=PLANE ( 'NONE',  #8343 );
#7392=ORIENTED_EDGE ( 'NONE', *, *, #2119, .T. );
#7393=ORIENTED_EDGE ( 'NONE', *, *, #3122, .T. );
#7394=ORIENTED_EDGE ( 'NONE', *, *, #5387, .T. );
#7395=ADVANCED_FACE ( 'NONE', ( #4796 ), #7803, .T. );
#7396=AXIS2_PLACEMENT_3D ( 'NONE', #1958, #5, #128 );
#7397=ADVANCED_FACE ( 'NONE', ( #1140 ), #179, .T. );
#7398=ORIENTED_EDGE ( 'NONE', *, *, #7143, .T. );
#7399=PRESENTATION_LAYER_ASSIGNMENT (  '', '', ( #5331 ) );
#7400=ORIENTED_EDGE ( 'NONE', *, *, #5144, .F. );
#7401=MANIFOLD_SOLID_BREP ( 'LPattern3[12]', #7777 );
#7402=EDGE_LOOP ( 'NONE', ( #6795, #2778, #1110, #2418 ) );
#7403=EDGE_LOOP ( 'NONE', ( #4645, #3942, #2180, #3248 ) );
#7404=CLOSED_SHELL ( 'NONE', ( #401, #3199, #2793, #2847, #7053, #614 ) );
#7405=PLANE ( 'NONE',  #5178 );
#7406=CARTESIAN_POINT ( 'NONE',  ( -3.424999999999999822, 0.09999999999999999167, 1.875000000000000888 ) );
#7407=EDGE_CURVE ( 'NONE', #3959, #7150, #8357, .T. );
#7408=EDGE_CURVE ( 'NONE', #7182, #4970, #4161, .T. );
#7409=EDGE_CURVE ( 'NONE', #1886, #2127, #5248, .T. );
#7410=LINE ( 'NONE', #6159, #224 );
#7411=AXIS2_PLACEMENT_3D ( 'NONE', #6639, #46, #21 );
#7412=EDGE_CURVE ( 'NONE', #1925, #18, #7375, .T. );
#7413=EDGE_LOOP ( 'NONE', ( #2020, #6555, #408, #8068 ) );
#7414=VERTEX_POINT ( 'NONE', #3084 );
#7415=ORIENTED_EDGE ( 'NONE', *, *, #6946, .F. );
#7416=FACE_OUTER_BOUND ( 'NONE', #7403, .T. );
#7417=ORIENTED_EDGE ( 'NONE', *, *, #7681, .F. );
#7418=FACE_OUTER_BOUND ( 'NONE', #4201, .T. );
#7419=FACE_OUTER_BOUND ( 'NONE', #8663, .T. );
#7420=ORIENTED_EDGE ( 'NONE', *, *, #3971, .T. );
#7421=AXIS2_PLACEMENT_3D ( 'NONE', #2508, #32, #5 );
#7422=EDGE_CURVE ( 'NONE', #2617, #2594, #4156, .T. );
#7423=ORIENTED_EDGE ( 'NONE', *, *, #8673, .F. );
#7424=CARTESIAN_POINT ( 'NONE',  ( 0.000000000000000000, 0.1000000000000000056, 2.000000000000000000 ) );
#7425=PLANE ( 'NONE',  #8444 );
#7426=ORIENTED_EDGE ( 'NONE', *, *, #7634, .T. );
#7427=LINE ( 'NONE', #778, #30 );
#7428=ORIENTED_EDGE ( 'NONE', *, *, #3417, .T. );
#7429=EDGE_CURVE ( 'NONE', #7376, #6084, #5583, .T. );
#7430=FACE_OUTER_BOUND ( 'NONE', #3463, .T. );
#7431=LINE ( 'NONE', #3590, #4 );
#7432=MANIFOLD_SOLID_BREP ( 'LPattern4[21]', #8225 );
#7433=LINE ( 'NONE', #1216, #4 );
#7434=EDGE_LOOP ( 'NONE', ( #6961, #3886, #1205, #6360 ) );
#7435=AXIS2_PLACEMENT_3D ( 'NONE', #1008, #585, #105 );
#7436=LINE ( 'NONE', #265, #432 );
#7437=EDGE_CURVE ( 'NONE', #2176, #456, #4882, .T. );
#7438=LINE ( 'NONE', #1056, #4 );
#7439=EDGE_LOOP ( 'NONE', ( #4732, #181, #3126, #2114 ) );
#7440=ORIENTED_EDGE ( 'NONE', *, *, #5752, .F. );
#7441=ADVANCED_FACE ( 'NONE', ( #4294 ), #8685, .T. );
#7442=FACE_OUTER_BOUND ( 'NONE', #6878, .T. );
#7443=ORIENTED_EDGE ( 'NONE', *, *, #2753, .F. );
#7444=( GEOMETRIC_REPRESENTATION_CONTEXT ( 3 ) GLOBAL_UNCERTAINTY_ASSIGNED_CONTEXT ( ( #12 ) ) GLOBAL_UNIT_ASSIGNED_CONTEXT ( ( #359, #272, #78 ) ) REPRESENTATION_CONTEXT ( 'NONE', 'WORKASPACE' ) );
#7445=ADVANCED_FACE ( 'NONE', ( #2380 ), #1706, .T. );
#7446=ORIENTED_EDGE ( 'NONE', *, *, #3589, .T. );
#7447=VERTEX_POINT ( 'NONE', #72 );
#7448=LINE ( 'NONE', #2070, #83 );
#7449=LINE ( 'NONE', #1511, #795 );
#7450=ADVANCED_FACE ( 'NONE', ( #7416 ), #1706, .T. );
#7451=ORIENTED_EDGE ( 'NONE', *, *, #586, .F. );
#7452=FACE_OUTER_BOUND ( 'NONE', #4820, .T. );
#7453=VERTEX_POINT ( 'NONE', #1516 );
#7454=FACE_OUTER_BOUND ( 'NONE', #8569, .T. );
#7455=CARTESIAN_POINT ( 'NONE',  ( 3.424999999999999822, 0.1000000000000001027, 2.125000000000001332 ) );
#7456=FACE_OUTER_BOUND ( 'NONE', #7765, .T. );
#7457=ORIENTED_EDGE ( 'NONE', *, *, #1341, .F. );
#7458=ORIENTED_EDGE ( 'NONE', *, *, #2786, .F. );
#7459=ORIENTED_EDGE ( 'NONE', *, *, #2634, .F. );
#7460=AXIS2_PLACEMENT_3D ( 'NONE', #1566, #548, #182 );
#7461=EDGE_CURVE ( 'NONE', #4168, #4662, #3573, .T. );
#7462=EDGE_LOOP ( 'NONE', ( #5321, #8493, #5210, #1811 ) );
#7463=LINE ( 'NONE', #429, #4 );
#7464=FACE_OUTER_BOUND ( 'NONE', #3121, .T. );
#7465=VERTEX_POINT ( 'NONE', #76 );
#7466=LINE ( 'NONE', #2234, #4 );
#7467=LINE ( 'NONE', #1871, #30 );
#7468=ORIENTED_EDGE ( 'NONE', *, *, #726, .F. );
#7469=ADVANCED_FACE ( 'NONE', ( #539 ), #6289, .T. );
#7470=PLANE ( 'NONE',  #5380 );
#7471=CARTESIAN_POINT ( 'NONE',  ( 0.3750000000000020539, 0.09999999999999999167, 3.425000000000002043 ) );
#7472=ORIENTED_EDGE ( 'NONE', *, *, #2179, .F. );
#7473=ADVANCED_FACE ( 'NONE', ( #5982 ), #6468, .T. );
#7474=EDGE_CURVE ( 'NONE', #430, #184, #8203, .T. );
#7475=PLANE ( 'NONE',  #6496 );
#7476=FACE_OUTER_BOUND ( 'NONE', #5431, .T. );
#7477=FACE_OUTER_BOUND ( 'NONE', #8094, .T. );
#7478=ORIENTED_EDGE ( 'NONE', *, *, #1221, .T. );
#7479=ORIENTED_EDGE ( 'NONE', *, *, #3731, .F. );
#7480=VERTEX_POINT ( 'NONE', #7783 );
#7481=EDGE_CURVE ( 'NONE', #5660, #2828, #1682, .T. );
#7482=PLANE ( 'NONE',  #6131 );
#7483=ORIENTED_EDGE ( 'NONE', *, *, #3361, .F. );
#7484=ADVANCED_FACE ( 'NONE', ( #17 ), #1706, .T. );
#7485=ADVANCED_FACE ( 'NONE', ( #7200 ), #6550, .T. );
#7486=VERTEX_POINT ( 'NONE', #3277 );
#7487=LINE ( 'NONE', #3431, #4 );
#7488=PRESENTATION_LAYER_ASSIGNMENT (  '', '', ( #124 ) );
#7489=LINE ( 'NONE', #2885, #4 );
#7490=PLANE ( 'NONE',  #7141 );
#7491=EDGE_LOOP ( 'NONE', ( #4307, #307, #4885, #7021 ) );
#7492=LINE ( 'NONE', #2227, #224 );
#7493=PRODUCT_DEFINITION ( 'UNKNOWN', '', #3624, #3580 );
#7494=PLANE ( 'NONE',  #4934 );
#7495=AXIS2_PLACEMENT_3D ( 'NONE', #3151, #45, #168 );
#7496=ORIENTED_EDGE ( 'NONE', *, *, #650, .T. );
#7497=MANIFOLD_SOLID_BREP ( 'LPattern3[18]', #2742 );
#7498=ORIENTED_EDGE ( 'NONE', *, *, #7959, .T. );
#7499=LINE ( 'NONE', #3410, #4 );
#7500=SURFACE_STYLE_USAGE ( .BOTH. , #8116 );
#7501=EDGE_CURVE ( 'NONE', #8029, #2621, #1887, .T. );
#7502=ORIENTED_EDGE ( 'NONE', *, *, #8491, .F. );
#7503=PLANE ( 'NONE',  #4350 );
#7504=ORIENTED_EDGE ( 'NONE', *, *, #5450, .F. );
#7505=FACE_OUTER_BOUND ( 'NONE', #643, .T. );
#7506=ORIENTED_EDGE ( 'NONE', *, *, #7654, .F. );
#7507=EDGE_LOOP ( 'NONE', ( #5100, #8164, #2069, #2272 ) );
#7508=FACE_OUTER_BOUND ( 'NONE', #129, .T. );
#7509=LINE ( 'NONE', #1442, #224 );
#7510=EDGE_CURVE ( 'NONE', #4449, #6195, #2478, .T. );
#7511=ADVANCED_FACE ( 'NONE', ( #7748 ), #91, .F. );
#7512=EDGE_CURVE ( 'NONE', #237, #2775, #8488, .T. );
#7513=MANIFOLD_SOLID_BREP ( 'LPattern3[2]', #7045 );
#7514=EDGE_LOOP ( 'NONE', ( #8051, #4175, #172, #7927 ) );
#7515=EDGE_CURVE ( 'NONE', #1751, #5519, #5423, .T. );
#7516=CARTESIAN_POINT ( 'NONE',  ( -1.624999999999998002, 0.5716990566028306020, 3.425000000000002043 ) );
#7517=VERTEX_POINT ( 'NONE', #2078 );
#7518=EDGE_LOOP ( 'NONE', ( #7948, #4799, #1861, #8312 ) );
#7519=ADVANCED_FACE ( 'NONE', ( #7854 ), #3553, .F. );
#7520=AXIS2_PLACEMENT_3D ( 'NONE', #1162, #32, #5 );
#7521=EDGE_LOOP ( 'NONE', ( #2045, #4863, #3966, #1404 ) );
#7522=LINE ( 'NONE', #2834, #432 );
#7523=VERTEX_POINT ( 'NONE', #4180 );
#7524=ADVANCED_FACE ( 'NONE', ( #2129 ), #4859, .F. );
#7525=VERTEX_POINT ( 'NONE', #1308 );
#7526=ADVANCED_FACE ( 'NONE', ( #4948 ), #1112, .T. );
#7527=EDGE_LOOP ( 'NONE', ( #3514, #3146, #6426, #1940 ) );
#7528=AXIS2_PLACEMENT_3D ( 'NONE', #1946, #3, #86 );
#7529=LINE ( 'NONE', #159, #4 );
#7530=EDGE_LOOP ( 'NONE', ( #6290, #5914, #1572, #1487 ) );
#7531=LINE ( 'NONE', #1471, #4 );
#7532=( GEOMETRIC_REPRESENTATION_CONTEXT ( 3 ) GLOBAL_UNCERTAINTY_ASSIGNED_CONTEXT ( ( #12 ) ) GLOBAL_UNIT_ASSIGNED_CONTEXT ( ( #359, #272, #78 ) ) REPRESENTATION_CONTEXT ( 'NONE', 'WORKASPACE' ) );
#7533=ORIENTED_EDGE ( 'NONE', *, *, #5263, .F. );
#7534=( GEOMETRIC_REPRESENTATION_CONTEXT ( 3 ) GLOBAL_UNCERTAINTY_ASSIGNED_CONTEXT ( ( #12 ) ) GLOBAL_UNIT_ASSIGNED_CONTEXT ( ( #359, #272, #78 ) ) REPRESENTATION_CONTEXT ( 'NONE', 'WORKASPACE' ) );
#7535=ORIENTED_EDGE ( 'NONE', *, *, #3210, .F. );
#7536=ORIENTED_EDGE ( 'NONE', *, *, #1846, .T. );
#7537=EDGE_LOOP ( 'NONE', ( #2921, #4432, #6662, #1055 ) );
#7538=AXIS2_PLACEMENT_3D ( 'NONE', #326, #32, #5 );
#7539=CLOSED_SHELL ( 'NONE', ( #8674, #4764, #8040, #3270, #7960, #7898 ) );
#7540=ORIENTED_EDGE ( 'NONE', *, *, #5745, .T. );
#7541=LINE ( 'NONE', #174, #200 );
#7542=PLANE ( 'NONE',  #5699 );
#7543=LINE ( 'NONE', #709, #83 );
#7544=AXIS2_PLACEMENT_3D ( 'NONE', #993, #3, #86 );
#7545=ORIENTED_EDGE ( 'NONE', *, *, #5563, .T. );
#7546=CARTESIAN_POINT ( 'NONE',  ( 1.625000000000001332, 0.000000000000000000, -3.425000000000001155 ) );
#7547=EDGE_CURVE ( 'NONE', #7465, #597, #5560, .T. );
#7548=ORIENTED_EDGE ( 'NONE', *, *, #4195, .T. );
#7549=ADVANCED_FACE ( 'NONE', ( #4136 ), #1706, .T. );
#7550=FACE_BOUND ( 'NONE', #3789, .T. );
#7551=ORIENTED_EDGE ( 'NONE', *, *, #6557, .F. );
#7552=FACE_OUTER_BOUND ( 'NONE', #6955, .T. );
#7553=ORIENTED_EDGE ( 'NONE', *, *, #5835, .T. );
#7554=ORIENTED_EDGE ( 'NONE', *, *, #4006, .F. );
#7555=ADVANCED_FACE ( 'NONE', ( #6748 ), #394, .F. );
#7556=EDGE_CURVE ( 'NONE', #7388, #7414, #6186, .T. );
#7557=ORIENTED_EDGE ( 'NONE', *, *, #4993, .F. );
#7558=EDGE_CURVE ( 'NONE', #6487, #5639, #3767, .T. );
#7559=FACE_OUTER_BOUND ( 'NONE', #6929, .T. );
#7560=EDGE_LOOP ( 'NONE', ( #4908, #2381, #6477, #6145 ) );
#7561=ORIENTED_EDGE ( 'NONE', *, *, #2908, .F. );
#7562=ADVANCED_FACE ( 'NONE', ( #8023 ), #748, .F. );
#7563=VERTEX_POINT ( 'NONE', #941 );
#7564=ADVANCED_FACE ( 'NONE', ( #507 ), #3033, .T. );
#7565=EDGE_CURVE ( 'NONE', #5501, #577, #7876, .T. );
#7566=VERTEX_POINT ( 'NONE', #992 );
#7567=FACE_OUTER_BOUND ( 'NONE', #1051, .T. );
#7568=ORIENTED_EDGE ( 'NONE', *, *, #4483, .T. );
#7569=AXIS2_PLACEMENT_3D ( 'NONE', #1053, #3, #86 );
#7570=FACE_OUTER_BOUND ( 'NONE', #1022, .T. );
#7571=ORIENTED_EDGE ( 'NONE', *, *, #1611, .F. );
#7572=VERTEX_POINT ( 'NONE', #2818 );
#7573=EDGE_LOOP ( 'NONE', ( #4737, #1626, #1230, #5259 ) );
#7574=ORIENTED_EDGE ( 'NONE', *, *, #3930, .T. );
#7575=AXIS2_PLACEMENT_3D ( 'NONE', #905, #32, #5 );
#7576=MANIFOLD_SOLID_BREP ( 'LPattern3[13]', #1812 );
#7577=EDGE_LOOP ( 'NONE', ( #7071, #5191, #7108, #8198 ) );
#7578=CARTESIAN_POINT ( 'NONE',  ( -0.8749999999999985567, 0.000000000000000000, -3.425000000000000711 ) );
#7579=EDGE_CURVE ( 'NONE', #6562, #2877, #1449, .T. );
#7580=EDGE_CURVE ( 'NONE', #116, #6815, #2894, .T. );
#7581=EDGE_LOOP ( 'NONE', ( #1256, #7058, #1339, #6720 ) );
#7582=PLANE ( 'NONE',  #2279 );
#7583=ORIENTED_EDGE ( 'NONE', *, *, #3437, .F. );
#7584=EDGE_CURVE ( 'NONE', #6563, #953, #3640, .T. );
#7585=LINE ( 'NONE', #2358, #4 );
#7586=EDGE_CURVE ( 'NONE', #3664, #1395, #6309, .T. );
#7587=ORIENTED_EDGE ( 'NONE', *, *, #5405, .T. );
#7588=ORIENTED_EDGE ( 'NONE', *, *, #4860, .T. );
#7589=VERTEX_POINT ( 'NONE', #4827 );
#7590=FACE_BOUND ( 'NONE', #8035, .T. );
#7591=CARTESIAN_POINT ( 'NONE',  ( -0.3749999999999986122, 0.000000000000000000, -3.425000000000001155 ) );
#7592=PLANE ( 'NONE',  #2003 );
#7593=ORIENTED_EDGE ( 'NONE', *, *, #2753, .T. );
#7594=EDGE_CURVE ( 'NONE', #1502, #1450, #8167, .T. );
#7595=LINE ( 'NONE', #1304, #224 );
#7596=LINE ( 'NONE', #888, #30 );
#7597=AXIS2_PLACEMENT_3D ( 'NONE', #3444, #45, #168 );
#7598=ORIENTED_EDGE ( 'NONE', *, *, #6799, .T. );
#7599=LINE ( 'NONE', #1331, #4 );
#7600=ADVANCED_FACE ( 'NONE', ( #2373 ), #4409, .T. );
#7601=PLANE ( 'NONE',  #75 );
#7602=ADVANCED_FACE ( 'NONE', ( #7442 ), #568, .T. );
#7603=CARTESIAN_POINT ( 'NONE',  ( -3.424999999999999822, 0.09999999999999999167, -2.374999999999999112 ) );
#7604=EDGE_LOOP ( 'NONE', ( #7051, #6989, #3320, #5213 ) );
#7605=ORIENTED_EDGE ( 'NONE', *, *, #1726, .F. );
#7606=EDGE_LOOP ( 'NONE', ( #4619, #2427, #3710, #92 ) );
#7607=EDGE_CURVE ( 'NONE', #5307, #7628, #5939, .T. );
#7608=ORIENTED_EDGE ( 'NONE', *, *, #6610, .T. );
#7609=EDGE_CURVE ( 'NONE', #223, #2395, #8303, .T. );
#7610=FACE_OUTER_BOUND ( 'NONE', #8267, .T. );
#7611=EDGE_LOOP ( 'NONE', ( #3183, #398, #3382, #3419 ) );
#7612=LINE ( 'NONE', #820, #432 );
#7613=AXIS2_PLACEMENT_3D ( 'NONE', #8157, #109, #21 );
#7614=SURFACE_STYLE_FILL_AREA ( #7001 );
#7615=LINE ( 'NONE', #769, #6 );
#7616=ORIENTED_EDGE ( 'NONE', *, *, #8076, .T. );
#7617=ORIENTED_EDGE ( 'NONE', *, *, #4493, .T. );
#7618=ORIENTED_EDGE ( 'NONE', *, *, #133, .T. );
#7619=EDGE_CURVE ( 'NONE', #1042, #3207, #8233, .T. );
#7620=LINE ( 'NONE', #1708, #4 );
#7621=AXIS2_PLACEMENT_3D ( 'NONE', #685, #32, #5 );
#7622=ADVANCED_FACE ( 'NONE', ( #4587 ), #6012, .F. );
#7623=FACE_BOUND ( 'NONE', #7241, .T. );
#7624=LINE ( 'NONE', #2822, #83 );
#7625=PLANE ( 'NONE',  #7660 );
#7626=EDGE_LOOP ( 'NONE', ( #3503, #4923, #4032, #8678 ) );
#7627=ORIENTED_EDGE ( 'NONE', *, *, #6168, .T. );
#7628=VERTEX_POINT ( 'NONE', #5161 );
#7629=CARTESIAN_POINT ( 'NONE',  ( 3.424999999999999822, 0.000000000000000000, 2.125000000000001332 ) );
#7630=LINE ( 'NONE', #888, #4 );
#7631=LINE ( 'NONE', #4828, #4 );
#7632=LINE ( 'NONE', #2378, #30 );
#7633=ORIENTED_EDGE ( 'NONE', *, *, #4087, .F. );
#7634=EDGE_CURVE ( 'NONE', #8376, #7447, #3884, .T. );
#7635=ADVANCED_FACE ( 'NONE', ( #1716 ), #6507, .F. );
#7636=ORIENTED_EDGE ( 'NONE', *, *, #8282, .T. );
#7637=ORIENTED_EDGE ( 'NONE', *, *, #8595, .F. );
#7638=ORIENTED_EDGE ( 'NONE', *, *, #3731, .T. );
#7639=ORIENTED_EDGE ( 'NONE', *, *, #5182, .F. );
#7640=FACE_OUTER_BOUND ( 'NONE', #210, .T. );
#7641=ORIENTED_EDGE ( 'NONE', *, *, #4278, .F. );
#7642=EDGE_LOOP ( 'NONE', ( #1950, #1314, #5215, #4171 ) );
#7643=ADVANCED_FACE ( 'NONE', ( #3847 ), #5975, .T. );
#7644=FACE_OUTER_BOUND ( 'NONE', #4878, .T. );
#7645=PLANE ( 'NONE',  #6800 );
#7646=VERTEX_POINT ( 'NONE', #1142 );
#7647=ORIENTED_EDGE ( 'NONE', *, *, #7124, .F. );
#7648=ORIENTED_EDGE ( 'NONE', *, *, #6178, .T. );
#7649=FACE_OUTER_BOUND ( 'NONE', #287, .T. );
#7650=ORIENTED_EDGE ( 'NONE', *, *, #8148, .T. );
#7651=LINE ( 'NONE', #2876, #4 );
#7652=ORIENTED_EDGE ( 'NONE', *, *, #8540, .F. );
#7653=AXIS2_PLACEMENT_3D ( 'NONE', #6465, #21, #526 );
#7654=EDGE_CURVE ( 'NONE', #3283, #7113, #6620, .T. );
#7655=CLOSED_SHELL ( 'NONE', ( #4862, #5972, #4216, #502, #6141, #3973 ) );
#7656=EDGE_CURVE ( 'NONE', #7247, #1647, #7190, .T. );
#7657=AXIS2_PLACEMENT_3D ( 'NONE', #3123, #109, #21 );
#7658=EDGE_LOOP ( 'NONE', ( #8202, #175, #7349, #486 ) );
#7659=ORIENTED_EDGE ( 'NONE', *, *, #3984, .T. );
#7660=AXIS2_PLACEMENT_3D ( 'NONE', #1497, #109, #21 );
#7661=VERTEX_POINT ( 'NONE', #3316 );
#7662=AXIS2_PLACEMENT_3D ( 'NONE', #6247, #585, #105 );
#7663=FACE_OUTER_BOUND ( 'NONE', #4684, .T. );
#7664=AXIS2_PLACEMENT_3D ( 'NONE', #353, #32, #5 );
#7665=ORIENTED_EDGE ( 'NONE', *, *, #3027, .F. );
#7666=LINE ( 'NONE', #890, #365 );
#7667=EDGE_CURVE ( 'NONE', #8024, #6812, #4896, .T. );
#7668=CARTESIAN_POINT ( 'NONE',  ( -3.424999999999999822, 0.5716990566028302689, 2.625000000000000444 ) );
#7669=ORIENTED_EDGE ( 'NONE', *, *, #2151, .F. );
#7670=AXIS2_PLACEMENT_3D ( 'NONE', #6326, #46, #21 );
#7671=ADVANCED_FACE ( 'NONE', ( #7230 ), #5456, .F. );
#7672=EDGE_LOOP ( 'NONE', ( #2475, #631, #522, #3445 ) );
#7673=AXIS2_PLACEMENT_3D ( 'NONE', #2718, #21, #526 );
#7674=ORIENTED_EDGE ( 'NONE', *, *, #1878, .T. );
#7675=PLANE ( 'NONE',  #3607 );
#7676=VERTEX_POINT ( 'NONE', #7958 );
#7677=FACE_OUTER_BOUND ( 'NONE', #6732, .T. );
#7678=LINE ( 'NONE', #879, #4 );
#7679=AXIS2_PLACEMENT_3D ( 'NONE', #332, #2843, #182 );
#7680=PRESENTATION_LAYER_ASSIGNMENT (  '', '', ( #1672 ) );
#7681=EDGE_CURVE ( 'NONE', #1176, #6115, #1153, .T. );
#7682=FACE_OUTER_BOUND ( 'NONE', #2704, .T. );
#7683=AXIS2_PLACEMENT_3D ( 'NONE', #5216, #3, #86 );
#7684=ORIENTED_EDGE ( 'NONE', *, *, #7713, .T. );
#7685=AXIS2_PLACEMENT_3D ( 'NONE', #5067, #109, #21 );
#7686=STYLED_ITEM ( 'NONE', ( #320 ), #7226 );
#7687=AXIS2_PLACEMENT_3D ( 'NONE', #126, #128, #51 );
#7688=ORIENTED_EDGE ( 'NONE', *, *, #6937, .F. );
#7689=ADVANCED_FACE ( 'NONE', ( #3359 ), #1706, .T. );
#7690=ORIENTED_EDGE ( 'NONE', *, *, #8640, .T. );
#7691=ADVANCED_FACE ( 'NONE', ( #5412 ), #7387, .T. );
#7692=ORIENTED_EDGE ( 'NONE', *, *, #3043, .F. );
#7693=LINE ( 'NONE', #1145, #1015 );
#7694=EDGE_LOOP ( 'NONE', ( #3433, #5864, #2971, #8319 ) );
#7695=CARTESIAN_POINT ( 'NONE',  ( -2.874999999999998668, 0.000000000000000000, -3.425000000000000711 ) );
#7696=VERTEX_POINT ( 'NONE', #2571 );
#7697=PLANE ( 'NONE',  #5017 );
#7698=CARTESIAN_POINT ( 'NONE',  ( 3.500000000000000000, 0.1000000000000000056, 0.000000000000000000 ) );
#7699=ORIENTED_EDGE ( 'NONE', *, *, #7353, .T. );
#7700=ADVANCED_FACE ( 'NONE', ( #4018 ), #1972, .T. );
#7701=EDGE_CURVE ( 'NONE', #5938, #732, #2604, .T. );
#7702=EDGE_CURVE ( 'NONE', #183, #914, #5547, .T. );
#7703=ORIENTED_EDGE ( 'NONE', *, *, #8764, .F. );
#7704=VERTEX_POINT ( 'NONE', #197 );
#7705=FACE_OUTER_BOUND ( 'NONE', #6256, .T. );
#7706=VERTEX_POINT ( 'NONE', #3739 );
#7707=LINE ( 'NONE', #1248, #58 );
#7708=FACE_OUTER_BOUND ( 'NONE', #7039, .T. );
#7709=VERTEX_POINT ( 'NONE', #4624 );
#7710=VERTEX_POINT ( 'NONE', #4939 );
#7711=PRODUCT_DEFINITION_SHAPE ( 'NONE', 'NONE',  #7493 );
#7712=EDGE_CURVE ( 'NONE', #156, #2321, #7270, .T. );
#7713=EDGE_CURVE ( 'NONE', #5909, #6195, #6215, .T. );
#7714=ORIENTED_EDGE ( 'NONE', *, *, #7057, .F. );
#7715=FACE_OUTER_BOUND ( 'NONE', #947, .T. );
#7716=FACE_OUTER_BOUND ( 'NONE', #8350, .T. );
#7717=EDGE_LOOP ( 'NONE', ( #3714, #5748, #847, #7261 ) );
#7718=ORIENTED_EDGE ( 'NONE', *, *, #5918, .T. );
#7719=ORIENTED_EDGE ( 'NONE', *, *, #7086, .T. );
#7720=LINE ( 'NONE', #1749, #28 );
#7721=EDGE_CURVE ( 'NONE', #1653, #1421, #4071, .T. );
#7722=LINE ( 'NONE', #689, #4 );
#7723=AXIS2_PLACEMENT_3D ( 'NONE', #1949, #109, #21 );
#7724=ORIENTED_EDGE ( 'NONE', *, *, #800, .F. );
#7725=ORIENTED_EDGE ( 'NONE', *, *, #7780, .T. );
#7726=VERTEX_POINT ( 'NONE', #3408 );
#7727=ORIENTED_EDGE ( 'NONE', *, *, #8617, .T. );
#7728=( GEOMETRIC_REPRESENTATION_CONTEXT ( 3 ) GLOBAL_UNCERTAINTY_ASSIGNED_CONTEXT ( ( #12 ) ) GLOBAL_UNIT_ASSIGNED_CONTEXT ( ( #359, #272, #78 ) ) REPRESENTATION_CONTEXT ( 'NONE', 'WORKASPACE' ) );
#7729=ORIENTED_EDGE ( 'NONE', *, *, #2634, .T. );
#7730=EDGE_CURVE ( 'NONE', #3717, #7983, #6098, .T. );
#7731=ADVANCED_FACE ( 'NONE', ( #2693 ), #394, .F. );
#7732=FACE_OUTER_BOUND ( 'NONE', #5655, .T. );
#7733=ORIENTED_EDGE ( 'NONE', *, *, #7050, .T. );
#7734=CARTESIAN_POINT ( 'NONE',  ( 3.024999999999999467, 0.1000000000000001027, 2.875000000000000444 ) );
#7735=ORIENTED_EDGE ( 'NONE', *, *, #4561, .F. );
#7736=MECHANICAL_DESIGN_GEOMETRIC_PRESENTATION_REPRESENTATION (  '', ( #6624 ), #3718 );
#7737=PRESENTATION_LAYER_ASSIGNMENT (  '', '', ( #7857 ) );
#7738=ADVANCED_FACE ( 'NONE', ( #8636 ), #1326, .F. );
#7739=ADVANCED_FACE ( 'NONE', ( #4342 ), #723, .T. );
#7740=EDGE_CURVE ( 'NONE', #4492, #7486, #8049, .T. );
#7741=PLANE ( 'NONE',  #3201 );
#7742=ADVANCED_FACE ( 'NONE', ( #618 ), #668, .F. );
#7743=FACE_OUTER_BOUND ( 'NONE', #5457, .T. );
#7744=LINE ( 'NONE', #2461, #4 );
#7745=PLANE ( 'NONE',  #7569 );
#7746=FACE_OUTER_BOUND ( 'NONE', #3534, .T. );
#7747=ORIENTED_EDGE ( 'NONE', *, *, #525, .F. );
#7748=FACE_OUTER_BOUND ( 'NONE', #5077, .T. );
#7749=EDGE_LOOP ( 'NONE', ( #7269, #3232, #1148, #3657 ) );
#7750=ADVANCED_FACE ( 'NONE', ( #2117 ), #5646, .T. );
#7751=ORIENTED_EDGE ( 'NONE', *, *, #5498, .F. );
#7752=ORIENTED_EDGE ( 'NONE', *, *, #4641, .F. );
#7753=PLANE ( 'NONE',  #1215 );
#7754=EDGE_CURVE ( 'NONE', #1461, #4231, #6349, .T. );
#7755=FACE_OUTER_BOUND ( 'NONE', #7855, .T. );
#7756=ORIENTED_EDGE ( 'NONE', *, *, #7806, .T. );
#7757=AXIS2_PLACEMENT_3D ( 'NONE', #3079, #128, #51 );
#7758=EDGE_CURVE ( 'NONE', #4964, #3397, #2976, .T. );
#7759=LINE ( 'NONE', #551, #4 );
#7760=ORIENTED_EDGE ( 'NONE', *, *, #646, .F. );
#7761=PLANE ( 'NONE',  #6057 );
#7762=PLANE ( 'NONE',  #8558 );
#7763=ADVANCED_FACE ( 'NONE', ( #3585 ), #4448, .F. );
#7764=VERTEX_POINT ( 'NONE', #5688 );
#7765=EDGE_LOOP ( 'NONE', ( #4972, #8126, #2633, #7428 ) );
#7766=ADVANCED_FACE ( 'NONE', ( #6259 ), #3758, .F. );
#7767=ORIENTED_EDGE ( 'NONE', *, *, #2846, .F. );
#7768=ORIENTED_EDGE ( 'NONE', *, *, #7965, .F. );
#7769=LINE ( 'NONE', #2835, #4 );
#7770=LINE ( 'NONE', #468, #207 );
#7771=LINE ( 'NONE', #4624, #224 );
#7772=ORIENTED_EDGE ( 'NONE', *, *, #7584, .F. );
#7773=ADVANCED_FACE ( 'NONE', ( #2170 ), #4985, .F. );
#7774=ORIENTED_EDGE ( 'NONE', *, *, #3019, .F. );
#7775=AXIS2_PLACEMENT_3D ( 'NONE', #1603, #526, #130 );
#7776=PLANE ( 'NONE',  #3720 );
#7777=CLOSED_SHELL ( 'NONE', ( #1624, #6506, #3280, #1673, #6460, #7555 ) );
#7778=EDGE_LOOP ( 'NONE', ( #2773, #7216, #2701, #4536 ) );
#7779=PLANE ( 'NONE',  #3516 );
#7780=EDGE_CURVE ( 'NONE', #5753, #103, #1382, .T. );
#7781=CARTESIAN_POINT ( 'NONE',  ( 2.875000000000000888, 0.000000000000000000, -3.425000000000001155 ) );
#7782=ORIENTED_EDGE ( 'NONE', *, *, #1177, .F. );
#7783=CARTESIAN_POINT ( 'NONE',  ( -3.024999999999999467, 0.000000000000000000, 1.875000000000000888 ) );
#7784=ORIENTED_EDGE ( 'NONE', *, *, #6319, .T. );
#7785=ORIENTED_EDGE ( 'NONE', *, *, #5405, .F. );
#7786=ORIENTED_EDGE ( 'NONE', *, *, #5172, .F. );
#7787=FACE_OUTER_BOUND ( 'NONE', #5489, .T. );
#7788=FACE_OUTER_BOUND ( 'NONE', #241, .T. );
#7789=EDGE_LOOP ( 'NONE', ( #1892, #5916, #319, #7083 ) );
#7790=EDGE_CURVE ( 'NONE', #1970, #4433, #7651, .T. );
#7791=VERTEX_POINT ( 'NONE', #7695 );
#7792=EDGE_CURVE ( 'NONE', #1460, #2102, #8776, .T. );
#7793=EDGE_LOOP ( 'NONE', ( #2080, #8623, #566, #2735 ) );
#7794=LINE ( 'NONE', #2827, #4 );
#7795=ORIENTED_EDGE ( 'NONE', *, *, #7013, .F. );
#7796=LINE ( 'NONE', #81, #30 );
#7797=LINE ( 'NONE', #336, #224 );
#7798=VERTEX_POINT ( 'NONE', #1108 );
#7799=CARTESIAN_POINT ( 'NONE',  ( -3.424999999999999822, 0.09999999999999999167, 1.625000000000001110 ) );
#7800=VERTEX_POINT ( 'NONE', #5851 );
#7801=EDGE_LOOP ( 'NONE', ( #528, #8243, #5276, #6214 ) );
#7802=ORIENTED_EDGE ( 'NONE', *, *, #785, .T. );
#7803=PLANE ( 'NONE',  #1513 );
#7804=ORIENTED_EDGE ( 'NONE', *, *, #3589, .F. );
#7805=ORIENTED_EDGE ( 'NONE', *, *, #4850, .F. );
#7806=EDGE_CURVE ( 'NONE', #316, #4063, #3877, .T. );
#7807=VERTEX_POINT ( 'NONE', #2364 );
#7808=EDGE_CURVE ( 'NONE', #1547, #7589, #1759, .T. );
#7809=FACE_OUTER_BOUND ( 'NONE', #7834, .T. );
#7810=ADVANCED_FACE ( 'NONE', ( #926 ), #3208, .T. );
#7811=EDGE_CURVE ( 'NONE', #8416, #5842, #7620, .T. );
#7812=EDGE_LOOP ( 'NONE', ( #2662, #4790, #617, #6097 ) );
#7813=ORIENTED_EDGE ( 'NONE', *, *, #4589, .T. );
#7814=ORIENTED_EDGE ( 'NONE', *, *, #5376, .T. );
#7815=AXIS2_PLACEMENT_3D ( 'NONE', #174, #5, #128 );
#7816=EDGE_CURVE ( 'NONE', #145, #1528, #4621, .T. );
#7817=AXIS2_PLACEMENT_3D ( 'NONE', #424, #128, #51 );
#7818=ORIENTED_EDGE ( 'NONE', *, *, #1828, .T. );
#7819=VERTEX_POINT ( 'NONE', #5821 );
#7820=FACE_OUTER_BOUND ( 'NONE', #2012, .T. );
#7821=EDGE_CURVE ( 'NONE', #7800, #7563, #6493, .T. );
#7822=ORIENTED_EDGE ( 'NONE', *, *, #7308, .F. );
#7823=ORIENTED_EDGE ( 'NONE', *, *, #5790, .T. );
#7824=FACE_OUTER_BOUND ( 'NONE', #5950, .T. );
#7825=LINE ( 'NONE', #4744, #6 );
#7826=ORIENTED_EDGE ( 'NONE', *, *, #7143, .F. );
#7827=ADVANCED_FACE ( 'NONE', ( #5930 ), #6417, .T. );
#7828=ADVANCED_FACE ( 'NONE', ( #7042 ), #8264, .F. );
#7829=EDGE_CURVE ( 'NONE', #2515, #7566, #5189, .T. );
#7830=LINE ( 'NONE', #296, #224 );
#7831=ORIENTED_EDGE ( 'NONE', *, *, #8447, .F. );
#7832=VERTEX_POINT ( 'NONE', #8293 );
#7833=LINE ( 'NONE', #2103, #365 );
#7834=EDGE_LOOP ( 'NONE', ( #7652, #7309, #7587, #1993 ) );
#7835=CARTESIAN_POINT ( 'NONE',  ( -3.424999999999999822, 0.09999999999999999167, 2.625000000000000000 ) );
#7836=ORIENTED_EDGE ( 'NONE', *, *, #4022, .F. );
#7837=FACE_OUTER_BOUND ( 'NONE', #5940, .T. );
#7838=LINE ( 'NONE', #4708, #30 );
#7839=ORIENTED_EDGE ( 'NONE', *, *, #7189, .T. );
#7840=FACE_OUTER_BOUND ( 'NONE', #3833, .T. );
#7841=LINE ( 'NONE', #3276, #206 );
#7842=EDGE_CURVE ( 'NONE', #2102, #501, #3991, .T. );
#7843=ORIENTED_EDGE ( 'NONE', *, *, #6987, .F. );
#7844=EDGE_CURVE ( 'NONE', #6793, #831, #1809, .T. );
#7845=EDGE_CURVE ( 'NONE', #5674, #2332, #4798, .T. );
#7846=STYLED_ITEM ( 'NONE', ( #320 ), #4388 );
#7847=FACE_OUTER_BOUND ( 'NONE', #2388, .T. );
#7848=ORIENTED_EDGE ( 'NONE', *, *, #8739, .F. );
#7849=ORIENTED_EDGE ( 'NONE', *, *, #7619, .T. );
#7850=FACE_OUTER_BOUND ( 'NONE', #3416, .T. );
#7851=ORIENTED_EDGE ( 'NONE', *, *, #8635, .T. );
#7852=ORIENTED_EDGE ( 'NONE', *, *, #1499, .F. );
#7853=ADVANCED_FACE ( 'NONE', ( #4844 ), #1194, .T. );
#7854=FACE_OUTER_BOUND ( 'NONE', #1517, .T. );
#7855=EDGE_LOOP ( 'NONE', ( #928, #5316, #8288, #1364 ) );
#7856=ORIENTED_EDGE ( 'NONE', *, *, #2582, .F. );
#7857=STYLED_ITEM ( 'NONE', ( #320 ), #4907 );
#7858=ORIENTED_EDGE ( 'NONE', *, *, #7510, .T. );
#7859=PLANE ( 'NONE',  #6081 );
#7860=PRESENTATION_LAYER_ASSIGNMENT (  '', '', ( #5169 ) );
#7861=LINE ( 'NONE', #3770, #30 );
#7862=EDGE_LOOP ( 'NONE', ( #8583, #4552, #6712, #66 ) );
#7863=ADVANCED_FACE ( 'NONE', ( #7910 ), #4162, .T. );
#7864=EDGE_LOOP ( 'NONE', ( #824, #2254, #6638, #7598 ) );
#7865=ADVANCED_FACE ( 'NONE', ( #6003 ), #2011, .T. );
#7866=LINE ( 'NONE', #3696, #4 );
#7867=ORIENTED_EDGE ( 'NONE', *, *, #3870, .F. );
#7868=EDGE_CURVE ( 'NONE', #1589, #2479, #5492, .T. );
#7869=VERTEX_POINT ( 'NONE', #2055 );
#7870=PLANE ( 'NONE',  #258 );
#7871=VERTEX_POINT ( 'NONE', #3348 );
#7872=EDGE_LOOP ( 'NONE', ( #3517, #343, #537, #6841 ) );
#7873=LINE ( 'NONE', #1279, #58 );
#7874=ORIENTED_EDGE ( 'NONE', *, *, #7579, .T. );
#7875=AXIS2_PLACEMENT_3D ( 'NONE', #1539, #3, #86 );
#7876=LINE ( 'NONE', #69, #224 );
#7877=ADVANCED_FACE ( 'NONE', ( #8399 ), #4884, .T. );
#7878=PLANE ( 'NONE',  #3222 );
#7879=ORIENTED_EDGE ( 'NONE', *, *, #3971, .F. );
#7880=EDGE_CURVE ( 'NONE', #5168, #7517, #6648, .T. );
#7881=PRESENTATION_LAYER_ASSIGNMENT (  '', '', ( #8215 ) );
#7882=EDGE_CURVE ( 'NONE', #3000, #4880, #8431, .T. );
#7883=FACE_OUTER_BOUND ( 'NONE', #6920, .T. );
#7884=ORIENTED_EDGE ( 'NONE', *, *, #5919, .F. );
#7885=AXIS2_PLACEMENT_3D ( 'NONE', #4412, #130, #46 );
#7886=LINE ( 'NONE', #5415, #30 );
#7887=FACE_OUTER_BOUND ( 'NONE', #7626, .T. );
#7888=EDGE_LOOP ( 'NONE', ( #5372, #5443, #6880, #1068 ) );
#7889=STYLED_ITEM ( 'NONE', ( #320 ), #4454 );
#7890=VERTEX_POINT ( 'NONE', #6046 );
#7891=ORIENTED_EDGE ( 'NONE', *, *, #4237, .F. );
#7892=ORIENTED_EDGE ( 'NONE', *, *, #4544, .F. );
#7893=AXIS2_PLACEMENT_3D ( 'NONE', #107, #45, #168 );
#7894=CLOSED_SHELL ( 'NONE', ( #6599, #7132, #5130, #3030, #255, #7484 ) );
#7895=EDGE_CURVE ( 'NONE', #3245, #5088, #8359, .T. );
#7896=AXIS2_PLACEMENT_3D ( 'NONE', #1037, #526, #130 );
#7897=EDGE_CURVE ( 'NONE', #5970, #3543, #2638, .T. );
#7898=ADVANCED_FACE ( 'NONE', ( #5358 ), #394, .F. );
#7899=AXIS2_PLACEMENT_3D ( 'NONE', #2571, #128, #51 );
#7900=LINE ( 'NONE', #2223, #432 );
#7901=LINE ( 'NONE', #576, #4 );
#7902=ORIENTED_EDGE ( 'NONE', *, *, #1678, .F. );
#7903=FACE_OUTER_BOUND ( 'NONE', #7812, .T. );
#7904=FACE_OUTER_BOUND ( 'NONE', #2076, .T. );
#7905=ADVANCED_FACE ( 'NONE', ( #6692 ), #306, .F. );
#7906=AXIS2_PLACEMENT_3D ( 'NONE', #1916, #2843, #182 );
#7907=LINE ( 'NONE', #879, #200 );
#7908=ORIENTED_EDGE ( 'NONE', *, *, #4252, .F. );
#7909=ORIENTED_EDGE ( 'NONE', *, *, #1123, .F. );
#7910=FACE_OUTER_BOUND ( 'NONE', #3460, .T. );
#7911=FACE_OUTER_BOUND ( 'NONE', #7801, .T. );
#7912=VERTEX_POINT ( 'NONE', #625 );
#7913=FACE_OUTER_BOUND ( 'NONE', #4477, .T. );
#7914=ADVANCED_FACE ( 'NONE', ( #1310 ), #3661, .F. );
#7915=ORIENTED_EDGE ( 'NONE', *, *, #4988, .T. );
#7916=FACE_OUTER_BOUND ( 'NONE', #3102, .T. );
#7917=VERTEX_POINT ( 'NONE', #5586 );
#7918=EDGE_CURVE ( 'NONE', #3637, #253, #8502, .T. );
#7919=PLANE ( 'NONE',  #6358 );
#7920=EDGE_LOOP ( 'NONE', ( #1091, #2819, #7848, #4835 ) );
#7921=AXIS2_PLACEMENT_3D ( 'NONE', #6159, #46, #21 );
#7922=( GEOMETRIC_REPRESENTATION_CONTEXT ( 3 ) GLOBAL_UNCERTAINTY_ASSIGNED_CONTEXT ( ( #12 ) ) GLOBAL_UNIT_ASSIGNED_CONTEXT ( ( #359, #272, #78 ) ) REPRESENTATION_CONTEXT ( 'NONE', 'WORKASPACE' ) );
#7923=EDGE_CURVE ( 'NONE', #360, #1925, #6204, .T. );
#7924=EDGE_CURVE ( 'NONE', #4123, #1589, #6249, .T. );
#7925=ADVANCED_FACE ( 'NONE', ( #7418 ), #4332, .T. );
#7926=FACE_OUTER_BOUND ( 'NONE', #896, .T. );
#7927=ORIENTED_EDGE ( 'NONE', *, *, #1231, .T. );
#7928=CARTESIAN_POINT ( 'NONE',  ( 3.424999999999999822, 0.1000000000000001027, 1.875000000000001332 ) );
#7929=VERTEX_POINT ( 'NONE', #879 );
#7930=VERTEX_POINT ( 'NONE', #3009 );
#7931=ORIENTED_EDGE ( 'NONE', *, *, #5033, .T. );
#7932=ADVANCED_FACE ( 'NONE', ( #5762 ), #2246, .T. );
#7933=LINE ( 'NONE', #3602, #30 );
#7934=AXIS2_PLACEMENT_3D ( 'NONE', #1468, #46, #21 );
#7935=FACE_OUTER_BOUND ( 'NONE', #2969, .T. );
#7936=EDGE_CURVE ( 'NONE', #5480, #1547, #8111, .T. );
#7937=ORIENTED_EDGE ( 'NONE', *, *, #5792, .F. );
#7938=PLANE ( 'NONE',  #7575 );
#7939=EDGE_CURVE ( 'NONE', #1268, #4157, #5059, .T. );
#7940=ORIENTED_EDGE ( 'NONE', *, *, #7015, .F. );
#7941=PLANE ( 'NONE',  #4679 );
#7942=PLANE ( 'NONE',  #1287 );
#7943=FACE_OUTER_BOUND ( 'NONE', #8430, .T. );
#7944=PLANE ( 'NONE',  #417 );
#7945=FACE_OUTER_BOUND ( 'NONE', #950, .T. );
#7946=EDGE_LOOP ( 'NONE', ( #6560, #869, #6618, #6240 ) );
#7947=ORIENTED_EDGE ( 'NONE', *, *, #3491, .T. );
#7948=ORIENTED_EDGE ( 'NONE', *, *, #1347, .F. );
#7949=PLANE ( 'NONE',  #3011 );
#7950=EDGE_LOOP ( 'NONE', ( #7956, #7098, #8757, #3826 ) );
#7951=EDGE_LOOP ( 'NONE', ( #1401, #1361, #4629, #3330 ) );
#7952=AXIS2_PLACEMENT_3D ( 'NONE', #2779, #45, #168 );
#7953=LINE ( 'NONE', #2513, #224 );
#7954=ORIENTED_EDGE ( 'NONE', *, *, #851, .T. );
#7955=LINE ( 'NONE', #366, #4 );
#7956=ORIENTED_EDGE ( 'NONE', *, *, #3719, .F. );
#7957=EDGE_LOOP ( 'NONE', ( #4020, #3700, #764, #6282 ) );
#7958=CARTESIAN_POINT ( 'NONE',  ( 3.500000000000000444, 1.210000000000002629, 3.499999999999999556 ) );
#7959=EDGE_CURVE ( 'NONE', #3371, #461, #1260, .T. );
#7960=ADVANCED_FACE ( 'NONE', ( #8038 ), #1368, .F. );
#7961=VERTEX_POINT ( 'NONE', #490 );
#7962=EDGE_CURVE ( 'NONE', #7710, #2782, #541, .T. );
#7963=ORIENTED_EDGE ( 'NONE', *, *, #216, .T. );
#7964=EDGE_CURVE ( 'NONE', #2157, #6562, #3620, .T. );
#7965=EDGE_CURVE ( 'NONE', #7871, #7983, #2965, .T. );
#7966=EDGE_LOOP ( 'NONE', ( #7206, #1792, #2209, #1734 ) );
#7967=ORIENTED_EDGE ( 'NONE', *, *, #8540, .T. );
#7968=LINE ( 'NONE', #1293, #224 );
#7969=LINE ( 'NONE', #440, #83 );
#7970=MECHANICAL_DESIGN_GEOMETRIC_PRESENTATION_REPRESENTATION (  '', ( #1583 ), #6631 );
#7971=EDGE_LOOP ( 'NONE', ( #3511, #2220, #2135, #2614 ) );
#7972=PLANE ( 'NONE',  #2317 );
#7973=ADVANCED_FACE ( 'NONE', ( #8567 ), #4527, .T. );
#7974=LINE ( 'NONE', #4837, #28 );
#7975=PLANE ( 'NONE',  #3928 );
#7976=EDGE_LOOP ( 'NONE', ( #3576, #1838, #1353, #4748 ) );
#7977=ADVANCED_FACE ( 'NONE', ( #917 ), #3389, .F. );
#7978=VERTEX_POINT ( 'NONE', #1640 );
#7979=EDGE_LOOP ( 'NONE', ( #1820, #3648, #2540, #6164 ) );
#7980=FACE_OUTER_BOUND ( 'NONE', #5353, .T. );
#7981=ADVANCED_FACE ( 'NONE', ( #3104 ), #6482, .F. );
#7982=LINE ( 'NONE', #1213, #166 );
#7983=VERTEX_POINT ( 'NONE', #4253 );
#7984=LINE ( 'NONE', #140, #6 );
#7985=ORIENTED_EDGE ( 'NONE', *, *, #6270, .T. );
#7986=ORIENTED_EDGE ( 'NONE', *, *, #8300, .F. );
#7987=EDGE_LOOP ( 'NONE', ( #5464, #772, #3515, #7650 ) );
#7988=AXIS2_PLACEMENT_3D ( 'NONE', #406, #526, #130 );
#7989=EDGE_LOOP ( 'NONE', ( #4769, #7032, #8347, #6586 ) );
#7990=EDGE_CURVE ( 'NONE', #8107, #5753, #7134, .T. );
#7991=ORIENTED_EDGE ( 'NONE', *, *, #583, .F. );
#7992=EDGE_LOOP ( 'NONE', ( #8621, #8398, #1067, #3911 ) );
#7993=ORIENTED_EDGE ( 'NONE', *, *, #1951, .T. );
#7994=AXIS2_PLACEMENT_3D ( 'NONE', #1514, #168, #128 );
#7995=ORIENTED_EDGE ( 'NONE', *, *, #5205, .F. );
#7996=STYLED_ITEM ( 'NONE', ( #320 ), #1416 );
#7997=ORIENTED_EDGE ( 'NONE', *, *, #3530, .F. );
#7998=EDGE_CURVE ( 'NONE', #7018, #1574, #7101, .T. );
#7999=ADVANCED_FACE ( 'NONE', ( #1588 ), #6564, .T. );
#8000=ORIENTED_EDGE ( 'NONE', *, *, #5578, .F. );
#8001=FACE_OUTER_BOUND ( 'NONE', #1808, .T. );
#8002=CLOSED_SHELL ( 'NONE', ( #6838, #3041, #7519, #8226, #5374, #7283 ) );
#8003=FACE_OUTER_BOUND ( 'NONE', #4574, .T. );
#8004=AXIS2_PLACEMENT_3D ( 'NONE', #2498, #548, #182 );
#8005=PLANE ( 'NONE',  #6915 );
#8006=EDGE_CURVE ( 'NONE', #6475, #5629, #862, .T. );
#8007=EDGE_CURVE ( 'NONE', #850, #3554, #6527, .T. );
#8008=ORIENTED_EDGE ( 'NONE', *, *, #8671, .T. );
#8009=EDGE_CURVE ( 'NONE', #949, #706, #1747, .T. );
#8010=ORIENTED_EDGE ( 'NONE', *, *, #3491, .F. );
#8011=ORIENTED_EDGE ( 'NONE', *, *, #2133, .T. );
#8012=ORIENTED_EDGE ( 'NONE', *, *, #3103, .T. );
#8013=ORIENTED_EDGE ( 'NONE', *, *, #6268, .T. );
#8014=ORIENTED_EDGE ( 'NONE', *, *, #5634, .T. );
#8015=ORIENTED_EDGE ( 'NONE', *, *, #3203, .T. );
#8016=ORIENTED_EDGE ( 'NONE', *, *, #1088, .T. );
#8017=ADVANCED_FACE ( 'NONE', ( #5917 ), #3242, .F. );
#8018=EDGE_LOOP ( 'NONE', ( #5276, #7908, #3476, #5134 ) );
#8019=ADVANCED_FACE ( 'NONE', ( #1533 ), #6994, .T. );
#8020=AXIS2_PLACEMENT_3D ( 'NONE', #4438, #45, #168 );
#8021=PLANE ( 'NONE',  #559 );
#8022=ORIENTED_EDGE ( 'NONE', *, *, #7808, .T. );
#8023=FACE_OUTER_BOUND ( 'NONE', #6027, .T. );
#8024=VERTEX_POINT ( 'NONE', #5179 );
#8025=PRESENTATION_LAYER_ASSIGNMENT (  '', '', ( #2629 ) );
#8026=FACE_OUTER_BOUND ( 'NONE', #1745, .T. );
#8027=FACE_OUTER_BOUND ( 'NONE', #5476, .T. );
#8028=EDGE_LOOP ( 'NONE', ( #2510, #791, #6183, #334 ) );
#8029=VERTEX_POINT ( 'NONE', #1627 );
#8030=FACE_OUTER_BOUND ( 'NONE', #4089, .T. );
#8031=EDGE_LOOP ( 'NONE', ( #8428, #2853, #6127, #7540 ) );
#8032=ADVANCED_FACE ( 'NONE', ( #3790 ), #394, .F. );
#8033=EDGE_LOOP ( 'NONE', ( #7364, #5273, #4293, #1436 ) );
#8034=LINE ( 'NONE', #3739, #432 );
#8035=EDGE_LOOP ( 'NONE', ( #7849, #3230, #8384, #2259 ) );
#8036=ORIENTED_EDGE ( 'NONE', *, *, #3120, .F. );
#8037=AXIS2_PLACEMENT_3D ( 'NONE', #1216, #5, #128 );
#8038=FACE_OUTER_BOUND ( 'NONE', #5132, .T. );
#8039=EDGE_CURVE ( 'NONE', #5834, #276, #7901, .T. );
#8040=ADVANCED_FACE ( 'NONE', ( #3957 ), #1899, .F. );
#8041=EDGE_CURVE ( 'NONE', #8175, #4905, #5308, .T. );
#8042=EDGE_CURVE ( 'NONE', #7646, #8223, #1996, .T. );
#8043=ORIENTED_EDGE ( 'NONE', *, *, #6422, .F. );
#8044=AXIS2_PLACEMENT_3D ( 'NONE', #551, #526, #130 );
#8045=FACE_OUTER_BOUND ( 'NONE', #2311, .T. );
#8046=ORIENTED_EDGE ( 'NONE', *, *, #4144, .T. );
#8047=FACE_OUTER_BOUND ( 'NONE', #4655, .T. );
#8048=EDGE_LOOP ( 'NONE', ( #3552, #3422, #2747, #6707 ) );
#8049=LINE ( 'NONE', #3163, #4 );
#8050=PLANE ( 'NONE',  #3508 );
#8051=ORIENTED_EDGE ( 'NONE', *, *, #1846, .F. );
#8052=EDGE_CURVE ( 'NONE', #7517, #6232, #2574, .T. );
#8053=FACE_BOUND ( 'NONE', #7658, .T. );
#8054=FACE_OUTER_BOUND ( 'NONE', #227, .T. );
#8055=CARTESIAN_POINT ( 'NONE',  ( 3.424999999999999822, 0.1000000000000001027, -2.124999999999999112 ) );
#8056=EDGE_LOOP ( 'NONE', ( #3668, #8518, #4520, #1470 ) );
#8057=ADVANCED_FACE ( 'NONE', ( #6116 ), #2716, .T. );
#8058=ORIENTED_EDGE ( 'NONE', *, *, #2385, .F. );
#8059=EDGE_LOOP ( 'NONE', ( #2927, #2837, #1634, #3741 ) );
#8060=VERTEX_POINT ( 'NONE', #291 );
#8061=LINE ( 'NONE', #1443, #6 );
#8062=EDGE_CURVE ( 'NONE', #4206, #4094, #5478, .T. );
#8063=FACE_OUTER_BOUND ( 'NONE', #8315, .T. );
#8064=ORIENTED_EDGE ( 'NONE', *, *, #4760, .T. );
#8065=EDGE_LOOP ( 'NONE', ( #2080, #422, #4876, #3655 ) );
#8066=LINE ( 'NONE', #2145, #4 );
#8067=ORIENTED_EDGE ( 'NONE', *, *, #3907, .F. );
#8068=ORIENTED_EDGE ( 'NONE', *, *, #5682, .F. );
#8069=ADVANCED_FACE ( 'NONE', ( #6759 ), #4783, .T. );
#8070=ORIENTED_EDGE ( 'NONE', *, *, #3772, .T. );
#8071=EDGE_CURVE ( 'NONE', #3197, #2361, #3474, .T. );
#8072=EDGE_LOOP ( 'NONE', ( #712, #2106, #7305, #5170 ) );
#8073=ORIENTED_EDGE ( 'NONE', *, *, #5626, .F. );
#8074=ORIENTED_EDGE ( 'NONE', *, *, #2072, .T. );
#8075=ORIENTED_EDGE ( 'NONE', *, *, #8592, .F. );
#8076=EDGE_CURVE ( 'NONE', #3461, #626, #7759, .T. );
#8077=EDGE_CURVE ( 'NONE', #316, #4785, #6600, .T. );
#8078=ADVANCED_FACE ( 'NONE', ( #5391 ), #164, .F. );
#8079=FACE_OUTER_BOUND ( 'NONE', #5160, .T. );
#8080=ORIENTED_EDGE ( 'NONE', *, *, #603, .T. );
#8081=AXIS2_PLACEMENT_3D ( 'NONE', #429, #51, #32 );
#8082=PLANE ( 'NONE',  #4657 );
#8083=FACE_OUTER_BOUND ( 'NONE', #8283, .T. );
#8084=ADVANCED_FACE ( 'NONE', ( #5348 ), #1706, .T. );
#8085=LINE ( 'NONE', #4609, #4 );
#8086=ADVANCED_FACE ( 'NONE', ( #4001 ), #3335, .T. );
#8087=EDGE_LOOP ( 'NONE', ( #2721, #4250, #6354, #7786 ) );
#8088=ORIENTED_EDGE ( 'NONE', *, *, #8007, .F. );
#8089=ORIENTED_EDGE ( 'NONE', *, *, #3980, .F. );
#8090=LINE ( 'NONE', #1037, #6 );
#8091=LINE ( 'NONE', #67, #30 );
#8092=ORIENTED_EDGE ( 'NONE', *, *, #1523, .F. );
#8093=PLANE ( 'NONE',  #7687 );
#8094=EDGE_LOOP ( 'NONE', ( #368, #5587, #7386, #3147 ) );
#8095=EDGE_LOOP ( 'NONE', ( #7884, #6678, #5267, #8758 ) );
#8096=EDGE_CURVE ( 'NONE', #2407, #949, #6798, .T. );
#8097=FACE_OUTER_BOUND ( 'NONE', #1419, .T. );
#8098=AXIS2_PLACEMENT_3D ( 'NONE', #1336, #32, #5 );
#8099=STYLED_ITEM ( 'NONE', ( #320 ), #1269 );
#8100=ORIENTED_EDGE ( 'NONE', *, *, #5291, .F. );
#8101=ADVANCED_FACE ( 'NONE', ( #4323 ), #8495, .F. );
#8102=EDGE_CURVE ( 'NONE', #4785, #4202, #7016, .T. );
#8103=ORIENTED_EDGE ( 'NONE', *, *, #1951, .F. );
#8104=LINE ( 'NONE', #4664, #432 );
#8105=ORIENTED_EDGE ( 'NONE', *, *, #4940, .T. );
#8106=AXIS2_PLACEMENT_3D ( 'NONE', #518, #168, #128 );
#8107=VERTEX_POINT ( 'NONE', #5020 );
#8108=ORIENTED_EDGE ( 'NONE', *, *, #5071, .F. );
#8109=DIRECTION ( 'NONE',  ( -1.000000000000000000, 0.000000000000000000, -1.752245935330107688E-16 ) );
#8110=ORIENTED_EDGE ( 'NONE', *, *, #337, .T. );
#8111=LINE ( 'NONE', #2870, #6 );
#8112=FACE_OUTER_BOUND ( 'NONE', #5120, .T. );
#8113=VERTEX_POINT ( 'NONE', #2752 );
#8114=EDGE_CURVE ( 'NONE', #5084, #918, #1240, .T. );
#8115=CLOSED_SHELL ( 'NONE', ( #7097, #4607, #6881, #8778, #6633, #7445 ) );
#8116=SURFACE_SIDE_STYLE ('',( #7614 ) );
#8117=EDGE_LOOP ( 'NONE', ( #7768, #875, #3193, #1596 ) );
#8118=VERTEX_POINT ( 'NONE', #2354 );
#8119=EDGE_LOOP ( 'NONE', ( #5937, #3597, #791, #2637 ) );
#8120=ORIENTED_EDGE ( 'NONE', *, *, #7102, .T. );
#8121=ADVANCED_FACE ( 'NONE', ( #524 ), #4239, .T. );
#8122=ADVANCED_FACE ( 'NONE', ( #4870 ), #6842, .F. );
#8123=PLANE ( 'NONE',  #2731 );
#8124=AXIS2_PLACEMENT_3D ( 'NONE', #888, #526, #130 );
#8125=DIRECTION ( 'NONE',  ( 0.7071067811865427988, 0.000000000000000000, 0.7071067811865522357 ) );
#8126=ORIENTED_EDGE ( 'NONE', *, *, #5637, .T. );
#8127=EDGE_LOOP ( 'NONE', ( #1420, #6467, #5115, #7146 ) );
#8128=EDGE_LOOP ( 'NONE', ( #5235, #5931, #6470, #2761 ) );
#8129=EDGE_CURVE ( 'NONE', #5471, #1185, #8066, .T. );
#8130=EDGE_CURVE ( 'NONE', #8165, #534, #1351, .T. );
#8131=EDGE_CURVE ( 'NONE', #7278, #1120, #4961, .T. );
#8132=LINE ( 'NONE', #3381, #269 );
#8133=CARTESIAN_POINT ( 'NONE',  ( -3.024999999999999467, 0.1000000000000001027, 2.625000000000000444 ) );
#8134=LINE ( 'NONE', #3131, #4 );
#8135=VERTEX_POINT ( 'NONE', #1569 );
#8136=STYLED_ITEM ( 'NONE', ( #320 ), #7209 );
#8137=ORIENTED_EDGE ( 'NONE', *, *, #2173, .T. );
#8138=AXIS2_PLACEMENT_3D ( 'NONE', #1041, #45, #168 );
#8139=ORIENTED_EDGE ( 'NONE', *, *, #3293, .T. );
#8140=ADVANCED_FACE ( 'NONE', ( #7452 ), #1408, .F. );
#8141=FACE_OUTER_BOUND ( 'NONE', #6938, .T. );
#8142=FACE_OUTER_BOUND ( 'NONE', #3171, .T. );
#8143=AXIS2_PLACEMENT_3D ( 'NONE', #5415, #109, #21 );
#8144=FACE_OUTER_BOUND ( 'NONE', #4599, .T. );
#8145=ADVANCED_FACE ( 'NONE', ( #5714 ), #7405, .F. );
#8146=ADVANCED_FACE ( 'NONE', ( #5049 ), #6233, .F. );
#8147=ORIENTED_EDGE ( 'NONE', *, *, #310, .T. );
#8148=EDGE_CURVE ( 'NONE', #6484, #1350, #7489, .T. );
#8149=EDGE_LOOP ( 'NONE', ( #5882, #1036, #5290, #7985 ) );
#8150=DIRECTION ( 'NONE',  ( 1.000000000000000000, -0.000000000000000000, 8.761229676650540906E-17 ) );
#8151=LINE ( 'NONE', #4486, #1015 );
#8152=ORIENTED_EDGE ( 'NONE', *, *, #7667, .T. );
#8153=ORIENTED_EDGE ( 'NONE', *, *, #8071, .F. );
#8154=CARTESIAN_POINT ( 'NONE',  ( -3.024999999999999467, 0.000000000000000000, 1.625000000000001110 ) );
#8155=EDGE_CURVE ( 'NONE', #2950, #1920, #644, .T. );
#8156=VERTEX_POINT ( 'NONE', #367 );
#8157=CARTESIAN_POINT ( 'NONE',  ( 1.125000000000001332, 0.5716990566028306020, -3.025000000000000355 ) );
#8158=VERTEX_POINT ( 'NONE', #414 );
#8159=LINE ( 'NONE', #4256, #6 );
#8160=PLANE ( 'NONE',  #3896 );
#8161=LINE ( 'NONE', #2368, #1015 );
#8162=PLANE ( 'NONE',  #5550 );
#8163=EDGE_CURVE ( 'NONE', #2727, #4662, #5750, .T. );
#8164=ORIENTED_EDGE ( 'NONE', *, *, #7730, .T. );
#8165=VERTEX_POINT ( 'NONE', #5907 );
#8166=EDGE_CURVE ( 'NONE', #3659, #2589, #6518, .T. );
#8167=LINE ( 'NONE', #3055, #269 );
#8168=ORIENTED_EDGE ( 'NONE', *, *, #5581, .T. );
#8169=LINE ( 'NONE', #545, #58 );
#8170=EDGE_CURVE ( 'NONE', #5175, #6080, #2430, .T. );
#8171=FACE_OUTER_BOUND ( 'NONE', #8127, .T. );
#8172=VERTEX_POINT ( 'NONE', #5214 );
#8173=ADVANCED_FACE ( 'NONE', ( #3087 ), #7675, .T. );
#8174=ORIENTED_EDGE ( 'NONE', *, *, #1315, .F. );
#8175=VERTEX_POINT ( 'NONE', #5261 );
#8176=ORIENTED_EDGE ( 'NONE', *, *, #3509, .T. );
#8177=LINE ( 'NONE', #756, #4 );
#8178=FACE_OUTER_BOUND ( 'NONE', #4807, .T. );
#8179=ORIENTED_EDGE ( 'NONE', *, *, #2671, .F. );
#8180=FACE_OUTER_BOUND ( 'NONE', #8668, .T. );
#8181=EDGE_LOOP ( 'NONE', ( #6434, #2540, #1576, #7234 ) );
#8182=( GEOMETRIC_REPRESENTATION_CONTEXT ( 3 ) GLOBAL_UNCERTAINTY_ASSIGNED_CONTEXT ( ( #12 ) ) GLOBAL_UNIT_ASSIGNED_CONTEXT ( ( #359, #272, #78 ) ) REPRESENTATION_CONTEXT ( 'NONE', 'WORKASPACE' ) );
#8183=FACE_OUTER_BOUND ( 'NONE', #3989, .T. );
#8184=EDGE_CURVE ( 'NONE', #4984, #2727, #1521, .T. );
#8185=VERTEX_POINT ( 'NONE', #1444 );
#8186=EDGE_CURVE ( 'NONE', #6853, #1642, #5867, .T. );
#8187=ADVANCED_FACE ( 'NONE', ( #3186 ), #1575, .T. );
#8188=EDGE_CURVE ( 'NONE', #1395, #289, #4518, .T. );
#8189=ORIENTED_EDGE ( 'NONE', *, *, #8524, .F. );
#8190=PRESENTATION_LAYER_ASSIGNMENT (  '', '', ( #6515 ) );
#8191=FACE_OUTER_BOUND ( 'NONE', #4027, .T. );
#8192=EDGE_LOOP ( 'NONE', ( #3779, #428, #5645, #3899 ) );
#8193=VERTEX_POINT ( 'NONE', #2336 );
#8194=LINE ( 'NONE', #1083, #30 );
#8195=EDGE_LOOP ( 'NONE', ( #3828, #8070, #4819, #8189 ) );
#8196=FACE_OUTER_BOUND ( 'NONE', #5444, .T. );
#8197=ADVANCED_FACE ( 'NONE', ( #8206 ), #693, .F. );
#8198=ORIENTED_EDGE ( 'NONE', *, *, #3016, .F. );
#8199=AXIS2_PLACEMENT_3D ( 'NONE', #2362, #5, #128 );
#8200=FACE_OUTER_BOUND ( 'NONE', #7793, .T. );
#8201=FACE_OUTER_BOUND ( 'NONE', #8059, .T. );
#8202=ORIENTED_EDGE ( 'NONE', *, *, #4834, .T. );
#8203=LINE ( 'NONE', #685, #4 );
#8204=VERTEX_POINT ( 'NONE', #5798 );
#8205=EDGE_LOOP ( 'NONE', ( #3608, #3839, #4605, #2760 ) );
#8206=FACE_OUTER_BOUND ( 'NONE', #4170, .T. );
#8207=ORIENTED_EDGE ( 'NONE', *, *, #3002, .T. );
#8208=ADVANCED_FACE ( 'NONE', ( #8652 ), #1735, .T. );
#8209=EDGE_CURVE ( 'NONE', #6573, #7182, #4423, .T. );
#8210=PRESENTATION_LAYER_ASSIGNMENT (  '', '', ( #1788 ) );
#8211=LINE ( 'NONE', #1495, #30 );
#8212=LINE ( 'NONE', #5313, #4 );
#8213=PLANE ( 'NONE',  #1989 );
#8214=ORIENTED_EDGE ( 'NONE', *, *, #6063, .T. );
#8215=STYLED_ITEM ( 'NONE', ( #320 ), #6070 );
#8216=EDGE_LOOP ( 'NONE', ( #1069, #4819, #6174, #6733 ) );
#8217=EDGE_LOOP ( 'NONE', ( #2606, #1875, #6911, #567 ) );
#8218=ADVANCED_FACE ( 'NONE', ( #8341 ), #385, .F. );
#8219=FACE_OUTER_BOUND ( 'NONE', #3751, .T. );
#8220=ORIENTED_EDGE ( 'NONE', *, *, #6742, .F. );
#8221=STYLED_ITEM ( 'NONE', ( #320 ), #1719 );
#8222=ORIENTED_EDGE ( 'NONE', *, *, #6134, .F. );
#8223=VERTEX_POINT ( 'NONE', #151 );
#8224=LINE ( 'NONE', #6781, #166 );
#8225=CLOSED_SHELL ( 'NONE', ( #5336, #8494, #8667, #5585, #6847, #4405 ) );
#8226=ADVANCED_FACE ( 'NONE', ( #8511 ), #6553, .F. );
#8227=PLANE ( 'NONE',  #4519 );
#8228=EDGE_LOOP ( 'NONE', ( #1137, #7688, #7690, #4499 ) );
#8229=PLANE ( 'NONE',  #2652 );
#8230=LINE ( 'NONE', #560, #4 );
#8231=ADVANCED_FACE ( 'NONE', ( #5952 ), #1211, .F. );
#8232=EDGE_CURVE ( 'NONE', #7869, #2537, #3948, .T. );
#8233=LINE ( 'NONE', #137, #200 );
#8234=ORIENTED_EDGE ( 'NONE', *, *, #5606, .T. );
#8235=EDGE_CURVE ( 'NONE', #7917, #2832, #3544, .T. );
#8236=LINE ( 'NONE', #2172, #4 );
#8237=FACE_OUTER_BOUND ( 'NONE', #951, .T. );
#8238=LINE ( 'NONE', #657, #166 );
#8239=FACE_OUTER_BOUND ( 'NONE', #1317, .T. );
#8240=PLANE ( 'NONE',  #2879 );
#8241=ORIENTED_EDGE ( 'NONE', *, *, #911, .T. );
#8242=ORIENTED_EDGE ( 'NONE', *, *, #3804, .T. );
#8243=ORIENTED_EDGE ( 'NONE', *, *, #1188, .F. );
#8244=EDGE_LOOP ( 'NONE', ( #4841, #5806, #1164, #3820 ) );
#8245=VERTEX_POINT ( 'NONE', #3302 );
#8246=LINE ( 'NONE', #99, #432 );
#8247=AXIS2_PLACEMENT_3D ( 'NONE', #669, #109, #21 );
#8248=STYLED_ITEM ( 'NONE', ( #320 ), #7245 );
#8249=ORIENTED_EDGE ( 'NONE', *, *, #8632, .T. );
#8250=EDGE_CURVE ( 'NONE', #253, #5307, #8481, .T. );
#8251=ORIENTED_EDGE ( 'NONE', *, *, #5305, .T. );
#8252=EDGE_CURVE ( 'NONE', #7661, #552, #5986, .T. );
#8253=LINE ( 'NONE', #2852, #6 );
#8254=AXIS2_PLACEMENT_3D ( 'NONE', #778, #32, #5 );
#8255=MECHANICAL_DESIGN_GEOMETRIC_PRESENTATION_REPRESENTATION (  '', ( #4549 ), #3073 );
#8256=PLANE ( 'NONE',  #3667 );
#8257=PLANE ( 'NONE',  #3776 );
#8258=PLANE ( 'NONE',  #7495 );
#8259=ORIENTED_EDGE ( 'NONE', *, *, #3678, .F. );
#8260=ORIENTED_EDGE ( 'NONE', *, *, #8330, .T. );
#8261=EDGE_CURVE ( 'NONE', #2395, #5823, #2519, .T. );
#8262=ORIENTED_EDGE ( 'NONE', *, *, #8405, .F. );
#8263=EDGE_CURVE ( 'NONE', #4157, #3778, #5504, .T. );
#8264=PLANE ( 'NONE',  #8254 );
#8265=LINE ( 'NONE', #3478, #224 );
#8266=ORIENTED_EDGE ( 'NONE', *, *, #1650, .T. );
#8267=EDGE_LOOP ( 'NONE', ( #537, #2182 ) );
#8268=LINE ( 'NONE', #2221, #6 );
#8269=AXIS2_PLACEMENT_3D ( 'NONE', #493, #45, #168 );
#8270=ORIENTED_EDGE ( 'NONE', *, *, #7702, .F. );
#8271=LINE ( 'NONE', #440, #6 );
#8272=ORIENTED_EDGE ( 'NONE', *, *, #4776, .T. );
#8273=VERTEX_POINT ( 'NONE', #4326 );
#8274=PLANE ( 'NONE',  #4894 );
#8275=ORIENTED_EDGE ( 'NONE', *, *, #4251, .T. );
#8276=PLANE ( 'NONE',  #6851 );
#8277=AXIS2_PLACEMENT_3D ( 'NONE', #5216, #45, #168 );
#8278=EDGE_CURVE ( 'NONE', #4579, #849, #6590, .T. );
#8279=ORIENTED_EDGE ( 'NONE', *, *, #6471, .F. );
#8280=AXIS2_PLACEMENT_3D ( 'NONE', #4668, #46, #21 );
#8281=ORIENTED_EDGE ( 'NONE', *, *, #149, .T. );
#8282=EDGE_CURVE ( 'NONE', #6167, #2239, #952, .T. );
#8283=EDGE_LOOP ( 'NONE', ( #6526, #8207, #5345, #7163 ) );
#8284=VERTEX_POINT ( 'NONE', #292 );
#8285=EDGE_LOOP ( 'NONE', ( #325, #505, #334, #1200 ) );
#8286=ORIENTED_EDGE ( 'NONE', *, *, #280, .F. );
#8287=FACE_OUTER_BOUND ( 'NONE', #3570, .T. );
#8288=ORIENTED_EDGE ( 'NONE', *, *, #3855, .T. );
#8289=ADVANCED_FACE ( 'NONE', ( #5649 ), #5070, .F. );
#8290=ORIENTED_EDGE ( 'NONE', *, *, #7461, .F. );
#8291=ORIENTED_EDGE ( 'NONE', *, *, #236, .F. );
#8292=ORIENTED_EDGE ( 'NONE', *, *, #77, .F. );
#8293=CARTESIAN_POINT ( 'NONE',  ( -3.424999999999999822, 0.000000000000000000, 2.625000000000000000 ) );
#8294=ORIENTED_EDGE ( 'NONE', *, *, #7897, .F. );
#8295=EDGE_LOOP ( 'NONE', ( #681, #1122, #4857, #5218 ) );
#8296=LINE ( 'NONE', #727, #30 );
#8297=FACE_OUTER_BOUND ( 'NONE', #7462, .T. );
#8298=EDGE_CURVE ( 'NONE', #1081, #762, #556, .T. );
#8299=FACE_OUTER_BOUND ( 'NONE', #906, .T. );
#8300=EDGE_CURVE ( 'NONE', #3448, #5760, #6262, .T. );
#8301=( GEOMETRIC_REPRESENTATION_CONTEXT ( 3 ) GLOBAL_UNCERTAINTY_ASSIGNED_CONTEXT ( ( #12 ) ) GLOBAL_UNIT_ASSIGNED_CONTEXT ( ( #359, #272, #78 ) ) REPRESENTATION_CONTEXT ( 'NONE', 'WORKASPACE' ) );
#8302=AXIS2_PLACEMENT_3D ( 'NONE', #1603, #32, #5 );
#8303=LINE ( 'NONE', #1392, #269 );
#8304=FACE_OUTER_BOUND ( 'NONE', #8195, .T. );
#8305=ADVANCED_FACE ( 'NONE', ( #3587 ), #4989, .T. );
#8306=ORIENTED_EDGE ( 'NONE', *, *, #805, .F. );
#8307=ADVANCED_FACE ( 'NONE', ( #1384 ), #5691, .F. );
#8308=LINE ( 'NONE', #4079, #207 );
#8309=ORIENTED_EDGE ( 'NONE', *, *, #2088, .T. );
#8310=EDGE_LOOP ( 'NONE', ( #599, #8470, #740, #750 ) );
#8311=LINE ( 'NONE', #709, #6 );
#8312=ORIENTED_EDGE ( 'NONE', *, *, #3093, .F. );
#8313=EDGE_CURVE ( 'NONE', #7566, #2217, #621, .T. );
#8314=ORIENTED_EDGE ( 'NONE', *, *, #3238, .T. );
#8315=EDGE_LOOP ( 'NONE', ( #6822, #5298, #5858, #1303 ) );
#8316=EDGE_CURVE ( 'NONE', #3197, #7182, #1492, .T. );
#8317=LINE ( 'NONE', #1754, #166 );
#8318=PLANE ( 'NONE',  #6311 );
#8319=ORIENTED_EDGE ( 'NONE', *, *, #4016, .T. );
#8320=VERTEX_POINT ( 'NONE', #3261 );
#8321=EDGE_LOOP ( 'NONE', ( #5787, #160, #998, #3798 ) );
#8322=EDGE_CURVE ( 'NONE', #4328, #7628, #4269, .T. );
#8323=ORIENTED_EDGE ( 'NONE', *, *, #8263, .F. );
#8324=PLANE ( 'NONE',  #8280 );
#8325=FACE_BOUND ( 'NONE', #8505, .T. );
#8326=PLANE ( 'NONE',  #3493 );
#8327=ORIENTED_EDGE ( 'NONE', *, *, #6954, .F. );
#8328=LINE ( 'NONE', #1275, #83 );
#8329=AXIS2_PLACEMENT_3D ( 'NONE', #1991, #130, #46 );
#8330=EDGE_CURVE ( 'NONE', #6688, #1906, #4199, .T. );
#8331=ORIENTED_EDGE ( 'NONE', *, *, #8671, .F. );
#8332=EDGE_CURVE ( 'NONE', #8367, #6902, #6848, .T. );
#8333=EDGE_LOOP ( 'NONE', ( #1328, #6877, #6418, #7423 ) );
#8334=ORIENTED_EDGE ( 'NONE', *, *, #201, .T. );
#8335=EDGE_LOOP ( 'NONE', ( #464, #6409, #6183, #5961 ) );
#8336=AXIS2_PLACEMENT_3D ( 'NONE', #2780, #46, #21 );
#8337=ORIENTED_EDGE ( 'NONE', *, *, #5411, .F. );
#8338=AXIS2_PLACEMENT_3D ( 'NONE', #3770, #32, #5 );
#8339=ADVANCED_FACE ( 'NONE', ( #4838 ), #1253, .T. );
#8340=ADVANCED_FACE ( 'NONE', ( #4922 ), #4877, .T. );
#8341=FACE_OUTER_BOUND ( 'NONE', #7581, .T. );
#8342=ORIENTED_EDGE ( 'NONE', *, *, #6319, .F. );
#8343=AXIS2_PLACEMENT_3D ( 'NONE', #4271, #526, #130 );
#8344=ORIENTED_EDGE ( 'NONE', *, *, #1903, .F. );
#8345=VERTEX_POINT ( 'NONE', #2007 );
#8346=LINE ( 'NONE', #345, #30 );
#8347=ORIENTED_EDGE ( 'NONE', *, *, #1519, .F. );
#8348=ADVANCED_FACE ( 'NONE', ( #6725 ), #5625, .F. );
#8349=FACE_OUTER_BOUND ( 'NONE', #4898, .T. );
#8350=EDGE_LOOP ( 'NONE', ( #2949, #7616, #108, #8222 ) );
#8351=PLANE ( 'NONE',  #7411 );
#8352=EDGE_CURVE ( 'NONE', #8411, #1632, #3528, .T. );
#8353=ORIENTED_EDGE ( 'NONE', *, *, #2723, .F. );
#8354=EDGE_CURVE ( 'NONE', #850, #2239, #6199, .T. );
#8355=ORIENTED_EDGE ( 'NONE', *, *, #694, .F. );
#8356=ORIENTED_EDGE ( 'NONE', *, *, #7829, .T. );
#8357=LINE ( 'NONE', #1201, #6 );
#8358=EDGE_LOOP ( 'NONE', ( #3558, #1070, #2438, #5756 ) );
#8359=LINE ( 'NONE', #265, #206 );
#8360=EDGE_LOOP ( 'NONE', ( #7647, #1998, #8013, #3910 ) );
#8361=FACE_OUTER_BOUND ( 'NONE', #7354, .T. );
#8362=ORIENTED_EDGE ( 'NONE', *, *, #8322, .F. );
#8363=EDGE_CURVE ( 'NONE', #6484, #7929, #7907, .T. );
#8364=EDGE_LOOP ( 'NONE', ( #2425, #1572, #1988, #6059 ) );
#8365=LINE ( 'NONE', #1234, #6676 );
#8366=ORIENTED_EDGE ( 'NONE', *, *, #7656, .F. );
#8367=VERTEX_POINT ( 'NONE', #4968 );
#8368=EDGE_CURVE ( 'NONE', #6562, #6713, #1449, .T. );
#8369=ORIENTED_EDGE ( 'NONE', *, *, #4144, .F. );
#8370=LINE ( 'NONE', #3677, #30 );
#8371=EDGE_CURVE ( 'NONE', #5607, #7572, #4792, .T. );
#8372=CARTESIAN_POINT ( 'NONE',  ( 2.625000000000001332, 0.000000000000000000, 3.425000000000001599 ) );
#8373=LINE ( 'NONE', #2511, #30 );
#8374=EDGE_LOOP ( 'NONE', ( #5687, #6450, #4575, #1190 ) );
#8375=ORIENTED_EDGE ( 'NONE', *, *, #8170, .F. );
#8376=VERTEX_POINT ( 'NONE', #1939 );
#8377=ORIENTED_EDGE ( 'NONE', *, *, #1102, .T. );
#8378=LINE ( 'NONE', #904, #4 );
#8379=LINE ( 'NONE', #1603, #4 );
#8380=FACE_OUTER_BOUND ( 'NONE', #369, .T. );
#8381=ADVANCED_FACE ( 'NONE', ( #7945 ), #5579, .F. );
#8382=CARTESIAN_POINT ( 'NONE',  ( 2.625000000000000444, 0.000000000000000000, -3.425000000000001155 ) );
#8383=EDGE_CURVE ( 'NONE', #1284, #8029, #1360, .T. );
#8384=ORIENTED_EDGE ( 'NONE', *, *, #6353, .T. );
#8385=ORIENTED_EDGE ( 'NONE', *, *, #3174, .T. );
#8386=FACE_OUTER_BOUND ( 'NONE', #3724, .T. );
#8387=ORIENTED_EDGE ( 'NONE', *, *, #3685, .F. );
#8388=PLANE ( 'NONE',  #6657 );
#8389=ORIENTED_EDGE ( 'NONE', *, *, #3781, .F. );
#8390=PRODUCT ( 'ESP32-PICO-V3-02', 'ESP32-PICO-V3-02', '', ( #3473 ) );
#8391=CARTESIAN_POINT ( 'NONE',  ( 2.625000000000001776, 0.09999999999999999167, 3.425000000000001599 ) );
#8392=EDGE_CURVE ( 'NONE', #5008, #405, #3390, .T. );
#8393=ADVANCED_FACE ( 'NONE', ( #6085 ), #4108, .F. );
#8394=EDGE_LOOP ( 'NONE', ( #8074, #7213, #6530, #1237 ) );
#8395=ORIENTED_EDGE ( 'NONE', *, *, #2457, .F. );
#8396=EDGE_LOOP ( 'NONE', ( #3955, #6280, #7426, #4381 ) );
#8397=FACE_OUTER_BOUND ( 'NONE', #5664, .T. );
#8398=ORIENTED_EDGE ( 'NONE', *, *, #8764, .T. );
#8399=FACE_OUTER_BOUND ( 'NONE', #3409, .T. );
#8400=EDGE_CURVE ( 'NONE', #7710, #1928, #5755, .T. );
#8401=LINE ( 'NONE', #1199, #4 );
#8402=ORIENTED_EDGE ( 'NONE', *, *, #8042, .F. );
#8403=CARTESIAN_POINT ( 'NONE',  ( -2.874999999999998668, 0.09999999999999999167, -3.425000000000000711 ) );
#8404=ORIENTED_EDGE ( 'NONE', *, *, #4122, .T. );
#8405=EDGE_CURVE ( 'NONE', #5328, #3546, #6285, .T. );
#8406=EDGE_CURVE ( 'NONE', #2239, #5206, #3740, .T. );
#8407=STYLED_ITEM ( 'NONE', ( #320 ), #4355 );
#8408=LINE ( 'NONE', #2876, #30 );
#8409=AXIS2_PLACEMENT_3D ( 'NONE', #823, #32, #5 );
#8410=ORIENTED_EDGE ( 'NONE', *, *, #2925, .F. );
#8411=VERTEX_POINT ( 'NONE', #5137 );
#8412=FACE_OUTER_BOUND ( 'NONE', #4337, .T. );
#8413=LINE ( 'NONE', #2270, #30 );
#8414=ORIENTED_EDGE ( 'NONE', *, *, #3913, .F. );
#8415=ORIENTED_EDGE ( 'NONE', *, *, #3255, .T. );
#8416=VERTEX_POINT ( 'NONE', #1708 );
#8417=ORIENTED_EDGE ( 'NONE', *, *, #5092, .F. );
#8418=EDGE_LOOP ( 'NONE', ( #120, #2869, #1220, #4362 ) );
#8419=ORIENTED_EDGE ( 'NONE', *, *, #2900, .F. );
#8420=ORIENTED_EDGE ( 'NONE', *, *, #8647, .F. );
#8421=LINE ( 'NONE', #421, #58 );
#8422=LINE ( 'NONE', #1685, #83 );
#8423=ADVANCED_FACE ( 'NONE', ( #2195 ), #3096, .T. );
#8424=ORIENTED_EDGE ( 'NONE', *, *, #2517, .F. );
#8425=LINE ( 'NONE', #4383, #795 );
#8426=LINE ( 'NONE', #406, #6 );
#8427=EDGE_LOOP ( 'NONE', ( #2296, #1320, #2520, #1002 ) );
#8428=ORIENTED_EDGE ( 'NONE', *, *, #6858, .F. );
#8429=ORIENTED_EDGE ( 'NONE', *, *, #4068, .F. );
#8430=EDGE_LOOP ( 'NONE', ( #6714, #8605, #7636, #5543 ) );
#8431=LINE ( 'NONE', #518, #4 );
#8432=ORIENTED_EDGE ( 'NONE', *, *, #7816, .F. );
#8433=EDGE_CURVE ( 'NONE', #6504, #346, #5174, .T. );
#8434=EDGE_CURVE ( 'NONE', #4037, #5683, #2295, .T. );
#8435=EDGE_CURVE ( 'NONE', #6335, #6738, #6402, .T. );
#8436=FACE_OUTER_BOUND ( 'NONE', #8473, .T. );
#8437=AXIS2_PLACEMENT_3D ( 'NONE', #142, #51, #32 );
#8438=ORIENTED_EDGE ( 'NONE', *, *, #6212, .F. );
#8439=( GEOMETRIC_REPRESENTATION_CONTEXT ( 3 ) GLOBAL_UNCERTAINTY_ASSIGNED_CONTEXT ( ( #12 ) ) GLOBAL_UNIT_ASSIGNED_CONTEXT ( ( #359, #272, #78 ) ) REPRESENTATION_CONTEXT ( 'NONE', 'WORKASPACE' ) );
#8440=FACE_OUTER_BOUND ( 'NONE', #5788, .T. );
#8441=EDGE_LOOP ( 'NONE', ( #1381, #5109, #4644, #760 ) );
#8442=AXIS2_PLACEMENT_3D ( 'NONE', #1958, #168, #128 );
#8443=ADVANCED_FACE ( 'NONE', ( #7610 ), #759, .T. );
#8444=AXIS2_PLACEMENT_3D ( 'NONE', #8463, #109, #21 );
#8445=MECHANICAL_DESIGN_GEOMETRIC_PRESENTATION_REPRESENTATION (  '', ( #7035 ), #6149 );
#8446=PLANE ( 'NONE',  #6917 );
#8447=EDGE_CURVE ( 'NONE', #7572, #7726, #2960, .T. );
#8448=AXIS2_PLACEMENT_3D ( 'NONE', #3592, #3, #86 );
#8449=LINE ( 'NONE', #451, #365 );
#8450=ORIENTED_EDGE ( 'NONE', *, *, #8352, .T. );
#8451=AXIS2_PLACEMENT_3D ( 'NONE', #2294, #2843, #182 );
#8452=ADVANCED_FACE ( 'NONE', ( #703 ), #3879, .T. );
#8453=ORIENTED_EDGE ( 'NONE', *, *, #8696, .T. );
#8454=AXIS2_PLACEMENT_3D ( 'NONE', #604, #5, #128 );
#8455=EDGE_LOOP ( 'NONE', ( #3183, #8677, #8281, #2079 ) );
#8456=LINE ( 'NONE', #848, #260 );
#8457=EDGE_CURVE ( 'NONE', #5594, #4295, #2344, .T. );
#8458=ORIENTED_EDGE ( 'NONE', *, *, #7936, .T. );
#8459=ORIENTED_EDGE ( 'NONE', *, *, #8188, .F. );
#8460=CARTESIAN_POINT ( 'NONE',  ( -1.874999999999997780, 0.5716990566028306020, 3.425000000000001599 ) );
#8461=SHAPE_DEFINITION_REPRESENTATION ( #7711, #6070 );
#8462=EDGE_LOOP ( 'NONE', ( #7160, #6086, #2713, #1545 ) );
#8463=CARTESIAN_POINT ( 'NONE',  ( -2.374999999999998668, 0.5716990566028306020, -3.025000000000000355 ) );
#8464=AXIS2_PLACEMENT_3D ( 'NONE', #2315, #3, #86 );
#8465=ORIENTED_EDGE ( 'NONE', *, *, #8622, .T. );
#8466=FACE_OUTER_BOUND ( 'NONE', #8779, .T. );
#8467=ORIENTED_EDGE ( 'NONE', *, *, #6619, .T. );
#8468=EDGE_CURVE ( 'NONE', #3664, #6201, #3699, .T. );
#8469=EDGE_LOOP ( 'NONE', ( #4400, #1806, #1189, #8556 ) );
#8470=ORIENTED_EDGE ( 'NONE', *, *, #1966, .T. );
#8471=ORIENTED_EDGE ( 'NONE', *, *, #3565, .T. );
#8472=FACE_OUTER_BOUND ( 'NONE', #5344, .T. );
#8473=EDGE_LOOP ( 'NONE', ( #6151, #7313, #5274, #7583 ) );
#8474=EDGE_LOOP ( 'NONE', ( #5467, #8356, #305, #8705 ) );
#8475=EDGE_CURVE ( 'NONE', #2775, #2448, #1847, .T. );
#8476=AXIS2_PLACEMENT_3D ( 'NONE', #2387, #130, #46 );
#8477=ADVANCED_FACE ( 'NONE', ( #2567 ), #1706, .F. );
#8478=LINE ( 'NONE', #4980, #269 );
#8479=EDGE_CURVE ( 'NONE', #8751, #7290, #962, .T. );
#8480=AXIS2_PLACEMENT_3D ( 'NONE', #1718, #46, #21 );
#8481=LINE ( 'NONE', #5299, #432 );
#8482=ORIENTED_EDGE ( 'NONE', *, *, #1650, .F. );
#8483=FACE_OUTER_BOUND ( 'NONE', #1571, .T. );
#8484=EDGE_CURVE ( 'NONE', #6853, #1342, #2486, .T. );
#8485=LINE ( 'NONE', #451, #4 );
#8486=LINE ( 'NONE', #2765, #4 );
#8487=MECHANICAL_DESIGN_GEOMETRIC_PRESENTATION_REPRESENTATION (  '', ( #6583 ), #7076 );
#8488=LINE ( 'NONE', #1931, #432 );
#8489=ORIENTED_EDGE ( 'NONE', *, *, #1391, .F. );
#8490=ORIENTED_EDGE ( 'NONE', *, *, #2077, .T. );
#8491=EDGE_CURVE ( 'NONE', #1476, #2594, #3284, .T. );
#8492=ADVANCED_FACE ( 'NONE', ( #3861 ), #2437, .F. );
#8493=ORIENTED_EDGE ( 'NONE', *, *, #3907, .T. );
#8494=ADVANCED_FACE ( 'NONE', ( #6561 ), #33, .F. );
#8495=PLANE ( 'NONE',  #8538 );
#8496=ORIENTED_EDGE ( 'NONE', *, *, #7924, .F. );
#8497=CARTESIAN_POINT ( 'NONE',  ( 3.424999999999999822, 0.1000000000000001027, 2.875000000000000444 ) );
#8498=ORIENTED_EDGE ( 'NONE', *, *, #711, .F. );
#8499=EDGE_LOOP ( 'NONE', ( #3883, #3083, #3679, #5223 ) );
#8500=VERTEX_POINT ( 'NONE', #1199 );
#8501=ORIENTED_EDGE ( 'NONE', *, *, #4543, .F. );
#8502=LINE ( 'NONE', #2158, #4 );
#8503=PLANE ( 'NONE',  #4481 );
#8504=EDGE_LOOP ( 'NONE', ( #5672, #584, #8746, #2641 ) );
#8505=EDGE_LOOP ( 'NONE', ( #1148, #250, #3488, #6354 ) );
#8506=ADVANCED_FACE ( 'NONE', ( #7682 ), #1692, .F. );
#8507=LINE ( 'NONE', #5544, #365 );
#8508=EDGE_LOOP ( 'NONE', ( #5511, #2975, #1933, #1889 ) );
#8509=ORIENTED_EDGE ( 'NONE', *, *, #4832, .T. );
#8510=EDGE_LOOP ( 'NONE', ( #7199, #3999, #6172, #4464 ) );
#8511=FACE_OUTER_BOUND ( 'NONE', #6948, .T. );
#8512=EDGE_CURVE ( 'NONE', #6695, #5580, #5876, .T. );
#8513=EDGE_CURVE ( 'NONE', #7832, #8345, #7095, .T. );
#8514=EDGE_CURVE ( 'NONE', #4320, #1985, #1742, .T. );
#8515=PLANE ( 'NONE',  #1099 );
#8516=ORIENTED_EDGE ( 'NONE', *, *, #6295, .F. );
#8517=ORIENTED_EDGE ( 'NONE', *, *, #6369, .F. );
#8518=ORIENTED_EDGE ( 'NONE', *, *, #4803, .T. );
#8519=ORIENTED_EDGE ( 'NONE', *, *, #5337, .F. );
#8520=EDGE_CURVE ( 'NONE', #2323, #494, #2712, .T. );
#8521=EDGE_CURVE ( 'NONE', #3764, #242, #6231, .T. );
#8522=PRESENTATION_LAYER_ASSIGNMENT (  '', '', ( #8407 ) );
#8523=MECHANICAL_DESIGN_GEOMETRIC_PRESENTATION_REPRESENTATION (  '', ( #6108 ), #5726 );
#8524=EDGE_CURVE ( 'NONE', #2361, #4970, #3470, .T. );
#8525=ORIENTED_EDGE ( 'NONE', *, *, #8250, .T. );
#8526=ORIENTED_EDGE ( 'NONE', *, *, #8690, .F. );
#8527=ORIENTED_EDGE ( 'NONE', *, *, #3757, .F. );
#8528=CARTESIAN_POINT ( 'NONE',  ( 0.000000000000000000, 0.1000000000000000056, 3.000000000000000000 ) );
#8529=VERTEX_POINT ( 'NONE', #1066 );
#8530=AXIS2_PLACEMENT_3D ( 'NONE', #387, #21, #526 );
#8531=EDGE_CURVE ( 'NONE', #1831, #2403, #1117, .T. );
#8532=EDGE_LOOP ( 'NONE', ( #7858, #3638, #1535, #5567 ) );
#8533=EDGE_LOOP ( 'NONE', ( #2690, #3099, #3605, #2233 ) );
#8534=LINE ( 'NONE', #2362, #30 );
#8535=ADVANCED_FACE ( 'NONE', ( #1173 ), #4045, .F. );
#8536=LINE ( 'NONE', #2825, #4 );
#8537=CARTESIAN_POINT ( 'NONE',  ( -3.424999999999999822, 0.1000000000000001027, 2.875000000000000444 ) );
#8538=AXIS2_PLACEMENT_3D ( 'NONE', #1324, #32, #5 );
#8539=VERTEX_POINT ( 'NONE', #6159 );
#8540=EDGE_CURVE ( 'NONE', #7589, #1817, #7861, .T. );
#8541=LINE ( 'NONE', #1446, #795 );
#8542=VERTEX_POINT ( 'NONE', #1773 );
#8543=LINE ( 'NONE', #1366, #4 );
#8544=FACE_BOUND ( 'NONE', #8072, .T. );
#8545=PLANE ( 'NONE',  #6242 );
#8546=CARTESIAN_POINT ( 'NONE',  ( -3.024999999999999467, 0.1000000000000001027, 1.875000000000001332 ) );
#8547=ADVANCED_FACE ( 'NONE', ( #7329 ), #2757, .F. );
#8548=ORIENTED_EDGE ( 'NONE', *, *, #1913, .F. );
#8549=STYLED_ITEM ( 'NONE', ( #320 ), #1228 );
#8550=ADVANCED_FACE ( 'NONE', ( #4739 ), #281, .T. );
#8551=COLOUR_RGB ( '',0.2509803921568627416, 0.2509803921568627416, 0.2509803921568627416 );
#8552=VERTEX_POINT ( 'NONE', #341 );
#8553=VECTOR ( 'NONE', #2956, 1000.000000000000000 );
#8554=EDGE_CURVE ( 'NONE', #4297, #2617, #5475, .T. );
#8555=LINE ( 'NONE', #641, #6 );
#8556=ORIENTED_EDGE ( 'NONE', *, *, #8475, .F. );
#8557=EDGE_CURVE ( 'NONE', #7589, #6297, #1992, .T. );
#8558=AXIS2_PLACEMENT_3D ( 'NONE', #4658, #130, #46 );
#8559=CLOSED_SHELL ( 'NONE', ( #5552, #5731, #7635, #6607, #4901, #5617 ) );
#8560=PLANE ( 'NONE',  #8688 );
#8561=AXIS2_PLACEMENT_3D ( 'NONE', #6352, #585, #105 );
#8562=LINE ( 'NONE', #7783, #6 );
#8563=ORIENTED_EDGE ( 'NONE', *, *, #5033, .F. );
#8564=EDGE_CURVE ( 'NONE', #692, #5084, #3559, .T. );
#8565=ORIENTED_EDGE ( 'NONE', *, *, #1689, .F. );
#8566=LINE ( 'NONE', #1916, #30 );
#8567=FACE_OUTER_BOUND ( 'NONE', #1485, .T. );
#8568=EDGE_CURVE ( 'NONE', #6690, #1461, #6792, .T. );
#8569=EDGE_LOOP ( 'NONE', ( #7211, #690, #4772, #6694 ) );
#8570=FACE_OUTER_BOUND ( 'NONE', #7560, .T. );
#8571=AXIS2_PLACEMENT_3D ( 'NONE', #3444, #3, #86 );
#8572=CARTESIAN_POINT ( 'NONE',  ( -0.3749999999999986122, 0.09999999999999999167, -3.425000000000000711 ) );
#8573=FACE_OUTER_BOUND ( 'NONE', #7052, .T. );
#8574=ORIENTED_EDGE ( 'NONE', *, *, #2933, .T. );
#8575=LINE ( 'NONE', #1490, #30 );
#8576=ORIENTED_EDGE ( 'NONE', *, *, #7510, .F. );
#8577=FACE_BOUND ( 'NONE', #8723, .T. );
#8578=ADVANCED_FACE ( 'NONE', ( #8027 ), #8590, .T. );
#8579=LINE ( 'NONE', #1444, #4 );
#8580=ORIENTED_EDGE ( 'NONE', *, *, #6524, .T. );
#8581=ORIENTED_EDGE ( 'NONE', *, *, #8322, .T. );
#8582=ORIENTED_EDGE ( 'NONE', *, *, #7429, .T. );
#8583=ORIENTED_EDGE ( 'NONE', *, *, #851, .F. );
#8584=LINE ( 'NONE', #1134, #4 );
#8585=ADVANCED_FACE ( 'NONE', ( #1458 ), #3360, .T. );
#8586=FACE_OUTER_BOUND ( 'NONE', #780, .T. );
#8587=ORIENTED_EDGE ( 'NONE', *, *, #2113, .T. );
#8588=PLANE ( 'NONE',  #2067 );
#8589=MECHANICAL_DESIGN_GEOMETRIC_PRESENTATION_REPRESENTATION (  '', ( #632 ), #5244 );
#8590=PLANE ( 'NONE',  #7757 );
#8591=VERTEX_POINT ( 'NONE', #2651 );
#8592=EDGE_CURVE ( 'NONE', #2589, #6147, #5127, .T. );
#8593=FACE_OUTER_BOUND ( 'NONE', #7169, .T. );
#8594=ADVANCED_FACE ( 'NONE', ( #517 ), #640, .F. );
#8595=EDGE_CURVE ( 'NONE', #8284, #6768, #2140, .T. );
#8596=FACE_OUTER_BOUND ( 'NONE', #7064, .T. );
#8597=LINE ( 'NONE', #981, #200 );
#8598=EDGE_LOOP ( 'NONE', ( #2371, #5027, #3258, #1339 ) );
#8599=EDGE_LOOP ( 'NONE', ( #1283, #7222, #2725, #7106 ) );
#8600=ORIENTED_EDGE ( 'NONE', *, *, #3098, .F. );
#8601=CARTESIAN_POINT ( 'NONE',  ( -3.024999999999999467, 0.1000000000000001027, 2.375000000000000888 ) );
#8602=LINE ( 'NONE', #1468, #224 );
#8603=ADVANCED_FACE ( 'NONE', ( #8620 ), #394, .F. );
#8604=ORIENTED_EDGE ( 'NONE', *, *, #7429, .F. );
#8605=ORIENTED_EDGE ( 'NONE', *, *, #5146, .T. );
#8606=LINE ( 'NONE', #672, #58 );
#8607=ADVANCED_FACE ( 'NONE', ( #6276 ), #749, .T. );
#8608=PLANE ( 'NONE',  #7899 );
#8609=PLANE ( 'NONE',  #6547 );
#8610=EDGE_LOOP ( 'NONE', ( #4588, #4321, #4482, #4733 ) );
#8611=PLANE ( 'NONE',  #8124 );
#8612=PLANE ( 'NONE',  #7597 );
#8613=EDGE_CURVE ( 'NONE', #1417, #4168, #3774, .T. );
#8614=VERTEX_POINT ( 'NONE', #4847 );
#8615=ORIENTED_EDGE ( 'NONE', *, *, #5425, .T. );
#8616=ORIENTED_EDGE ( 'NONE', *, *, #8006, .F. );
#8617=EDGE_CURVE ( 'NONE', #7453, #7871, #2281, .T. );
#8618=ORIENTED_EDGE ( 'NONE', *, *, #5126, .F. );
#8619=FACE_OUTER_BOUND ( 'NONE', #7130, .T. );
#8620=FACE_OUTER_BOUND ( 'NONE', #7946, .T. );
#8621=ORIENTED_EDGE ( 'NONE', *, *, #5542, .T. );
#8622=EDGE_CURVE ( 'NONE', #5660, #2828, #6320, .T. );
#8623=ORIENTED_EDGE ( 'NONE', *, *, #4299, .T. );
#8624=ORIENTED_EDGE ( 'NONE', *, *, #5334, .F. );
#8625=VERTEX_POINT ( 'NONE', #1275 );
#8626=VERTEX_POINT ( 'NONE', #6982 );
#8627=ORIENTED_EDGE ( 'NONE', *, *, #7158, .F. );
#8628=FACE_OUTER_BOUND ( 'NONE', #720, .T. );
#8629=ORIENTED_EDGE ( 'NONE', *, *, #7844, .F. );
#8630=ORIENTED_EDGE ( 'NONE', *, *, #6461, .T. );
#8631=FACE_OUTER_BOUND ( 'NONE', #3981, .T. );
#8632=EDGE_CURVE ( 'NONE', #8773, #6504, #2556, .T. );
#8633=ORIENTED_EDGE ( 'NONE', *, *, #4451, .F. );
#8634=ADVANCED_FACE ( 'NONE', ( #7746 ), #5294, .F. );
#8635=EDGE_CURVE ( 'NONE', #1073, #7890, #1830, .T. );
#8636=FACE_OUTER_BOUND ( 'NONE', #8117, .T. );
#8637=LINE ( 'NONE', #1327, #30 );
#8638=EDGE_LOOP ( 'NONE', ( #7822, #2772, #7014, #990 ) );
#8639=EDGE_LOOP ( 'NONE', ( #5355, #4397, #190, #4072 ) );
#8640=EDGE_CURVE ( 'NONE', #7961, #1268, #3181, .T. );
#8641=AXIS2_PLACEMENT_3D ( 'NONE', #433, #130, #46 );
#8642=LINE ( 'NONE', #730, #432 );
#8643=EDGE_CURVE ( 'NONE', #6895, #5039, #5332, .T. );
#8644=AXIS2_PLACEMENT_3D ( 'NONE', #1500, #168, #128 );
#8645=PLANE ( 'NONE',  #232 );
#8646=PLANE ( 'NONE',  #4791 );
#8647=EDGE_CURVE ( 'NONE', #6853, #1342, #4512, .T. );
#8648=FACE_OUTER_BOUND ( 'NONE', #6840, .T. );
#8649=ORIENTED_EDGE ( 'NONE', *, *, #870, .T. );
#8650=EDGE_LOOP ( 'NONE', ( #398, #5582, #2243, #5814 ) );
#8651=VERTEX_POINT ( 'NONE', #1005 );
#8652=FACE_OUTER_BOUND ( 'NONE', #6957, .T. );
#8653=STYLED_ITEM ( 'NONE', ( #320 ), #1398 );
#8654=VERTEX_POINT ( 'NONE', #3276 );
#8655=LINE ( 'NONE', #4326, #206 );
#8656=ADVANCED_FACE ( 'NONE', ( #3985 ), #6628, .F. );
#8657=PLANE ( 'NONE',  #2586 );
#8658=AXIS2_PLACEMENT_3D ( 'NONE', #3459, #32, #5 );
#8659=ORIENTED_EDGE ( 'NONE', *, *, #7607, .F. );
#8660=CLOSED_SHELL ( 'NONE', ( #2795, #5967, #1711, #1607, #3427, #1001 ) );
#8661=VERTEX_POINT ( 'NONE', #3944 );
#8662=ORIENTED_EDGE ( 'NONE', *, *, #498, .T. );
#8663=EDGE_LOOP ( 'NONE', ( #3532, #5241, #1305, #2840 ) );
#8664=PLANE ( 'NONE',  #7284 );
#8665=CLOSED_SHELL ( 'NONE', ( #8656, #8231, #973, #7914, #5724, #671 ) );
#8666=FACE_OUTER_BOUND ( 'NONE', #7573, .T. );
#8667=ADVANCED_FACE ( 'NONE', ( #8201 ), #948, .F. );
#8668=EDGE_LOOP ( 'NONE', ( #1684, #6181, #6390, #4160 ) );
#8669=AXIS2_PLACEMENT_3D ( 'NONE', #67, #168, #128 );
#8670=ORIENTED_EDGE ( 'NONE', *, *, #7965, .T. );
#8671=EDGE_CURVE ( 'NONE', #3874, #4295, #7632, .T. );
#8672=PLANE ( 'NONE',  #3914 );
#8673=EDGE_CURVE ( 'NONE', #6310, #1816, #8755, .T. );
#8674=ADVANCED_FACE ( 'NONE', ( #3893 ), #4177, .T. );
#8675=EDGE_CURVE ( 'NONE', #3952, #4399, #7122, .T. );
#8676=LINE ( 'NONE', #341, #206 );
#8677=ORIENTED_EDGE ( 'NONE', *, *, #6191, .T. );
#8678=ORIENTED_EDGE ( 'NONE', *, *, #8680, .T. );
#8679=ADVANCED_FACE ( 'NONE', ( #8239 ), #4554, .F. );
#8680=EDGE_CURVE ( 'NONE', #5580, #4665, #2797, .T. );
#8681=LINE ( 'NONE', #823, #30 );
#8682=LINE ( 'NONE', #639, #4 );
#8683=STYLED_ITEM ( 'NONE', ( #320 ), #7576 );
#8684=EDGE_LOOP ( 'NONE', ( #95, #8767, #7588, #4967 ) );
#8685=PLANE ( 'NONE',  #2483 );
#8686=EDGE_CURVE ( 'NONE', #8135, #4595, #7236, .T. );
#8687=ORIENTED_EDGE ( 'NONE', *, *, #1154, .F. );
#8688=AXIS2_PLACEMENT_3D ( 'NONE', #799, #46, #21 );
#8689=EDGE_LOOP ( 'NONE', ( #838, #4446, #2031, #6767 ) );
#8690=EDGE_CURVE ( 'NONE', #7201, #2465, #4818, .T. );
#8691=ORIENTED_EDGE ( 'NONE', *, *, #3649, .F. );
#8692=LINE ( 'NONE', #1580, #6 );
#8693=FACE_OUTER_BOUND ( 'NONE', #1909, .T. );
#8694=ORIENTED_EDGE ( 'NONE', *, *, #6512, .F. );
#8695=VERTEX_POINT ( 'NONE', #5428 );
#8696=EDGE_CURVE ( 'NONE', #2348, #7710, #2703, .T. );
#8697=ORIENTED_EDGE ( 'NONE', *, *, #3951, .F. );
#8698=EDGE_CURVE ( 'NONE', #7174, #4399, #4904, .T. );
#8699=EDGE_CURVE ( 'NONE', #6625, #1185, #4030, .T. );
#8700=EDGE_LOOP ( 'NONE', ( #5925, #1562, #257, #8417 ) );
#8701=PLANE ( 'NONE',  #5341 );
#8702=LINE ( 'NONE', #1324, #30 );
#8703=PLANE ( 'NONE',  #2434 );
#8704=VERTEX_POINT ( 'NONE', #3364 );
#8705=ORIENTED_EDGE ( 'NONE', *, *, #6584, .F. );
#8706=ORIENTED_EDGE ( 'NONE', *, *, #646, .T. );
#8707=ADVANCED_FACE ( 'NONE', ( #2074 ), #4177, .T. );
#8708=AXIS2_PLACEMENT_3D ( 'NONE', #2926, #109, #21 );
#8709=FACE_BOUND ( 'NONE', #8504, .T. );
#8710=ORIENTED_EDGE ( 'NONE', *, *, #5794, .T. );
#8711=FACE_OUTER_BOUND ( 'NONE', #6001, .T. );
#8712=LINE ( 'NONE', #2318, #30 );
#8713=ORIENTED_EDGE ( 'NONE', *, *, #898, .T. );
#8714=ORIENTED_EDGE ( 'NONE', *, *, #8102, .F. );
#8715=ORIENTED_EDGE ( 'NONE', *, *, #498, .F. );
#8716=EDGE_CURVE ( 'NONE', #1421, #1784, #6023, .T. );
#8717=PLANE ( 'NONE',  #6038 );
#8718=FACE_OUTER_BOUND ( 'NONE', #4613, .T. );
#8719=ORIENTED_EDGE ( 'NONE', *, *, #3913, .T. );
#8720=ADVANCED_FACE ( 'NONE', ( #6064 ), #4227, .T. );
#8721=EDGE_CURVE ( 'NONE', #2348, #3560, #8373, .T. );
#8722=EDGE_CURVE ( 'NONE', #2656, #7563, #8486, .T. );
#8723=EDGE_LOOP ( 'NONE', ( #662, #8490, #4380, #43 ) );
#8724=ORIENTED_EDGE ( 'NONE', *, *, #3870, .T. );
#8725=PLANE ( 'NONE',  #7817 );
#8726=AXIS2_PLACEMENT_3D ( 'NONE', #3568, #526, #130 );
#8727=EDGE_LOOP ( 'NONE', ( #7007, #6846, #4715, #5264 ) );
#8728=EDGE_LOOP ( 'NONE', ( #3169, #5981, #8587, #7305 ) );
#8729=LINE ( 'NONE', #2697, #6 );
#8730=EDGE_CURVE ( 'NONE', #1342, #465, #7320, .T. );
#8731=LINE ( 'NONE', #442, #795 );
#8732=CARTESIAN_POINT ( 'NONE',  ( -3.024999999999999467, 0.09999999999999999167, 2.125000000000001332 ) );
#8733=( GEOMETRIC_REPRESENTATION_CONTEXT ( 3 ) GLOBAL_UNCERTAINTY_ASSIGNED_CONTEXT ( ( #12 ) ) GLOBAL_UNIT_ASSIGNED_CONTEXT ( ( #359, #272, #78 ) ) REPRESENTATION_CONTEXT ( 'NONE', 'WORKASPACE' ) );
#8734=EDGE_CURVE ( 'NONE', #5363, #3874, #5378, .T. );
#8735=FACE_OUTER_BOUND ( 'NONE', #1011, .T. );
#8736=FACE_OUTER_BOUND ( 'NONE', #8033, .T. );
#8737=ADVANCED_FACE ( 'NONE', ( #7850 ), #4766, .F. );
#8738=ORIENTED_EDGE ( 'NONE', *, *, #4371, .T. );
#8739=EDGE_CURVE ( 'NONE', #8345, #6672, #3418, .T. );
#8740=ORIENTED_EDGE ( 'NONE', *, *, #6351, .T. );
#8741=ORIENTED_EDGE ( 'NONE', *, *, #4590, .T. );
#8742=EDGE_CURVE ( 'NONE', #3561, #7798, #329, .T. );
#8743=FACE_OUTER_BOUND ( 'NONE', #1937, .T. );
#8744=LINE ( 'NONE', #1066, #432 );
#8745=VERTEX_POINT ( 'NONE', #5510 );
#8746=ORIENTED_EDGE ( 'NONE', *, *, #3649, .T. );
#8747=PLANE ( 'NONE',  #5905 );
#8748=ORIENTED_EDGE ( 'NONE', *, *, #7844, .T. );
#8749=AXIS2_PLACEMENT_3D ( 'NONE', #5167, #21, #526 );
#8750=CARTESIAN_POINT ( 'NONE',  ( -3.024999999999999467, 0.000000000000000000, 1.625000000000001332 ) );
#8751=VERTEX_POINT ( 'NONE', #5219 );
#8752=ADVANCED_FACE ( 'NONE', ( #1338 ), #5786, .T. );
#8753=FACE_OUTER_BOUND ( 'NONE', #6830, .T. );
#8754=EDGE_CURVE ( 'NONE', #6381, #6535, #679, .T. );
#8755=LINE ( 'NONE', #5167, #30 );
#8756=LINE ( 'NONE', #2514, #432 );
#8757=ORIENTED_EDGE ( 'NONE', *, *, #8232, .T. );
#8758=ORIENTED_EDGE ( 'NONE', *, *, #7407, .F. );
#8759=AXIS2_PLACEMENT_3D ( 'NONE', #2876, #5, #128 );
#8760=ORIENTED_EDGE ( 'NONE', *, *, #7040, .T. );
#8761=ADVANCED_FACE ( 'NONE', ( #4945 ), #2320, .T. );
#8762=EDGE_CURVE ( 'NONE', #1911, #3748, #7596, .T. );
#8763=AXIS2_PLACEMENT_3D ( 'NONE', #4659, #2843, #182 );
#8764=EDGE_CURVE ( 'NONE', #1450, #219, #7438, .T. );
#8765=FACE_OUTER_BOUND ( 'NONE', #7789, .T. );
#8766=FACE_OUTER_BOUND ( 'NONE', #3876, .T. );
#8767=ORIENTED_EDGE ( 'NONE', *, *, #2878, .F. );
#8768=EDGE_CURVE ( 'NONE', #3094, #6902, #1560, .T. );
#8769=ORIENTED_EDGE ( 'NONE', *, *, #1298, .T. );
#8770=AXIS2_PLACEMENT_3D ( 'NONE', #2926, #46, #21 );
#8771=ORIENTED_EDGE ( 'NONE', *, *, #8524, .T. );
#8772=EDGE_CURVE ( 'NONE', #5039, #1647, #4313, .T. );
#8773=VERTEX_POINT ( 'NONE', #1873 );
#8774=VERTEX_POINT ( 'NONE', #3722 );
#8775=EDGE_LOOP ( 'NONE', ( #1804, #6339, #250, #5006 ) );
#8776=LINE ( 'NONE', #1179, #4 );
#8777=FACE_OUTER_BOUND ( 'NONE', #8217, .T. );
#8778=ADVANCED_FACE ( 'NONE', ( #2983 ), #6307, .F. );
#8779=EDGE_LOOP ( 'NONE', ( #8402, #5421, #3254, #4228 ) );
#8780=CLOSED_SHELL ( 'NONE', ( #7671, #3801, #4893, #4392, #5657, #4333 ) );
#8781=ORIENTED_EDGE ( 'NONE', *, *, #2587, .T. );
#8782=( GEOMETRIC_REPRESENTATION_CONTEXT ( 3 ) GLOBAL_UNCERTAINTY_ASSIGNED_CONTEXT ( ( #12 ) ) GLOBAL_UNIT_ASSIGNED_CONTEXT ( ( #359, #272, #78 ) ) REPRESENTATION_CONTEXT ( 'NONE', 'WORKASPACE' ) );
#8783=LINE ( 'NONE', #7471, #28 );
#8784=EDGE_CURVE ( 'NONE', #572, #8172, #3593, .T. );
#8785=EDGE_LOOP ( 'NONE', ( #4754, #3723, #7342, #2306 ) );
#8786=LINE ( 'NONE', #784, #4 );
ENDSEC;
END-ISO-10303-21;
