ISO-10303-21;
HEADER;
/****************************************************************
 * Generated by software with PDElib inside                    *
 * PDElib Version v51a, created Fri 09/10/2010                  *
 * ITI Transcendata (http://www.transcendata.com/)              *
 ****************************************************************/
FILE_DESCRIPTION((' '),'2;1');
FILE_NAME('P:\\E-Switch Secure\\3D_MODELS_STP_FORMAT\\TL3301SPFxxxxG.stp','2017-08-01T08:11:22',(' '),(' '),' ','ACIS',' ');
FILE_SCHEMA(('CONFIG_CONTROL_DESIGN'));
ENDSEC;
DATA;
#1=APPLICATION_CONTEXT('configuration controlled 3D designs of mechanical parts and assemblies');
#2=APPLICATION_PROTOCOL_DEFINITION('International Standard','config_control_design',1995,#1);
#3=MECHANICAL_CONTEXT('None',#1,'mechanical');
#4=PRODUCT('P:\\E-Switch Secure\\3D_MODELS_STP_FORMAT\\TL3301SPFxxxxG.stp','P:\\E-Switch Secure\\3D_MODELS_STP_FORMAT\\TL3301SPFxxxxG.stp','None',(#3));
#5=PRODUCT_RELATED_PRODUCT_CATEGORY('detail',$,(#4));
#6=PRODUCT_CATEGORY('part',$);
#7=PRODUCT_CATEGORY_RELATIONSHIP('None','None',#6,#5);
#8=PERSON('PERSON1','None','None',$,$,$);
#9=ORGANIZATION('','None','None');
#10=PERSON_AND_ORGANIZATION(#8,#9);
#11=PERSON_AND_ORGANIZATION_ROLE('design_owner');
#12=CC_DESIGN_PERSON_AND_ORGANIZATION_ASSIGNMENT(#10,#11,(#4));
#13=PRODUCT_DEFINITION_FORMATION_WITH_SPECIFIED_SOURCE('None','None',#4,.NOT_KNOWN.);
#14=PERSON('PERSON2','None','None',$,$,$);
#15=PERSON_AND_ORGANIZATION(#14,#9);
#16=PERSON_AND_ORGANIZATION_ROLE('creator');
#17=CC_DESIGN_PERSON_AND_ORGANIZATION_ASSIGNMENT(#15,#16,(#13));
#18=PERSON('PERSON3','None','None',$,$,$);
#19=PERSON_AND_ORGANIZATION(#18,#9);
#20=PERSON_AND_ORGANIZATION_ROLE('part_supplier');
#21=CC_DESIGN_PERSON_AND_ORGANIZATION_ASSIGNMENT(#19,#20,(#13));
#22=APPROVAL_STATUS('approved');
#23=APPROVAL(#22,'None');
#24=PERSON('PERSON4','None','None',$,$,$);
#25=PERSON_AND_ORGANIZATION(#24,#9);
#26=APPROVAL_ROLE('None');
#27=APPROVAL_PERSON_ORGANIZATION(#25,#23,#26);
#28=CALENDAR_DATE(2017,1,8);
#29=COORDINATED_UNIVERSAL_TIME_OFFSET(0,0,.AHEAD.);
#30=LOCAL_TIME(8,11,22.0,#29);
#31=DATE_AND_TIME(#28,#30);
#32=APPROVAL_DATE_TIME(#31,#23);
#33=CC_DESIGN_APPROVAL(#23,(#13));
#34=SECURITY_CLASSIFICATION_LEVEL('unclassified');
#35=SECURITY_CLASSIFICATION('None','None',#34);
#36=CC_DESIGN_SECURITY_CLASSIFICATION(#35,(#13));
#37=PERSON('PERSON5','None','None',$,$,$);
#38=PERSON_AND_ORGANIZATION(#37,#9);
#39=APPROVAL_PERSON_ORGANIZATION(#38,#23,#26);
#40=CC_DESIGN_APPROVAL(#23,(#35));
#41=PERSON('PERSON6','None','None',$,$,$);
#42=PERSON_AND_ORGANIZATION(#41,#9);
#43=PERSON_AND_ORGANIZATION_ROLE('classification_officer');
#44=CC_DESIGN_PERSON_AND_ORGANIZATION_ASSIGNMENT(#42,#43,(#35));
#45=DATE_TIME_ROLE('classification_date');
#46=CC_DESIGN_DATE_AND_TIME_ASSIGNMENT(#31,#45,(#35));
#47=DESIGN_CONTEXT('part definition',#1,'design');
#48=PRODUCT_DEFINITION('None','None',#13,#47);
#49=PERSON('PERSON7','None','None',$,$,$);
#50=PERSON_AND_ORGANIZATION(#49,#9);
#51=CC_DESIGN_PERSON_AND_ORGANIZATION_ASSIGNMENT(#50,#16,(#48));
#52=DATE_TIME_ROLE('creation_date');
#53=CC_DESIGN_DATE_AND_TIME_ASSIGNMENT(#31,#52,(#48));
#54=PERSON('PERSON8','None','None',$,$,$);
#55=PERSON_AND_ORGANIZATION(#54,#9);
#56=APPROVAL_PERSON_ORGANIZATION(#55,#23,#26);
#57=CC_DESIGN_APPROVAL(#23,(#48));
#58=(NAMED_UNIT(*)PLANE_ANGLE_UNIT()SI_UNIT($,.RADIAN.));
#59=DIMENSIONAL_EXPONENTS(0.0,0.0,0.0,0.0,0.0,0.0,0.0);
#60=PLANE_ANGLE_MEASURE_WITH_UNIT(PLANE_ANGLE_MEASURE(0.0174532925),#58);
#61=(CONVERSION_BASED_UNIT('DEGREE',#60)NAMED_UNIT(#59)PLANE_ANGLE_UNIT());
#62=(NAMED_UNIT(*)SI_UNIT($,.STERADIAN.)SOLID_ANGLE_UNIT());
#63=(LENGTH_UNIT()NAMED_UNIT(*)SI_UNIT(.CENTI.,.METRE.));
#64=DIMENSIONAL_EXPONENTS(1.0,0.0,0.0,0.0,0.0,0.0,0.0);
#65=LENGTH_MEASURE_WITH_UNIT(LENGTH_MEASURE(2.54),#63);
#66=(CONVERSION_BASED_UNIT('INCH',#65)LENGTH_UNIT()NAMED_UNIT(#64));
#67=UNCERTAINTY_MEASURE_WITH_UNIT(LENGTH_MEASURE(0.001),#66,'DISTANCE_ACCURACY_VALUE','');
#68=(GEOMETRIC_REPRESENTATION_CONTEXT(3)GLOBAL_UNCERTAINTY_ASSIGNED_CONTEXT((#67))GLOBAL_UNIT_ASSIGNED_CONTEXT((#61,#62,#66))REPRESENTATION_CONTEXT('None','None'));
#69=AXIS2_PLACEMENT_3D('',#70,#71,#72);
#70=CARTESIAN_POINT('',(0.0,0.0,0.0));
#71=DIRECTION('',(0.0,0.0,1.0));
#72=DIRECTION('',(1.0,0.0,0.0));
#73=SHAPE_REPRESENTATION('',(#69,#69,#69),#68);
#74=PRODUCT_DEFINITION_SHAPE('','',#48);
#75=SHAPE_DEFINITION_REPRESENTATION(#74,#73);
#76=PRODUCT('Body1','Body1','None',(#3));
#77=PRODUCT_RELATED_PRODUCT_CATEGORY('detail',$,(#76));
#78=PRODUCT_CATEGORY_RELATIONSHIP('None','None',#6,#77);
#79=PERSON('PERSON9','None','None',$,$,$);
#80=PERSON_AND_ORGANIZATION(#79,#9);
#81=CC_DESIGN_PERSON_AND_ORGANIZATION_ASSIGNMENT(#80,#11,(#76));
#82=PRODUCT_DEFINITION_FORMATION_WITH_SPECIFIED_SOURCE('None','None',#76,.NOT_KNOWN.);
#83=PERSON('PERSON10','None','None',$,$,$);
#84=PERSON_AND_ORGANIZATION(#83,#9);
#85=CC_DESIGN_PERSON_AND_ORGANIZATION_ASSIGNMENT(#84,#16,(#82));
#86=PERSON('PERSON11','None','None',$,$,$);
#87=PERSON_AND_ORGANIZATION(#86,#9);
#88=CC_DESIGN_PERSON_AND_ORGANIZATION_ASSIGNMENT(#87,#20,(#82));
#89=PERSON('PERSON12','None','None',$,$,$);
#90=PERSON_AND_ORGANIZATION(#89,#9);
#91=APPROVAL_PERSON_ORGANIZATION(#90,#23,#26);
#92=CC_DESIGN_APPROVAL(#23,(#82));
#93=CC_DESIGN_SECURITY_CLASSIFICATION(#35,(#82));
#94=PERSON('PERSON13','None','None',$,$,$);
#95=PERSON_AND_ORGANIZATION(#94,#9);
#96=APPROVAL_PERSON_ORGANIZATION(#95,#23,#26);
#97=PERSON('PERSON14','None','None',$,$,$);
#98=PERSON_AND_ORGANIZATION(#97,#9);
#99=CC_DESIGN_PERSON_AND_ORGANIZATION_ASSIGNMENT(#98,#43,(#35));
#100=PRODUCT_DEFINITION('None','None',#82,#47);
#101=PERSON('PERSON15','None','None',$,$,$);
#102=PERSON_AND_ORGANIZATION(#101,#9);
#103=CC_DESIGN_PERSON_AND_ORGANIZATION_ASSIGNMENT(#102,#16,(#100));
#104=CC_DESIGN_DATE_AND_TIME_ASSIGNMENT(#31,#52,(#100));
#105=PERSON('PERSON16','None','None',$,$,$);
#106=PERSON_AND_ORGANIZATION(#105,#9);
#107=APPROVAL_PERSON_ORGANIZATION(#106,#23,#26);
#108=CC_DESIGN_APPROVAL(#23,(#100));
#109=(GEOMETRIC_REPRESENTATION_CONTEXT(3)GLOBAL_UNCERTAINTY_ASSIGNED_CONTEXT((#67))GLOBAL_UNIT_ASSIGNED_CONTEXT((#61,#62,#66))REPRESENTATION_CONTEXT('None','None'));
#110=SHAPE_REPRESENTATION('',(#69),#109);
#111=PRODUCT_DEFINITION_SHAPE('','',#100);
#112=SHAPE_DEFINITION_REPRESENTATION(#111,#110);
#113=NEXT_ASSEMBLY_USAGE_OCCURRENCE('Body1','Body1','Body1',#48,#100,'Body1');
#114=SECURITY_CLASSIFICATION('','',#34);
#115=CC_DESIGN_SECURITY_CLASSIFICATION(#114,(#113));
#116=APPROVAL(#22,'');
#117=PERSON('PERSON17','','',$,$,$);
#118=ORGANIZATION('','','');
#119=PERSON_AND_ORGANIZATION(#117,#118);
#120=APPROVAL_ROLE('');
#121=APPROVAL_PERSON_ORGANIZATION(#119,#116,#120);
#122=APPROVAL_DATE_TIME(#31,#116);
#123=CC_DESIGN_APPROVAL(#116,(#114));
#124=PERSON('PERSON18','','',$,$,$);
#125=PERSON_AND_ORGANIZATION(#124,#118);
#126=CC_DESIGN_PERSON_AND_ORGANIZATION_ASSIGNMENT(#125,#43,(#114));
#127=CC_DESIGN_DATE_AND_TIME_ASSIGNMENT(#31,#45,(#114));
#128=PRODUCT_DEFINITION_SHAPE('Body1','Body1',#113);
#129=ITEM_DEFINED_TRANSFORMATION('Body1','Body1',#69,#69);
#130=(REPRESENTATION_RELATIONSHIP('Body1','Body1',#110,#73)REPRESENTATION_RELATIONSHIP_WITH_TRANSFORMATION(#129)SHAPE_REPRESENTATION_RELATIONSHIP());
#131=CONTEXT_DEPENDENT_SHAPE_REPRESENTATION(#130,#128);
#132=UNCERTAINTY_MEASURE_WITH_UNIT(LENGTH_MEASURE(0.000001),#63,'DISTANCE_ACCURACY_VALUE','');
#133=(GEOMETRIC_REPRESENTATION_CONTEXT(3)GLOBAL_UNCERTAINTY_ASSIGNED_CONTEXT((#132))GLOBAL_UNIT_ASSIGNED_CONTEXT((#61,#62,#63))REPRESENTATION_CONTEXT('','3D'));
#134=CARTESIAN_POINT('',(0.077952755905511,-0.077952755905511,0.11496062992126));
#135=DIRECTION('',(0.0,0.0,-1.0));
#136=DIRECTION('',(-1.0,0.0,0.0));
#137=AXIS2_PLACEMENT_3D('',#134,#135,#136);
#138=PLANE('',#137);
#139=CARTESIAN_POINT('',(-0.070866141732283,2.603580E-017,0.11496062992126));
#140=VERTEX_POINT('',#139);
#141=CARTESIAN_POINT('',(1.748383E-016,0.0,0.11496062992126));
#142=AXIS2_PLACEMENT_3D('',#141,#71,#72);
#143=CIRCLE('',#142,0.070866141732283);
#144=EDGE_CURVE('',#140,#140,#143,.T.);
#145=ORIENTED_EDGE('',*,*,#144,.T.);
#146=EDGE_LOOP('',(#145));
#147=FACE_OUTER_BOUND('',#146,.T.);
#148=CARTESIAN_POINT('',(0.066929133858268,8.196455E-018,0.11496062992126));
#149=VERTEX_POINT('',#148);
#150=CARTESIAN_POINT('',(1.748383E-016,5.882516E-032,0.11496062992126));
#151=AXIS2_PLACEMENT_3D('',#150,#135,#136);
#152=CIRCLE('',#151,0.066929133858268);
#153=EDGE_CURVE('',#149,#149,#152,.T.);
#154=ORIENTED_EDGE('',*,*,#153,.T.);
#155=EDGE_LOOP('',(#154));
#156=FACE_BOUND('',#155,.T.);
#157=ADVANCED_FACE('',(#147,#156),#138,.F.);
#158=CARTESIAN_POINT('',(0.060629921259843,-0.045275590551181,0.270472440944882));
#159=DIRECTION('',(0.0,0.707106781186548,-0.707106781186547));
#160=AXIS2_PLACEMENT_3D('',#158,#136,#159);
#161=CYLINDRICAL_SURFACE('',#160,0.009842519685039);
#162=CARTESIAN_POINT('',(0.045275590551181,-0.045275590551181,0.280314960629921));
#163=VERTEX_POINT('',#162);
#164=CARTESIAN_POINT('',(-0.045275590551181,-0.045275590551181,0.280314960629921));
#165=VERTEX_POINT('',#164);
#166=VECTOR('',#136,0.090551181102362);
#167=LINE('',#162,#166);
#168=EDGE_CURVE('',#163,#165,#167,.T.);
#169=ORIENTED_EDGE('',*,*,#168,.T.);
#170=CARTESIAN_POINT('',(-0.05511811023622,-0.05511811023622,0.270472440995195));
#171=VERTEX_POINT('',#170);
#172=CARTESIAN_POINT('',(-0.045275590551181,-0.045275590551181,0.270472440944882));
#173=DIRECTION('',(0.707106781186548,-0.707106781186547,1.094764E-047));
#174=DIRECTION('',(0.707106781186547,0.707106781186548,-1.244445E-031));
#175=AXIS2_PLACEMENT_3D('',#172,#173,#174);
#176=ELLIPSE('',#175,0.013919424826507,0.009842519685039);
#177=EDGE_CURVE('',#165,#171,#176,.T.);
#178=ORIENTED_EDGE('',*,*,#177,.T.);
#179=CARTESIAN_POINT('',(0.055118110236221,-0.05511811023622,0.270472440944882));
#180=VERTEX_POINT('',#179);
#181=CARTESIAN_POINT('',(-0.05511811023622,-0.05511811023622,0.270472440944882));
#182=VECTOR('',#72,0.110236220472441);
#183=LINE('',#181,#182);
#184=EDGE_CURVE('',#171,#180,#183,.T.);
#185=ORIENTED_EDGE('',*,*,#184,.T.);
#186=CARTESIAN_POINT('',(0.045275590551181,-0.045275590551181,0.270472440944882));
#187=DIRECTION('',(0.707106781186548,0.707106781186548,0.0));
#188=DIRECTION('',(-0.707106781186548,0.707106781186548,2.488891E-031));
#189=AXIS2_PLACEMENT_3D('',#186,#187,#188);
#190=ELLIPSE('',#189,0.013919424826507,0.009842519685039);
#191=EDGE_CURVE('',#163,#180,#190,.T.);
#192=ORIENTED_EDGE('',*,*,#191,.F.);
#193=EDGE_LOOP('',(#169,#178,#185,#192));
#194=FACE_OUTER_BOUND('',#193,.T.);
#195=ADVANCED_FACE('',(#194),#161,.T.);
#196=CARTESIAN_POINT('',(-0.045275590551181,-0.060629921259842,0.270472440944882));
#197=DIRECTION('',(0.0,1.0,0.0));
#198=DIRECTION('',(0.707106781186548,0.0,-0.707106781186547));
#199=AXIS2_PLACEMENT_3D('',#196,#197,#198);
#200=CYLINDRICAL_SURFACE('',#199,0.009842519685039);
#201=CARTESIAN_POINT('',(-0.045275590551181,0.045275590551181,0.280314960629921));
#202=VERTEX_POINT('',#201);
#203=VECTOR('',#197,0.090551181102362);
#204=LINE('',#164,#203);
#205=EDGE_CURVE('',#165,#202,#204,.T.);
#206=ORIENTED_EDGE('',*,*,#205,.T.);
#207=CARTESIAN_POINT('',(-0.05511811023622,0.05511811023622,0.270472440995195));
#208=VERTEX_POINT('',#207);
#209=CARTESIAN_POINT('',(-0.045275590551181,0.045275590551181,0.270472440944882));
#210=DIRECTION('',(-0.707106781186548,-0.707106781186548,0.0));
#211=DIRECTION('',(0.707106781186548,-0.707106781186548,-2.488891E-031));
#212=AXIS2_PLACEMENT_3D('',#209,#210,#211);
#213=ELLIPSE('',#212,0.013919424826507,0.009842519685039);
#214=EDGE_CURVE('',#202,#208,#213,.T.);
#215=ORIENTED_EDGE('',*,*,#214,.T.);
#216=CARTESIAN_POINT('',(-0.05511811023622,0.05511811023622,0.270472440944882));
#217=DIRECTION('',(0.0,-1.0,0.0));
#218=VECTOR('',#217,0.11023622047244);
#219=LINE('',#216,#218);
#220=EDGE_CURVE('',#208,#171,#219,.T.);
#221=ORIENTED_EDGE('',*,*,#220,.T.);
#222=ORIENTED_EDGE('',*,*,#177,.F.);
#223=EDGE_LOOP('',(#206,#215,#221,#222));
#224=FACE_OUTER_BOUND('',#223,.T.);
#225=ADVANCED_FACE('',(#224),#200,.T.);
#226=CARTESIAN_POINT('',(-0.060629921259842,0.045275590551181,0.270472440944882));
#227=DIRECTION('',(0.0,-0.707106781186547,-0.707106781186548));
#228=AXIS2_PLACEMENT_3D('',#226,#72,#227);
#229=CYLINDRICAL_SURFACE('',#228,0.009842519685039);
#230=CARTESIAN_POINT('',(0.045275590551181,0.045275590551181,0.280314960629921));
#231=VERTEX_POINT('',#230);
#232=VECTOR('',#72,0.090551181102362);
#233=LINE('',#201,#232);
#234=EDGE_CURVE('',#202,#231,#233,.T.);
#235=ORIENTED_EDGE('',*,*,#234,.T.);
#236=CARTESIAN_POINT('',(0.055118110236221,0.05511811023622,0.270472440944882));
#237=VERTEX_POINT('',#236);
#238=CARTESIAN_POINT('',(0.045275590551181,0.045275590551181,0.270472440944882));
#239=DIRECTION('',(-0.707106781186548,0.707106781186547,2.189529E-047));
#240=DIRECTION('',(-0.707106781186547,-0.707106781186548,1.244445E-031));
#241=AXIS2_PLACEMENT_3D('',#238,#239,#240);
#242=ELLIPSE('',#241,0.013919424826507,0.009842519685039);
#243=EDGE_CURVE('',#231,#237,#242,.T.);
#244=ORIENTED_EDGE('',*,*,#243,.T.);
#245=VECTOR('',#136,0.110236220472441);
#246=LINE('',#236,#245);
#247=EDGE_CURVE('',#237,#208,#246,.T.);
#248=ORIENTED_EDGE('',*,*,#247,.T.);
#249=ORIENTED_EDGE('',*,*,#214,.F.);
#250=EDGE_LOOP('',(#235,#244,#248,#249));
#251=FACE_OUTER_BOUND('',#250,.T.);
#252=ADVANCED_FACE('',(#251),#229,.T.);
#253=CARTESIAN_POINT('',(0.045275590551181,0.060629921259843,0.270472440944882));
#254=DIRECTION('',(-0.707106781186548,0.0,-0.707106781186547));
#255=AXIS2_PLACEMENT_3D('',#253,#217,#254);
#256=CYLINDRICAL_SURFACE('',#255,0.009842519685039);
#257=VECTOR('',#217,0.090551181102362);
#258=LINE('',#230,#257);
#259=EDGE_CURVE('',#231,#163,#258,.T.);
#260=ORIENTED_EDGE('',*,*,#259,.T.);
#261=ORIENTED_EDGE('',*,*,#191,.T.);
#262=VECTOR('',#197,0.11023622047244);
#263=LINE('',#179,#262);
#264=EDGE_CURVE('',#180,#237,#263,.T.);
#265=ORIENTED_EDGE('',*,*,#264,.T.);
#266=ORIENTED_EDGE('',*,*,#243,.F.);
#267=EDGE_LOOP('',(#260,#261,#265,#266));
#268=FACE_OUTER_BOUND('',#267,.T.);
#269=ADVANCED_FACE('',(#268),#256,.T.);
#270=CARTESIAN_POINT('',(0.055118110236221,-0.060629921259842,0.273523622047244));
#271=AXIS2_PLACEMENT_3D('',#270,#72,#135);
#272=PLANE('',#271);
#273=ORIENTED_EDGE('',*,*,#264,.F.);
#274=CARTESIAN_POINT('',(0.055118110236221,-0.05511811023622,0.209448818897638));
#275=VERTEX_POINT('',#274);
#276=VECTOR('',#71,0.061023622047244);
#277=LINE('',#274,#276);
#278=EDGE_CURVE('',#275,#180,#277,.T.);
#279=ORIENTED_EDGE('',*,*,#278,.F.);
#280=CARTESIAN_POINT('',(0.055118110236221,0.05511811023622,0.209448818897638));
#281=VERTEX_POINT('',#280);
#282=LINE('',#274,#262);
#283=EDGE_CURVE('',#275,#281,#282,.T.);
#284=ORIENTED_EDGE('',*,*,#283,.T.);
#285=LINE('',#280,#276);
#286=EDGE_CURVE('',#281,#237,#285,.T.);
#287=ORIENTED_EDGE('',*,*,#286,.T.);
#288=EDGE_LOOP('',(#273,#279,#284,#287));
#289=FACE_OUTER_BOUND('',#288,.T.);
#290=ADVANCED_FACE('',(#289),#272,.T.);
#291=CARTESIAN_POINT('',(-0.060629921259842,-0.05511811023622,0.273523622165125));
#292=AXIS2_PLACEMENT_3D('',#291,#217,#135);
#293=PLANE('',#292);
#294=ORIENTED_EDGE('',*,*,#184,.F.);
#295=CARTESIAN_POINT('',(-0.05511811023622,-0.05511811023622,0.209448818897638));
#296=VERTEX_POINT('',#295);
#297=VECTOR('',#71,0.061023622097557);
#298=LINE('',#295,#297);
#299=EDGE_CURVE('',#296,#171,#298,.T.);
#300=ORIENTED_EDGE('',*,*,#299,.F.);
#301=LINE('',#295,#182);
#302=EDGE_CURVE('',#296,#275,#301,.T.);
#303=ORIENTED_EDGE('',*,*,#302,.T.);
#304=ORIENTED_EDGE('',*,*,#278,.T.);
#305=EDGE_LOOP('',(#294,#300,#303,#304));
#306=FACE_OUTER_BOUND('',#305,.T.);
#307=ADVANCED_FACE('',(#306),#293,.T.);
#308=CARTESIAN_POINT('',(-0.049803149606299,-0.049803149606299,0.280314960629921));
#309=AXIS2_PLACEMENT_3D('',#308,#71,#72);
#310=PLANE('',#309);
#311=ORIENTED_EDGE('',*,*,#168,.F.);
#312=ORIENTED_EDGE('',*,*,#259,.F.);
#313=ORIENTED_EDGE('',*,*,#234,.F.);
#314=ORIENTED_EDGE('',*,*,#205,.F.);
#315=EDGE_LOOP('',(#311,#312,#313,#314));
#316=FACE_OUTER_BOUND('',#315,.T.);
#317=ADVANCED_FACE('',(#316),#310,.T.);
#318=CARTESIAN_POINT('',(-0.060629921259842,-0.060629921259842,0.209448818897638));
#319=AXIS2_PLACEMENT_3D('',#318,#71,#72);
#320=PLANE('',#319);
#321=ORIENTED_EDGE('',*,*,#302,.F.);
#322=CARTESIAN_POINT('',(-0.05511811023622,0.05511811023622,0.209448818897638));
#323=VERTEX_POINT('',#322);
#324=LINE('',#322,#218);
#325=EDGE_CURVE('',#323,#296,#324,.T.);
#326=ORIENTED_EDGE('',*,*,#325,.F.);
#327=LINE('',#280,#245);
#328=EDGE_CURVE('',#281,#323,#327,.T.);
#329=ORIENTED_EDGE('',*,*,#328,.F.);
#330=ORIENTED_EDGE('',*,*,#283,.F.);
#331=EDGE_LOOP('',(#321,#326,#329,#330));
#332=FACE_OUTER_BOUND('',#331,.T.);
#333=CARTESIAN_POINT('',(-0.033464566929134,-0.033464566929134,0.209448818897638));
#334=VERTEX_POINT('',#333);
#335=CARTESIAN_POINT('',(-0.033464566929134,0.033464566929134,0.209448818897638));
#336=VERTEX_POINT('',#335);
#337=VECTOR('',#197,0.066929133858268);
#338=LINE('',#333,#337);
#339=EDGE_CURVE('',#334,#336,#338,.T.);
#340=ORIENTED_EDGE('',*,*,#339,.F.);
#341=CARTESIAN_POINT('',(0.033464566929134,-0.033464566929134,0.209448818897638));
#342=VERTEX_POINT('',#341);
#343=VECTOR('',#136,0.066929133858268);
#344=LINE('',#341,#343);
#345=EDGE_CURVE('',#342,#334,#344,.T.);
#346=ORIENTED_EDGE('',*,*,#345,.F.);
#347=CARTESIAN_POINT('',(0.033464566929134,0.033464566929134,0.209448818897638));
#348=VERTEX_POINT('',#347);
#349=VECTOR('',#217,0.066929133858268);
#350=LINE('',#347,#349);
#351=EDGE_CURVE('',#348,#342,#350,.T.);
#352=ORIENTED_EDGE('',*,*,#351,.F.);
#353=VECTOR('',#72,0.066929133858268);
#354=LINE('',#335,#353);
#355=EDGE_CURVE('',#336,#348,#354,.T.);
#356=ORIENTED_EDGE('',*,*,#355,.F.);
#357=EDGE_LOOP('',(#340,#346,#352,#356));
#358=FACE_BOUND('',#357,.T.);
#359=ADVANCED_FACE('',(#332,#358),#320,.F.);
#360=CARTESIAN_POINT('',(-0.05511811023622,-0.060629921259842,0.206397637789662));
#361=AXIS2_PLACEMENT_3D('',#360,#136,#71);
#362=PLANE('',#361);
#363=ORIENTED_EDGE('',*,*,#220,.F.);
#364=LINE('',#322,#297);
#365=EDGE_CURVE('',#323,#208,#364,.T.);
#366=ORIENTED_EDGE('',*,*,#365,.F.);
#367=ORIENTED_EDGE('',*,*,#325,.T.);
#368=ORIENTED_EDGE('',*,*,#299,.T.);
#369=EDGE_LOOP('',(#363,#366,#367,#368));
#370=FACE_OUTER_BOUND('',#369,.T.);
#371=ADVANCED_FACE('',(#370),#362,.T.);
#372=CARTESIAN_POINT('',(-0.060629921259842,0.05511811023622,0.206397637789662));
#373=AXIS2_PLACEMENT_3D('',#372,#197,#71);
#374=PLANE('',#373);
#375=ORIENTED_EDGE('',*,*,#247,.F.);
#376=ORIENTED_EDGE('',*,*,#286,.F.);
#377=ORIENTED_EDGE('',*,*,#328,.T.);
#378=ORIENTED_EDGE('',*,*,#365,.T.);
#379=EDGE_LOOP('',(#375,#376,#377,#378));
#380=FACE_OUTER_BOUND('',#379,.T.);
#381=ADVANCED_FACE('',(#380),#374,.T.);
#382=CARTESIAN_POINT('',(-0.033464566929134,-0.036811023622047,0.163976377952756));
#383=AXIS2_PLACEMENT_3D('',#382,#136,#71);
#384=PLANE('',#383);
#385=ORIENTED_EDGE('',*,*,#339,.T.);
#386=CARTESIAN_POINT('',(-0.033464566929134,0.033464566929134,0.166141732283465));
#387=VERTEX_POINT('',#386);
#388=VECTOR('',#71,0.043307086614173);
#389=LINE('',#386,#388);
#390=EDGE_CURVE('',#387,#336,#389,.T.);
#391=ORIENTED_EDGE('',*,*,#390,.F.);
#392=CARTESIAN_POINT('',(-0.033464566929134,-0.033464566929134,0.166141732283465));
#393=VERTEX_POINT('',#392);
#394=LINE('',#392,#337);
#395=EDGE_CURVE('',#393,#387,#394,.T.);
#396=ORIENTED_EDGE('',*,*,#395,.F.);
#397=LINE('',#392,#388);
#398=EDGE_CURVE('',#393,#334,#397,.T.);
#399=ORIENTED_EDGE('',*,*,#398,.T.);
#400=EDGE_LOOP('',(#385,#391,#396,#399));
#401=FACE_OUTER_BOUND('',#400,.T.);
#402=ADVANCED_FACE('',(#401),#384,.T.);
#403=CARTESIAN_POINT('',(-0.036811023622047,0.033464566929134,0.163976377952756));
#404=AXIS2_PLACEMENT_3D('',#403,#197,#71);
#405=PLANE('',#404);
#406=ORIENTED_EDGE('',*,*,#355,.T.);
#407=CARTESIAN_POINT('',(0.033464566929134,0.033464566929134,0.166141732283465));
#408=VERTEX_POINT('',#407);
#409=LINE('',#407,#388);
#410=EDGE_CURVE('',#408,#348,#409,.T.);
#411=ORIENTED_EDGE('',*,*,#410,.F.);
#412=LINE('',#386,#353);
#413=EDGE_CURVE('',#387,#408,#412,.T.);
#414=ORIENTED_EDGE('',*,*,#413,.F.);
#415=ORIENTED_EDGE('',*,*,#390,.T.);
#416=EDGE_LOOP('',(#406,#411,#414,#415));
#417=FACE_OUTER_BOUND('',#416,.T.);
#418=ADVANCED_FACE('',(#417),#405,.T.);
#419=CARTESIAN_POINT('',(0.033464566929134,-0.036811023622047,0.211614173228347));
#420=AXIS2_PLACEMENT_3D('',#419,#72,#135);
#421=PLANE('',#420);
#422=ORIENTED_EDGE('',*,*,#351,.T.);
#423=CARTESIAN_POINT('',(0.033464566929134,-0.033464566929134,0.166141732283465));
#424=VERTEX_POINT('',#423);
#425=LINE('',#423,#388);
#426=EDGE_CURVE('',#424,#342,#425,.T.);
#427=ORIENTED_EDGE('',*,*,#426,.F.);
#428=LINE('',#407,#349);
#429=EDGE_CURVE('',#408,#424,#428,.T.);
#430=ORIENTED_EDGE('',*,*,#429,.F.);
#431=ORIENTED_EDGE('',*,*,#410,.T.);
#432=EDGE_LOOP('',(#422,#427,#430,#431));
#433=FACE_OUTER_BOUND('',#432,.T.);
#434=ADVANCED_FACE('',(#433),#421,.T.);
#435=CARTESIAN_POINT('',(-0.036811023622047,-0.033464566929134,0.211614173228347));
#436=AXIS2_PLACEMENT_3D('',#435,#217,#135);
#437=PLANE('',#436);
#438=ORIENTED_EDGE('',*,*,#345,.T.);
#439=ORIENTED_EDGE('',*,*,#398,.F.);
#440=LINE('',#423,#343);
#441=EDGE_CURVE('',#424,#393,#440,.T.);
#442=ORIENTED_EDGE('',*,*,#441,.F.);
#443=ORIENTED_EDGE('',*,*,#426,.T.);
#444=EDGE_LOOP('',(#438,#439,#442,#443));
#445=FACE_OUTER_BOUND('',#444,.T.);
#446=ADVANCED_FACE('',(#445),#437,.T.);
#447=CARTESIAN_POINT('',(1.748383E-016,5.882516E-032,0.160236220472441));
#448=AXIS2_PLACEMENT_3D('',#447,#135,#136);
#449=TOROIDAL_SURFACE('',#448,0.059732844619331,0.005905511811024);
#450=CARTESIAN_POINT('',(0.065635966813903,8.038088E-018,0.160404202930145));
#451=VERTEX_POINT('',#450);
#452=CARTESIAN_POINT('',(1.748383E-016,4.018909E-018,0.160404202930145));
#453=AXIS2_PLACEMENT_3D('',#452,#71,#136);
#454=CIRCLE('',#453,0.065635966813903);
#455=EDGE_CURVE('',#451,#451,#454,.T.);
#456=ORIENTED_EDGE('',*,*,#455,.T.);
#457=EDGE_LOOP('',(#456));
#458=FACE_OUTER_BOUND('',#457,.T.);
#459=CARTESIAN_POINT('',(0.059732844619331,5.882516E-032,0.166141732283465));
#460=VERTEX_POINT('',#459);
#461=CARTESIAN_POINT('',(1.748383E-016,5.882516E-032,0.166141732283465));
#462=AXIS2_PLACEMENT_3D('',#461,#135,#136);
#463=CIRCLE('',#462,0.059732844619331);
#464=EDGE_CURVE('',#460,#460,#463,.T.);
#465=ORIENTED_EDGE('',*,*,#464,.T.);
#466=EDGE_LOOP('',(#465));
#467=FACE_BOUND('',#466,.T.);
#468=ADVANCED_FACE('',(#458,#467),#449,.T.);
#469=CARTESIAN_POINT('',(1.748383E-016,5.882516E-032,-32.67436400740705));
#470=AXIS2_PLACEMENT_3D('',#469,#135,#72);
#471=CONICAL_SURFACE('',#470,1.0,1.63);
#472=ORIENTED_EDGE('',*,*,#153,.F.);
#473=EDGE_LOOP('',(#472));
#474=FACE_OUTER_BOUND('',#473,.T.);
#475=ORIENTED_EDGE('',*,*,#455,.F.);
#476=EDGE_LOOP('',(#475));
#477=FACE_BOUND('',#476,.T.);
#478=ADVANCED_FACE('',(#474,#477),#471,.T.);
#479=CARTESIAN_POINT('',(0.065706129081264,-0.065706129081264,0.166141732283465));
#480=AXIS2_PLACEMENT_3D('',#479,#135,#136);
#481=PLANE('',#480);
#482=ORIENTED_EDGE('',*,*,#464,.F.);
#483=EDGE_LOOP('',(#482));
#484=FACE_OUTER_BOUND('',#483,.T.);
#485=ORIENTED_EDGE('',*,*,#395,.T.);
#486=ORIENTED_EDGE('',*,*,#413,.T.);
#487=ORIENTED_EDGE('',*,*,#429,.T.);
#488=ORIENTED_EDGE('',*,*,#441,.T.);
#489=EDGE_LOOP('',(#485,#486,#487,#488));
#490=FACE_BOUND('',#489,.T.);
#491=ADVANCED_FACE('',(#484,#490),#481,.F.);
#492=CARTESIAN_POINT('',(0.12992125984252,0.12992125984252,0.126771653543307));
#493=AXIS2_PLACEMENT_3D('',#492,#71,#72);
#494=PLANE('',#493);
#495=CARTESIAN_POINT('',(-0.098425196850394,-0.118110236220472,0.126771653543307));
#496=VERTEX_POINT('',#495);
#497=CARTESIAN_POINT('',(-0.118110236220472,-0.098425196850394,0.126771653543307));
#498=VERTEX_POINT('',#497);
#499=CARTESIAN_POINT('',(-0.098425196850394,-0.098425196850394,0.126771653543307));
#500=DIRECTION('',(-0.707106781186547,-0.707106781186547,0.0));
#501=AXIS2_PLACEMENT_3D('',#499,#135,#500);
#502=CIRCLE('',#501,0.019685039370079);
#503=EDGE_CURVE('',#496,#498,#502,.T.);
#504=ORIENTED_EDGE('',*,*,#503,.F.);
#505=CARTESIAN_POINT('',(0.098425196850394,-0.118110236220472,0.126771653543307));
#506=VERTEX_POINT('',#505);
#507=VECTOR('',#136,0.196850393700788);
#508=LINE('',#505,#507);
#509=EDGE_CURVE('',#506,#496,#508,.T.);
#510=ORIENTED_EDGE('',*,*,#509,.F.);
#511=CARTESIAN_POINT('',(0.118110236220473,-0.098425196850394,0.126771653543307));
#512=VERTEX_POINT('',#511);
#513=CARTESIAN_POINT('',(0.098425196850394,-0.098425196850394,0.126771653543307));
#514=DIRECTION('',(0.707106781186547,-0.707106781186547,0.0));
#515=AXIS2_PLACEMENT_3D('',#513,#135,#514);
#516=CIRCLE('',#515,0.019685039370079);
#517=EDGE_CURVE('',#512,#506,#516,.T.);
#518=ORIENTED_EDGE('',*,*,#517,.F.);
#519=CARTESIAN_POINT('',(0.118110236220472,0.098425196850394,0.126771653543307));
#520=VERTEX_POINT('',#519);
#521=VECTOR('',#217,0.196850393700788);
#522=LINE('',#519,#521);
#523=EDGE_CURVE('',#520,#512,#522,.T.);
#524=ORIENTED_EDGE('',*,*,#523,.F.);
#525=CARTESIAN_POINT('',(0.098425196850394,0.118110236220473,0.126771653543307));
#526=VERTEX_POINT('',#525);
#527=CARTESIAN_POINT('',(0.098425196850394,0.098425196850394,0.126771653543307));
#528=DIRECTION('',(0.707106781186547,0.707106781186547,0.0));
#529=AXIS2_PLACEMENT_3D('',#527,#135,#528);
#530=CIRCLE('',#529,0.019685039370079);
#531=EDGE_CURVE('',#526,#520,#530,.T.);
#532=ORIENTED_EDGE('',*,*,#531,.F.);
#533=CARTESIAN_POINT('',(-0.098425196850394,0.118110236220473,0.126771653543307));
#534=VERTEX_POINT('',#533);
#535=CARTESIAN_POINT('',(-0.098425196850394,0.118110236220472,0.126771653543307));
#536=VECTOR('',#72,0.196850393700788);
#537=LINE('',#535,#536);
#538=EDGE_CURVE('',#534,#526,#537,.T.);
#539=ORIENTED_EDGE('',*,*,#538,.F.);
#540=CARTESIAN_POINT('',(-0.118110236220472,0.098425196850394,0.126771653543307));
#541=VERTEX_POINT('',#540);
#542=CARTESIAN_POINT('',(-0.098425196850394,0.098425196850394,0.126771653543307));
#543=DIRECTION('',(-0.707106781186548,0.707106781186547,0.0));
#544=AXIS2_PLACEMENT_3D('',#542,#135,#543);
#545=CIRCLE('',#544,0.019685039370079);
#546=EDGE_CURVE('',#541,#534,#545,.T.);
#547=ORIENTED_EDGE('',*,*,#546,.F.);
#548=VECTOR('',#197,0.196850393700788);
#549=LINE('',#497,#548);
#550=EDGE_CURVE('',#498,#541,#549,.T.);
#551=ORIENTED_EDGE('',*,*,#550,.F.);
#552=EDGE_LOOP('',(#504,#510,#518,#524,#532,#539,#547,#551));
#553=FACE_OUTER_BOUND('',#552,.T.);
#554=CARTESIAN_POINT('',(-0.070866141732283,2.603580E-017,0.126771653543307));
#555=VERTEX_POINT('',#554);
#556=CARTESIAN_POINT('',(1.748383E-016,0.0,0.126771653543307));
#557=AXIS2_PLACEMENT_3D('',#556,#135,#72);
#558=CIRCLE('',#557,0.070866141732283);
#559=EDGE_CURVE('',#555,#555,#558,.T.);
#560=ORIENTED_EDGE('',*,*,#559,.T.);
#561=EDGE_LOOP('',(#560));
#562=FACE_BOUND('',#561,.T.);
#563=CARTESIAN_POINT('',(0.071850393700788,0.086614173228346,0.127263779527559));
#564=VERTEX_POINT('',#563);
#565=CARTESIAN_POINT('',(0.086614173228347,0.086614173228346,0.126771653543307));
#566=AXIS2_PLACEMENT_3D('',#565,#71,#136);
#567=CIRCLE('',#566,0.014763779527559);
#568=EDGE_CURVE('',#564,#564,#567,.T.);
#569=ORIENTED_EDGE('',*,*,#568,.F.);
#570=EDGE_LOOP('',(#569));
#571=FACE_BOUND('',#570,.T.);
#572=CARTESIAN_POINT('',(-0.101377952755905,0.086614173228347,0.127263779527559));
#573=VERTEX_POINT('',#572);
#574=CARTESIAN_POINT('',(-0.086614173228346,0.086614173228347,0.126771653543307));
#575=AXIS2_PLACEMENT_3D('',#574,#71,#136);
#576=CIRCLE('',#575,0.014763779527559);
#577=EDGE_CURVE('',#573,#573,#576,.T.);
#578=ORIENTED_EDGE('',*,*,#577,.F.);
#579=EDGE_LOOP('',(#578));
#580=FACE_BOUND('',#579,.T.);
#581=CARTESIAN_POINT('',(-0.101377952755905,-0.086614173228347,0.127263779527559));
#582=VERTEX_POINT('',#581);
#583=CARTESIAN_POINT('',(-0.086614173228346,-0.086614173228347,0.126771653543307));
#584=AXIS2_PLACEMENT_3D('',#583,#71,#136);
#585=CIRCLE('',#584,0.014763779527559);
#586=EDGE_CURVE('',#582,#582,#585,.T.);
#587=ORIENTED_EDGE('',*,*,#586,.F.);
#588=EDGE_LOOP('',(#587));
#589=FACE_BOUND('',#588,.T.);
#590=CARTESIAN_POINT('',(0.071850393700788,-0.086614173228346,0.127263779527559));
#591=VERTEX_POINT('',#590);
#592=CARTESIAN_POINT('',(0.086614173228347,-0.086614173228346,0.126771653543307));
#593=AXIS2_PLACEMENT_3D('',#592,#71,#136);
#594=CIRCLE('',#593,0.014763779527559);
#595=EDGE_CURVE('',#591,#591,#594,.T.);
#596=ORIENTED_EDGE('',*,*,#595,.F.);
#597=EDGE_LOOP('',(#596));
#598=FACE_BOUND('',#597,.T.);
#599=ADVANCED_FACE('',(#553,#562,#571,#580,#589,#598),#494,.T.);
#600=CARTESIAN_POINT('',(1.748383E-016,0.0,0.114370078740158));
#601=AXIS2_PLACEMENT_3D('',#600,#71,#136);
#602=CYLINDRICAL_SURFACE('',#601,0.070866141732283);
#603=ORIENTED_EDGE('',*,*,#559,.F.);
#604=EDGE_LOOP('',(#603));
#605=FACE_OUTER_BOUND('',#604,.T.);
#606=ORIENTED_EDGE('',*,*,#144,.F.);
#607=EDGE_LOOP('',(#606));
#608=FACE_BOUND('',#607,.T.);
#609=ADVANCED_FACE('',(#605,#608),#602,.F.);
#610=CARTESIAN_POINT('',(0.086614173228347,-0.086614173228346,0.127755905511811));
#611=AXIS2_PLACEMENT_3D('',#610,#71,#72);
#612=SPHERICAL_SURFACE('',#611,0.014763779527559);
#613=AXIS2_PLACEMENT_3D('',#610,#71,#136);
#614=CIRCLE('',#613,0.014763779527559);
#615=EDGE_CURVE('',#591,#591,#614,.T.);
#616=ORIENTED_EDGE('',*,*,#615,.T.);
#617=EDGE_LOOP('',(#616));
#618=FACE_OUTER_BOUND('',#617,.T.);
#619=ADVANCED_FACE('',(#618),#612,.T.);
#620=CARTESIAN_POINT('',(0.086614173228347,-0.086614173228346,0.11496062992126));
#621=AXIS2_PLACEMENT_3D('',#620,#71,#136);
#622=CYLINDRICAL_SURFACE('',#621,0.014763779527559);
#623=ORIENTED_EDGE('',*,*,#615,.F.);
#624=ORIENTED_EDGE('',*,*,#595,.T.);
#625=EDGE_LOOP('',(#623,#624));
#626=FACE_OUTER_BOUND('',#625,.T.);
#627=ADVANCED_FACE('',(#626),#622,.T.);
#628=CARTESIAN_POINT('',(-0.086614173228346,-0.086614173228347,0.127755905511811));
#629=AXIS2_PLACEMENT_3D('',#628,#71,#72);
#630=SPHERICAL_SURFACE('',#629,0.014763779527559);
#631=AXIS2_PLACEMENT_3D('',#628,#71,#136);
#632=CIRCLE('',#631,0.014763779527559);
#633=EDGE_CURVE('',#582,#582,#632,.T.);
#634=ORIENTED_EDGE('',*,*,#633,.T.);
#635=EDGE_LOOP('',(#634));
#636=FACE_OUTER_BOUND('',#635,.T.);
#637=ADVANCED_FACE('',(#636),#630,.T.);
#638=CARTESIAN_POINT('',(-0.086614173228346,-0.086614173228347,0.11496062992126));
#639=AXIS2_PLACEMENT_3D('',#638,#71,#136);
#640=CYLINDRICAL_SURFACE('',#639,0.014763779527559);
#641=ORIENTED_EDGE('',*,*,#633,.F.);
#642=ORIENTED_EDGE('',*,*,#586,.T.);
#643=EDGE_LOOP('',(#641,#642));
#644=FACE_OUTER_BOUND('',#643,.T.);
#645=ADVANCED_FACE('',(#644),#640,.T.);
#646=CARTESIAN_POINT('',(0.086614173228347,0.086614173228346,0.127755905511811));
#647=AXIS2_PLACEMENT_3D('',#646,#71,#72);
#648=SPHERICAL_SURFACE('',#647,0.014763779527559);
#649=AXIS2_PLACEMENT_3D('',#646,#71,#136);
#650=CIRCLE('',#649,0.014763779527559);
#651=EDGE_CURVE('',#564,#564,#650,.T.);
#652=ORIENTED_EDGE('',*,*,#651,.T.);
#653=EDGE_LOOP('',(#652));
#654=FACE_OUTER_BOUND('',#653,.T.);
#655=ADVANCED_FACE('',(#654),#648,.T.);
#656=CARTESIAN_POINT('',(0.086614173228347,0.086614173228346,0.11496062992126));
#657=AXIS2_PLACEMENT_3D('',#656,#71,#136);
#658=CYLINDRICAL_SURFACE('',#657,0.014763779527559);
#659=ORIENTED_EDGE('',*,*,#651,.F.);
#660=ORIENTED_EDGE('',*,*,#568,.T.);
#661=EDGE_LOOP('',(#659,#660));
#662=FACE_OUTER_BOUND('',#661,.T.);
#663=ADVANCED_FACE('',(#662),#658,.T.);
#664=CARTESIAN_POINT('',(-0.086614173228346,0.086614173228347,0.127755905511811));
#665=AXIS2_PLACEMENT_3D('',#664,#71,#72);
#666=SPHERICAL_SURFACE('',#665,0.014763779527559);
#667=AXIS2_PLACEMENT_3D('',#664,#71,#136);
#668=CIRCLE('',#667,0.014763779527559);
#669=EDGE_CURVE('',#573,#573,#668,.T.);
#670=ORIENTED_EDGE('',*,*,#669,.T.);
#671=EDGE_LOOP('',(#670));
#672=FACE_OUTER_BOUND('',#671,.T.);
#673=ADVANCED_FACE('',(#672),#666,.T.);
#674=CARTESIAN_POINT('',(-0.086614173228346,0.086614173228347,0.11496062992126));
#675=AXIS2_PLACEMENT_3D('',#674,#71,#136);
#676=CYLINDRICAL_SURFACE('',#675,0.014763779527559);
#677=ORIENTED_EDGE('',*,*,#669,.F.);
#678=ORIENTED_EDGE('',*,*,#577,.T.);
#679=EDGE_LOOP('',(#677,#678));
#680=FACE_OUTER_BOUND('',#679,.T.);
#681=ADVANCED_FACE('',(#680),#676,.T.);
#682=CARTESIAN_POINT('',(-0.098425196850394,0.098425196850394,-0.006338582677165));
#683=DIRECTION('',(0.707106781186547,-0.707106781186548,0.0));
#684=AXIS2_PLACEMENT_3D('',#682,#71,#683);
#685=CYLINDRICAL_SURFACE('',#684,0.019685039370079);
#686=CARTESIAN_POINT('',(-0.098425196850396,0.118110236220473,0.0));
#687=VERTEX_POINT('',#686);
#688=VECTOR('',#135,0.126771653543307);
#689=LINE('',#533,#688);
#690=EDGE_CURVE('',#534,#687,#689,.T.);
#691=ORIENTED_EDGE('',*,*,#690,.T.);
#692=CARTESIAN_POINT('',(-0.118110236220472,0.098425196850394,0.0));
#693=VERTEX_POINT('',#692);
#694=CARTESIAN_POINT('',(-0.098425196850394,0.098425196850394,0.0));
#695=DIRECTION('',(-0.707106781186547,0.707106781186548,0.0));
#696=AXIS2_PLACEMENT_3D('',#694,#71,#695);
#697=CIRCLE('',#696,0.019685039370079);
#698=EDGE_CURVE('',#687,#693,#697,.T.);
#699=ORIENTED_EDGE('',*,*,#698,.T.);
#700=CARTESIAN_POINT('',(-0.118110236220472,0.098425196850394,0.020472440944885));
#701=VERTEX_POINT('',#700);
#702=VECTOR('',#71,0.020472440944885);
#703=LINE('',#692,#702);
#704=EDGE_CURVE('',#693,#701,#703,.T.);
#705=ORIENTED_EDGE('',*,*,#704,.T.);
#706=CARTESIAN_POINT('',(-0.11771251765971,0.10236220472441,0.020472440944886));
#707=VERTEX_POINT('',#706);
#708=CARTESIAN_POINT('',(-0.098425196850394,0.098425196850394,0.020472440944885));
#709=AXIS2_PLACEMENT_3D('',#708,#71,#695);
#710=CIRCLE('',#709,0.019685039370079);
#711=EDGE_CURVE('',#707,#701,#710,.T.);
#712=ORIENTED_EDGE('',*,*,#711,.F.);
#713=CARTESIAN_POINT('',(-0.11771251765971,0.10236220472441,0.032283464566933));
#714=VERTEX_POINT('',#713);
#715=VECTOR('',#71,0.011811023622047);
#716=LINE('',#706,#715);
#717=EDGE_CURVE('',#707,#714,#716,.T.);
#718=ORIENTED_EDGE('',*,*,#717,.T.);
#719=CARTESIAN_POINT('',(-0.118110236220472,0.098425196850394,0.032283464566933));
#720=VERTEX_POINT('',#719);
#721=CARTESIAN_POINT('',(-0.098425196850394,0.098425196850394,0.032283464566933));
#722=AXIS2_PLACEMENT_3D('',#721,#135,#695);
#723=CIRCLE('',#722,0.019685039370079);
#724=EDGE_CURVE('',#720,#714,#723,.T.);
#725=ORIENTED_EDGE('',*,*,#724,.F.);
#726=VECTOR('',#71,0.094488188976374);
#727=LINE('',#719,#726);
#728=EDGE_CURVE('',#720,#541,#727,.T.);
#729=ORIENTED_EDGE('',*,*,#728,.T.);
#730=ORIENTED_EDGE('',*,*,#546,.T.);
#731=EDGE_LOOP('',(#691,#699,#705,#712,#718,#725,#729,#730));
#732=FACE_OUTER_BOUND('',#731,.T.);
#733=ADVANCED_FACE('',(#732),#685,.T.);
#734=CARTESIAN_POINT('',(-0.119094488188979,0.053622047244095,0.0));
#735=AXIS2_PLACEMENT_3D('',#734,#71,#72);
#736=PLANE('',#735);
#737=ORIENTED_EDGE('',*,*,#698,.F.);
#738=CARTESIAN_POINT('',(-0.098425196850397,0.056692913385827,0.0));
#739=VERTEX_POINT('',#738);
#740=VECTOR('',#217,0.061417322834646);
#741=LINE('',#686,#740);
#742=EDGE_CURVE('',#687,#739,#741,.T.);
#743=ORIENTED_EDGE('',*,*,#742,.T.);
#744=CARTESIAN_POINT('',(-0.118110236220474,0.056692913385827,0.0));
#745=VERTEX_POINT('',#744);
#746=VECTOR('',#136,0.019685039370077);
#747=LINE('',#738,#746);
#748=EDGE_CURVE('',#739,#745,#747,.T.);
#749=ORIENTED_EDGE('',*,*,#748,.T.);
#750=VECTOR('',#217,0.041732283464567);
#751=LINE('',#692,#750);
#752=EDGE_CURVE('',#693,#745,#751,.T.);
#753=ORIENTED_EDGE('',*,*,#752,.F.);
#754=EDGE_LOOP('',(#737,#743,#749,#753));
#755=FACE_OUTER_BOUND('',#754,.T.);
#756=ADVANCED_FACE('',(#755),#736,.F.);
#757=CARTESIAN_POINT('',(-0.108267716535436,0.118110236220473,-0.022047244094488));
#758=AXIS2_PLACEMENT_3D('',#757,#197,#71);
#759=PLANE('',#758);
#760=ORIENTED_EDGE('',*,*,#690,.F.);
#761=ORIENTED_EDGE('',*,*,#538,.T.);
#762=CARTESIAN_POINT('',(0.098425196850394,0.118110236220473,0.0));
#763=VERTEX_POINT('',#762);
#764=VECTOR('',#71,0.126771653543307);
#765=LINE('',#762,#764);
#766=EDGE_CURVE('',#763,#526,#765,.T.);
#767=ORIENTED_EDGE('',*,*,#766,.F.);
#768=CARTESIAN_POINT('',(0.098425196850394,0.118110236220473,-0.01496062992126));
#769=VERTEX_POINT('',#768);
#770=VECTOR('',#135,0.01496062992126);
#771=LINE('',#762,#770);
#772=EDGE_CURVE('',#763,#769,#771,.T.);
#773=ORIENTED_EDGE('',*,*,#772,.T.);
#774=CARTESIAN_POINT('',(0.052755905511811,0.118110236220473,-0.01496062992126));
#775=VERTEX_POINT('',#774);
#776=VECTOR('',#136,0.045669291338583);
#777=LINE('',#768,#776);
#778=EDGE_CURVE('',#769,#775,#777,.T.);
#779=ORIENTED_EDGE('',*,*,#778,.T.);
#780=CARTESIAN_POINT('',(0.052755905511811,0.118110236220473,0.0));
#781=VERTEX_POINT('',#780);
#782=LINE('',#780,#770);
#783=EDGE_CURVE('',#781,#775,#782,.T.);
#784=ORIENTED_EDGE('',*,*,#783,.F.);
#785=CARTESIAN_POINT('',(-0.052755905511814,0.118110236220473,0.0));
#786=VERTEX_POINT('',#785);
#787=VECTOR('',#136,0.105511811023625);
#788=LINE('',#780,#787);
#789=EDGE_CURVE('',#781,#786,#788,.T.);
#790=ORIENTED_EDGE('',*,*,#789,.T.);
#791=CARTESIAN_POINT('',(-0.052755905511814,0.118110236220473,-0.01496062992126));
#792=VERTEX_POINT('',#791);
#793=LINE('',#785,#770);
#794=EDGE_CURVE('',#786,#792,#793,.T.);
#795=ORIENTED_EDGE('',*,*,#794,.T.);
#796=CARTESIAN_POINT('',(-0.098425196850396,0.118110236220473,-0.01496062992126));
#797=VERTEX_POINT('',#796);
#798=VECTOR('',#136,0.045669291338582);
#799=LINE('',#791,#798);
#800=EDGE_CURVE('',#792,#797,#799,.T.);
#801=ORIENTED_EDGE('',*,*,#800,.T.);
#802=LINE('',#686,#770);
#803=EDGE_CURVE('',#687,#797,#802,.T.);
#804=ORIENTED_EDGE('',*,*,#803,.F.);
#805=EDGE_LOOP('',(#760,#761,#767,#773,#779,#784,#790,#795,#801,#804));
#806=FACE_OUTER_BOUND('',#805,.T.);
#807=ADVANCED_FACE('',(#806),#759,.T.);
#808=CARTESIAN_POINT('',(-0.118110236220472,-0.108267716535433,-0.022047244094488));
#809=AXIS2_PLACEMENT_3D('',#808,#136,#71);
#810=PLANE('',#809);
#811=ORIENTED_EDGE('',*,*,#704,.F.);
#812=ORIENTED_EDGE('',*,*,#752,.T.);
#813=CARTESIAN_POINT('',(-0.118110236220475,0.056692913385827,-0.01496062992126));
#814=VERTEX_POINT('',#813);
#815=CARTESIAN_POINT('',(-0.118110236220475,0.056692913385827,0.0));
#816=LINE('',#815,#770);
#817=EDGE_CURVE('',#745,#814,#816,.T.);
#818=ORIENTED_EDGE('',*,*,#817,.T.);
#819=CARTESIAN_POINT('',(-0.118110236220475,-0.05748031496063,-0.01496062992126));
#820=VERTEX_POINT('',#819);
#821=VECTOR('',#217,0.114173228346457);
#822=LINE('',#813,#821);
#823=EDGE_CURVE('',#814,#820,#822,.T.);
#824=ORIENTED_EDGE('',*,*,#823,.T.);
#825=CARTESIAN_POINT('',(-0.118110236220474,-0.05748031496063,0.0));
#826=VERTEX_POINT('',#825);
#827=CARTESIAN_POINT('',(-0.118110236220475,-0.05748031496063,0.0));
#828=LINE('',#827,#770);
#829=EDGE_CURVE('',#826,#820,#828,.T.);
#830=ORIENTED_EDGE('',*,*,#829,.F.);
#831=CARTESIAN_POINT('',(-0.118110236220472,-0.098425196850394,0.0));
#832=VERTEX_POINT('',#831);
#833=CARTESIAN_POINT('',(-0.118110236220472,-0.05748031496063,0.0));
#834=VECTOR('',#217,0.040944881889764);
#835=LINE('',#833,#834);
#836=EDGE_CURVE('',#826,#832,#835,.T.);
#837=ORIENTED_EDGE('',*,*,#836,.T.);
#838=CARTESIAN_POINT('',(-0.118110236220472,-0.098425196850394,0.020472440944885));
#839=VERTEX_POINT('',#838);
#840=VECTOR('',#135,0.020472440944885);
#841=LINE('',#838,#840);
#842=EDGE_CURVE('',#839,#832,#841,.T.);
#843=ORIENTED_EDGE('',*,*,#842,.F.);
#844=CARTESIAN_POINT('',(-0.118110236220473,-0.074803149606299,0.020472440944885));
#845=VERTEX_POINT('',#844);
#846=VECTOR('',#197,0.023622047244095);
#847=LINE('',#838,#846);
#848=EDGE_CURVE('',#839,#845,#847,.T.);
#849=ORIENTED_EDGE('',*,*,#848,.T.);
#850=CARTESIAN_POINT('',(-0.118110236220473,-0.074803149606299,0.032283464566933));
#851=VERTEX_POINT('',#850);
#852=CARTESIAN_POINT('',(-0.118110236220472,-0.074803149606299,0.020472440944885));
#853=VECTOR('',#71,0.011811023622048);
#854=LINE('',#852,#853);
#855=EDGE_CURVE('',#845,#851,#854,.T.);
#856=ORIENTED_EDGE('',*,*,#855,.T.);
#857=CARTESIAN_POINT('',(-0.118110236220472,-0.098425196850394,0.032283464566933));
#858=VERTEX_POINT('',#857);
#859=CARTESIAN_POINT('',(-0.118110236220472,-0.074803149606299,0.032283464566933));
#860=VECTOR('',#217,0.023622047244095);
#861=LINE('',#859,#860);
#862=EDGE_CURVE('',#851,#858,#861,.T.);
#863=ORIENTED_EDGE('',*,*,#862,.T.);
#864=VECTOR('',#135,0.094488188976374);
#865=LINE('',#497,#864);
#866=EDGE_CURVE('',#498,#858,#865,.T.);
#867=ORIENTED_EDGE('',*,*,#866,.F.);
#868=ORIENTED_EDGE('',*,*,#550,.T.);
#869=ORIENTED_EDGE('',*,*,#728,.F.);
#870=CARTESIAN_POINT('',(-0.118110236220473,0.074803149606299,0.032283464566933));
#871=VERTEX_POINT('',#870);
#872=LINE('',#719,#860);
#873=EDGE_CURVE('',#720,#871,#872,.T.);
#874=ORIENTED_EDGE('',*,*,#873,.T.);
#875=CARTESIAN_POINT('',(-0.118110236220473,0.074803149606299,0.020472440944885));
#876=VERTEX_POINT('',#875);
#877=CARTESIAN_POINT('',(-0.118110236220472,0.074803149606299,0.032283464566933));
#878=VECTOR('',#135,0.011811023622048);
#879=LINE('',#877,#878);
#880=EDGE_CURVE('',#871,#876,#879,.T.);
#881=ORIENTED_EDGE('',*,*,#880,.T.);
#882=CARTESIAN_POINT('',(-0.118110236220472,0.074803149606299,0.020472440944885));
#883=LINE('',#882,#846);
#884=EDGE_CURVE('',#876,#701,#883,.T.);
#885=ORIENTED_EDGE('',*,*,#884,.T.);
#886=EDGE_LOOP('',(#811,#812,#818,#824,#830,#837,#843,#849,#856,#863,#867,#868,#869,#874,#881,#885));
#887=FACE_OUTER_BOUND('',#886,.T.);
#888=ADVANCED_FACE('',(#887),#810,.T.);
#889=CARTESIAN_POINT('',(0.098425196850394,0.098425196850394,-0.006338582677165));
#890=DIRECTION('',(-0.707106781186548,-0.707106781186547,0.0));
#891=AXIS2_PLACEMENT_3D('',#889,#71,#890);
#892=CYLINDRICAL_SURFACE('',#891,0.019685039370079);
#893=CARTESIAN_POINT('',(0.11771251765971,0.102362204724409,0.032283464566929));
#894=VERTEX_POINT('',#893);
#895=CARTESIAN_POINT('',(0.118110236220473,0.098425196850394,0.032283464566929));
#896=VERTEX_POINT('',#895);
#897=CARTESIAN_POINT('',(0.098425196850394,0.098425196850394,0.032283464566929));
#898=DIRECTION('',(0.707106781186548,0.707106781186547,0.0));
#899=AXIS2_PLACEMENT_3D('',#897,#135,#898);
#900=CIRCLE('',#899,0.019685039370079);
#901=EDGE_CURVE('',#894,#896,#900,.T.);
#902=ORIENTED_EDGE('',*,*,#901,.F.);
#903=CARTESIAN_POINT('',(0.11771251765971,0.102362204724409,0.020472440944882));
#904=VERTEX_POINT('',#903);
#905=LINE('',#903,#715);
#906=EDGE_CURVE('',#904,#894,#905,.T.);
#907=ORIENTED_EDGE('',*,*,#906,.F.);
#908=CARTESIAN_POINT('',(0.118110236220473,0.098425196850394,0.020472440944882));
#909=VERTEX_POINT('',#908);
#910=CARTESIAN_POINT('',(0.098425196850394,0.098425196850394,0.020472440944882));
#911=AXIS2_PLACEMENT_3D('',#910,#71,#898);
#912=CIRCLE('',#911,0.019685039370079);
#913=EDGE_CURVE('',#909,#904,#912,.T.);
#914=ORIENTED_EDGE('',*,*,#913,.F.);
#915=CARTESIAN_POINT('',(0.118110236220473,0.098425196850394,0.0));
#916=VERTEX_POINT('',#915);
#917=VECTOR('',#135,0.020472440944882);
#918=LINE('',#908,#917);
#919=EDGE_CURVE('',#909,#916,#918,.T.);
#920=ORIENTED_EDGE('',*,*,#919,.T.);
#921=CARTESIAN_POINT('',(0.098425196850394,0.098425196850394,0.0));
#922=AXIS2_PLACEMENT_3D('',#921,#71,#898);
#923=CIRCLE('',#922,0.019685039370079);
#924=EDGE_CURVE('',#916,#763,#923,.T.);
#925=ORIENTED_EDGE('',*,*,#924,.T.);
#926=ORIENTED_EDGE('',*,*,#766,.T.);
#927=ORIENTED_EDGE('',*,*,#531,.T.);
#928=VECTOR('',#135,0.094488188976378);
#929=LINE('',#519,#928);
#930=EDGE_CURVE('',#520,#896,#929,.T.);
#931=ORIENTED_EDGE('',*,*,#930,.T.);
#932=EDGE_LOOP('',(#902,#907,#914,#920,#925,#926,#927,#931));
#933=FACE_OUTER_BOUND('',#932,.T.);
#934=ADVANCED_FACE('',(#933),#892,.T.);
#935=CARTESIAN_POINT('',(0.118110236220473,-0.108267716535433,0.133858267716535));
#936=AXIS2_PLACEMENT_3D('',#935,#72,#135);
#937=PLANE('',#936);
#938=ORIENTED_EDGE('',*,*,#919,.F.);
#939=CARTESIAN_POINT('',(0.118110236220473,0.074803149606299,0.020472440944882));
#940=VERTEX_POINT('',#939);
#941=LINE('',#908,#860);
#942=EDGE_CURVE('',#909,#940,#941,.T.);
#943=ORIENTED_EDGE('',*,*,#942,.T.);
#944=CARTESIAN_POINT('',(0.118110236220473,0.074803149606299,0.032283464566929));
#945=VERTEX_POINT('',#944);
#946=LINE('',#939,#715);
#947=EDGE_CURVE('',#940,#945,#946,.T.);
#948=ORIENTED_EDGE('',*,*,#947,.T.);
#949=LINE('',#944,#846);
#950=EDGE_CURVE('',#945,#896,#949,.T.);
#951=ORIENTED_EDGE('',*,*,#950,.T.);
#952=ORIENTED_EDGE('',*,*,#930,.F.);
#953=ORIENTED_EDGE('',*,*,#523,.T.);
#954=CARTESIAN_POINT('',(0.118110236220473,-0.098425196850394,0.032283464566929));
#955=VERTEX_POINT('',#954);
#956=VECTOR('',#71,0.094488188976378);
#957=LINE('',#954,#956);
#958=EDGE_CURVE('',#955,#512,#957,.T.);
#959=ORIENTED_EDGE('',*,*,#958,.F.);
#960=CARTESIAN_POINT('',(0.118110236220473,-0.074803149606299,0.032283464566929));
#961=VERTEX_POINT('',#960);
#962=LINE('',#954,#846);
#963=EDGE_CURVE('',#955,#961,#962,.T.);
#964=ORIENTED_EDGE('',*,*,#963,.T.);
#965=CARTESIAN_POINT('',(0.118110236220473,-0.074803149606299,0.020472440944882));
#966=VERTEX_POINT('',#965);
#967=VECTOR('',#135,0.011811023622047);
#968=LINE('',#960,#967);
#969=EDGE_CURVE('',#961,#966,#968,.T.);
#970=ORIENTED_EDGE('',*,*,#969,.T.);
#971=CARTESIAN_POINT('',(0.118110236220473,-0.098425196850394,0.020472440944882));
#972=VERTEX_POINT('',#971);
#973=LINE('',#965,#860);
#974=EDGE_CURVE('',#966,#972,#973,.T.);
#975=ORIENTED_EDGE('',*,*,#974,.T.);
#976=CARTESIAN_POINT('',(0.118110236220473,-0.098425196850394,0.0));
#977=VERTEX_POINT('',#976);
#978=VECTOR('',#71,0.020472440944882);
#979=LINE('',#976,#978);
#980=EDGE_CURVE('',#977,#972,#979,.T.);
#981=ORIENTED_EDGE('',*,*,#980,.F.);
#982=CARTESIAN_POINT('',(0.118110236220473,-0.05748031496063,0.0));
#983=VERTEX_POINT('',#982);
#984=VECTOR('',#197,0.040944881889764);
#985=LINE('',#976,#984);
#986=EDGE_CURVE('',#977,#983,#985,.T.);
#987=ORIENTED_EDGE('',*,*,#986,.T.);
#988=CARTESIAN_POINT('',(0.118110236220473,-0.05748031496063,-0.01496062992126));
#989=VERTEX_POINT('',#988);
#990=LINE('',#982,#770);
#991=EDGE_CURVE('',#983,#989,#990,.T.);
#992=ORIENTED_EDGE('',*,*,#991,.T.);
#993=CARTESIAN_POINT('',(0.118110236220473,0.056692913385827,-0.01496062992126));
#994=VERTEX_POINT('',#993);
#995=VECTOR('',#197,0.114173228346457);
#996=LINE('',#988,#995);
#997=EDGE_CURVE('',#989,#994,#996,.T.);
#998=ORIENTED_EDGE('',*,*,#997,.T.);
#999=CARTESIAN_POINT('',(0.118110236220473,0.056692913385827,0.0));
#1000=VERTEX_POINT('',#999);
#1001=LINE('',#999,#770);
#1002=EDGE_CURVE('',#1000,#994,#1001,.T.);
#1003=ORIENTED_EDGE('',*,*,#1002,.F.);
#1004=VECTOR('',#197,0.041732283464567);
#1005=LINE('',#999,#1004);
#1006=EDGE_CURVE('',#1000,#916,#1005,.T.);
#1007=ORIENTED_EDGE('',*,*,#1006,.T.);
#1008=EDGE_LOOP('',(#938,#943,#948,#951,#952,#953,#959,#964,#970,#975,#981,#987,#992,#998,#1003,#1007));
#1009=FACE_OUTER_BOUND('',#1008,.T.);
#1010=ADVANCED_FACE('',(#1009),#937,.T.);
#1011=CARTESIAN_POINT('',(0.098425196850394,-0.098425196850394,-0.006338582677165));
#1012=DIRECTION('',(-0.707106781186547,0.707106781186547,0.0));
#1013=AXIS2_PLACEMENT_3D('',#1011,#71,#1012);
#1014=CYLINDRICAL_SURFACE('',#1013,0.019685039370079);
#1015=CARTESIAN_POINT('',(0.098425196850394,-0.118110236220472,0.0));
#1016=VERTEX_POINT('',#1015);
#1017=LINE('',#505,#688);
#1018=EDGE_CURVE('',#506,#1016,#1017,.T.);
#1019=ORIENTED_EDGE('',*,*,#1018,.T.);
#1020=CARTESIAN_POINT('',(0.098425196850394,-0.098425196850394,0.0));
#1021=DIRECTION('',(0.707106781186548,-0.707106781186547,0.0));
#1022=AXIS2_PLACEMENT_3D('',#1020,#71,#1021);
#1023=CIRCLE('',#1022,0.019685039370079);
#1024=EDGE_CURVE('',#1016,#977,#1023,.T.);
#1025=ORIENTED_EDGE('',*,*,#1024,.T.);
#1026=ORIENTED_EDGE('',*,*,#980,.T.);
#1027=CARTESIAN_POINT('',(0.11771251765971,-0.102362204724409,0.020472440944882));
#1028=VERTEX_POINT('',#1027);
#1029=CARTESIAN_POINT('',(0.098425196850394,-0.098425196850394,0.020472440944882));
#1030=AXIS2_PLACEMENT_3D('',#1029,#71,#1021);
#1031=CIRCLE('',#1030,0.019685039370079);
#1032=EDGE_CURVE('',#1028,#972,#1031,.T.);
#1033=ORIENTED_EDGE('',*,*,#1032,.F.);
#1034=CARTESIAN_POINT('',(0.11771251765971,-0.102362204724409,0.032283464566929));
#1035=VERTEX_POINT('',#1034);
#1036=LINE('',#1027,#715);
#1037=EDGE_CURVE('',#1028,#1035,#1036,.T.);
#1038=ORIENTED_EDGE('',*,*,#1037,.T.);
#1039=CARTESIAN_POINT('',(0.098425196850394,-0.098425196850394,0.032283464566929));
#1040=AXIS2_PLACEMENT_3D('',#1039,#135,#1021);
#1041=CIRCLE('',#1040,0.019685039370079);
#1042=EDGE_CURVE('',#955,#1035,#1041,.T.);
#1043=ORIENTED_EDGE('',*,*,#1042,.F.);
#1044=ORIENTED_EDGE('',*,*,#958,.T.);
#1045=ORIENTED_EDGE('',*,*,#517,.T.);
#1046=EDGE_LOOP('',(#1019,#1025,#1026,#1033,#1038,#1043,#1044,#1045));
#1047=FACE_OUTER_BOUND('',#1046,.T.);
#1048=ADVANCED_FACE('',(#1047),#1014,.T.);
#1049=CARTESIAN_POINT('',(0.09744094488189,-0.121141732283465,0.0));
#1050=AXIS2_PLACEMENT_3D('',#1049,#71,#72);
#1051=PLANE('',#1050);
#1052=ORIENTED_EDGE('',*,*,#1024,.F.);
#1053=CARTESIAN_POINT('',(0.098425196850394,-0.05748031496063,0.0));
#1054=VERTEX_POINT('',#1053);
#1055=VECTOR('',#197,0.060629921259842);
#1056=LINE('',#1015,#1055);
#1057=EDGE_CURVE('',#1016,#1054,#1056,.T.);
#1058=ORIENTED_EDGE('',*,*,#1057,.T.);
#1059=VECTOR('',#72,0.019685039370079);
#1060=LINE('',#1053,#1059);
#1061=EDGE_CURVE('',#1054,#983,#1060,.T.);
#1062=ORIENTED_EDGE('',*,*,#1061,.T.);
#1063=ORIENTED_EDGE('',*,*,#986,.F.);
#1064=EDGE_LOOP('',(#1052,#1058,#1062,#1063));
#1065=FACE_OUTER_BOUND('',#1064,.T.);
#1066=ADVANCED_FACE('',(#1065),#1051,.F.);
#1067=CARTESIAN_POINT('',(-0.108267716535437,-0.118110236220472,0.133858267716535));
#1068=AXIS2_PLACEMENT_3D('',#1067,#217,#135);
#1069=PLANE('',#1068);
#1070=ORIENTED_EDGE('',*,*,#1018,.F.);
#1071=ORIENTED_EDGE('',*,*,#509,.T.);
#1072=CARTESIAN_POINT('',(-0.098425196850396,-0.118110236220472,0.0));
#1073=VERTEX_POINT('',#1072);
#1074=CARTESIAN_POINT('',(-0.098425196850394,-0.118110236220472,0.0));
#1075=LINE('',#1074,#764);
#1076=EDGE_CURVE('',#1073,#496,#1075,.T.);
#1077=ORIENTED_EDGE('',*,*,#1076,.F.);
#1078=CARTESIAN_POINT('',(-0.098425196850397,-0.118110236220472,-0.01496062992126));
#1079=VERTEX_POINT('',#1078);
#1080=CARTESIAN_POINT('',(-0.098425196850397,-0.118110236220472,0.0));
#1081=LINE('',#1080,#770);
#1082=EDGE_CURVE('',#1073,#1079,#1081,.T.);
#1083=ORIENTED_EDGE('',*,*,#1082,.T.);
#1084=CARTESIAN_POINT('',(-0.052755905511814,-0.118110236220472,-0.01496062992126));
#1085=VERTEX_POINT('',#1084);
#1086=VECTOR('',#72,0.045669291338583);
#1087=LINE('',#1078,#1086);
#1088=EDGE_CURVE('',#1079,#1085,#1087,.T.);
#1089=ORIENTED_EDGE('',*,*,#1088,.T.);
#1090=CARTESIAN_POINT('',(-0.052755905511814,-0.118110236220472,0.0));
#1091=VERTEX_POINT('',#1090);
#1092=LINE('',#1090,#770);
#1093=EDGE_CURVE('',#1091,#1085,#1092,.T.);
#1094=ORIENTED_EDGE('',*,*,#1093,.F.);
#1095=CARTESIAN_POINT('',(0.052755905511811,-0.118110236220472,0.0));
#1096=VERTEX_POINT('',#1095);
#1097=VECTOR('',#72,0.105511811023625);
#1098=LINE('',#1090,#1097);
#1099=EDGE_CURVE('',#1091,#1096,#1098,.T.);
#1100=ORIENTED_EDGE('',*,*,#1099,.T.);
#1101=CARTESIAN_POINT('',(0.052755905511811,-0.118110236220472,-0.01496062992126));
#1102=VERTEX_POINT('',#1101);
#1103=LINE('',#1095,#770);
#1104=EDGE_CURVE('',#1096,#1102,#1103,.T.);
#1105=ORIENTED_EDGE('',*,*,#1104,.T.);
#1106=CARTESIAN_POINT('',(0.098425196850394,-0.118110236220472,-0.01496062992126));
#1107=VERTEX_POINT('',#1106);
#1108=LINE('',#1101,#1086);
#1109=EDGE_CURVE('',#1102,#1107,#1108,.T.);
#1110=ORIENTED_EDGE('',*,*,#1109,.T.);
#1111=LINE('',#1015,#770);
#1112=EDGE_CURVE('',#1016,#1107,#1111,.T.);
#1113=ORIENTED_EDGE('',*,*,#1112,.F.);
#1114=EDGE_LOOP('',(#1070,#1071,#1077,#1083,#1089,#1094,#1100,#1105,#1110,#1113));
#1115=FACE_OUTER_BOUND('',#1114,.T.);
#1116=ADVANCED_FACE('',(#1115),#1069,.T.);
#1117=CARTESIAN_POINT('',(-0.098425196850393,-0.098425196850394,-0.006338582677165));
#1118=DIRECTION('',(0.707106781186566,0.707106781186529,0.0));
#1119=AXIS2_PLACEMENT_3D('',#1117,#71,#1118);
#1120=CYLINDRICAL_SURFACE('',#1119,0.019685039370079);
#1121=CARTESIAN_POINT('',(-0.11771251765971,-0.102362204724409,0.032283464566933));
#1122=VERTEX_POINT('',#1121);
#1123=CARTESIAN_POINT('',(-0.098425196850393,-0.098425196850394,0.032283464566933));
#1124=DIRECTION('',(-0.707106781186547,-0.707106781186548,0.0));
#1125=AXIS2_PLACEMENT_3D('',#1123,#135,#1124);
#1126=CIRCLE('',#1125,0.019685039370079);
#1127=EDGE_CURVE('',#1122,#858,#1126,.T.);
#1128=ORIENTED_EDGE('',*,*,#1127,.F.);
#1129=CARTESIAN_POINT('',(-0.11771251765971,-0.102362204724409,0.020472440944885));
#1130=VERTEX_POINT('',#1129);
#1131=LINE('',#1129,#853);
#1132=EDGE_CURVE('',#1130,#1122,#1131,.T.);
#1133=ORIENTED_EDGE('',*,*,#1132,.F.);
#1134=CARTESIAN_POINT('',(-0.098425196850393,-0.098425196850394,0.020472440944885));
#1135=AXIS2_PLACEMENT_3D('',#1134,#71,#1124);
#1136=CIRCLE('',#1135,0.019685039370079);
#1137=EDGE_CURVE('',#839,#1130,#1136,.T.);
#1138=ORIENTED_EDGE('',*,*,#1137,.F.);
#1139=ORIENTED_EDGE('',*,*,#842,.T.);
#1140=CARTESIAN_POINT('',(-0.098425196850393,-0.098425196850394,0.0));
#1141=AXIS2_PLACEMENT_3D('',#1140,#71,#1124);
#1142=CIRCLE('',#1141,0.019685039370079);
#1143=EDGE_CURVE('',#832,#1073,#1142,.T.);
#1144=ORIENTED_EDGE('',*,*,#1143,.T.);
#1145=ORIENTED_EDGE('',*,*,#1076,.T.);
#1146=ORIENTED_EDGE('',*,*,#503,.T.);
#1147=ORIENTED_EDGE('',*,*,#866,.T.);
#1148=EDGE_LOOP('',(#1128,#1133,#1138,#1139,#1144,#1145,#1146,#1147));
#1149=FACE_OUTER_BOUND('',#1148,.T.);
#1150=ADVANCED_FACE('',(#1149),#1120,.T.);
#1151=CARTESIAN_POINT('',(-0.119094488188979,-0.121141732283465,0.0));
#1152=AXIS2_PLACEMENT_3D('',#1151,#71,#72);
#1153=PLANE('',#1152);
#1154=ORIENTED_EDGE('',*,*,#1143,.F.);
#1155=ORIENTED_EDGE('',*,*,#836,.F.);
#1156=CARTESIAN_POINT('',(-0.098425196850397,-0.05748031496063,0.0));
#1157=VERTEX_POINT('',#1156);
#1158=VECTOR('',#72,0.019685039370077);
#1159=LINE('',#825,#1158);
#1160=EDGE_CURVE('',#826,#1157,#1159,.T.);
#1161=ORIENTED_EDGE('',*,*,#1160,.T.);
#1162=VECTOR('',#217,0.060629921259842);
#1163=LINE('',#1156,#1162);
#1164=EDGE_CURVE('',#1157,#1073,#1163,.T.);
#1165=ORIENTED_EDGE('',*,*,#1164,.T.);
#1166=EDGE_LOOP('',(#1154,#1155,#1161,#1165));
#1167=FACE_OUTER_BOUND('',#1166,.T.);
#1168=ADVANCED_FACE('',(#1167),#1153,.F.);
#1169=CARTESIAN_POINT('',(-0.133531874926558,0.103740157480316,0.018503937007878));
#1170=DIRECTION('',(0.866025403784413,0.0,-0.500000000000045));
#1171=AXIS2_PLACEMENT_3D('',#1169,#217,#1170);
#1172=CYLINDRICAL_SURFACE('',#1171,0.001968503937008);
#1173=CARTESIAN_POINT('',(-0.133531874926558,0.074803149606299,0.020472440944886));
#1174=VERTEX_POINT('',#1173);
#1175=CARTESIAN_POINT('',(-0.135236649343457,0.074803149606299,0.019488188976382));
#1176=VERTEX_POINT('',#1175);
#1177=CARTESIAN_POINT('',(-0.133531874926558,0.074803149606299,0.018503937007878));
#1178=AXIS2_PLACEMENT_3D('',#1177,#217,#1170);
#1179=CIRCLE('',#1178,0.001968503937008);
#1180=EDGE_CURVE('',#1174,#1176,#1179,.T.);
#1181=ORIENTED_EDGE('',*,*,#1180,.T.);
#1182=CARTESIAN_POINT('',(-0.135236649343457,0.10236220472441,0.019488188976382));
#1183=VERTEX_POINT('',#1182);
#1184=VECTOR('',#217,0.027559055118111);
#1185=LINE('',#1182,#1184);
#1186=EDGE_CURVE('',#1183,#1176,#1185,.T.);
#1187=ORIENTED_EDGE('',*,*,#1186,.F.);
#1188=CARTESIAN_POINT('',(-0.133531874926558,0.10236220472441,0.020472440944886));
#1189=VERTEX_POINT('',#1188);
#1190=CARTESIAN_POINT('',(-0.133531874926558,0.10236220472441,0.018503937007878));
#1191=AXIS2_PLACEMENT_3D('',#1190,#217,#1170);
#1192=CIRCLE('',#1191,0.001968503937008);
#1193=EDGE_CURVE('',#1189,#1183,#1192,.T.);
#1194=ORIENTED_EDGE('',*,*,#1193,.F.);
#1195=LINE('',#1188,#1184);
#1196=EDGE_CURVE('',#1189,#1174,#1195,.T.);
#1197=ORIENTED_EDGE('',*,*,#1196,.T.);
#1198=EDGE_LOOP('',(#1181,#1187,#1194,#1197));
#1199=FACE_OUTER_BOUND('',#1198,.T.);
#1200=ADVANCED_FACE('',(#1199),#1172,.F.);
#1201=CARTESIAN_POINT('',(-0.134327436321111,0.073425196850393,0.021062992125988));
#1202=DIRECTION('',(0.866025403784423,-1.922963E-015,-0.500000000000027));
#1203=DIRECTION('',(-0.500000000000027,-1.067459E-031,-0.866025403784423));
#1204=AXIS2_PLACEMENT_3D('',#1201,#1202,#1203);
#1205=PLANE('',#1204);
#1206=CARTESIAN_POINT('',(-0.153420909790375,0.0748031496063,-0.012007874015743));
#1207=VERTEX_POINT('',#1206);
#1208=DIRECTION('',(-0.500000000000026,1.144764E-015,-0.866025403784424));
#1209=VECTOR('',#1208,0.036368520893834);
#1210=LINE('',#1175,#1209);
#1211=EDGE_CURVE('',#1176,#1207,#1210,.T.);
#1212=ORIENTED_EDGE('',*,*,#1211,.T.);
#1213=CARTESIAN_POINT('',(-0.153420909790375,0.10236220472441,-0.012007874015743));
#1214=VERTEX_POINT('',#1213);
#1215=VECTOR('',#217,0.02755905511811);
#1216=LINE('',#1213,#1215);
#1217=EDGE_CURVE('',#1214,#1207,#1216,.T.);
#1218=ORIENTED_EDGE('',*,*,#1217,.F.);
#1219=DIRECTION('',(-0.500000000000025,1.144764E-015,-0.866025403784424));
#1220=VECTOR('',#1219,0.036368520893834);
#1221=LINE('',#1182,#1220);
#1222=EDGE_CURVE('',#1183,#1214,#1221,.T.);
#1223=ORIENTED_EDGE('',*,*,#1222,.F.);
#1224=ORIENTED_EDGE('',*,*,#1186,.T.);
#1225=EDGE_LOOP('',(#1212,#1218,#1223,#1224));
#1226=FACE_OUTER_BOUND('',#1225,.T.);
#1227=ADVANCED_FACE('',(#1226),#1205,.T.);
#1228=CARTESIAN_POINT('',(-0.165354330708664,0.103740157480316,-0.005118110236215));
#1229=DIRECTION('',(-0.499999999999951,0.0,0.866025403784467));
#1230=AXIS2_PLACEMENT_3D('',#1228,#217,#1229);
#1231=CYLINDRICAL_SURFACE('',#1230,0.013779527559055);
#1232=CARTESIAN_POINT('',(-0.165354330708665,0.0748031496063,-0.018897637795271));
#1233=VERTEX_POINT('',#1232);
#1234=CARTESIAN_POINT('',(-0.165354330708665,0.0748031496063,-0.005118110236215));
#1235=DIRECTION('',(0.866025403784418,0.0,-0.500000000000035));
#1236=AXIS2_PLACEMENT_3D('',#1234,#197,#1235);
#1237=CIRCLE('',#1236,0.013779527559055);
#1238=EDGE_CURVE('',#1207,#1233,#1237,.T.);
#1239=ORIENTED_EDGE('',*,*,#1238,.T.);
#1240=CARTESIAN_POINT('',(-0.165354330708665,0.10236220472441,-0.018897637795271));
#1241=VERTEX_POINT('',#1240);
#1242=LINE('',#1240,#1215);
#1243=EDGE_CURVE('',#1241,#1233,#1242,.T.);
#1244=ORIENTED_EDGE('',*,*,#1243,.F.);
#1245=CARTESIAN_POINT('',(-0.165354330708664,0.10236220472441,-0.005118110236215));
#1246=AXIS2_PLACEMENT_3D('',#1245,#197,#1235);
#1247=CIRCLE('',#1246,0.013779527559055);
#1248=EDGE_CURVE('',#1214,#1241,#1247,.T.);
#1249=ORIENTED_EDGE('',*,*,#1248,.F.);
#1250=ORIENTED_EDGE('',*,*,#1217,.T.);
#1251=EDGE_LOOP('',(#1239,#1244,#1249,#1250));
#1252=FACE_OUTER_BOUND('',#1251,.T.);
#1253=ADVANCED_FACE('',(#1252),#1231,.T.);
#1254=CARTESIAN_POINT('',(-0.163779527559059,0.073425196850395,-0.018897637795271));
#1255=AXIS2_PLACEMENT_3D('',#1254,#135,#136);
#1256=PLANE('',#1255);
#1257=CARTESIAN_POINT('',(-0.196850393700791,0.0748031496063,-0.01889763779527));
#1258=VERTEX_POINT('',#1257);
#1259=VECTOR('',#136,0.031496062992126);
#1260=LINE('',#1232,#1259);
#1261=EDGE_CURVE('',#1233,#1258,#1260,.T.);
#1262=ORIENTED_EDGE('',*,*,#1261,.T.);
#1263=CARTESIAN_POINT('',(-0.196850393700791,0.10236220472441,-0.01889763779527));
#1264=VERTEX_POINT('',#1263);
#1265=LINE('',#1263,#1215);
#1266=EDGE_CURVE('',#1264,#1258,#1265,.T.);
#1267=ORIENTED_EDGE('',*,*,#1266,.F.);
#1268=LINE('',#1240,#1259);
#1269=EDGE_CURVE('',#1241,#1264,#1268,.T.);
#1270=ORIENTED_EDGE('',*,*,#1269,.F.);
#1271=ORIENTED_EDGE('',*,*,#1243,.T.);
#1272=EDGE_LOOP('',(#1262,#1267,#1270,#1271));
#1273=FACE_OUTER_BOUND('',#1272,.T.);
#1274=ADVANCED_FACE('',(#1273),#1256,.T.);
#1275=CARTESIAN_POINT('',(-0.196850393700791,0.073425196850395,-0.019488188976372));
#1276=AXIS2_PLACEMENT_3D('',#1275,#136,#71);
#1277=PLANE('',#1276);
#1278=CARTESIAN_POINT('',(-0.19685039370079,0.0748031496063,-0.007086614173222));
#1279=VERTEX_POINT('',#1278);
#1280=LINE('',#1257,#853);
#1281=EDGE_CURVE('',#1258,#1279,#1280,.T.);
#1282=ORIENTED_EDGE('',*,*,#1281,.T.);
#1283=CARTESIAN_POINT('',(-0.19685039370079,0.10236220472441,-0.007086614173222));
#1284=VERTEX_POINT('',#1283);
#1285=LINE('',#1283,#1215);
#1286=EDGE_CURVE('',#1284,#1279,#1285,.T.);
#1287=ORIENTED_EDGE('',*,*,#1286,.F.);
#1288=LINE('',#1263,#853);
#1289=EDGE_CURVE('',#1264,#1284,#1288,.T.);
#1290=ORIENTED_EDGE('',*,*,#1289,.F.);
#1291=ORIENTED_EDGE('',*,*,#1266,.T.);
#1292=EDGE_LOOP('',(#1282,#1287,#1290,#1291));
#1293=FACE_OUTER_BOUND('',#1292,.T.);
#1294=ADVANCED_FACE('',(#1293),#1277,.T.);
#1295=CARTESIAN_POINT('',(-0.198425196850396,0.073425196850395,-0.007086614173222));
#1296=AXIS2_PLACEMENT_3D('',#1295,#71,#72);
#1297=PLANE('',#1296);
#1298=CARTESIAN_POINT('',(-0.165354330708664,0.0748031496063,-0.007086614173223));
#1299=VERTEX_POINT('',#1298);
#1300=VECTOR('',#72,0.031496062992126);
#1301=LINE('',#1278,#1300);
#1302=EDGE_CURVE('',#1279,#1299,#1301,.T.);
#1303=ORIENTED_EDGE('',*,*,#1302,.T.);
#1304=CARTESIAN_POINT('',(-0.165354330708664,0.10236220472441,-0.007086614173223));
#1305=VERTEX_POINT('',#1304);
#1306=LINE('',#1304,#1215);
#1307=EDGE_CURVE('',#1305,#1299,#1306,.T.);
#1308=ORIENTED_EDGE('',*,*,#1307,.F.);
#1309=LINE('',#1283,#1300);
#1310=EDGE_CURVE('',#1284,#1305,#1309,.T.);
#1311=ORIENTED_EDGE('',*,*,#1310,.F.);
#1312=ORIENTED_EDGE('',*,*,#1286,.T.);
#1313=EDGE_LOOP('',(#1303,#1308,#1311,#1312));
#1314=FACE_OUTER_BOUND('',#1313,.T.);
#1315=ADVANCED_FACE('',(#1314),#1297,.T.);
#1316=CARTESIAN_POINT('',(-0.165354330708664,0.103740157480316,-0.005118110236216));
#1317=DIRECTION('',(-0.866025403784429,0.0,0.500000000000016));
#1318=AXIS2_PLACEMENT_3D('',#1316,#217,#1317);
#1319=CYLINDRICAL_SURFACE('',#1318,0.001968503937008);
#1320=CARTESIAN_POINT('',(-0.163649556291766,0.0748031496063,-0.006102362204719));
#1321=VERTEX_POINT('',#1320);
#1322=CARTESIAN_POINT('',(-0.165354330708664,0.0748031496063,-0.005118110236216));
#1323=AXIS2_PLACEMENT_3D('',#1322,#217,#1317);
#1324=CIRCLE('',#1323,0.001968503937008);
#1325=EDGE_CURVE('',#1299,#1321,#1324,.T.);
#1326=ORIENTED_EDGE('',*,*,#1325,.T.);
#1327=CARTESIAN_POINT('',(-0.163649556291766,0.10236220472441,-0.006102362204719));
#1328=VERTEX_POINT('',#1327);
#1329=LINE('',#1327,#1215);
#1330=EDGE_CURVE('',#1328,#1321,#1329,.T.);
#1331=ORIENTED_EDGE('',*,*,#1330,.F.);
#1332=CARTESIAN_POINT('',(-0.165354330708664,0.10236220472441,-0.005118110236216));
#1333=AXIS2_PLACEMENT_3D('',#1332,#217,#1317);
#1334=CIRCLE('',#1333,0.001968503937008);
#1335=EDGE_CURVE('',#1305,#1328,#1334,.T.);
#1336=ORIENTED_EDGE('',*,*,#1335,.F.);
#1337=ORIENTED_EDGE('',*,*,#1307,.T.);
#1338=EDGE_LOOP('',(#1326,#1331,#1336,#1337));
#1339=FACE_OUTER_BOUND('',#1338,.T.);
#1340=ADVANCED_FACE('',(#1339),#1319,.F.);
#1341=CARTESIAN_POINT('',(-0.164558769314112,0.073425196850393,-0.007677165354325));
#1342=DIRECTION('',(-0.866025403784425,1.922963E-015,0.500000000000024));
#1343=DIRECTION('',(0.500000000000024,-2.134918E-031,0.866025403784425));
#1344=AXIS2_PLACEMENT_3D('',#1341,#1342,#1343);
#1345=PLANE('',#1344);
#1346=CARTESIAN_POINT('',(-0.145465295844848,0.074803149606299,0.025393700787406));
#1347=VERTEX_POINT('',#1346);
#1348=DIRECTION('',(0.500000000000024,-1.144764E-015,0.866025403784425));
#1349=VECTOR('',#1348,0.036368520893834);
#1350=LINE('',#1320,#1349);
#1351=EDGE_CURVE('',#1321,#1347,#1350,.T.);
#1352=ORIENTED_EDGE('',*,*,#1351,.T.);
#1353=CARTESIAN_POINT('',(-0.145465295844848,0.10236220472441,0.025393700787406));
#1354=VERTEX_POINT('',#1353);
#1355=LINE('',#1353,#1184);
#1356=EDGE_CURVE('',#1354,#1347,#1355,.T.);
#1357=ORIENTED_EDGE('',*,*,#1356,.F.);
#1358=LINE('',#1327,#1349);
#1359=EDGE_CURVE('',#1328,#1354,#1358,.T.);
#1360=ORIENTED_EDGE('',*,*,#1359,.F.);
#1361=ORIENTED_EDGE('',*,*,#1330,.T.);
#1362=EDGE_LOOP('',(#1352,#1357,#1360,#1361));
#1363=FACE_OUTER_BOUND('',#1362,.T.);
#1364=ADVANCED_FACE('',(#1363),#1345,.T.);
#1365=DIRECTION('',(0.499999999999986,0.0,-0.866025403784447));
#1366=AXIS2_PLACEMENT_3D('',#1169,#217,#1365);
#1367=CYLINDRICAL_SURFACE('',#1366,0.013779527559055);
#1368=CARTESIAN_POINT('',(-0.133531874926558,0.074803149606299,0.032283464566933));
#1369=VERTEX_POINT('',#1368);
#1370=DIRECTION('',(-0.866025403784422,0.0,0.500000000000029));
#1371=AXIS2_PLACEMENT_3D('',#1177,#197,#1370);
#1372=CIRCLE('',#1371,0.013779527559055);
#1373=EDGE_CURVE('',#1347,#1369,#1372,.T.);
#1374=ORIENTED_EDGE('',*,*,#1373,.T.);
#1375=CARTESIAN_POINT('',(-0.133531874926558,0.10236220472441,0.032283464566933));
#1376=VERTEX_POINT('',#1375);
#1377=LINE('',#1375,#1184);
#1378=EDGE_CURVE('',#1376,#1369,#1377,.T.);
#1379=ORIENTED_EDGE('',*,*,#1378,.F.);
#1380=AXIS2_PLACEMENT_3D('',#1190,#197,#1370);
#1381=CIRCLE('',#1380,0.013779527559055);
#1382=EDGE_CURVE('',#1354,#1376,#1381,.T.);
#1383=ORIENTED_EDGE('',*,*,#1382,.F.);
#1384=ORIENTED_EDGE('',*,*,#1356,.T.);
#1385=EDGE_LOOP('',(#1374,#1379,#1383,#1384));
#1386=FACE_OUTER_BOUND('',#1385,.T.);
#1387=ADVANCED_FACE('',(#1386),#1367,.T.);
#1388=CARTESIAN_POINT('',(-0.1343228427899,0.073425196850393,0.032283464566933));
#1389=AXIS2_PLACEMENT_3D('',#1388,#71,#72);
#1390=PLANE('',#1389);
#1391=VECTOR('',#72,0.015421638706085);
#1392=LINE('',#1368,#1391);
#1393=EDGE_CURVE('',#1369,#871,#1392,.T.);
#1394=ORIENTED_EDGE('',*,*,#1393,.T.);
#1395=ORIENTED_EDGE('',*,*,#873,.F.);
#1396=ORIENTED_EDGE('',*,*,#724,.T.);
#1397=VECTOR('',#72,0.015819357266848);
#1398=LINE('',#1375,#1397);
#1399=EDGE_CURVE('',#1376,#714,#1398,.T.);
#1400=ORIENTED_EDGE('',*,*,#1399,.F.);
#1401=ORIENTED_EDGE('',*,*,#1378,.T.);
#1402=EDGE_LOOP('',(#1394,#1395,#1396,#1400,#1401));
#1403=FACE_OUTER_BOUND('',#1402,.T.);
#1404=ADVANCED_FACE('',(#1403),#1390,.T.);
#1405=CARTESIAN_POINT('',(-0.116921549796368,0.073425196850393,0.020472440944885));
#1406=AXIS2_PLACEMENT_3D('',#1405,#135,#136);
#1407=PLANE('',#1406);
#1408=VECTOR('',#136,0.015421638706085);
#1409=LINE('',#875,#1408);
#1410=EDGE_CURVE('',#876,#1174,#1409,.T.);
#1411=ORIENTED_EDGE('',*,*,#1410,.T.);
#1412=ORIENTED_EDGE('',*,*,#1196,.F.);
#1413=LINE('',#1188,#1397);
#1414=EDGE_CURVE('',#1189,#707,#1413,.T.);
#1415=ORIENTED_EDGE('',*,*,#1414,.T.);
#1416=ORIENTED_EDGE('',*,*,#711,.T.);
#1417=ORIENTED_EDGE('',*,*,#884,.F.);
#1418=EDGE_LOOP('',(#1411,#1412,#1415,#1416,#1417));
#1419=FACE_OUTER_BOUND('',#1418,.T.);
#1420=ADVANCED_FACE('',(#1419),#1407,.T.);
#1421=CARTESIAN_POINT('',(-0.200787401574807,0.0748031496063,0.034842519685043));
#1422=AXIS2_PLACEMENT_3D('',#1421,#217,#135);
#1423=PLANE('',#1422);
#1424=ORIENTED_EDGE('',*,*,#1180,.F.);
#1425=ORIENTED_EDGE('',*,*,#1410,.F.);
#1426=ORIENTED_EDGE('',*,*,#880,.F.);
#1427=ORIENTED_EDGE('',*,*,#1393,.F.);
#1428=ORIENTED_EDGE('',*,*,#1373,.F.);
#1429=ORIENTED_EDGE('',*,*,#1351,.F.);
#1430=ORIENTED_EDGE('',*,*,#1325,.F.);
#1431=ORIENTED_EDGE('',*,*,#1302,.F.);
#1432=ORIENTED_EDGE('',*,*,#1281,.F.);
#1433=ORIENTED_EDGE('',*,*,#1261,.F.);
#1434=ORIENTED_EDGE('',*,*,#1238,.F.);
#1435=ORIENTED_EDGE('',*,*,#1211,.F.);
#1436=EDGE_LOOP('',(#1424,#1425,#1426,#1427,#1428,#1429,#1430,#1431,#1432,#1433,#1434,#1435));
#1437=FACE_OUTER_BOUND('',#1436,.T.);
#1438=ADVANCED_FACE('',(#1437),#1423,.T.);
#1439=CARTESIAN_POINT('',(-0.200807287502845,0.10236220472441,0.034842519685043));
#1440=AXIS2_PLACEMENT_3D('',#1439,#217,#135);
#1441=PLANE('',#1440);
#1442=ORIENTED_EDGE('',*,*,#1414,.F.);
#1443=ORIENTED_EDGE('',*,*,#1193,.T.);
#1444=ORIENTED_EDGE('',*,*,#1222,.T.);
#1445=ORIENTED_EDGE('',*,*,#1248,.T.);
#1446=ORIENTED_EDGE('',*,*,#1269,.T.);
#1447=ORIENTED_EDGE('',*,*,#1289,.T.);
#1448=ORIENTED_EDGE('',*,*,#1310,.T.);
#1449=ORIENTED_EDGE('',*,*,#1335,.T.);
#1450=ORIENTED_EDGE('',*,*,#1359,.T.);
#1451=ORIENTED_EDGE('',*,*,#1382,.T.);
#1452=ORIENTED_EDGE('',*,*,#1399,.T.);
#1453=ORIENTED_EDGE('',*,*,#717,.F.);
#1454=EDGE_LOOP('',(#1442,#1443,#1444,#1445,#1446,#1447,#1448,#1449,#1450,#1451,#1452,#1453));
#1455=FACE_OUTER_BOUND('',#1454,.T.);
#1456=ADVANCED_FACE('',(#1455),#1441,.F.);
#1457=CARTESIAN_POINT('',(-0.133531874926559,-0.073425196850394,0.018503937007878));
#1458=AXIS2_PLACEMENT_3D('',#1457,#217,#1170);
#1459=CYLINDRICAL_SURFACE('',#1458,0.001968503937008);
#1460=CARTESIAN_POINT('',(-0.133531874926559,-0.074803149606299,0.020472440944886));
#1461=VERTEX_POINT('',#1460);
#1462=CARTESIAN_POINT('',(-0.135236649343457,-0.074803149606299,0.019488188976382));
#1463=VERTEX_POINT('',#1462);
#1464=CARTESIAN_POINT('',(-0.133531874926559,-0.074803149606299,0.018503937007878));
#1465=AXIS2_PLACEMENT_3D('',#1464,#217,#1170);
#1466=CIRCLE('',#1465,0.001968503937008);
#1467=EDGE_CURVE('',#1461,#1463,#1466,.T.);
#1468=ORIENTED_EDGE('',*,*,#1467,.F.);
#1469=CARTESIAN_POINT('',(-0.133531874926559,-0.102362204724409,0.020472440944886));
#1470=VERTEX_POINT('',#1469);
#1471=VECTOR('',#197,0.02755905511811);
#1472=LINE('',#1469,#1471);
#1473=EDGE_CURVE('',#1470,#1461,#1472,.T.);
#1474=ORIENTED_EDGE('',*,*,#1473,.F.);
#1475=CARTESIAN_POINT('',(-0.135236649343457,-0.102362204724409,0.019488188976382));
#1476=VERTEX_POINT('',#1475);
#1477=CARTESIAN_POINT('',(-0.133531874926559,-0.102362204724409,0.018503937007878));
#1478=AXIS2_PLACEMENT_3D('',#1477,#217,#1170);
#1479=CIRCLE('',#1478,0.001968503937008);
#1480=EDGE_CURVE('',#1470,#1476,#1479,.T.);
#1481=ORIENTED_EDGE('',*,*,#1480,.T.);
#1482=LINE('',#1475,#1471);
#1483=EDGE_CURVE('',#1476,#1463,#1482,.T.);
#1484=ORIENTED_EDGE('',*,*,#1483,.T.);
#1485=EDGE_LOOP('',(#1468,#1474,#1481,#1484));
#1486=FACE_OUTER_BOUND('',#1485,.T.);
#1487=ADVANCED_FACE('',(#1486),#1459,.F.);
#1488=CARTESIAN_POINT('',(-0.154330122812721,-0.103740157480315,-0.01358267716535));
#1489=DIRECTION('',(-0.866025403784423,1.922963E-015,0.500000000000027));
#1490=DIRECTION('',(0.500000000000027,1.067459E-031,0.866025403784423));
#1491=AXIS2_PLACEMENT_3D('',#1488,#1489,#1490);
#1492=PLANE('',#1491);
#1493=CARTESIAN_POINT('',(-0.153420909790376,-0.074803149606299,-0.012007874015743));
#1494=VERTEX_POINT('',#1493);
#1495=VECTOR('',#1219,0.036368520893835);
#1496=LINE('',#1462,#1495);
#1497=EDGE_CURVE('',#1463,#1494,#1496,.T.);
#1498=ORIENTED_EDGE('',*,*,#1497,.F.);
#1499=ORIENTED_EDGE('',*,*,#1483,.F.);
#1500=CARTESIAN_POINT('',(-0.153420909790376,-0.102362204724409,-0.012007874015743));
#1501=VERTEX_POINT('',#1500);
#1502=DIRECTION('',(-0.500000000000027,7.631758E-016,-0.866025403784423));
#1503=VECTOR('',#1502,0.036368520893835);
#1504=LINE('',#1475,#1503);
#1505=EDGE_CURVE('',#1476,#1501,#1504,.T.);
#1506=ORIENTED_EDGE('',*,*,#1505,.T.);
#1507=LINE('',#1500,#1471);
#1508=EDGE_CURVE('',#1501,#1494,#1507,.T.);
#1509=ORIENTED_EDGE('',*,*,#1508,.T.);
#1510=EDGE_LOOP('',(#1498,#1499,#1506,#1509));
#1511=FACE_OUTER_BOUND('',#1510,.T.);
#1512=ADVANCED_FACE('',(#1511),#1492,.F.);
#1513=CARTESIAN_POINT('',(-0.165354330708665,-0.073425196850394,-0.005118110236215));
#1514=DIRECTION('',(-0.499999999999983,0.0,0.866025403784449));
#1515=AXIS2_PLACEMENT_3D('',#1513,#217,#1514);
#1516=CYLINDRICAL_SURFACE('',#1515,0.013779527559055);
#1517=CARTESIAN_POINT('',(-0.165354330708665,-0.074803149606299,-0.018897637795271));
#1518=VERTEX_POINT('',#1517);
#1519=CARTESIAN_POINT('',(-0.165354330708665,-0.074803149606299,-0.005118110236215));
#1520=AXIS2_PLACEMENT_3D('',#1519,#197,#1235);
#1521=CIRCLE('',#1520,0.013779527559055);
#1522=EDGE_CURVE('',#1494,#1518,#1521,.T.);
#1523=ORIENTED_EDGE('',*,*,#1522,.F.);
#1524=ORIENTED_EDGE('',*,*,#1508,.F.);
#1525=CARTESIAN_POINT('',(-0.165354330708665,-0.102362204724409,-0.018897637795271));
#1526=VERTEX_POINT('',#1525);
#1527=CARTESIAN_POINT('',(-0.165354330708665,-0.102362204724409,-0.005118110236215));
#1528=AXIS2_PLACEMENT_3D('',#1527,#197,#1235);
#1529=CIRCLE('',#1528,0.013779527559055);
#1530=EDGE_CURVE('',#1501,#1526,#1529,.T.);
#1531=ORIENTED_EDGE('',*,*,#1530,.T.);
#1532=LINE('',#1525,#1471);
#1533=EDGE_CURVE('',#1526,#1518,#1532,.T.);
#1534=ORIENTED_EDGE('',*,*,#1533,.T.);
#1535=EDGE_LOOP('',(#1523,#1524,#1531,#1534));
#1536=FACE_OUTER_BOUND('',#1535,.T.);
#1537=ADVANCED_FACE('',(#1536),#1516,.T.);
#1538=CARTESIAN_POINT('',(-0.198425196850397,-0.103740157480315,-0.018897637795271));
#1539=AXIS2_PLACEMENT_3D('',#1538,#71,#72);
#1540=PLANE('',#1539);
#1541=CARTESIAN_POINT('',(-0.196850393700791,-0.074803149606299,-0.01889763779527));
#1542=VERTEX_POINT('',#1541);
#1543=LINE('',#1517,#1259);
#1544=EDGE_CURVE('',#1518,#1542,#1543,.T.);
#1545=ORIENTED_EDGE('',*,*,#1544,.F.);
#1546=ORIENTED_EDGE('',*,*,#1533,.F.);
#1547=CARTESIAN_POINT('',(-0.196850393700791,-0.102362204724409,-0.01889763779527));
#1548=VERTEX_POINT('',#1547);
#1549=LINE('',#1525,#1259);
#1550=EDGE_CURVE('',#1526,#1548,#1549,.T.);
#1551=ORIENTED_EDGE('',*,*,#1550,.T.);
#1552=LINE('',#1547,#1471);
#1553=EDGE_CURVE('',#1548,#1542,#1552,.T.);
#1554=ORIENTED_EDGE('',*,*,#1553,.T.);
#1555=EDGE_LOOP('',(#1545,#1546,#1551,#1554));
#1556=FACE_OUTER_BOUND('',#1555,.T.);
#1557=ADVANCED_FACE('',(#1556),#1540,.F.);
#1558=CARTESIAN_POINT('',(-0.196850393700791,-0.103740157480315,-0.00649606299212));
#1559=AXIS2_PLACEMENT_3D('',#1558,#72,#135);
#1560=PLANE('',#1559);
#1561=CARTESIAN_POINT('',(-0.196850393700791,-0.074803149606299,-0.007086614173222));
#1562=VERTEX_POINT('',#1561);
#1563=LINE('',#1541,#853);
#1564=EDGE_CURVE('',#1542,#1562,#1563,.T.);
#1565=ORIENTED_EDGE('',*,*,#1564,.F.);
#1566=ORIENTED_EDGE('',*,*,#1553,.F.);
#1567=CARTESIAN_POINT('',(-0.196850393700791,-0.102362204724409,-0.007086614173222));
#1568=VERTEX_POINT('',#1567);
#1569=LINE('',#1547,#853);
#1570=EDGE_CURVE('',#1548,#1568,#1569,.T.);
#1571=ORIENTED_EDGE('',*,*,#1570,.T.);
#1572=LINE('',#1567,#1471);
#1573=EDGE_CURVE('',#1568,#1562,#1572,.T.);
#1574=ORIENTED_EDGE('',*,*,#1573,.T.);
#1575=EDGE_LOOP('',(#1565,#1566,#1571,#1574));
#1576=FACE_OUTER_BOUND('',#1575,.T.);
#1577=ADVANCED_FACE('',(#1576),#1560,.F.);
#1578=CARTESIAN_POINT('',(-0.163779527559059,-0.103740157480315,-0.007086614173222));
#1579=AXIS2_PLACEMENT_3D('',#1578,#135,#136);
#1580=PLANE('',#1579);
#1581=CARTESIAN_POINT('',(-0.165354330708665,-0.074803149606299,-0.007086614173223));
#1582=VERTEX_POINT('',#1581);
#1583=LINE('',#1561,#1300);
#1584=EDGE_CURVE('',#1562,#1582,#1583,.T.);
#1585=ORIENTED_EDGE('',*,*,#1584,.F.);
#1586=ORIENTED_EDGE('',*,*,#1573,.F.);
#1587=CARTESIAN_POINT('',(-0.165354330708665,-0.102362204724409,-0.007086614173223));
#1588=VERTEX_POINT('',#1587);
#1589=LINE('',#1567,#1300);
#1590=EDGE_CURVE('',#1568,#1588,#1589,.T.);
#1591=ORIENTED_EDGE('',*,*,#1590,.T.);
#1592=LINE('',#1587,#1471);
#1593=EDGE_CURVE('',#1588,#1582,#1592,.T.);
#1594=ORIENTED_EDGE('',*,*,#1593,.T.);
#1595=EDGE_LOOP('',(#1585,#1586,#1591,#1594));
#1596=FACE_OUTER_BOUND('',#1595,.T.);
#1597=ADVANCED_FACE('',(#1596),#1580,.F.);
#1598=CARTESIAN_POINT('',(-0.165354330708665,-0.073425196850394,-0.005118110236216));
#1599=AXIS2_PLACEMENT_3D('',#1598,#217,#1317);
#1600=CYLINDRICAL_SURFACE('',#1599,0.001968503937008);
#1601=CARTESIAN_POINT('',(-0.163649556291766,-0.074803149606299,-0.006102362204719));
#1602=VERTEX_POINT('',#1601);
#1603=CARTESIAN_POINT('',(-0.165354330708665,-0.074803149606299,-0.005118110236216));
#1604=AXIS2_PLACEMENT_3D('',#1603,#217,#1317);
#1605=CIRCLE('',#1604,0.001968503937008);
#1606=EDGE_CURVE('',#1582,#1602,#1605,.T.);
#1607=ORIENTED_EDGE('',*,*,#1606,.F.);
#1608=ORIENTED_EDGE('',*,*,#1593,.F.);
#1609=CARTESIAN_POINT('',(-0.163649556291766,-0.102362204724409,-0.006102362204719));
#1610=VERTEX_POINT('',#1609);
#1611=CARTESIAN_POINT('',(-0.165354330708665,-0.102362204724409,-0.005118110236216));
#1612=AXIS2_PLACEMENT_3D('',#1611,#217,#1317);
#1613=CIRCLE('',#1612,0.001968503937008);
#1614=EDGE_CURVE('',#1588,#1610,#1613,.T.);
#1615=ORIENTED_EDGE('',*,*,#1614,.T.);
#1616=LINE('',#1609,#1471);
#1617=EDGE_CURVE('',#1610,#1602,#1616,.T.);
#1618=ORIENTED_EDGE('',*,*,#1617,.T.);
#1619=EDGE_LOOP('',(#1607,#1608,#1615,#1618));
#1620=FACE_OUTER_BOUND('',#1619,.T.);
#1621=ADVANCED_FACE('',(#1620),#1600,.F.);
#1622=CARTESIAN_POINT('',(-0.144556082822502,-0.103740157480315,0.026968503937012));
#1623=DIRECTION('',(0.866025403784425,-1.922963E-015,-0.500000000000024));
#1624=DIRECTION('',(-0.500000000000024,2.134918E-031,-0.866025403784425));
#1625=AXIS2_PLACEMENT_3D('',#1622,#1623,#1624);
#1626=PLANE('',#1625);
#1627=CARTESIAN_POINT('',(-0.145465295844848,-0.074803149606299,0.025393700787406));
#1628=VERTEX_POINT('',#1627);
#1629=LINE('',#1601,#1349);
#1630=EDGE_CURVE('',#1602,#1628,#1629,.T.);
#1631=ORIENTED_EDGE('',*,*,#1630,.F.);
#1632=ORIENTED_EDGE('',*,*,#1617,.F.);
#1633=CARTESIAN_POINT('',(-0.145465295844848,-0.102362204724409,0.025393700787406));
#1634=VERTEX_POINT('',#1633);
#1635=LINE('',#1609,#1349);
#1636=EDGE_CURVE('',#1610,#1634,#1635,.T.);
#1637=ORIENTED_EDGE('',*,*,#1636,.T.);
#1638=LINE('',#1633,#1471);
#1639=EDGE_CURVE('',#1634,#1628,#1638,.T.);
#1640=ORIENTED_EDGE('',*,*,#1639,.T.);
#1641=EDGE_LOOP('',(#1631,#1632,#1637,#1640));
#1642=FACE_OUTER_BOUND('',#1641,.T.);
#1643=ADVANCED_FACE('',(#1642),#1626,.F.);
#1644=DIRECTION('',(0.499999999999955,0.0,-0.866025403784465));
#1645=AXIS2_PLACEMENT_3D('',#1457,#217,#1644);
#1646=CYLINDRICAL_SURFACE('',#1645,0.013779527559055);
#1647=CARTESIAN_POINT('',(-0.133531874926558,-0.074803149606299,0.032283464566933));
#1648=VERTEX_POINT('',#1647);
#1649=AXIS2_PLACEMENT_3D('',#1464,#197,#1370);
#1650=CIRCLE('',#1649,0.013779527559055);
#1651=EDGE_CURVE('',#1628,#1648,#1650,.T.);
#1652=ORIENTED_EDGE('',*,*,#1651,.F.);
#1653=ORIENTED_EDGE('',*,*,#1639,.F.);
#1654=CARTESIAN_POINT('',(-0.133531874926558,-0.102362204724409,0.032283464566933));
#1655=VERTEX_POINT('',#1654);
#1656=AXIS2_PLACEMENT_3D('',#1477,#197,#1370);
#1657=CIRCLE('',#1656,0.013779527559055);
#1658=EDGE_CURVE('',#1634,#1655,#1657,.T.);
#1659=ORIENTED_EDGE('',*,*,#1658,.T.);
#1660=LINE('',#1654,#1471);
#1661=EDGE_CURVE('',#1655,#1648,#1660,.T.);
#1662=ORIENTED_EDGE('',*,*,#1661,.T.);
#1663=EDGE_LOOP('',(#1652,#1653,#1659,#1662));
#1664=FACE_OUTER_BOUND('',#1663,.T.);
#1665=ADVANCED_FACE('',(#1664),#1646,.T.);
#1666=CARTESIAN_POINT('',(-0.116921549796367,-0.103740157480315,0.032283464566933));
#1667=AXIS2_PLACEMENT_3D('',#1666,#135,#136);
#1668=PLANE('',#1667);
#1669=LINE('',#1647,#1391);
#1670=EDGE_CURVE('',#1648,#851,#1669,.T.);
#1671=ORIENTED_EDGE('',*,*,#1670,.F.);
#1672=ORIENTED_EDGE('',*,*,#1661,.F.);
#1673=VECTOR('',#136,0.015819357266848);
#1674=LINE('',#1121,#1673);
#1675=EDGE_CURVE('',#1122,#1655,#1674,.T.);
#1676=ORIENTED_EDGE('',*,*,#1675,.F.);
#1677=ORIENTED_EDGE('',*,*,#1127,.T.);
#1678=ORIENTED_EDGE('',*,*,#862,.F.);
#1679=EDGE_LOOP('',(#1671,#1672,#1676,#1677,#1678));
#1680=FACE_OUTER_BOUND('',#1679,.T.);
#1681=ADVANCED_FACE('',(#1680),#1668,.F.);
#1682=CARTESIAN_POINT('',(-0.134322842789901,-0.103740157480315,0.020472440944885));
#1683=AXIS2_PLACEMENT_3D('',#1682,#71,#72);
#1684=PLANE('',#1683);
#1685=VECTOR('',#136,0.015421638706086);
#1686=LINE('',#844,#1685);
#1687=EDGE_CURVE('',#845,#1461,#1686,.T.);
#1688=ORIENTED_EDGE('',*,*,#1687,.F.);
#1689=ORIENTED_EDGE('',*,*,#848,.F.);
#1690=ORIENTED_EDGE('',*,*,#1137,.T.);
#1691=VECTOR('',#136,0.015819357266849);
#1692=LINE('',#1129,#1691);
#1693=EDGE_CURVE('',#1130,#1470,#1692,.T.);
#1694=ORIENTED_EDGE('',*,*,#1693,.T.);
#1695=ORIENTED_EDGE('',*,*,#1473,.T.);
#1696=EDGE_LOOP('',(#1688,#1689,#1690,#1694,#1695));
#1697=FACE_OUTER_BOUND('',#1696,.T.);
#1698=ADVANCED_FACE('',(#1697),#1684,.F.);
#1699=CARTESIAN_POINT('',(-0.200787401574807,-0.074803149606299,0.034842519685043));
#1700=AXIS2_PLACEMENT_3D('',#1699,#217,#135);
#1701=PLANE('',#1700);
#1702=ORIENTED_EDGE('',*,*,#1467,.T.);
#1703=ORIENTED_EDGE('',*,*,#1497,.T.);
#1704=ORIENTED_EDGE('',*,*,#1522,.T.);
#1705=ORIENTED_EDGE('',*,*,#1544,.T.);
#1706=ORIENTED_EDGE('',*,*,#1564,.T.);
#1707=ORIENTED_EDGE('',*,*,#1584,.T.);
#1708=ORIENTED_EDGE('',*,*,#1606,.T.);
#1709=ORIENTED_EDGE('',*,*,#1630,.T.);
#1710=ORIENTED_EDGE('',*,*,#1651,.T.);
#1711=ORIENTED_EDGE('',*,*,#1670,.T.);
#1712=ORIENTED_EDGE('',*,*,#855,.F.);
#1713=ORIENTED_EDGE('',*,*,#1687,.T.);
#1714=EDGE_LOOP('',(#1702,#1703,#1704,#1705,#1706,#1707,#1708,#1709,#1710,#1711,#1712,#1713));
#1715=FACE_OUTER_BOUND('',#1714,.T.);
#1716=ADVANCED_FACE('',(#1715),#1701,.F.);
#1717=CARTESIAN_POINT('',(-0.200807287502845,-0.102362204724409,0.034842519685044));
#1718=AXIS2_PLACEMENT_3D('',#1717,#217,#135);
#1719=PLANE('',#1718);
#1720=ORIENTED_EDGE('',*,*,#1693,.F.);
#1721=ORIENTED_EDGE('',*,*,#1132,.T.);
#1722=ORIENTED_EDGE('',*,*,#1675,.T.);
#1723=ORIENTED_EDGE('',*,*,#1658,.F.);
#1724=ORIENTED_EDGE('',*,*,#1636,.F.);
#1725=ORIENTED_EDGE('',*,*,#1614,.F.);
#1726=ORIENTED_EDGE('',*,*,#1590,.F.);
#1727=ORIENTED_EDGE('',*,*,#1570,.F.);
#1728=ORIENTED_EDGE('',*,*,#1550,.F.);
#1729=ORIENTED_EDGE('',*,*,#1530,.F.);
#1730=ORIENTED_EDGE('',*,*,#1505,.F.);
#1731=ORIENTED_EDGE('',*,*,#1480,.F.);
#1732=EDGE_LOOP('',(#1720,#1721,#1722,#1723,#1724,#1725,#1726,#1727,#1728,#1729,#1730,#1731));
#1733=FACE_OUTER_BOUND('',#1732,.T.);
#1734=ADVANCED_FACE('',(#1733),#1719,.T.);
#1735=CARTESIAN_POINT('',(0.133531874926556,0.073425196850394,0.018503937007874));
#1736=DIRECTION('',(-0.866025403784427,0.0,-0.500000000000019));
#1737=AXIS2_PLACEMENT_3D('',#1735,#197,#1736);
#1738=CYLINDRICAL_SURFACE('',#1737,0.001968503937008);
#1739=CARTESIAN_POINT('',(0.133531874926556,0.074803149606299,0.020472440944882));
#1740=VERTEX_POINT('',#1739);
#1741=CARTESIAN_POINT('',(0.135236649343455,0.074803149606299,0.019488188976378));
#1742=VERTEX_POINT('',#1741);
#1743=CARTESIAN_POINT('',(0.133531874926556,0.074803149606299,0.018503937007874));
#1744=AXIS2_PLACEMENT_3D('',#1743,#197,#1736);
#1745=CIRCLE('',#1744,0.001968503937008);
#1746=EDGE_CURVE('',#1740,#1742,#1745,.T.);
#1747=ORIENTED_EDGE('',*,*,#1746,.F.);
#1748=CARTESIAN_POINT('',(0.133531874926556,0.102362204724409,0.020472440944882));
#1749=VERTEX_POINT('',#1748);
#1750=LINE('',#1748,#1215);
#1751=EDGE_CURVE('',#1749,#1740,#1750,.T.);
#1752=ORIENTED_EDGE('',*,*,#1751,.F.);
#1753=CARTESIAN_POINT('',(0.135236649343455,0.102362204724409,0.019488188976378));
#1754=VERTEX_POINT('',#1753);
#1755=CARTESIAN_POINT('',(0.133531874926556,0.102362204724409,0.018503937007874));
#1756=AXIS2_PLACEMENT_3D('',#1755,#197,#1736);
#1757=CIRCLE('',#1756,0.001968503937008);
#1758=EDGE_CURVE('',#1749,#1754,#1757,.T.);
#1759=ORIENTED_EDGE('',*,*,#1758,.T.);
#1760=LINE('',#1753,#1215);
#1761=EDGE_CURVE('',#1754,#1742,#1760,.T.);
#1762=ORIENTED_EDGE('',*,*,#1761,.T.);
#1763=EDGE_LOOP('',(#1747,#1752,#1759,#1762));
#1764=FACE_OUTER_BOUND('',#1763,.T.);
#1765=ADVANCED_FACE('',(#1764),#1738,.F.);
#1766=CARTESIAN_POINT('',(0.134327436321109,0.073425196850394,0.021062992125984));
#1767=DIRECTION('',(0.866025403784438,0.0,0.500000000000001));
#1768=DIRECTION('',(0.500000000000001,0.0,-0.866025403784438));
#1769=AXIS2_PLACEMENT_3D('',#1766,#1767,#1768);
#1770=PLANE('',#1769);
#1771=CARTESIAN_POINT('',(0.153420909790372,0.074803149606299,-0.012007874015748));
#1772=VERTEX_POINT('',#1771);
#1773=VECTOR('',#1768,0.036368520893835);
#1774=LINE('',#1741,#1773);
#1775=EDGE_CURVE('',#1742,#1772,#1774,.T.);
#1776=ORIENTED_EDGE('',*,*,#1775,.F.);
#1777=ORIENTED_EDGE('',*,*,#1761,.F.);
#1778=CARTESIAN_POINT('',(0.153420909790372,0.102362204724409,-0.012007874015748));
#1779=VERTEX_POINT('',#1778);
#1780=LINE('',#1753,#1773);
#1781=EDGE_CURVE('',#1754,#1779,#1780,.T.);
#1782=ORIENTED_EDGE('',*,*,#1781,.T.);
#1783=LINE('',#1778,#1215);
#1784=EDGE_CURVE('',#1779,#1772,#1783,.T.);
#1785=ORIENTED_EDGE('',*,*,#1784,.T.);
#1786=EDGE_LOOP('',(#1776,#1777,#1782,#1785));
#1787=FACE_OUTER_BOUND('',#1786,.T.);
#1788=ADVANCED_FACE('',(#1787),#1770,.F.);
#1789=CARTESIAN_POINT('',(0.165354330708662,0.073425196850394,-0.00511811023622));
#1790=DIRECTION('',(0.499999999999995,0.0,0.866025403784442));
#1791=AXIS2_PLACEMENT_3D('',#1789,#197,#1790);
#1792=CYLINDRICAL_SURFACE('',#1791,0.013779527559055);
#1793=CARTESIAN_POINT('',(0.165354330708662,0.074803149606299,-0.018897637795276));
#1794=VERTEX_POINT('',#1793);
#1795=CARTESIAN_POINT('',(0.165354330708662,0.074803149606299,-0.00511811023622));
#1796=DIRECTION('',(-0.866025403784433,0.0,-0.500000000000009));
#1797=AXIS2_PLACEMENT_3D('',#1795,#217,#1796);
#1798=CIRCLE('',#1797,0.013779527559055);
#1799=EDGE_CURVE('',#1772,#1794,#1798,.T.);
#1800=ORIENTED_EDGE('',*,*,#1799,.F.);
#1801=ORIENTED_EDGE('',*,*,#1784,.F.);
#1802=CARTESIAN_POINT('',(0.165354330708662,0.102362204724409,-0.018897637795276));
#1803=VERTEX_POINT('',#1802);
#1804=CARTESIAN_POINT('',(0.165354330708662,0.102362204724409,-0.00511811023622));
#1805=AXIS2_PLACEMENT_3D('',#1804,#217,#1796);
#1806=CIRCLE('',#1805,0.013779527559055);
#1807=EDGE_CURVE('',#1779,#1803,#1806,.T.);
#1808=ORIENTED_EDGE('',*,*,#1807,.T.);
#1809=LINE('',#1802,#1215);
#1810=EDGE_CURVE('',#1803,#1794,#1809,.T.);
#1811=ORIENTED_EDGE('',*,*,#1810,.T.);
#1812=EDGE_LOOP('',(#1800,#1801,#1808,#1811));
#1813=FACE_OUTER_BOUND('',#1812,.T.);
#1814=ADVANCED_FACE('',(#1813),#1792,.T.);
#1815=CARTESIAN_POINT('',(0.163779527559056,0.073425196850394,-0.018897637795276));
#1816=AXIS2_PLACEMENT_3D('',#1815,#71,#72);
#1817=PLANE('',#1816);
#1818=CARTESIAN_POINT('',(0.196850393700788,0.074803149606299,-0.018897637795276));
#1819=VERTEX_POINT('',#1818);
#1820=LINE('',#1793,#1300);
#1821=EDGE_CURVE('',#1794,#1819,#1820,.T.);
#1822=ORIENTED_EDGE('',*,*,#1821,.F.);
#1823=ORIENTED_EDGE('',*,*,#1810,.F.);
#1824=CARTESIAN_POINT('',(0.196850393700788,0.102362204724409,-0.018897637795276));
#1825=VERTEX_POINT('',#1824);
#1826=LINE('',#1802,#1300);
#1827=EDGE_CURVE('',#1803,#1825,#1826,.T.);
#1828=ORIENTED_EDGE('',*,*,#1827,.T.);
#1829=LINE('',#1824,#1215);
#1830=EDGE_CURVE('',#1825,#1819,#1829,.T.);
#1831=ORIENTED_EDGE('',*,*,#1830,.T.);
#1832=EDGE_LOOP('',(#1822,#1823,#1828,#1831));
#1833=FACE_OUTER_BOUND('',#1832,.T.);
#1834=ADVANCED_FACE('',(#1833),#1817,.F.);
#1835=CARTESIAN_POINT('',(0.196850393700788,0.073425196850394,-0.019488188976378));
#1836=AXIS2_PLACEMENT_3D('',#1835,#136,#71);
#1837=PLANE('',#1836);
#1838=CARTESIAN_POINT('',(0.196850393700788,0.074803149606299,-0.007086614173228));
#1839=VERTEX_POINT('',#1838);
#1840=LINE('',#1818,#853);
#1841=EDGE_CURVE('',#1819,#1839,#1840,.T.);
#1842=ORIENTED_EDGE('',*,*,#1841,.F.);
#1843=ORIENTED_EDGE('',*,*,#1830,.F.);
#1844=CARTESIAN_POINT('',(0.196850393700788,0.102362204724409,-0.007086614173228));
#1845=VERTEX_POINT('',#1844);
#1846=LINE('',#1824,#853);
#1847=EDGE_CURVE('',#1825,#1845,#1846,.T.);
#1848=ORIENTED_EDGE('',*,*,#1847,.T.);
#1849=LINE('',#1844,#1215);
#1850=EDGE_CURVE('',#1845,#1839,#1849,.T.);
#1851=ORIENTED_EDGE('',*,*,#1850,.T.);
#1852=EDGE_LOOP('',(#1842,#1843,#1848,#1851));
#1853=FACE_OUTER_BOUND('',#1852,.T.);
#1854=ADVANCED_FACE('',(#1853),#1837,.F.);
#1855=CARTESIAN_POINT('',(0.198425196850394,0.073425196850394,-0.007086614173228));
#1856=AXIS2_PLACEMENT_3D('',#1855,#135,#136);
#1857=PLANE('',#1856);
#1858=CARTESIAN_POINT('',(0.165354330708662,0.074803149606299,-0.007086614173228));
#1859=VERTEX_POINT('',#1858);
#1860=LINE('',#1838,#1259);
#1861=EDGE_CURVE('',#1839,#1859,#1860,.T.);
#1862=ORIENTED_EDGE('',*,*,#1861,.F.);
#1863=ORIENTED_EDGE('',*,*,#1850,.F.);
#1864=CARTESIAN_POINT('',(0.165354330708662,0.102362204724409,-0.007086614173228));
#1865=VERTEX_POINT('',#1864);
#1866=LINE('',#1844,#1259);
#1867=EDGE_CURVE('',#1845,#1865,#1866,.T.);
#1868=ORIENTED_EDGE('',*,*,#1867,.T.);
#1869=LINE('',#1864,#1215);
#1870=EDGE_CURVE('',#1865,#1859,#1869,.T.);
#1871=ORIENTED_EDGE('',*,*,#1870,.T.);
#1872=EDGE_LOOP('',(#1862,#1863,#1868,#1871));
#1873=FACE_OUTER_BOUND('',#1872,.T.);
#1874=ADVANCED_FACE('',(#1873),#1857,.F.);
#1875=CARTESIAN_POINT('',(0.165354330708662,0.073425196850394,-0.005118110236221));
#1876=DIRECTION('',(0.866025403784444,0.0,0.49999999999999));
#1877=AXIS2_PLACEMENT_3D('',#1875,#197,#1876);
#1878=CYLINDRICAL_SURFACE('',#1877,0.001968503937008);
#1879=CARTESIAN_POINT('',(0.163649556291763,0.074803149606299,-0.006102362204724));
#1880=VERTEX_POINT('',#1879);
#1881=CARTESIAN_POINT('',(0.165354330708662,0.074803149606299,-0.005118110236221));
#1882=AXIS2_PLACEMENT_3D('',#1881,#197,#1876);
#1883=CIRCLE('',#1882,0.001968503937008);
#1884=EDGE_CURVE('',#1859,#1880,#1883,.T.);
#1885=ORIENTED_EDGE('',*,*,#1884,.F.);
#1886=ORIENTED_EDGE('',*,*,#1870,.F.);
#1887=CARTESIAN_POINT('',(0.163649556291763,0.102362204724409,-0.006102362204724));
#1888=VERTEX_POINT('',#1887);
#1889=CARTESIAN_POINT('',(0.165354330708662,0.102362204724409,-0.005118110236221));
#1890=AXIS2_PLACEMENT_3D('',#1889,#197,#1876);
#1891=CIRCLE('',#1890,0.001968503937008);
#1892=EDGE_CURVE('',#1865,#1888,#1891,.T.);
#1893=ORIENTED_EDGE('',*,*,#1892,.T.);
#1894=LINE('',#1887,#1215);
#1895=EDGE_CURVE('',#1888,#1880,#1894,.T.);
#1896=ORIENTED_EDGE('',*,*,#1895,.T.);
#1897=EDGE_LOOP('',(#1885,#1886,#1893,#1896));
#1898=FACE_OUTER_BOUND('',#1897,.T.);
#1899=ADVANCED_FACE('',(#1898),#1878,.F.);
#1900=CARTESIAN_POINT('',(0.164558769314109,0.073425196850394,-0.00767716535433));
#1901=DIRECTION('',(-0.86602540378444,0.0,-0.499999999999998));
#1902=DIRECTION('',(-0.499999999999998,0.0,0.86602540378444));
#1903=AXIS2_PLACEMENT_3D('',#1900,#1901,#1902);
#1904=PLANE('',#1903);
#1905=CARTESIAN_POINT('',(0.145465295844846,0.074803149606299,0.025393700787402));
#1906=VERTEX_POINT('',#1905);
#1907=DIRECTION('',(-0.499999999999999,0.0,0.866025403784439));
#1908=VECTOR('',#1907,0.036368520893835);
#1909=LINE('',#1879,#1908);
#1910=EDGE_CURVE('',#1880,#1906,#1909,.T.);
#1911=ORIENTED_EDGE('',*,*,#1910,.F.);
#1912=ORIENTED_EDGE('',*,*,#1895,.F.);
#1913=CARTESIAN_POINT('',(0.145465295844846,0.102362204724409,0.025393700787402));
#1914=VERTEX_POINT('',#1913);
#1915=LINE('',#1887,#1908);
#1916=EDGE_CURVE('',#1888,#1914,#1915,.T.);
#1917=ORIENTED_EDGE('',*,*,#1916,.T.);
#1918=LINE('',#1913,#1215);
#1919=EDGE_CURVE('',#1914,#1906,#1918,.T.);
#1920=ORIENTED_EDGE('',*,*,#1919,.T.);
#1921=EDGE_LOOP('',(#1911,#1912,#1917,#1920));
#1922=FACE_OUTER_BOUND('',#1921,.T.);
#1923=ADVANCED_FACE('',(#1922),#1904,.F.);
#1924=DIRECTION('',(-0.499999999999998,0.0,-0.86602540378444));
#1925=AXIS2_PLACEMENT_3D('',#1735,#197,#1924);
#1926=CYLINDRICAL_SURFACE('',#1925,0.013779527559055);
#1927=CARTESIAN_POINT('',(0.133531874926556,0.074803149606299,0.032283464566929));
#1928=VERTEX_POINT('',#1927);
#1929=DIRECTION('',(0.866025403784437,0.0,0.500000000000003));
#1930=AXIS2_PLACEMENT_3D('',#1743,#217,#1929);
#1931=CIRCLE('',#1930,0.013779527559055);
#1932=EDGE_CURVE('',#1906,#1928,#1931,.T.);
#1933=ORIENTED_EDGE('',*,*,#1932,.F.);
#1934=ORIENTED_EDGE('',*,*,#1919,.F.);
#1935=CARTESIAN_POINT('',(0.133531874926556,0.102362204724409,0.032283464566929));
#1936=VERTEX_POINT('',#1935);
#1937=AXIS2_PLACEMENT_3D('',#1755,#217,#1929);
#1938=CIRCLE('',#1937,0.013779527559055);
#1939=EDGE_CURVE('',#1914,#1936,#1938,.T.);
#1940=ORIENTED_EDGE('',*,*,#1939,.T.);
#1941=LINE('',#1935,#1215);
#1942=EDGE_CURVE('',#1936,#1928,#1941,.T.);
#1943=ORIENTED_EDGE('',*,*,#1942,.T.);
#1944=EDGE_LOOP('',(#1933,#1934,#1940,#1943));
#1945=FACE_OUTER_BOUND('',#1944,.T.);
#1946=ADVANCED_FACE('',(#1945),#1926,.T.);
#1947=CARTESIAN_POINT('',(0.134322842789898,0.073425196850393,0.032283464566929));
#1948=AXIS2_PLACEMENT_3D('',#1947,#135,#136);
#1949=PLANE('',#1948);
#1950=VECTOR('',#136,0.015421638706083);
#1951=LINE('',#1927,#1950);
#1952=EDGE_CURVE('',#1928,#945,#1951,.T.);
#1953=ORIENTED_EDGE('',*,*,#1952,.F.);
#1954=ORIENTED_EDGE('',*,*,#1942,.F.);
#1955=VECTOR('',#72,0.015819357266846);
#1956=LINE('',#893,#1955);
#1957=EDGE_CURVE('',#894,#1936,#1956,.T.);
#1958=ORIENTED_EDGE('',*,*,#1957,.F.);
#1959=ORIENTED_EDGE('',*,*,#901,.T.);
#1960=ORIENTED_EDGE('',*,*,#950,.F.);
#1961=EDGE_LOOP('',(#1953,#1954,#1958,#1959,#1960));
#1962=FACE_OUTER_BOUND('',#1961,.T.);
#1963=ADVANCED_FACE('',(#1962),#1949,.F.);
#1964=CARTESIAN_POINT('',(0.116921549796368,0.073425196850393,0.020472440944882));
#1965=AXIS2_PLACEMENT_3D('',#1964,#71,#72);
#1966=PLANE('',#1965);
#1967=VECTOR('',#72,0.015421638706083);
#1968=LINE('',#939,#1967);
#1969=EDGE_CURVE('',#940,#1740,#1968,.T.);
#1970=ORIENTED_EDGE('',*,*,#1969,.F.);
#1971=ORIENTED_EDGE('',*,*,#942,.F.);
#1972=ORIENTED_EDGE('',*,*,#913,.T.);
#1973=LINE('',#903,#1955);
#1974=EDGE_CURVE('',#904,#1749,#1973,.T.);
#1975=ORIENTED_EDGE('',*,*,#1974,.T.);
#1976=ORIENTED_EDGE('',*,*,#1751,.T.);
#1977=EDGE_LOOP('',(#1970,#1971,#1972,#1975,#1976));
#1978=FACE_OUTER_BOUND('',#1977,.T.);
#1979=ADVANCED_FACE('',(#1978),#1966,.F.);
#1980=CARTESIAN_POINT('',(0.114173228346457,0.074803149606299,-0.021456692913386));
#1981=AXIS2_PLACEMENT_3D('',#1980,#197,#71);
#1982=PLANE('',#1981);
#1983=ORIENTED_EDGE('',*,*,#1746,.T.);
#1984=ORIENTED_EDGE('',*,*,#1775,.T.);
#1985=ORIENTED_EDGE('',*,*,#1799,.T.);
#1986=ORIENTED_EDGE('',*,*,#1821,.T.);
#1987=ORIENTED_EDGE('',*,*,#1841,.T.);
#1988=ORIENTED_EDGE('',*,*,#1861,.T.);
#1989=ORIENTED_EDGE('',*,*,#1884,.T.);
#1990=ORIENTED_EDGE('',*,*,#1910,.T.);
#1991=ORIENTED_EDGE('',*,*,#1932,.T.);
#1992=ORIENTED_EDGE('',*,*,#1952,.T.);
#1993=ORIENTED_EDGE('',*,*,#947,.F.);
#1994=ORIENTED_EDGE('',*,*,#1969,.T.);
#1995=EDGE_LOOP('',(#1983,#1984,#1985,#1986,#1987,#1988,#1989,#1990,#1991,#1992,#1993,#1994));
#1996=FACE_OUTER_BOUND('',#1995,.T.);
#1997=ADVANCED_FACE('',(#1996),#1982,.F.);
#1998=CARTESIAN_POINT('',(0.113755623857656,0.102362204724409,-0.021456692913386));
#1999=AXIS2_PLACEMENT_3D('',#1998,#197,#71);
#2000=PLANE('',#1999);
#2001=ORIENTED_EDGE('',*,*,#1974,.F.);
#2002=ORIENTED_EDGE('',*,*,#906,.T.);
#2003=ORIENTED_EDGE('',*,*,#1957,.T.);
#2004=ORIENTED_EDGE('',*,*,#1939,.F.);
#2005=ORIENTED_EDGE('',*,*,#1916,.F.);
#2006=ORIENTED_EDGE('',*,*,#1892,.F.);
#2007=ORIENTED_EDGE('',*,*,#1867,.F.);
#2008=ORIENTED_EDGE('',*,*,#1847,.F.);
#2009=ORIENTED_EDGE('',*,*,#1827,.F.);
#2010=ORIENTED_EDGE('',*,*,#1807,.F.);
#2011=ORIENTED_EDGE('',*,*,#1781,.F.);
#2012=ORIENTED_EDGE('',*,*,#1758,.F.);
#2013=EDGE_LOOP('',(#2001,#2002,#2003,#2004,#2005,#2006,#2007,#2008,#2009,#2010,#2011,#2012));
#2014=FACE_OUTER_BOUND('',#2013,.T.);
#2015=ADVANCED_FACE('',(#2014),#2000,.T.);
#2016=CARTESIAN_POINT('',(0.133531874926556,-0.103740157480315,0.018503937007874));
#2017=AXIS2_PLACEMENT_3D('',#2016,#197,#1736);
#2018=CYLINDRICAL_SURFACE('',#2017,0.001968503937008);
#2019=CARTESIAN_POINT('',(0.133531874926556,-0.074803149606299,0.020472440944882));
#2020=VERTEX_POINT('',#2019);
#2021=CARTESIAN_POINT('',(0.135236649343455,-0.074803149606299,0.019488188976378));
#2022=VERTEX_POINT('',#2021);
#2023=CARTESIAN_POINT('',(0.133531874926556,-0.074803149606299,0.018503937007874));
#2024=AXIS2_PLACEMENT_3D('',#2023,#197,#1736);
#2025=CIRCLE('',#2024,0.001968503937008);
#2026=EDGE_CURVE('',#2020,#2022,#2025,.T.);
#2027=ORIENTED_EDGE('',*,*,#2026,.T.);
#2028=CARTESIAN_POINT('',(0.135236649343455,-0.102362204724409,0.019488188976378));
#2029=VERTEX_POINT('',#2028);
#2030=LINE('',#2028,#1471);
#2031=EDGE_CURVE('',#2029,#2022,#2030,.T.);
#2032=ORIENTED_EDGE('',*,*,#2031,.F.);
#2033=CARTESIAN_POINT('',(0.133531874926556,-0.102362204724409,0.020472440944882));
#2034=VERTEX_POINT('',#2033);
#2035=CARTESIAN_POINT('',(0.133531874926556,-0.102362204724409,0.018503937007874));
#2036=AXIS2_PLACEMENT_3D('',#2035,#197,#1736);
#2037=CIRCLE('',#2036,0.001968503937008);
#2038=EDGE_CURVE('',#2034,#2029,#2037,.T.);
#2039=ORIENTED_EDGE('',*,*,#2038,.F.);
#2040=LINE('',#2033,#1471);
#2041=EDGE_CURVE('',#2034,#2020,#2040,.T.);
#2042=ORIENTED_EDGE('',*,*,#2041,.T.);
#2043=EDGE_LOOP('',(#2027,#2032,#2039,#2042));
#2044=FACE_OUTER_BOUND('',#2043,.T.);
#2045=ADVANCED_FACE('',(#2044),#2018,.F.);
#2046=CARTESIAN_POINT('',(0.154330122812718,-0.103740157480315,-0.013582677165354));
#2047=DIRECTION('',(-0.866025403784438,0.0,-0.500000000000001));
#2048=DIRECTION('',(-0.500000000000001,0.0,0.866025403784438));
#2049=AXIS2_PLACEMENT_3D('',#2046,#2047,#2048);
#2050=PLANE('',#2049);
#2051=CARTESIAN_POINT('',(0.153420909790372,-0.074803149606299,-0.012007874015748));
#2052=VERTEX_POINT('',#2051);
#2053=LINE('',#2021,#1773);
#2054=EDGE_CURVE('',#2022,#2052,#2053,.T.);
#2055=ORIENTED_EDGE('',*,*,#2054,.T.);
#2056=CARTESIAN_POINT('',(0.153420909790372,-0.102362204724409,-0.012007874015748));
#2057=VERTEX_POINT('',#2056);
#2058=LINE('',#2056,#1471);
#2059=EDGE_CURVE('',#2057,#2052,#2058,.T.);
#2060=ORIENTED_EDGE('',*,*,#2059,.F.);
#2061=LINE('',#2028,#1773);
#2062=EDGE_CURVE('',#2029,#2057,#2061,.T.);
#2063=ORIENTED_EDGE('',*,*,#2062,.F.);
#2064=ORIENTED_EDGE('',*,*,#2031,.T.);
#2065=EDGE_LOOP('',(#2055,#2060,#2063,#2064));
#2066=FACE_OUTER_BOUND('',#2065,.T.);
#2067=ADVANCED_FACE('',(#2066),#2050,.T.);
#2068=CARTESIAN_POINT('',(0.165354330708662,-0.103740157480315,-0.00511811023622));
#2069=AXIS2_PLACEMENT_3D('',#2068,#197,#1790);
#2070=CYLINDRICAL_SURFACE('',#2069,0.013779527559055);
#2071=CARTESIAN_POINT('',(0.165354330708662,-0.074803149606299,-0.018897637795276));
#2072=VERTEX_POINT('',#2071);
#2073=CARTESIAN_POINT('',(0.165354330708662,-0.074803149606299,-0.00511811023622));
#2074=AXIS2_PLACEMENT_3D('',#2073,#217,#1796);
#2075=CIRCLE('',#2074,0.013779527559055);
#2076=EDGE_CURVE('',#2052,#2072,#2075,.T.);
#2077=ORIENTED_EDGE('',*,*,#2076,.T.);
#2078=CARTESIAN_POINT('',(0.165354330708662,-0.102362204724409,-0.018897637795276));
#2079=VERTEX_POINT('',#2078);
#2080=LINE('',#2078,#1471);
#2081=EDGE_CURVE('',#2079,#2072,#2080,.T.);
#2082=ORIENTED_EDGE('',*,*,#2081,.F.);
#2083=CARTESIAN_POINT('',(0.165354330708662,-0.102362204724409,-0.00511811023622));
#2084=AXIS2_PLACEMENT_3D('',#2083,#217,#1796);
#2085=CIRCLE('',#2084,0.013779527559055);
#2086=EDGE_CURVE('',#2057,#2079,#2085,.T.);
#2087=ORIENTED_EDGE('',*,*,#2086,.F.);
#2088=ORIENTED_EDGE('',*,*,#2059,.T.);
#2089=EDGE_LOOP('',(#2077,#2082,#2087,#2088));
#2090=FACE_OUTER_BOUND('',#2089,.T.);
#2091=ADVANCED_FACE('',(#2090),#2070,.T.);
#2092=CARTESIAN_POINT('',(0.198425196850394,-0.103740157480315,-0.018897637795276));
#2093=AXIS2_PLACEMENT_3D('',#2092,#135,#136);
#2094=PLANE('',#2093);
#2095=CARTESIAN_POINT('',(0.196850393700788,-0.074803149606299,-0.018897637795276));
#2096=VERTEX_POINT('',#2095);
#2097=LINE('',#2071,#1300);
#2098=EDGE_CURVE('',#2072,#2096,#2097,.T.);
#2099=ORIENTED_EDGE('',*,*,#2098,.T.);
#2100=CARTESIAN_POINT('',(0.196850393700788,-0.102362204724409,-0.018897637795276));
#2101=VERTEX_POINT('',#2100);
#2102=LINE('',#2100,#1471);
#2103=EDGE_CURVE('',#2101,#2096,#2102,.T.);
#2104=ORIENTED_EDGE('',*,*,#2103,.F.);
#2105=LINE('',#2078,#1300);
#2106=EDGE_CURVE('',#2079,#2101,#2105,.T.);
#2107=ORIENTED_EDGE('',*,*,#2106,.F.);
#2108=ORIENTED_EDGE('',*,*,#2081,.T.);
#2109=EDGE_LOOP('',(#2099,#2104,#2107,#2108));
#2110=FACE_OUTER_BOUND('',#2109,.T.);
#2111=ADVANCED_FACE('',(#2110),#2094,.T.);
#2112=CARTESIAN_POINT('',(0.196850393700788,-0.103740157480315,-0.006496062992126));
#2113=AXIS2_PLACEMENT_3D('',#2112,#72,#135);
#2114=PLANE('',#2113);
#2115=CARTESIAN_POINT('',(0.196850393700788,-0.074803149606299,-0.007086614173228));
#2116=VERTEX_POINT('',#2115);
#2117=LINE('',#2095,#853);
#2118=EDGE_CURVE('',#2096,#2116,#2117,.T.);
#2119=ORIENTED_EDGE('',*,*,#2118,.T.);
#2120=CARTESIAN_POINT('',(0.196850393700788,-0.102362204724409,-0.007086614173228));
#2121=VERTEX_POINT('',#2120);
#2122=LINE('',#2120,#1471);
#2123=EDGE_CURVE('',#2121,#2116,#2122,.T.);
#2124=ORIENTED_EDGE('',*,*,#2123,.F.);
#2125=LINE('',#2100,#853);
#2126=EDGE_CURVE('',#2101,#2121,#2125,.T.);
#2127=ORIENTED_EDGE('',*,*,#2126,.F.);
#2128=ORIENTED_EDGE('',*,*,#2103,.T.);
#2129=EDGE_LOOP('',(#2119,#2124,#2127,#2128));
#2130=FACE_OUTER_BOUND('',#2129,.T.);
#2131=ADVANCED_FACE('',(#2130),#2114,.T.);
#2132=CARTESIAN_POINT('',(0.163779527559056,-0.103740157480315,-0.007086614173228));
#2133=AXIS2_PLACEMENT_3D('',#2132,#71,#72);
#2134=PLANE('',#2133);
#2135=CARTESIAN_POINT('',(0.165354330708662,-0.074803149606299,-0.007086614173228));
#2136=VERTEX_POINT('',#2135);
#2137=LINE('',#2115,#1259);
#2138=EDGE_CURVE('',#2116,#2136,#2137,.T.);
#2139=ORIENTED_EDGE('',*,*,#2138,.T.);
#2140=CARTESIAN_POINT('',(0.165354330708662,-0.102362204724409,-0.007086614173228));
#2141=VERTEX_POINT('',#2140);
#2142=LINE('',#2140,#1471);
#2143=EDGE_CURVE('',#2141,#2136,#2142,.T.);
#2144=ORIENTED_EDGE('',*,*,#2143,.F.);
#2145=LINE('',#2120,#1259);
#2146=EDGE_CURVE('',#2121,#2141,#2145,.T.);
#2147=ORIENTED_EDGE('',*,*,#2146,.F.);
#2148=ORIENTED_EDGE('',*,*,#2123,.T.);
#2149=EDGE_LOOP('',(#2139,#2144,#2147,#2148));
#2150=FACE_OUTER_BOUND('',#2149,.T.);
#2151=ADVANCED_FACE('',(#2150),#2134,.T.);
#2152=CARTESIAN_POINT('',(0.165354330708662,-0.103740157480315,-0.005118110236221));
#2153=AXIS2_PLACEMENT_3D('',#2152,#197,#1876);
#2154=CYLINDRICAL_SURFACE('',#2153,0.001968503937008);
#2155=CARTESIAN_POINT('',(0.163649556291763,-0.074803149606299,-0.006102362204724));
#2156=VERTEX_POINT('',#2155);
#2157=CARTESIAN_POINT('',(0.165354330708662,-0.074803149606299,-0.005118110236221));
#2158=AXIS2_PLACEMENT_3D('',#2157,#197,#1876);
#2159=CIRCLE('',#2158,0.001968503937008);
#2160=EDGE_CURVE('',#2136,#2156,#2159,.T.);
#2161=ORIENTED_EDGE('',*,*,#2160,.T.);
#2162=CARTESIAN_POINT('',(0.163649556291763,-0.102362204724409,-0.006102362204724));
#2163=VERTEX_POINT('',#2162);
#2164=LINE('',#2162,#1471);
#2165=EDGE_CURVE('',#2163,#2156,#2164,.T.);
#2166=ORIENTED_EDGE('',*,*,#2165,.F.);
#2167=CARTESIAN_POINT('',(0.165354330708662,-0.102362204724409,-0.005118110236221));
#2168=AXIS2_PLACEMENT_3D('',#2167,#197,#1876);
#2169=CIRCLE('',#2168,0.001968503937008);
#2170=EDGE_CURVE('',#2141,#2163,#2169,.T.);
#2171=ORIENTED_EDGE('',*,*,#2170,.F.);
#2172=ORIENTED_EDGE('',*,*,#2143,.T.);
#2173=EDGE_LOOP('',(#2161,#2166,#2171,#2172));
#2174=FACE_OUTER_BOUND('',#2173,.T.);
#2175=ADVANCED_FACE('',(#2174),#2154,.F.);
#2176=CARTESIAN_POINT('',(0.1445560828225,-0.103740157480315,0.026968503937008));
#2177=DIRECTION('',(0.86602540378444,0.0,0.499999999999998));
#2178=DIRECTION('',(0.499999999999998,0.0,-0.86602540378444));
#2179=AXIS2_PLACEMENT_3D('',#2176,#2177,#2178);
#2180=PLANE('',#2179);
#2181=CARTESIAN_POINT('',(0.145465295844846,-0.074803149606299,0.025393700787402));
#2182=VERTEX_POINT('',#2181);
#2183=LINE('',#2155,#1908);
#2184=EDGE_CURVE('',#2156,#2182,#2183,.T.);
#2185=ORIENTED_EDGE('',*,*,#2184,.T.);
#2186=CARTESIAN_POINT('',(0.145465295844846,-0.102362204724409,0.025393700787402));
#2187=VERTEX_POINT('',#2186);
#2188=LINE('',#2186,#1471);
#2189=EDGE_CURVE('',#2187,#2182,#2188,.T.);
#2190=ORIENTED_EDGE('',*,*,#2189,.F.);
#2191=LINE('',#2162,#1908);
#2192=EDGE_CURVE('',#2163,#2187,#2191,.T.);
#2193=ORIENTED_EDGE('',*,*,#2192,.F.);
#2194=ORIENTED_EDGE('',*,*,#2165,.T.);
#2195=EDGE_LOOP('',(#2185,#2190,#2193,#2194));
#2196=FACE_OUTER_BOUND('',#2195,.T.);
#2197=ADVANCED_FACE('',(#2196),#2180,.T.);
#2198=AXIS2_PLACEMENT_3D('',#2016,#197,#1924);
#2199=CYLINDRICAL_SURFACE('',#2198,0.013779527559055);
#2200=CARTESIAN_POINT('',(0.133531874926556,-0.074803149606299,0.032283464566929));
#2201=VERTEX_POINT('',#2200);
#2202=AXIS2_PLACEMENT_3D('',#2023,#217,#1929);
#2203=CIRCLE('',#2202,0.013779527559055);
#2204=EDGE_CURVE('',#2182,#2201,#2203,.T.);
#2205=ORIENTED_EDGE('',*,*,#2204,.T.);
#2206=CARTESIAN_POINT('',(0.133531874926556,-0.102362204724409,0.032283464566929));
#2207=VERTEX_POINT('',#2206);
#2208=LINE('',#2206,#1471);
#2209=EDGE_CURVE('',#2207,#2201,#2208,.T.);
#2210=ORIENTED_EDGE('',*,*,#2209,.F.);
#2211=AXIS2_PLACEMENT_3D('',#2035,#217,#1929);
#2212=CIRCLE('',#2211,0.013779527559055);
#2213=EDGE_CURVE('',#2187,#2207,#2212,.T.);
#2214=ORIENTED_EDGE('',*,*,#2213,.F.);
#2215=ORIENTED_EDGE('',*,*,#2189,.T.);
#2216=EDGE_LOOP('',(#2205,#2210,#2214,#2215));
#2217=FACE_OUTER_BOUND('',#2216,.T.);
#2218=ADVANCED_FACE('',(#2217),#2199,.T.);
#2219=CARTESIAN_POINT('',(0.116921549796368,-0.103740157480315,0.032283464566929));
#2220=AXIS2_PLACEMENT_3D('',#2219,#71,#72);
#2221=PLANE('',#2220);
#2222=LINE('',#2200,#1950);
#2223=EDGE_CURVE('',#2201,#961,#2222,.T.);
#2224=ORIENTED_EDGE('',*,*,#2223,.T.);
#2225=ORIENTED_EDGE('',*,*,#963,.F.);
#2226=ORIENTED_EDGE('',*,*,#1042,.T.);
#2227=VECTOR('',#136,0.015819357266846);
#2228=LINE('',#2206,#2227);
#2229=EDGE_CURVE('',#2207,#1035,#2228,.T.);
#2230=ORIENTED_EDGE('',*,*,#2229,.F.);
#2231=ORIENTED_EDGE('',*,*,#2209,.T.);
#2232=EDGE_LOOP('',(#2224,#2225,#2226,#2230,#2231));
#2233=FACE_OUTER_BOUND('',#2232,.T.);
#2234=ADVANCED_FACE('',(#2233),#2221,.T.);
#2235=CARTESIAN_POINT('',(0.134322842789898,-0.103740157480315,0.020472440944882));
#2236=AXIS2_PLACEMENT_3D('',#2235,#135,#136);
#2237=PLANE('',#2236);
#2238=LINE('',#965,#1967);
#2239=EDGE_CURVE('',#966,#2020,#2238,.T.);
#2240=ORIENTED_EDGE('',*,*,#2239,.T.);
#2241=ORIENTED_EDGE('',*,*,#2041,.F.);
#2242=LINE('',#2033,#2227);
#2243=EDGE_CURVE('',#2034,#1028,#2242,.T.);
#2244=ORIENTED_EDGE('',*,*,#2243,.T.);
#2245=ORIENTED_EDGE('',*,*,#1032,.T.);
#2246=ORIENTED_EDGE('',*,*,#974,.F.);
#2247=EDGE_LOOP('',(#2240,#2241,#2244,#2245,#2246));
#2248=FACE_OUTER_BOUND('',#2247,.T.);
#2249=ADVANCED_FACE('',(#2248),#2237,.T.);
#2250=CARTESIAN_POINT('',(0.114173228346457,-0.074803149606299,-0.021456692913386));
#2251=AXIS2_PLACEMENT_3D('',#2250,#197,#71);
#2252=PLANE('',#2251);
#2253=ORIENTED_EDGE('',*,*,#2026,.F.);
#2254=ORIENTED_EDGE('',*,*,#2239,.F.);
#2255=ORIENTED_EDGE('',*,*,#969,.F.);
#2256=ORIENTED_EDGE('',*,*,#2223,.F.);
#2257=ORIENTED_EDGE('',*,*,#2204,.F.);
#2258=ORIENTED_EDGE('',*,*,#2184,.F.);
#2259=ORIENTED_EDGE('',*,*,#2160,.F.);
#2260=ORIENTED_EDGE('',*,*,#2138,.F.);
#2261=ORIENTED_EDGE('',*,*,#2118,.F.);
#2262=ORIENTED_EDGE('',*,*,#2098,.F.);
#2263=ORIENTED_EDGE('',*,*,#2076,.F.);
#2264=ORIENTED_EDGE('',*,*,#2054,.F.);
#2265=EDGE_LOOP('',(#2253,#2254,#2255,#2256,#2257,#2258,#2259,#2260,#2261,#2262,#2263,#2264));
#2266=FACE_OUTER_BOUND('',#2265,.T.);
#2267=ADVANCED_FACE('',(#2266),#2252,.T.);
#2268=CARTESIAN_POINT('',(0.113755623857656,-0.102362204724409,-0.021456692913386));
#2269=AXIS2_PLACEMENT_3D('',#2268,#197,#71);
#2270=PLANE('',#2269);
#2271=ORIENTED_EDGE('',*,*,#2243,.F.);
#2272=ORIENTED_EDGE('',*,*,#2038,.T.);
#2273=ORIENTED_EDGE('',*,*,#2062,.T.);
#2274=ORIENTED_EDGE('',*,*,#2086,.T.);
#2275=ORIENTED_EDGE('',*,*,#2106,.T.);
#2276=ORIENTED_EDGE('',*,*,#2126,.T.);
#2277=ORIENTED_EDGE('',*,*,#2146,.T.);
#2278=ORIENTED_EDGE('',*,*,#2170,.T.);
#2279=ORIENTED_EDGE('',*,*,#2192,.T.);
#2280=ORIENTED_EDGE('',*,*,#2213,.T.);
#2281=ORIENTED_EDGE('',*,*,#2229,.T.);
#2282=ORIENTED_EDGE('',*,*,#1037,.F.);
#2283=EDGE_LOOP('',(#2271,#2272,#2273,#2274,#2275,#2276,#2277,#2278,#2279,#2280,#2281,#2282));
#2284=FACE_OUTER_BOUND('',#2283,.T.);
#2285=ADVANCED_FACE('',(#2284),#2270,.F.);
#2286=CARTESIAN_POINT('',(0.075590551181103,-0.021259842519685,0.001968503937008));
#2287=AXIS2_PLACEMENT_3D('',#2286,#136,#71);
#2288=PLANE('',#2287);
#2289=CARTESIAN_POINT('',(0.075590551181103,-0.019291338582677,0.018503937007874));
#2290=VERTEX_POINT('',#2289);
#2291=CARTESIAN_POINT('',(0.075590551181103,0.020078740157481,0.018503937007874));
#2292=VERTEX_POINT('',#2291);
#2293=VECTOR('',#197,0.039370078740158);
#2294=LINE('',#2289,#2293);
#2295=EDGE_CURVE('',#2290,#2292,#2294,.T.);
#2296=ORIENTED_EDGE('',*,*,#2295,.F.);
#2297=CARTESIAN_POINT('',(0.075590551181103,-0.019291338582677,0.002755905511811));
#2298=VERTEX_POINT('',#2297);
#2299=VECTOR('',#71,0.015748031496063);
#2300=LINE('',#2297,#2299);
#2301=EDGE_CURVE('',#2298,#2290,#2300,.T.);
#2302=ORIENTED_EDGE('',*,*,#2301,.F.);
#2303=CARTESIAN_POINT('',(0.075590551181103,0.020078740157481,0.002755905511811));
#2304=VERTEX_POINT('',#2303);
#2305=VECTOR('',#217,0.039370078740158);
#2306=LINE('',#2303,#2305);
#2307=EDGE_CURVE('',#2304,#2298,#2306,.T.);
#2308=ORIENTED_EDGE('',*,*,#2307,.F.);
#2309=LINE('',#2303,#2299);
#2310=EDGE_CURVE('',#2304,#2292,#2309,.T.);
#2311=ORIENTED_EDGE('',*,*,#2310,.T.);
#2312=EDGE_LOOP('',(#2296,#2302,#2308,#2311));
#2313=FACE_OUTER_BOUND('',#2312,.T.);
#2314=ADVANCED_FACE('',(#2313),#2288,.F.);
#2315=CARTESIAN_POINT('',(0.074527559055119,-0.021259842519685,0.018503937007874));
#2316=AXIS2_PLACEMENT_3D('',#2315,#71,#72);
#2317=PLANE('',#2316);
#2318=ORIENTED_EDGE('',*,*,#2295,.T.);
#2319=CARTESIAN_POINT('',(0.096850393700788,0.020078740157481,0.018503937007874));
#2320=VERTEX_POINT('',#2319);
#2321=VECTOR('',#72,0.021259842519685);
#2322=LINE('',#2291,#2321);
#2323=EDGE_CURVE('',#2292,#2320,#2322,.T.);
#2324=ORIENTED_EDGE('',*,*,#2323,.T.);
#2325=CARTESIAN_POINT('',(0.096850393700788,-0.019291338582677,0.018503937007874));
#2326=VERTEX_POINT('',#2325);
#2327=LINE('',#2319,#2305);
#2328=EDGE_CURVE('',#2320,#2326,#2327,.T.);
#2329=ORIENTED_EDGE('',*,*,#2328,.T.);
#2330=VECTOR('',#136,0.021259842519685);
#2331=LINE('',#2325,#2330);
#2332=EDGE_CURVE('',#2326,#2290,#2331,.T.);
#2333=ORIENTED_EDGE('',*,*,#2332,.T.);
#2334=EDGE_LOOP('',(#2318,#2324,#2329,#2333));
#2335=FACE_OUTER_BOUND('',#2334,.T.);
#2336=ADVANCED_FACE('',(#2335),#2317,.F.);
#2337=CARTESIAN_POINT('',(-0.076377952755905,-0.021259842519685,0.019291338582677));
#2338=AXIS2_PLACEMENT_3D('',#2337,#72,#135);
#2339=PLANE('',#2338);
#2340=CARTESIAN_POINT('',(-0.076377952755905,0.020078740157481,0.018503937007874));
#2341=VERTEX_POINT('',#2340);
#2342=CARTESIAN_POINT('',(-0.076377952755905,-0.019291338582677,0.018503937007874));
#2343=VERTEX_POINT('',#2342);
#2344=LINE('',#2340,#2305);
#2345=EDGE_CURVE('',#2341,#2343,#2344,.T.);
#2346=ORIENTED_EDGE('',*,*,#2345,.F.);
#2347=CARTESIAN_POINT('',(-0.076377952755905,0.020078740157481,0.002755905511811));
#2348=VERTEX_POINT('',#2347);
#2349=LINE('',#2347,#2299);
#2350=EDGE_CURVE('',#2348,#2341,#2349,.T.);
#2351=ORIENTED_EDGE('',*,*,#2350,.F.);
#2352=CARTESIAN_POINT('',(-0.076377952755905,-0.019291338582677,0.002755905511811));
#2353=VERTEX_POINT('',#2352);
#2354=LINE('',#2352,#2293);
#2355=EDGE_CURVE('',#2353,#2348,#2354,.T.);
#2356=ORIENTED_EDGE('',*,*,#2355,.F.);
#2357=LINE('',#2352,#2299);
#2358=EDGE_CURVE('',#2353,#2343,#2357,.T.);
#2359=ORIENTED_EDGE('',*,*,#2358,.T.);
#2360=EDGE_LOOP('',(#2346,#2351,#2356,#2359));
#2361=FACE_OUTER_BOUND('',#2360,.T.);
#2362=ADVANCED_FACE('',(#2361),#2339,.F.);
#2363=CARTESIAN_POINT('',(-0.098700787401574,-0.021259842519685,0.018503937007874));
#2364=AXIS2_PLACEMENT_3D('',#2363,#71,#72);
#2365=PLANE('',#2364);
#2366=ORIENTED_EDGE('',*,*,#2345,.T.);
#2367=CARTESIAN_POINT('',(-0.09763779527559,-0.019291338582677,0.018503937007874));
#2368=VERTEX_POINT('',#2367);
#2369=LINE('',#2342,#2330);
#2370=EDGE_CURVE('',#2343,#2368,#2369,.T.);
#2371=ORIENTED_EDGE('',*,*,#2370,.T.);
#2372=CARTESIAN_POINT('',(-0.09763779527559,0.020078740157481,0.018503937007874));
#2373=VERTEX_POINT('',#2372);
#2374=LINE('',#2367,#2293);
#2375=EDGE_CURVE('',#2368,#2373,#2374,.T.);
#2376=ORIENTED_EDGE('',*,*,#2375,.T.);
#2377=LINE('',#2372,#2321);
#2378=EDGE_CURVE('',#2373,#2341,#2377,.T.);
#2379=ORIENTED_EDGE('',*,*,#2378,.T.);
#2380=EDGE_LOOP('',(#2366,#2371,#2376,#2379));
#2381=FACE_OUTER_BOUND('',#2380,.T.);
#2382=ADVANCED_FACE('',(#2381),#2365,.F.);
#2383=CARTESIAN_POINT('',(0.010236220472441,-0.021259842519685,0.019291338582677));
#2384=AXIS2_PLACEMENT_3D('',#2383,#72,#135);
#2385=PLANE('',#2384);
#2386=CARTESIAN_POINT('',(0.010236220472441,0.020078740157481,0.018503937007874));
#2387=VERTEX_POINT('',#2386);
#2388=CARTESIAN_POINT('',(0.010236220472441,-0.019291338582677,0.018503937007874));
#2389=VERTEX_POINT('',#2388);
#2390=LINE('',#2386,#2305);
#2391=EDGE_CURVE('',#2387,#2389,#2390,.T.);
#2392=ORIENTED_EDGE('',*,*,#2391,.F.);
#2393=CARTESIAN_POINT('',(0.010236220472441,0.020078740157481,0.002755905511811));
#2394=VERTEX_POINT('',#2393);
#2395=LINE('',#2393,#2299);
#2396=EDGE_CURVE('',#2394,#2387,#2395,.T.);
#2397=ORIENTED_EDGE('',*,*,#2396,.F.);
#2398=CARTESIAN_POINT('',(0.010236220472441,-0.019291338582677,0.002755905511811));
#2399=VERTEX_POINT('',#2398);
#2400=LINE('',#2398,#2293);
#2401=EDGE_CURVE('',#2399,#2394,#2400,.T.);
#2402=ORIENTED_EDGE('',*,*,#2401,.F.);
#2403=LINE('',#2398,#2299);
#2404=EDGE_CURVE('',#2399,#2389,#2403,.T.);
#2405=ORIENTED_EDGE('',*,*,#2404,.T.);
#2406=EDGE_LOOP('',(#2392,#2397,#2402,#2405));
#2407=FACE_OUTER_BOUND('',#2406,.T.);
#2408=ADVANCED_FACE('',(#2407),#2385,.F.);
#2409=CARTESIAN_POINT('',(-0.011023622047244,-0.021259842519685,0.001968503937008));
#2410=AXIS2_PLACEMENT_3D('',#2409,#136,#71);
#2411=PLANE('',#2410);
#2412=CARTESIAN_POINT('',(-0.011023622047244,-0.019291338582677,0.018503937007874));
#2413=VERTEX_POINT('',#2412);
#2414=CARTESIAN_POINT('',(-0.011023622047244,0.020078740157481,0.018503937007874));
#2415=VERTEX_POINT('',#2414);
#2416=LINE('',#2412,#2293);
#2417=EDGE_CURVE('',#2413,#2415,#2416,.T.);
#2418=ORIENTED_EDGE('',*,*,#2417,.F.);
#2419=CARTESIAN_POINT('',(-0.011023622047244,-0.019291338582677,0.002755905511811));
#2420=VERTEX_POINT('',#2419);
#2421=LINE('',#2419,#2299);
#2422=EDGE_CURVE('',#2420,#2413,#2421,.T.);
#2423=ORIENTED_EDGE('',*,*,#2422,.F.);
#2424=CARTESIAN_POINT('',(-0.011023622047244,0.020078740157481,0.002755905511811));
#2425=VERTEX_POINT('',#2424);
#2426=LINE('',#2424,#2305);
#2427=EDGE_CURVE('',#2425,#2420,#2426,.T.);
#2428=ORIENTED_EDGE('',*,*,#2427,.F.);
#2429=LINE('',#2424,#2299);
#2430=EDGE_CURVE('',#2425,#2415,#2429,.T.);
#2431=ORIENTED_EDGE('',*,*,#2430,.T.);
#2432=EDGE_LOOP('',(#2418,#2423,#2428,#2431));
#2433=FACE_OUTER_BOUND('',#2432,.T.);
#2434=ADVANCED_FACE('',(#2433),#2411,.F.);
#2435=CARTESIAN_POINT('',(-0.012086614173228,-0.021259842519685,0.018503937007874));
#2436=AXIS2_PLACEMENT_3D('',#2435,#71,#72);
#2437=PLANE('',#2436);
#2438=ORIENTED_EDGE('',*,*,#2391,.T.);
#2439=LINE('',#2388,#2330);
#2440=EDGE_CURVE('',#2389,#2413,#2439,.T.);
#2441=ORIENTED_EDGE('',*,*,#2440,.T.);
#2442=ORIENTED_EDGE('',*,*,#2417,.T.);
#2443=LINE('',#2414,#2321);
#2444=EDGE_CURVE('',#2415,#2387,#2443,.T.);
#2445=ORIENTED_EDGE('',*,*,#2444,.T.);
#2446=EDGE_LOOP('',(#2438,#2441,#2442,#2445));
#2447=FACE_OUTER_BOUND('',#2446,.T.);
#2448=ADVANCED_FACE('',(#2447),#2437,.F.);
#2449=CARTESIAN_POINT('',(-0.079645669291338,-0.021259842519685,0.002755905511811));
#2450=AXIS2_PLACEMENT_3D('',#2449,#71,#72);
#2451=PLANE('',#2450);
#2452=ORIENTED_EDGE('',*,*,#2355,.T.);
#2453=VECTOR('',#72,0.065354330708661);
#2454=LINE('',#2347,#2453);
#2455=EDGE_CURVE('',#2348,#2425,#2454,.T.);
#2456=ORIENTED_EDGE('',*,*,#2455,.T.);
#2457=ORIENTED_EDGE('',*,*,#2427,.T.);
#2458=VECTOR('',#136,0.065354330708661);
#2459=LINE('',#2419,#2458);
#2460=EDGE_CURVE('',#2420,#2353,#2459,.T.);
#2461=ORIENTED_EDGE('',*,*,#2460,.T.);
#2462=EDGE_LOOP('',(#2452,#2456,#2457,#2461));
#2463=FACE_OUTER_BOUND('',#2462,.T.);
#2464=ADVANCED_FACE('',(#2463),#2451,.F.);
#2465=CARTESIAN_POINT('',(-0.107362204724409,0.020078740157481,-0.016633858267717));
#2466=AXIS2_PLACEMENT_3D('',#2465,#197,#71);
#2467=PLANE('',#2466);
#2468=CARTESIAN_POINT('',(0.052755905511811,0.020078740157481,-0.01496062992126));
#2469=VERTEX_POINT('',#2468);
#2470=CARTESIAN_POINT('',(0.052755905511811,0.020078740157481,0.0));
#2471=VERTEX_POINT('',#2470);
#2472=VECTOR('',#71,0.01496062992126);
#2473=LINE('',#2468,#2472);
#2474=EDGE_CURVE('',#2469,#2471,#2473,.T.);
#2475=ORIENTED_EDGE('',*,*,#2474,.F.);
#2476=CARTESIAN_POINT('',(0.096850393700788,0.020078740157481,-0.01496062992126));
#2477=VERTEX_POINT('',#2476);
#2478=VECTOR('',#136,0.044094488188977);
#2479=LINE('',#2476,#2478);
#2480=EDGE_CURVE('',#2477,#2469,#2479,.T.);
#2481=ORIENTED_EDGE('',*,*,#2480,.F.);
#2482=VECTOR('',#71,0.033464566929134);
#2483=LINE('',#2476,#2482);
#2484=EDGE_CURVE('',#2477,#2320,#2483,.T.);
#2485=ORIENTED_EDGE('',*,*,#2484,.T.);
#2486=ORIENTED_EDGE('',*,*,#2323,.F.);
#2487=ORIENTED_EDGE('',*,*,#2310,.F.);
#2488=VECTOR('',#72,0.065354330708662);
#2489=LINE('',#2393,#2488);
#2490=EDGE_CURVE('',#2394,#2304,#2489,.T.);
#2491=ORIENTED_EDGE('',*,*,#2490,.F.);
#2492=ORIENTED_EDGE('',*,*,#2396,.T.);
#2493=ORIENTED_EDGE('',*,*,#2444,.F.);
#2494=ORIENTED_EDGE('',*,*,#2430,.F.);
#2495=ORIENTED_EDGE('',*,*,#2455,.F.);
#2496=ORIENTED_EDGE('',*,*,#2350,.T.);
#2497=ORIENTED_EDGE('',*,*,#2378,.F.);
#2498=CARTESIAN_POINT('',(-0.09763779527559,0.020078740157481,-0.01496062992126));
#2499=VERTEX_POINT('',#2498);
#2500=LINE('',#2498,#2482);
#2501=EDGE_CURVE('',#2499,#2373,#2500,.T.);
#2502=ORIENTED_EDGE('',*,*,#2501,.F.);
#2503=CARTESIAN_POINT('',(-0.052755905511814,0.020078740157481,-0.01496062992126));
#2504=VERTEX_POINT('',#2503);
#2505=VECTOR('',#136,0.044881889763776);
#2506=LINE('',#2503,#2505);
#2507=EDGE_CURVE('',#2504,#2499,#2506,.T.);
#2508=ORIENTED_EDGE('',*,*,#2507,.F.);
#2509=CARTESIAN_POINT('',(-0.052755905511814,0.020078740157481,0.0));
#2510=VERTEX_POINT('',#2509);
#2511=LINE('',#2509,#770);
#2512=EDGE_CURVE('',#2510,#2504,#2511,.T.);
#2513=ORIENTED_EDGE('',*,*,#2512,.F.);
#2514=LINE('',#2470,#787);
#2515=EDGE_CURVE('',#2471,#2510,#2514,.T.);
#2516=ORIENTED_EDGE('',*,*,#2515,.F.);
#2517=EDGE_LOOP('',(#2475,#2481,#2485,#2486,#2487,#2491,#2492,#2493,#2494,#2495,#2496,#2497,#2502,#2508,#2513,#2516));
#2518=FACE_OUTER_BOUND('',#2517,.T.);
#2519=ADVANCED_FACE('',(#2518),#2467,.F.);
#2520=CARTESIAN_POINT('',(-0.09763779527559,-0.021259842519685,-0.016633858267717));
#2521=AXIS2_PLACEMENT_3D('',#2520,#136,#71);
#2522=PLANE('',#2521);
#2523=CARTESIAN_POINT('',(-0.09763779527559,-0.019291338582677,-0.01496062992126));
#2524=VERTEX_POINT('',#2523);
#2525=LINE('',#2523,#2482);
#2526=EDGE_CURVE('',#2524,#2368,#2525,.T.);
#2527=ORIENTED_EDGE('',*,*,#2526,.F.);
#2528=LINE('',#2498,#2305);
#2529=EDGE_CURVE('',#2499,#2524,#2528,.T.);
#2530=ORIENTED_EDGE('',*,*,#2529,.F.);
#2531=ORIENTED_EDGE('',*,*,#2501,.T.);
#2532=ORIENTED_EDGE('',*,*,#2375,.F.);
#2533=EDGE_LOOP('',(#2527,#2530,#2531,#2532));
#2534=FACE_OUTER_BOUND('',#2533,.T.);
#2535=ADVANCED_FACE('',(#2534),#2522,.F.);
#2536=CARTESIAN_POINT('',(0.096850393700788,-0.021259842519685,0.020177165354331));
#2537=AXIS2_PLACEMENT_3D('',#2536,#72,#135);
#2538=PLANE('',#2537);
#2539=ORIENTED_EDGE('',*,*,#2484,.F.);
#2540=CARTESIAN_POINT('',(0.096850393700788,-0.019291338582677,-0.01496062992126));
#2541=VERTEX_POINT('',#2540);
#2542=LINE('',#2540,#2293);
#2543=EDGE_CURVE('',#2541,#2477,#2542,.T.);
#2544=ORIENTED_EDGE('',*,*,#2543,.F.);
#2545=LINE('',#2540,#2482);
#2546=EDGE_CURVE('',#2541,#2326,#2545,.T.);
#2547=ORIENTED_EDGE('',*,*,#2546,.T.);
#2548=ORIENTED_EDGE('',*,*,#2328,.F.);
#2549=EDGE_LOOP('',(#2539,#2544,#2547,#2548));
#2550=FACE_OUTER_BOUND('',#2549,.T.);
#2551=ADVANCED_FACE('',(#2550),#2538,.F.);
#2552=CARTESIAN_POINT('',(-0.107362204724409,-0.019291338582677,0.020177165354331));
#2553=AXIS2_PLACEMENT_3D('',#2552,#217,#135);
#2554=PLANE('',#2553);
#2555=CARTESIAN_POINT('',(0.052755905511811,-0.019291338582677,0.0));
#2556=VERTEX_POINT('',#2555);
#2557=CARTESIAN_POINT('',(0.052755905511811,-0.019291338582677,-0.01496062992126));
#2558=VERTEX_POINT('',#2557);
#2559=LINE('',#2555,#770);
#2560=EDGE_CURVE('',#2556,#2558,#2559,.T.);
#2561=ORIENTED_EDGE('',*,*,#2560,.F.);
#2562=CARTESIAN_POINT('',(-0.052755905511814,-0.019291338582677,0.0));
#2563=VERTEX_POINT('',#2562);
#2564=LINE('',#2562,#1097);
#2565=EDGE_CURVE('',#2563,#2556,#2564,.T.);
#2566=ORIENTED_EDGE('',*,*,#2565,.F.);
#2567=CARTESIAN_POINT('',(-0.052755905511814,-0.019291338582677,-0.01496062992126));
#2568=VERTEX_POINT('',#2567);
#2569=LINE('',#2567,#2472);
#2570=EDGE_CURVE('',#2568,#2563,#2569,.T.);
#2571=ORIENTED_EDGE('',*,*,#2570,.F.);
#2572=VECTOR('',#72,0.044881889763776);
#2573=LINE('',#2523,#2572);
#2574=EDGE_CURVE('',#2524,#2568,#2573,.T.);
#2575=ORIENTED_EDGE('',*,*,#2574,.F.);
#2576=ORIENTED_EDGE('',*,*,#2526,.T.);
#2577=ORIENTED_EDGE('',*,*,#2370,.F.);
#2578=ORIENTED_EDGE('',*,*,#2358,.F.);
#2579=ORIENTED_EDGE('',*,*,#2460,.F.);
#2580=ORIENTED_EDGE('',*,*,#2422,.T.);
#2581=ORIENTED_EDGE('',*,*,#2440,.F.);
#2582=ORIENTED_EDGE('',*,*,#2404,.F.);
#2583=VECTOR('',#136,0.065354330708662);
#2584=LINE('',#2297,#2583);
#2585=EDGE_CURVE('',#2298,#2399,#2584,.T.);
#2586=ORIENTED_EDGE('',*,*,#2585,.F.);
#2587=ORIENTED_EDGE('',*,*,#2301,.T.);
#2588=ORIENTED_EDGE('',*,*,#2332,.F.);
#2589=ORIENTED_EDGE('',*,*,#2546,.F.);
#2590=VECTOR('',#72,0.044094488188977);
#2591=LINE('',#2557,#2590);
#2592=EDGE_CURVE('',#2558,#2541,#2591,.T.);
#2593=ORIENTED_EDGE('',*,*,#2592,.F.);
#2594=EDGE_LOOP('',(#2561,#2566,#2571,#2575,#2576,#2577,#2578,#2579,#2580,#2581,#2582,#2586,#2587,#2588,#2589,#2593));
#2595=FACE_OUTER_BOUND('',#2594,.T.);
#2596=ADVANCED_FACE('',(#2595),#2554,.F.);
#2597=CARTESIAN_POINT('',(0.006968503937008,-0.021259842519685,0.002755905511811));
#2598=AXIS2_PLACEMENT_3D('',#2597,#71,#72);
#2599=PLANE('',#2598);
#2600=ORIENTED_EDGE('',*,*,#2307,.T.);
#2601=ORIENTED_EDGE('',*,*,#2585,.T.);
#2602=ORIENTED_EDGE('',*,*,#2401,.T.);
#2603=ORIENTED_EDGE('',*,*,#2490,.T.);
#2604=EDGE_LOOP('',(#2600,#2601,#2602,#2603));
#2605=FACE_OUTER_BOUND('',#2604,.T.);
#2606=ADVANCED_FACE('',(#2605),#2599,.F.);
#2607=CARTESIAN_POINT('',(0.052755905511811,-0.123051181102362,-0.015708661417323));
#2608=AXIS2_PLACEMENT_3D('',#2607,#136,#71);
#2609=PLANE('',#2608);
#2610=ORIENTED_EDGE('',*,*,#2560,.T.);
#2611=VECTOR('',#217,0.098818897637795);
#2612=LINE('',#2557,#2611);
#2613=EDGE_CURVE('',#2558,#1102,#2612,.T.);
#2614=ORIENTED_EDGE('',*,*,#2613,.T.);
#2615=ORIENTED_EDGE('',*,*,#1104,.F.);
#2616=LINE('',#2555,#2611);
#2617=EDGE_CURVE('',#2556,#1096,#2616,.T.);
#2618=ORIENTED_EDGE('',*,*,#2617,.F.);
#2619=EDGE_LOOP('',(#2610,#2614,#2615,#2618));
#2620=FACE_OUTER_BOUND('',#2619,.T.);
#2621=ADVANCED_FACE('',(#2620),#2609,.T.);
#2622=CARTESIAN_POINT('',(-0.121377952755908,-0.129921259842519,-0.01496062992126));
#2623=AXIS2_PLACEMENT_3D('',#2622,#71,#72);
#2624=PLANE('',#2623);
#2625=ORIENTED_EDGE('',*,*,#2507,.T.);
#2626=ORIENTED_EDGE('',*,*,#2529,.T.);
#2627=ORIENTED_EDGE('',*,*,#2574,.T.);
#2628=VECTOR('',#197,0.098818897637795);
#2629=LINE('',#1084,#2628);
#2630=EDGE_CURVE('',#1085,#2568,#2629,.T.);
#2631=ORIENTED_EDGE('',*,*,#2630,.F.);
#2632=ORIENTED_EDGE('',*,*,#1088,.F.);
#2633=CARTESIAN_POINT('',(-0.098425196850397,-0.05748031496063,-0.01496062992126));
#2634=VERTEX_POINT('',#2633);
#2635=LINE('',#2633,#1162);
#2636=EDGE_CURVE('',#2634,#1079,#2635,.T.);
#2637=ORIENTED_EDGE('',*,*,#2636,.F.);
#2638=VECTOR('',#72,0.019685039370078);
#2639=LINE('',#819,#2638);
#2640=EDGE_CURVE('',#820,#2634,#2639,.T.);
#2641=ORIENTED_EDGE('',*,*,#2640,.F.);
#2642=ORIENTED_EDGE('',*,*,#823,.F.);
#2643=CARTESIAN_POINT('',(-0.098425196850397,0.056692913385827,-0.01496062992126));
#2644=VERTEX_POINT('',#2643);
#2645=VECTOR('',#136,0.019685039370078);
#2646=LINE('',#2643,#2645);
#2647=EDGE_CURVE('',#2644,#814,#2646,.T.);
#2648=ORIENTED_EDGE('',*,*,#2647,.F.);
#2649=LINE('',#796,#740);
#2650=EDGE_CURVE('',#797,#2644,#2649,.T.);
#2651=ORIENTED_EDGE('',*,*,#2650,.F.);
#2652=ORIENTED_EDGE('',*,*,#800,.F.);
#2653=VECTOR('',#197,0.098031496062992);
#2654=LINE('',#2503,#2653);
#2655=EDGE_CURVE('',#2504,#792,#2654,.T.);
#2656=ORIENTED_EDGE('',*,*,#2655,.F.);
#2657=EDGE_LOOP('',(#2625,#2626,#2627,#2631,#2632,#2637,#2641,#2642,#2648,#2651,#2652,#2656));
#2658=FACE_OUTER_BOUND('',#2657,.T.);
#2659=ADVANCED_FACE('',(#2658),#2624,.F.);
#2660=CARTESIAN_POINT('',(-0.058031496062995,-0.123051181102362,0.0));
#2661=AXIS2_PLACEMENT_3D('',#2660,#71,#72);
#2662=PLANE('',#2661);
#2663=ORIENTED_EDGE('',*,*,#2565,.T.);
#2664=ORIENTED_EDGE('',*,*,#2617,.T.);
#2665=ORIENTED_EDGE('',*,*,#1099,.F.);
#2666=LINE('',#1090,#2628);
#2667=EDGE_CURVE('',#1091,#2563,#2666,.T.);
#2668=ORIENTED_EDGE('',*,*,#2667,.T.);
#2669=EDGE_LOOP('',(#2663,#2664,#2665,#2668));
#2670=FACE_OUTER_BOUND('',#2669,.T.);
#2671=ADVANCED_FACE('',(#2670),#2662,.F.);
#2672=CARTESIAN_POINT('',(-0.058031496062995,0.015177165354331,0.0));
#2673=AXIS2_PLACEMENT_3D('',#2672,#71,#72);
#2674=PLANE('',#2673);
#2675=ORIENTED_EDGE('',*,*,#2515,.T.);
#2676=LINE('',#2509,#2653);
#2677=EDGE_CURVE('',#2510,#786,#2676,.T.);
#2678=ORIENTED_EDGE('',*,*,#2677,.T.);
#2679=ORIENTED_EDGE('',*,*,#789,.F.);
#2680=VECTOR('',#217,0.098031496062992);
#2681=LINE('',#780,#2680);
#2682=EDGE_CURVE('',#781,#2471,#2681,.T.);
#2683=ORIENTED_EDGE('',*,*,#2682,.T.);
#2684=EDGE_LOOP('',(#2675,#2678,#2679,#2683));
#2685=FACE_OUTER_BOUND('',#2684,.T.);
#2686=ADVANCED_FACE('',(#2685),#2674,.F.);
#2687=CARTESIAN_POINT('',(-0.052755905511814,-0.123051181102362,0.000748031496063));
#2688=AXIS2_PLACEMENT_3D('',#2687,#72,#135);
#2689=PLANE('',#2688);
#2690=ORIENTED_EDGE('',*,*,#2570,.T.);
#2691=ORIENTED_EDGE('',*,*,#2667,.F.);
#2692=ORIENTED_EDGE('',*,*,#1093,.T.);
#2693=ORIENTED_EDGE('',*,*,#2630,.T.);
#2694=EDGE_LOOP('',(#2690,#2691,#2692,#2693));
#2695=FACE_OUTER_BOUND('',#2694,.T.);
#2696=ADVANCED_FACE('',(#2695),#2689,.T.);
#2697=CARTESIAN_POINT('',(-0.052755905511814,0.015177165354331,0.000748031496063));
#2698=AXIS2_PLACEMENT_3D('',#2697,#72,#135);
#2699=PLANE('',#2698);
#2700=ORIENTED_EDGE('',*,*,#2512,.T.);
#2701=ORIENTED_EDGE('',*,*,#2655,.T.);
#2702=ORIENTED_EDGE('',*,*,#794,.F.);
#2703=ORIENTED_EDGE('',*,*,#2677,.F.);
#2704=EDGE_LOOP('',(#2700,#2701,#2702,#2703));
#2705=FACE_OUTER_BOUND('',#2704,.T.);
#2706=ADVANCED_FACE('',(#2705),#2699,.T.);
#2707=CARTESIAN_POINT('',(0.098425196850394,0.053622047244095,0.000748031496063));
#2708=AXIS2_PLACEMENT_3D('',#2707,#72,#135);
#2709=PLANE('',#2708);
#2710=CARTESIAN_POINT('',(0.098425196850394,0.056692913385827,0.0));
#2711=VERTEX_POINT('',#2710);
#2712=CARTESIAN_POINT('',(0.098425196850394,0.056692913385827,-0.01496062992126));
#2713=VERTEX_POINT('',#2712);
#2714=LINE('',#2710,#770);
#2715=EDGE_CURVE('',#2711,#2713,#2714,.T.);
#2716=ORIENTED_EDGE('',*,*,#2715,.T.);
#2717=VECTOR('',#197,0.061417322834646);
#2718=LINE('',#2712,#2717);
#2719=EDGE_CURVE('',#2713,#769,#2718,.T.);
#2720=ORIENTED_EDGE('',*,*,#2719,.T.);
#2721=ORIENTED_EDGE('',*,*,#772,.F.);
#2722=LINE('',#2710,#2717);
#2723=EDGE_CURVE('',#2711,#763,#2722,.T.);
#2724=ORIENTED_EDGE('',*,*,#2723,.F.);
#2725=EDGE_LOOP('',(#2716,#2720,#2721,#2724));
#2726=FACE_OUTER_BOUND('',#2725,.T.);
#2727=ADVANCED_FACE('',(#2726),#2709,.T.);
#2728=CARTESIAN_POINT('',(0.098425196850394,-0.121141732283464,0.000748031496063));
#2729=AXIS2_PLACEMENT_3D('',#2728,#72,#135);
#2730=PLANE('',#2729);
#2731=CARTESIAN_POINT('',(0.098425196850394,-0.05748031496063,-0.01496062992126));
#2732=VERTEX_POINT('',#2731);
#2733=LINE('',#1053,#770);
#2734=EDGE_CURVE('',#1054,#2732,#2733,.T.);
#2735=ORIENTED_EDGE('',*,*,#2734,.F.);
#2736=ORIENTED_EDGE('',*,*,#1057,.F.);
#2737=ORIENTED_EDGE('',*,*,#1112,.T.);
#2738=LINE('',#1106,#1055);
#2739=EDGE_CURVE('',#1107,#2732,#2738,.T.);
#2740=ORIENTED_EDGE('',*,*,#2739,.T.);
#2741=EDGE_LOOP('',(#2735,#2736,#2737,#2740));
#2742=FACE_OUTER_BOUND('',#2741,.T.);
#2743=ADVANCED_FACE('',(#2742),#2730,.T.);
#2744=CARTESIAN_POINT('',(0.052755905511811,0.015177165354331,-0.015708661417323));
#2745=AXIS2_PLACEMENT_3D('',#2744,#136,#71);
#2746=PLANE('',#2745);
#2747=ORIENTED_EDGE('',*,*,#2474,.T.);
#2748=ORIENTED_EDGE('',*,*,#2682,.F.);
#2749=ORIENTED_EDGE('',*,*,#783,.T.);
#2750=LINE('',#774,#2680);
#2751=EDGE_CURVE('',#775,#2469,#2750,.T.);
#2752=ORIENTED_EDGE('',*,*,#2751,.T.);
#2753=EDGE_LOOP('',(#2747,#2748,#2749,#2752));
#2754=FACE_OUTER_BOUND('',#2753,.T.);
#2755=ADVANCED_FACE('',(#2754),#2746,.T.);
#2756=CARTESIAN_POINT('',(0.09744094488189,-0.05748031496063,0.000748031496063));
#2757=AXIS2_PLACEMENT_3D('',#2756,#217,#135);
#2758=PLANE('',#2757);
#2759=LINE('',#2731,#1059);
#2760=EDGE_CURVE('',#2732,#989,#2759,.T.);
#2761=ORIENTED_EDGE('',*,*,#2760,.T.);
#2762=ORIENTED_EDGE('',*,*,#991,.F.);
#2763=ORIENTED_EDGE('',*,*,#1061,.F.);
#2764=ORIENTED_EDGE('',*,*,#2734,.T.);
#2765=EDGE_LOOP('',(#2761,#2762,#2763,#2764));
#2766=FACE_OUTER_BOUND('',#2765,.T.);
#2767=ADVANCED_FACE('',(#2766),#2758,.T.);
#2768=CARTESIAN_POINT('',(0.09744094488189,0.056692913385827,-0.015708661417323));
#2769=AXIS2_PLACEMENT_3D('',#2768,#197,#71);
#2770=PLANE('',#2769);
#2771=VECTOR('',#136,0.019685039370079);
#2772=LINE('',#993,#2771);
#2773=EDGE_CURVE('',#994,#2713,#2772,.T.);
#2774=ORIENTED_EDGE('',*,*,#2773,.T.);
#2775=ORIENTED_EDGE('',*,*,#2715,.F.);
#2776=LINE('',#999,#2771);
#2777=EDGE_CURVE('',#1000,#2711,#2776,.T.);
#2778=ORIENTED_EDGE('',*,*,#2777,.F.);
#2779=ORIENTED_EDGE('',*,*,#1002,.T.);
#2780=EDGE_LOOP('',(#2774,#2775,#2778,#2779));
#2781=FACE_OUTER_BOUND('',#2780,.T.);
#2782=ADVANCED_FACE('',(#2781),#2770,.T.);
#2783=CARTESIAN_POINT('',(0.049488188976378,-0.129921259842519,-0.01496062992126));
#2784=AXIS2_PLACEMENT_3D('',#2783,#71,#72);
#2785=PLANE('',#2784);
#2786=ORIENTED_EDGE('',*,*,#2480,.T.);
#2787=ORIENTED_EDGE('',*,*,#2751,.F.);
#2788=ORIENTED_EDGE('',*,*,#778,.F.);
#2789=ORIENTED_EDGE('',*,*,#2719,.F.);
#2790=ORIENTED_EDGE('',*,*,#2773,.F.);
#2791=ORIENTED_EDGE('',*,*,#997,.F.);
#2792=ORIENTED_EDGE('',*,*,#2760,.F.);
#2793=ORIENTED_EDGE('',*,*,#2739,.F.);
#2794=ORIENTED_EDGE('',*,*,#1109,.F.);
#2795=ORIENTED_EDGE('',*,*,#2613,.F.);
#2796=ORIENTED_EDGE('',*,*,#2592,.T.);
#2797=ORIENTED_EDGE('',*,*,#2543,.T.);
#2798=EDGE_LOOP('',(#2786,#2787,#2788,#2789,#2790,#2791,#2792,#2793,#2794,#2795,#2796,#2797));
#2799=FACE_OUTER_BOUND('',#2798,.T.);
#2800=ADVANCED_FACE('',(#2799),#2785,.F.);
#2801=CARTESIAN_POINT('',(-0.098425196850397,-0.121141732283464,-0.015708661417323));
#2802=AXIS2_PLACEMENT_3D('',#2801,#136,#71);
#2803=PLANE('',#2802);
#2804=LINE('',#1156,#770);
#2805=EDGE_CURVE('',#1157,#2634,#2804,.T.);
#2806=ORIENTED_EDGE('',*,*,#2805,.T.);
#2807=ORIENTED_EDGE('',*,*,#2636,.T.);
#2808=ORIENTED_EDGE('',*,*,#1082,.F.);
#2809=ORIENTED_EDGE('',*,*,#1164,.F.);
#2810=EDGE_LOOP('',(#2806,#2807,#2808,#2809));
#2811=FACE_OUTER_BOUND('',#2810,.T.);
#2812=ADVANCED_FACE('',(#2811),#2803,.T.);
#2813=CARTESIAN_POINT('',(-0.098425196850397,0.053622047244095,-0.015708661417323));
#2814=AXIS2_PLACEMENT_3D('',#2813,#136,#71);
#2815=PLANE('',#2814);
#2816=LINE('',#738,#770);
#2817=EDGE_CURVE('',#739,#2644,#2816,.T.);
#2818=ORIENTED_EDGE('',*,*,#2817,.F.);
#2819=ORIENTED_EDGE('',*,*,#742,.F.);
#2820=ORIENTED_EDGE('',*,*,#803,.T.);
#2821=ORIENTED_EDGE('',*,*,#2650,.T.);
#2822=EDGE_LOOP('',(#2818,#2819,#2820,#2821));
#2823=FACE_OUTER_BOUND('',#2822,.T.);
#2824=ADVANCED_FACE('',(#2823),#2815,.T.);
#2825=CARTESIAN_POINT('',(-0.119094488188979,0.056692913385827,-0.015708661417323));
#2826=AXIS2_PLACEMENT_3D('',#2825,#197,#71);
#2827=PLANE('',#2826);
#2828=ORIENTED_EDGE('',*,*,#2647,.T.);
#2829=ORIENTED_EDGE('',*,*,#817,.F.);
#2830=ORIENTED_EDGE('',*,*,#748,.F.);
#2831=ORIENTED_EDGE('',*,*,#2817,.T.);
#2832=EDGE_LOOP('',(#2828,#2829,#2830,#2831));
#2833=FACE_OUTER_BOUND('',#2832,.T.);
#2834=ADVANCED_FACE('',(#2833),#2827,.T.);
#2835=CARTESIAN_POINT('',(-0.119094488188979,-0.05748031496063,0.000748031496063));
#2836=AXIS2_PLACEMENT_3D('',#2835,#217,#135);
#2837=PLANE('',#2836);
#2838=ORIENTED_EDGE('',*,*,#2640,.T.);
#2839=ORIENTED_EDGE('',*,*,#2805,.F.);
#2840=ORIENTED_EDGE('',*,*,#1160,.F.);
#2841=ORIENTED_EDGE('',*,*,#829,.T.);
#2842=EDGE_LOOP('',(#2838,#2839,#2840,#2841));
#2843=FACE_OUTER_BOUND('',#2842,.T.);
#2844=ADVANCED_FACE('',(#2843),#2837,.T.);
#2845=CARTESIAN_POINT('',(2.240115E-016,8.940594E-017,0.0));
#2846=AXIS2_PLACEMENT_3D('',#2845,#71,#72);
#2847=PLANE('',#2846);
#2848=ORIENTED_EDGE('',*,*,#924,.F.);
#2849=ORIENTED_EDGE('',*,*,#1006,.F.);
#2850=ORIENTED_EDGE('',*,*,#2777,.T.);
#2851=ORIENTED_EDGE('',*,*,#2723,.T.);
#2852=EDGE_LOOP('',(#2848,#2849,#2850,#2851));
#2853=FACE_OUTER_BOUND('',#2852,.T.);
#2854=ADVANCED_FACE('',(#2853),#2847,.F.);
#2855=CLOSED_SHELL('',(#157,#195,#225,#252,#269,#290,#307,#317,#359,#371,#381,#402,#418,#434,#446,#468,#478,#491,#599,#609,#619,#627,#637,#645,#655,#663,#673,#681,#733,#756,#807,#888,#934,#1010,#1048,#1066,#1116,#1150,#1168,#1200,#1227,#1253,#1274,#1294,#1315,#1340,#1364,#1387,#1404,#1420,#1438,#1456,#1487,#1512,#1537,#1557,#1577,#1597,#1621,#1643,#1665,#1681,#1698,#1716,#1734,#1765,#1788,#1814,#1834,#1854,#1874,#1899,#1923,#1946,#1963,#1979,#1997,#2015,#2045,#2067,#2091,#2111,#2131,#2151,#2175,#2197,#2218,#2234,#2249,#2267,#2285,#2314,#2336,#2362,#2382,#2408,#2434,#2448,#2464,#2519,#2535,#2551,#2596,#2606,#2621,#2659,#2671,#2686,#2696,#2706,#2727,#2743,#2755,#2767,#2782,#2800,#2812,#2824,#2834,#2844,#2854));
#2856=CARTESIAN_POINT('',(-0.106299212598425,-0.118110236220472,0.0));
#2857=AXIS2_PLACEMENT_3D('',#2856,#136,#71);
#2858=PLANE('',#2857);
#2859=CARTESIAN_POINT('',(-0.106299212598425,0.040944881889763,0.049409448818898));
#2860=VERTEX_POINT('',#2859);
#2861=CARTESIAN_POINT('',(-0.106299212598425,0.040944881889763,0.048425196850394));
#2862=VERTEX_POINT('',#2861);
#2863=VECTOR('',#135,0.000984251968504);
#2864=LINE('',#2859,#2863);
#2865=EDGE_CURVE('',#2860,#2862,#2864,.T.);
#2866=ORIENTED_EDGE('',*,*,#2865,.T.);
#2867=CARTESIAN_POINT('',(-0.106299212598425,0.054639861275514,0.048425196850394));
#2868=VERTEX_POINT('',#2867);
#2869=VECTOR('',#217,0.013694979385751);
#2870=LINE('',#2867,#2869);
#2871=EDGE_CURVE('',#2868,#2862,#2870,.T.);
#2872=ORIENTED_EDGE('',*,*,#2871,.F.);
#2873=CARTESIAN_POINT('',(-0.106299212598425,0.054639861275514,0.11496062992126));
#2874=VERTEX_POINT('',#2873);
#2875=VECTOR('',#71,0.066535433070866);
#2876=LINE('',#2867,#2875);
#2877=EDGE_CURVE('',#2868,#2874,#2876,.T.);
#2878=ORIENTED_EDGE('',*,*,#2877,.T.);
#2879=CARTESIAN_POINT('',(-0.106299212598425,-0.055427262850317,0.11496062992126));
#2880=VERTEX_POINT('',#2879);
#2881=VECTOR('',#197,0.110067124125831);
#2882=LINE('',#2879,#2881);
#2883=EDGE_CURVE('',#2880,#2874,#2882,.T.);
#2884=ORIENTED_EDGE('',*,*,#2883,.F.);
#2885=CARTESIAN_POINT('',(-0.106299212598425,-0.055427262850317,0.048425196850394));
#2886=VERTEX_POINT('',#2885);
#2887=VECTOR('',#135,0.066535433070866);
#2888=LINE('',#2879,#2887);
#2889=EDGE_CURVE('',#2880,#2886,#2888,.T.);
#2890=ORIENTED_EDGE('',*,*,#2889,.T.);
#2891=CARTESIAN_POINT('',(-0.106299212598425,-0.040944881889764,0.048425196850394));
#2892=VERTEX_POINT('',#2891);
#2893=VECTOR('',#217,0.014482380960553);
#2894=LINE('',#2891,#2893);
#2895=EDGE_CURVE('',#2892,#2886,#2894,.T.);
#2896=ORIENTED_EDGE('',*,*,#2895,.F.);
#2897=CARTESIAN_POINT('',(-0.106299212598425,-0.040944881889764,0.049409448818898));
#2898=VERTEX_POINT('',#2897);
#2899=VECTOR('',#71,0.000984251968504);
#2900=LINE('',#2891,#2899);
#2901=EDGE_CURVE('',#2892,#2898,#2900,.T.);
#2902=ORIENTED_EDGE('',*,*,#2901,.T.);
#2903=CARTESIAN_POINT('',(-0.106299212598425,-0.03996062992126,0.050393700787402));
#2904=VERTEX_POINT('',#2903);
#2905=CARTESIAN_POINT('',(-0.106299212598425,-0.03996062992126,0.049409448818898));
#2906=DIRECTION('',(0.0,-0.707106781186548,0.707106781186548));
#2907=AXIS2_PLACEMENT_3D('',#2905,#72,#2906);
#2908=CIRCLE('',#2907,0.000984251968504);
#2909=EDGE_CURVE('',#2904,#2898,#2908,.T.);
#2910=ORIENTED_EDGE('',*,*,#2909,.F.);
#2911=CARTESIAN_POINT('',(-0.106299212598425,0.039960629921259,0.050393700787402));
#2912=VERTEX_POINT('',#2911);
#2913=VECTOR('',#197,0.079921259842519);
#2914=LINE('',#2903,#2913);
#2915=EDGE_CURVE('',#2904,#2912,#2914,.T.);
#2916=ORIENTED_EDGE('',*,*,#2915,.T.);
#2917=CARTESIAN_POINT('',(-0.106299212598426,0.039960629921259,0.049409448818898));
#2918=DIRECTION('',(0.0,0.707106781186548,0.707106781186548));
#2919=AXIS2_PLACEMENT_3D('',#2917,#72,#2918);
#2920=CIRCLE('',#2919,0.000984251968504);
#2921=EDGE_CURVE('',#2860,#2912,#2920,.T.);
#2922=ORIENTED_EDGE('',*,*,#2921,.F.);
#2923=EDGE_LOOP('',(#2866,#2872,#2878,#2884,#2890,#2896,#2902,#2910,#2916,#2922));
#2924=FACE_OUTER_BOUND('',#2923,.T.);
#2925=ADVANCED_FACE('',(#2924),#2858,.F.);
#2926=CARTESIAN_POINT('',(-0.118110236220472,0.106299212598425,0.0));
#2927=AXIS2_PLACEMENT_3D('',#2926,#197,#71);
#2928=PLANE('',#2927);
#2929=CARTESIAN_POINT('',(-0.050087381949725,0.106299212598425,0.11496062992126));
#2930=VERTEX_POINT('',#2929);
#2931=CARTESIAN_POINT('',(-0.050087381949725,0.106299212598425,0.048425196850394));
#2932=VERTEX_POINT('',#2931);
#2933=LINE('',#2929,#2887);
#2934=EDGE_CURVE('',#2930,#2932,#2933,.T.);
#2935=ORIENTED_EDGE('',*,*,#2934,.T.);
#2936=CARTESIAN_POINT('',(0.050873170648342,0.106299212598425,0.048425196850394));
#2937=VERTEX_POINT('',#2936);
#2938=VECTOR('',#136,0.100960552598067);
#2939=LINE('',#2936,#2938);
#2940=EDGE_CURVE('',#2937,#2932,#2939,.T.);
#2941=ORIENTED_EDGE('',*,*,#2940,.F.);
#2942=CARTESIAN_POINT('',(0.050873170648342,0.106299212598425,0.11496062992126));
#2943=VERTEX_POINT('',#2942);
#2944=LINE('',#2936,#2875);
#2945=EDGE_CURVE('',#2937,#2943,#2944,.T.);
#2946=ORIENTED_EDGE('',*,*,#2945,.T.);
#2947=VECTOR('',#72,0.100960552598067);
#2948=LINE('',#2929,#2947);
#2949=EDGE_CURVE('',#2930,#2943,#2948,.T.);
#2950=ORIENTED_EDGE('',*,*,#2949,.F.);
#2951=EDGE_LOOP('',(#2935,#2941,#2946,#2950));
#2952=FACE_OUTER_BOUND('',#2951,.T.);
#2953=ADVANCED_FACE('',(#2952),#2928,.F.);
#2954=CARTESIAN_POINT('',(-0.055117329128216,-0.106299212598425,0.118287401574803));
#2955=AXIS2_PLACEMENT_3D('',#2954,#217,#135);
#2956=PLANE('',#2955);
#2957=CARTESIAN_POINT('',(0.050873170648342,-0.106299212598425,0.11496062992126));
#2958=VERTEX_POINT('',#2957);
#2959=CARTESIAN_POINT('',(0.050873170648342,-0.106299212598425,0.048425196850394));
#2960=VERTEX_POINT('',#2959);
#2961=LINE('',#2957,#2887);
#2962=EDGE_CURVE('',#2958,#2960,#2961,.T.);
#2963=ORIENTED_EDGE('',*,*,#2962,.T.);
#2964=CARTESIAN_POINT('',(-0.050070162472189,-0.106299212598425,0.048425196850394));
#2965=VERTEX_POINT('',#2964);
#2966=VECTOR('',#72,0.100943333120531);
#2967=LINE('',#2964,#2966);
#2968=EDGE_CURVE('',#2965,#2960,#2967,.T.);
#2969=ORIENTED_EDGE('',*,*,#2968,.F.);
#2970=CARTESIAN_POINT('',(-0.050070162472189,-0.106299212598425,0.11496062992126));
#2971=VERTEX_POINT('',#2970);
#2972=LINE('',#2964,#2875);
#2973=EDGE_CURVE('',#2965,#2971,#2972,.T.);
#2974=ORIENTED_EDGE('',*,*,#2973,.T.);
#2975=VECTOR('',#136,0.100943333120531);
#2976=LINE('',#2957,#2975);
#2977=EDGE_CURVE('',#2958,#2971,#2976,.T.);
#2978=ORIENTED_EDGE('',*,*,#2977,.F.);
#2979=EDGE_LOOP('',(#2963,#2969,#2974,#2978));
#2980=FACE_OUTER_BOUND('',#2979,.T.);
#2981=ADVANCED_FACE('',(#2980),#2956,.F.);
#2982=CARTESIAN_POINT('',(-0.10743558415671,-0.055427262850317,0.045098425196851));
#2983=AXIS2_PLACEMENT_3D('',#2982,#197,#71);
#2984=PLANE('',#2983);
#2985=CARTESIAN_POINT('',(-0.08357178143272,-0.055427262850317,0.048425196850394));
#2986=VERTEX_POINT('',#2985);
#2987=VECTOR('',#72,0.022727431165705);
#2988=LINE('',#2885,#2987);
#2989=EDGE_CURVE('',#2886,#2986,#2988,.T.);
#2990=ORIENTED_EDGE('',*,*,#2989,.F.);
#2991=ORIENTED_EDGE('',*,*,#2889,.F.);
#2992=CARTESIAN_POINT('',(-0.08357178143272,-0.055427262850317,0.11496062992126));
#2993=VERTEX_POINT('',#2992);
#2994=VECTOR('',#136,0.022727431165705);
#2995=LINE('',#2992,#2994);
#2996=EDGE_CURVE('',#2993,#2880,#2995,.T.);
#2997=ORIENTED_EDGE('',*,*,#2996,.F.);
#2998=LINE('',#2992,#2887);
#2999=EDGE_CURVE('',#2993,#2986,#2998,.T.);
#3000=ORIENTED_EDGE('',*,*,#2999,.T.);
#3001=EDGE_LOOP('',(#2990,#2991,#2997,#3000));
#3002=FACE_OUTER_BOUND('',#3001,.T.);
#3003=ADVANCED_FACE('',(#3002),#2984,.T.);
#3004=CARTESIAN_POINT('',(0.000393700787402,-0.000393700787401,0.118287401574803));
#3005=DIRECTION('',(0.836362058192584,0.548177441724725,0.0));
#3006=AXIS2_PLACEMENT_3D('',#3004,#135,#3005);
#3007=CYLINDRICAL_SURFACE('',#3006,0.100393700787402);
#3008=CARTESIAN_POINT('',(-0.05007171091031,-0.087181588075725,0.048425196850394));
#3009=VERTEX_POINT('',#3008);
#3010=CARTESIAN_POINT('',(0.000393700787402,-0.000393700787401,0.048425196850394));
#3011=AXIS2_PLACEMENT_3D('',#3010,#71,#3005);
#3012=CIRCLE('',#3011,0.100393700787402);
#3013=EDGE_CURVE('',#2986,#3009,#3012,.T.);
#3014=ORIENTED_EDGE('',*,*,#3013,.F.);
#3015=ORIENTED_EDGE('',*,*,#2999,.F.);
#3016=CARTESIAN_POINT('',(-0.05007171091031,-0.087181588075725,0.11496062992126));
#3017=VERTEX_POINT('',#3016);
#3018=CARTESIAN_POINT('',(0.000393700787402,-0.000393700787401,0.11496062992126));
#3019=AXIS2_PLACEMENT_3D('',#3018,#135,#3005);
#3020=CIRCLE('',#3019,0.100393700787402);
#3021=EDGE_CURVE('',#3017,#2993,#3020,.T.);
#3022=ORIENTED_EDGE('',*,*,#3021,.F.);
#3023=LINE('',#3016,#2887);
#3024=EDGE_CURVE('',#3017,#3009,#3023,.T.);
#3025=ORIENTED_EDGE('',*,*,#3024,.T.);
#3026=EDGE_LOOP('',(#3014,#3015,#3022,#3025));
#3027=FACE_OUTER_BOUND('',#3026,.T.);
#3028=ADVANCED_FACE('',(#3027),#3007,.F.);
#3029=CARTESIAN_POINT('',(-0.050070085050283,-0.10725509382456,0.118287401574803));
#3030=DIRECTION('',(0.999999996719879,0.000080995319995,0.0));
#3031=AXIS2_PLACEMENT_3D('',#3029,#3030,#135);
#3032=PLANE('',#3031);
#3033=DIRECTION('',(0.000080995319995,-0.999999996719879,0.0));
#3034=VECTOR('',#3033,0.019117624585408);
#3035=LINE('',#3008,#3034);
#3036=EDGE_CURVE('',#3009,#2965,#3035,.T.);
#3037=ORIENTED_EDGE('',*,*,#3036,.F.);
#3038=ORIENTED_EDGE('',*,*,#3024,.F.);
#3039=DIRECTION('',(-0.000080995319995,0.999999996719879,0.0));
#3040=VECTOR('',#3039,0.019117624585408);
#3041=LINE('',#2970,#3040);
#3042=EDGE_CURVE('',#2971,#3017,#3041,.T.);
#3043=ORIENTED_EDGE('',*,*,#3042,.F.);
#3044=ORIENTED_EDGE('',*,*,#2973,.F.);
#3045=EDGE_LOOP('',(#3037,#3038,#3043,#3044));
#3046=FACE_OUTER_BOUND('',#3045,.T.);
#3047=ADVANCED_FACE('',(#3046),#3032,.T.);
#3048=CARTESIAN_POINT('',(0.083262181527978,0.054639861275514,0.118287401574803));
#3049=AXIS2_PLACEMENT_3D('',#3048,#217,#135);
#3050=PLANE('',#3049);
#3051=CARTESIAN_POINT('',(0.106299212598425,0.054639861275514,0.048425196850394));
#3052=VERTEX_POINT('',#3051);
#3053=CARTESIAN_POINT('',(0.084359183007523,0.054639861275514,0.048425196850394));
#3054=VERTEX_POINT('',#3053);
#3055=VECTOR('',#136,0.021940029590902);
#3056=LINE('',#3051,#3055);
#3057=EDGE_CURVE('',#3052,#3054,#3056,.T.);
#3058=ORIENTED_EDGE('',*,*,#3057,.F.);
#3059=CARTESIAN_POINT('',(0.106299212598425,0.054639861275514,0.11496062992126));
#3060=VERTEX_POINT('',#3059);
#3061=LINE('',#3059,#2887);
#3062=EDGE_CURVE('',#3060,#3052,#3061,.T.);
#3063=ORIENTED_EDGE('',*,*,#3062,.F.);
#3064=CARTESIAN_POINT('',(0.084359183007523,0.054639861275514,0.11496062992126));
#3065=VERTEX_POINT('',#3064);
#3066=VECTOR('',#72,0.021940029590902);
#3067=LINE('',#3064,#3066);
#3068=EDGE_CURVE('',#3065,#3060,#3067,.T.);
#3069=ORIENTED_EDGE('',*,*,#3068,.F.);
#3070=LINE('',#3064,#2887);
#3071=EDGE_CURVE('',#3065,#3054,#3070,.T.);
#3072=ORIENTED_EDGE('',*,*,#3071,.T.);
#3073=EDGE_LOOP('',(#3058,#3063,#3069,#3072));
#3074=FACE_OUTER_BOUND('',#3073,.T.);
#3075=ADVANCED_FACE('',(#3074),#3050,.T.);
#3076=DIRECTION('',(-0.836362058192583,-0.548177441724727,0.0));
#3077=AXIS2_PLACEMENT_3D('',#3004,#135,#3076);
#3078=CYLINDRICAL_SURFACE('',#3077,0.100393700787402);
#3079=CARTESIAN_POINT('',(0.050873170648342,0.086386010437912,0.048425196850394));
#3080=VERTEX_POINT('',#3079);
#3081=AXIS2_PLACEMENT_3D('',#3010,#71,#3076);
#3082=CIRCLE('',#3081,0.100393700787402);
#3083=EDGE_CURVE('',#3054,#3080,#3082,.T.);
#3084=ORIENTED_EDGE('',*,*,#3083,.F.);
#3085=ORIENTED_EDGE('',*,*,#3071,.F.);
#3086=CARTESIAN_POINT('',(0.050873170648342,0.086386010437912,0.11496062992126));
#3087=VERTEX_POINT('',#3086);
#3088=AXIS2_PLACEMENT_3D('',#3018,#135,#3076);
#3089=CIRCLE('',#3088,0.100393700787402);
#3090=EDGE_CURVE('',#3087,#3065,#3089,.T.);
#3091=ORIENTED_EDGE('',*,*,#3090,.F.);
#3092=LINE('',#3086,#2887);
#3093=EDGE_CURVE('',#3087,#3080,#3092,.T.);
#3094=ORIENTED_EDGE('',*,*,#3093,.T.);
#3095=EDGE_LOOP('',(#3084,#3085,#3091,#3094));
#3096=FACE_OUTER_BOUND('',#3095,.T.);
#3097=ADVANCED_FACE('',(#3096),#3078,.F.);
#3098=CARTESIAN_POINT('',(0.050873170648342,0.085390350329886,0.045098425196851));
#3099=AXIS2_PLACEMENT_3D('',#3098,#136,#71);
#3100=PLANE('',#3099);
#3101=VECTOR('',#197,0.019913202160513);
#3102=LINE('',#3079,#3101);
#3103=EDGE_CURVE('',#3080,#2937,#3102,.T.);
#3104=ORIENTED_EDGE('',*,*,#3103,.F.);
#3105=ORIENTED_EDGE('',*,*,#3093,.F.);
#3106=VECTOR('',#217,0.019913202160513);
#3107=LINE('',#2942,#3106);
#3108=EDGE_CURVE('',#2943,#3087,#3107,.T.);
#3109=ORIENTED_EDGE('',*,*,#3108,.F.);
#3110=ORIENTED_EDGE('',*,*,#2945,.F.);
#3111=EDGE_LOOP('',(#3104,#3105,#3109,#3110));
#3112=FACE_OUTER_BOUND('',#3111,.T.);
#3113=ADVANCED_FACE('',(#3112),#3100,.T.);
#3114=CARTESIAN_POINT('',(-0.10743558415671,0.054639861275514,0.118287401574803));
#3115=AXIS2_PLACEMENT_3D('',#3114,#217,#135);
#3116=PLANE('',#3115);
#3117=CARTESIAN_POINT('',(-0.08357178143272,0.054639861275514,0.048425196850394));
#3118=VERTEX_POINT('',#3117);
#3119=LINE('',#3117,#2994);
#3120=EDGE_CURVE('',#3118,#2868,#3119,.T.);
#3121=ORIENTED_EDGE('',*,*,#3120,.F.);
#3122=CARTESIAN_POINT('',(-0.08357178143272,0.054639861275514,0.11496062992126));
#3123=VERTEX_POINT('',#3122);
#3124=LINE('',#3122,#2887);
#3125=EDGE_CURVE('',#3123,#3118,#3124,.T.);
#3126=ORIENTED_EDGE('',*,*,#3125,.F.);
#3127=LINE('',#2873,#2987);
#3128=EDGE_CURVE('',#2874,#3123,#3127,.T.);
#3129=ORIENTED_EDGE('',*,*,#3128,.F.);
#3130=ORIENTED_EDGE('',*,*,#2877,.F.);
#3131=EDGE_LOOP('',(#3121,#3126,#3129,#3130));
#3132=FACE_OUTER_BOUND('',#3131,.T.);
#3133=ADVANCED_FACE('',(#3132),#3116,.T.);
#3134=DIRECTION('',(0.502815111556034,-0.864393986322726,0.0));
#3135=AXIS2_PLACEMENT_3D('',#3004,#135,#3134);
#3136=CYLINDRICAL_SURFACE('',#3135,0.100393700787402);
#3137=CARTESIAN_POINT('',(-0.050085769073539,0.086386010437912,0.048425196850394));
#3138=VERTEX_POINT('',#3137);
#3139=AXIS2_PLACEMENT_3D('',#3010,#71,#3134);
#3140=CIRCLE('',#3139,0.100393700787402);
#3141=EDGE_CURVE('',#3138,#3118,#3140,.T.);
#3142=ORIENTED_EDGE('',*,*,#3141,.F.);
#3143=CARTESIAN_POINT('',(-0.050085769073539,0.086386010437912,0.11496062992126));
#3144=VERTEX_POINT('',#3143);
#3145=LINE('',#3143,#2887);
#3146=EDGE_CURVE('',#3144,#3138,#3145,.T.);
#3147=ORIENTED_EDGE('',*,*,#3146,.F.);
#3148=AXIS2_PLACEMENT_3D('',#3018,#135,#3134);
#3149=CIRCLE('',#3148,0.100393700787402);
#3150=EDGE_CURVE('',#3123,#3144,#3149,.T.);
#3151=ORIENTED_EDGE('',*,*,#3150,.F.);
#3152=ORIENTED_EDGE('',*,*,#3125,.T.);
#3153=EDGE_LOOP('',(#3142,#3147,#3151,#3152));
#3154=FACE_OUTER_BOUND('',#3153,.T.);
#3155=ADVANCED_FACE('',(#3154),#3136,.F.);
#3156=CARTESIAN_POINT('',(-0.05008568842973,0.085390350329886,0.118287401574803));
#3157=DIRECTION('',(0.999999996719879,0.000080995319992,0.0));
#3158=AXIS2_PLACEMENT_3D('',#3156,#3157,#135);
#3159=PLANE('',#3158);
#3160=DIRECTION('',(0.000080995319992,-0.999999996719879,0.0));
#3161=VECTOR('',#3160,0.019913202225831);
#3162=LINE('',#2931,#3161);
#3163=EDGE_CURVE('',#2932,#3138,#3162,.T.);
#3164=ORIENTED_EDGE('',*,*,#3163,.F.);
#3165=ORIENTED_EDGE('',*,*,#2934,.F.);
#3166=DIRECTION('',(-0.000080995319992,0.999999996719879,0.0));
#3167=VECTOR('',#3166,0.019913202225831);
#3168=LINE('',#3143,#3167);
#3169=EDGE_CURVE('',#3144,#2930,#3168,.T.);
#3170=ORIENTED_EDGE('',*,*,#3169,.F.);
#3171=ORIENTED_EDGE('',*,*,#3146,.T.);
#3172=EDGE_LOOP('',(#3164,#3165,#3170,#3171));
#3173=FACE_OUTER_BOUND('',#3172,.T.);
#3174=ADVANCED_FACE('',(#3173),#3159,.T.);
#3175=CARTESIAN_POINT('',(0.050873170648342,-0.107255502627711,0.045098425196851));
#3176=AXIS2_PLACEMENT_3D('',#3175,#136,#71);
#3177=PLANE('',#3176);
#3178=CARTESIAN_POINT('',(0.050873170648342,-0.087173412012714,0.048425196850394));
#3179=VERTEX_POINT('',#3178);
#3180=VECTOR('',#197,0.019125800585711);
#3181=LINE('',#2959,#3180);
#3182=EDGE_CURVE('',#2960,#3179,#3181,.T.);
#3183=ORIENTED_EDGE('',*,*,#3182,.F.);
#3184=ORIENTED_EDGE('',*,*,#2962,.F.);
#3185=CARTESIAN_POINT('',(0.050873170648342,-0.087173412012714,0.11496062992126));
#3186=VERTEX_POINT('',#3185);
#3187=VECTOR('',#217,0.019125800585711);
#3188=LINE('',#3185,#3187);
#3189=EDGE_CURVE('',#3186,#2958,#3188,.T.);
#3190=ORIENTED_EDGE('',*,*,#3189,.F.);
#3191=LINE('',#3185,#2887);
#3192=EDGE_CURVE('',#3186,#3179,#3191,.T.);
#3193=ORIENTED_EDGE('',*,*,#3192,.T.);
#3194=EDGE_LOOP('',(#3183,#3184,#3190,#3193));
#3195=FACE_OUTER_BOUND('',#3194,.T.);
#3196=ADVANCED_FACE('',(#3195),#3177,.T.);
#3197=DIRECTION('',(-0.502815111556033,0.864393986322727,0.0));
#3198=AXIS2_PLACEMENT_3D('',#3004,#135,#3197);
#3199=CYLINDRICAL_SURFACE('',#3198,0.100393700787402);
#3200=CARTESIAN_POINT('',(0.084359183007523,-0.055427262850317,0.048425196850394));
#3201=VERTEX_POINT('',#3200);
#3202=AXIS2_PLACEMENT_3D('',#3010,#71,#3197);
#3203=CIRCLE('',#3202,0.100393700787402);
#3204=EDGE_CURVE('',#3179,#3201,#3203,.T.);
#3205=ORIENTED_EDGE('',*,*,#3204,.F.);
#3206=ORIENTED_EDGE('',*,*,#3192,.F.);
#3207=CARTESIAN_POINT('',(0.084359183007523,-0.055427262850317,0.11496062992126));
#3208=VERTEX_POINT('',#3207);
#3209=AXIS2_PLACEMENT_3D('',#3018,#135,#3197);
#3210=CIRCLE('',#3209,0.100393700787402);
#3211=EDGE_CURVE('',#3208,#3186,#3210,.T.);
#3212=ORIENTED_EDGE('',*,*,#3211,.F.);
#3213=LINE('',#3207,#2887);
#3214=EDGE_CURVE('',#3208,#3201,#3213,.T.);
#3215=ORIENTED_EDGE('',*,*,#3214,.T.);
#3216=EDGE_LOOP('',(#3205,#3206,#3212,#3215));
#3217=FACE_OUTER_BOUND('',#3216,.T.);
#3218=ADVANCED_FACE('',(#3217),#3199,.F.);
#3219=CARTESIAN_POINT('',(0.083262181527978,-0.055427262850317,0.045098425196851));
#3220=AXIS2_PLACEMENT_3D('',#3219,#197,#71);
#3221=PLANE('',#3220);
#3222=CARTESIAN_POINT('',(0.106299212598425,-0.055427262850317,0.048425196850394));
#3223=VERTEX_POINT('',#3222);
#3224=LINE('',#3200,#3066);
#3225=EDGE_CURVE('',#3201,#3223,#3224,.T.);
#3226=ORIENTED_EDGE('',*,*,#3225,.F.);
#3227=ORIENTED_EDGE('',*,*,#3214,.F.);
#3228=CARTESIAN_POINT('',(0.106299212598425,-0.055427262850317,0.11496062992126));
#3229=VERTEX_POINT('',#3228);
#3230=LINE('',#3228,#3055);
#3231=EDGE_CURVE('',#3229,#3208,#3230,.T.);
#3232=ORIENTED_EDGE('',*,*,#3231,.F.);
#3233=LINE('',#3222,#2875);
#3234=EDGE_CURVE('',#3223,#3229,#3233,.T.);
#3235=ORIENTED_EDGE('',*,*,#3234,.F.);
#3236=EDGE_LOOP('',(#3226,#3227,#3232,#3235));
#3237=FACE_OUTER_BOUND('',#3236,.T.);
#3238=ADVANCED_FACE('',(#3237),#3221,.T.);
#3239=CARTESIAN_POINT('',(-0.116929133858267,-0.116929133858268,0.048425196850394));
#3240=AXIS2_PLACEMENT_3D('',#3239,#71,#72);
#3241=PLANE('',#3240);
#3242=CARTESIAN_POINT('',(-0.058267716535433,0.040944881889764,0.048425196850394));
#3243=VERTEX_POINT('',#3242);
#3244=VECTOR('',#72,0.048031496062992);
#3245=LINE('',#2861,#3244);
#3246=EDGE_CURVE('',#2862,#3243,#3245,.T.);
#3247=ORIENTED_EDGE('',*,*,#3246,.T.);
#3248=CARTESIAN_POINT('',(-0.058267716535432,-0.040944881889764,0.048425196850394));
#3249=VERTEX_POINT('',#3248);
#3250=VECTOR('',#217,0.081889763779528);
#3251=LINE('',#3242,#3250);
#3252=EDGE_CURVE('',#3243,#3249,#3251,.T.);
#3253=ORIENTED_EDGE('',*,*,#3252,.T.);
#3254=VECTOR('',#136,0.048031496062993);
#3255=LINE('',#3248,#3254);
#3256=EDGE_CURVE('',#3249,#2892,#3255,.T.);
#3257=ORIENTED_EDGE('',*,*,#3256,.T.);
#3258=ORIENTED_EDGE('',*,*,#2895,.T.);
#3259=ORIENTED_EDGE('',*,*,#2989,.T.);
#3260=ORIENTED_EDGE('',*,*,#3013,.T.);
#3261=ORIENTED_EDGE('',*,*,#3036,.T.);
#3262=ORIENTED_EDGE('',*,*,#2968,.T.);
#3263=ORIENTED_EDGE('',*,*,#3182,.T.);
#3264=ORIENTED_EDGE('',*,*,#3204,.T.);
#3265=ORIENTED_EDGE('',*,*,#3225,.T.);
#3266=CARTESIAN_POINT('',(0.106299212598425,-0.040944881889763,0.048425196850394));
#3267=VERTEX_POINT('',#3266);
#3268=VECTOR('',#197,0.014482380960554);
#3269=LINE('',#3222,#3268);
#3270=EDGE_CURVE('',#3223,#3267,#3269,.T.);
#3271=ORIENTED_EDGE('',*,*,#3270,.T.);
#3272=CARTESIAN_POINT('',(0.058267716535433,-0.040944881889763,0.048425196850394));
#3273=VERTEX_POINT('',#3272);
#3274=VECTOR('',#136,0.048031496062992);
#3275=LINE('',#3266,#3274);
#3276=EDGE_CURVE('',#3267,#3273,#3275,.T.);
#3277=ORIENTED_EDGE('',*,*,#3276,.T.);
#3278=CARTESIAN_POINT('',(0.058267716535433,0.040944881889764,0.048425196850394));
#3279=VERTEX_POINT('',#3278);
#3280=VECTOR('',#197,0.081889763779527);
#3281=LINE('',#3272,#3280);
#3282=EDGE_CURVE('',#3273,#3279,#3281,.T.);
#3283=ORIENTED_EDGE('',*,*,#3282,.T.);
#3284=CARTESIAN_POINT('',(0.106299212598425,0.040944881889764,0.048425196850394));
#3285=VERTEX_POINT('',#3284);
#3286=LINE('',#3278,#3244);
#3287=EDGE_CURVE('',#3279,#3285,#3286,.T.);
#3288=ORIENTED_EDGE('',*,*,#3287,.T.);
#3289=VECTOR('',#197,0.01369497938575);
#3290=LINE('',#3284,#3289);
#3291=EDGE_CURVE('',#3285,#3052,#3290,.T.);
#3292=ORIENTED_EDGE('',*,*,#3291,.T.);
#3293=ORIENTED_EDGE('',*,*,#3057,.T.);
#3294=ORIENTED_EDGE('',*,*,#3083,.T.);
#3295=ORIENTED_EDGE('',*,*,#3103,.T.);
#3296=ORIENTED_EDGE('',*,*,#2940,.T.);
#3297=ORIENTED_EDGE('',*,*,#3163,.T.);
#3298=ORIENTED_EDGE('',*,*,#3141,.T.);
#3299=ORIENTED_EDGE('',*,*,#3120,.T.);
#3300=ORIENTED_EDGE('',*,*,#2871,.T.);
#3301=EDGE_LOOP('',(#3247,#3253,#3257,#3258,#3259,#3260,#3261,#3262,#3263,#3264,#3265,#3271,#3277,#3283,#3288,#3292,#3293,#3294,#3295,#3296,#3297,#3298,#3299,#3300));
#3302=FACE_OUTER_BOUND('',#3301,.T.);
#3303=CARTESIAN_POINT('',(-0.012598425196851,0.037299903251424,0.048425196850394));
#3304=VERTEX_POINT('',#3303);
#3305=CARTESIAN_POINT('',(-0.012598425196851,0.049606299212598,0.048425196850394));
#3306=VERTEX_POINT('',#3305);
#3307=VECTOR('',#197,0.012306395961174);
#3308=LINE('',#3303,#3307);
#3309=EDGE_CURVE('',#3304,#3306,#3308,.T.);
#3310=ORIENTED_EDGE('',*,*,#3309,.T.);
#3311=CARTESIAN_POINT('',(0.01259842519685,0.049606299212598,0.048425196850394));
#3312=VERTEX_POINT('',#3311);
#3313=VECTOR('',#72,0.025196850393701);
#3314=LINE('',#3305,#3313);
#3315=EDGE_CURVE('',#3306,#3312,#3314,.T.);
#3316=ORIENTED_EDGE('',*,*,#3315,.T.);
#3317=CARTESIAN_POINT('',(0.01259842519685,0.037299903251424,0.048425196850394));
#3318=VERTEX_POINT('',#3317);
#3319=VECTOR('',#217,0.012306395961174);
#3320=LINE('',#3311,#3319);
#3321=EDGE_CURVE('',#3312,#3318,#3320,.T.);
#3322=ORIENTED_EDGE('',*,*,#3321,.T.);
#3323=CARTESIAN_POINT('',(0.01259842519685,-0.037299903251424,0.048425196850394));
#3324=VERTEX_POINT('',#3323);
#3325=CARTESIAN_POINT('',(0.0,0.0,0.048425196850394));
#3326=DIRECTION('',(0.32,-0.947417542586161,0.0));
#3327=AXIS2_PLACEMENT_3D('',#3325,#135,#3326);
#3328=CIRCLE('',#3327,0.039370078740157);
#3329=EDGE_CURVE('',#3318,#3324,#3328,.T.);
#3330=ORIENTED_EDGE('',*,*,#3329,.T.);
#3331=CARTESIAN_POINT('',(0.01259842519685,-0.049606299212598,0.048425196850394));
#3332=VERTEX_POINT('',#3331);
#3333=LINE('',#3323,#3319);
#3334=EDGE_CURVE('',#3324,#3332,#3333,.T.);
#3335=ORIENTED_EDGE('',*,*,#3334,.T.);
#3336=CARTESIAN_POINT('',(-0.01259842519685,-0.049606299212598,0.048425196850394));
#3337=VERTEX_POINT('',#3336);
#3338=VECTOR('',#136,0.0251968503937);
#3339=LINE('',#3331,#3338);
#3340=EDGE_CURVE('',#3332,#3337,#3339,.T.);
#3341=ORIENTED_EDGE('',*,*,#3340,.T.);
#3342=CARTESIAN_POINT('',(-0.01259842519685,-0.037299903251424,0.048425196850394));
#3343=VERTEX_POINT('',#3342);
#3344=LINE('',#3336,#3307);
#3345=EDGE_CURVE('',#3337,#3343,#3344,.T.);
#3346=ORIENTED_EDGE('',*,*,#3345,.T.);
#3347=DIRECTION('',(-0.320000000000009,0.947417542586158,0.0));
#3348=AXIS2_PLACEMENT_3D('',#3325,#135,#3347);
#3349=CIRCLE('',#3348,0.039370078740157);
#3350=EDGE_CURVE('',#3343,#3304,#3349,.T.);
#3351=ORIENTED_EDGE('',*,*,#3350,.T.);
#3352=EDGE_LOOP('',(#3310,#3316,#3322,#3330,#3335,#3341,#3346,#3351));
#3353=FACE_BOUND('',#3352,.T.);
#3354=ADVANCED_FACE('',(#3302,#3353),#3241,.T.);
#3355=CARTESIAN_POINT('',(0.106299212598425,-0.060930619056609,0.118287401574803));
#3356=AXIS2_PLACEMENT_3D('',#3355,#72,#135);
#3357=PLANE('',#3356);
#3358=CARTESIAN_POINT('',(0.106299212598425,0.040944881889764,0.049409448818898));
#3359=VERTEX_POINT('',#3358);
#3360=LINE('',#3284,#2899);
#3361=EDGE_CURVE('',#3285,#3359,#3360,.T.);
#3362=ORIENTED_EDGE('',*,*,#3361,.T.);
#3363=CARTESIAN_POINT('',(0.106299212598425,0.03996062992126,0.050393700787402));
#3364=VERTEX_POINT('',#3363);
#3365=CARTESIAN_POINT('',(0.106299212598426,0.03996062992126,0.049409448818898));
#3366=AXIS2_PLACEMENT_3D('',#3365,#136,#2918);
#3367=CIRCLE('',#3366,0.000984251968504);
#3368=EDGE_CURVE('',#3364,#3359,#3367,.T.);
#3369=ORIENTED_EDGE('',*,*,#3368,.F.);
#3370=CARTESIAN_POINT('',(0.106299212598425,-0.039960629921259,0.050393700787402));
#3371=VERTEX_POINT('',#3370);
#3372=VECTOR('',#217,0.079921259842519);
#3373=LINE('',#3363,#3372);
#3374=EDGE_CURVE('',#3364,#3371,#3373,.T.);
#3375=ORIENTED_EDGE('',*,*,#3374,.T.);
#3376=CARTESIAN_POINT('',(0.106299212598425,-0.040944881889763,0.049409448818898));
#3377=VERTEX_POINT('',#3376);
#3378=CARTESIAN_POINT('',(0.106299212598426,-0.039960629921259,0.049409448818898));
#3379=AXIS2_PLACEMENT_3D('',#3378,#136,#2906);
#3380=CIRCLE('',#3379,0.000984251968504);
#3381=EDGE_CURVE('',#3377,#3371,#3380,.T.);
#3382=ORIENTED_EDGE('',*,*,#3381,.F.);
#3383=LINE('',#3376,#2863);
#3384=EDGE_CURVE('',#3377,#3267,#3383,.T.);
#3385=ORIENTED_EDGE('',*,*,#3384,.T.);
#3386=ORIENTED_EDGE('',*,*,#3270,.F.);
#3387=ORIENTED_EDGE('',*,*,#3234,.T.);
#3388=VECTOR('',#217,0.110067124125831);
#3389=LINE('',#3059,#3388);
#3390=EDGE_CURVE('',#3060,#3229,#3389,.T.);
#3391=ORIENTED_EDGE('',*,*,#3390,.F.);
#3392=ORIENTED_EDGE('',*,*,#3062,.T.);
#3393=ORIENTED_EDGE('',*,*,#3291,.F.);
#3394=EDGE_LOOP('',(#3362,#3369,#3375,#3382,#3385,#3386,#3387,#3391,#3392,#3393));
#3395=FACE_OUTER_BOUND('',#3394,.T.);
#3396=ADVANCED_FACE('',(#3395),#3357,.F.);
#3397=CARTESIAN_POINT('',(0.0,0.0,0.048375984251969));
#3398=AXIS2_PLACEMENT_3D('',#3397,#71,#72);
#3399=CYLINDRICAL_SURFACE('',#3398,0.039370078740157);
#3400=CARTESIAN_POINT('',(-0.012598425196851,0.037299903251424,0.049409448818898));
#3401=VERTEX_POINT('',#3400);
#3402=CARTESIAN_POINT('',(-0.01259842519685,-0.037299903251424,0.0494094488189));
#3403=VERTEX_POINT('',#3402);
#3404=CARTESIAN_POINT('',(0.0,0.0,0.049409448818898));
#3405=AXIS2_PLACEMENT_3D('',#3404,#71,#136);
#3406=CIRCLE('',#3405,0.039370078740157);
#3407=EDGE_CURVE('',#3401,#3403,#3406,.T.);
#3408=ORIENTED_EDGE('',*,*,#3407,.F.);
#3409=LINE('',#3303,#2899);
#3410=EDGE_CURVE('',#3304,#3401,#3409,.T.);
#3411=ORIENTED_EDGE('',*,*,#3410,.F.);
#3412=ORIENTED_EDGE('',*,*,#3350,.F.);
#3413=VECTOR('',#71,0.000984251968506);
#3414=LINE('',#3342,#3413);
#3415=EDGE_CURVE('',#3343,#3403,#3414,.T.);
#3416=ORIENTED_EDGE('',*,*,#3415,.T.);
#3417=EDGE_LOOP('',(#3408,#3411,#3412,#3416));
#3418=FACE_OUTER_BOUND('',#3417,.T.);
#3419=ADVANCED_FACE('',(#3418),#3399,.T.);
#3420=CARTESIAN_POINT('',(-0.01259842519685,-0.050273639146165,0.048326771653544));
#3421=AXIS2_PLACEMENT_3D('',#3420,#136,#71);
#3422=PLANE('',#3421);
#3423=CARTESIAN_POINT('',(-0.01259842519685,-0.048622047244094,0.050393700787402));
#3424=VERTEX_POINT('',#3423);
#3425=CARTESIAN_POINT('',(-0.01259842519685,-0.049606299212598,0.049409448818898));
#3426=VERTEX_POINT('',#3425);
#3427=CARTESIAN_POINT('',(-0.01259842519685,-0.048622047244094,0.049409448818898));
#3428=AXIS2_PLACEMENT_3D('',#3427,#72,#2906);
#3429=CIRCLE('',#3428,0.000984251968504);
#3430=EDGE_CURVE('',#3424,#3426,#3429,.T.);
#3431=ORIENTED_EDGE('',*,*,#3430,.F.);
#3432=CARTESIAN_POINT('',(-0.01259842519685,-0.03625950054127,0.050393700787402));
#3433=VERTEX_POINT('',#3432);
#3434=VECTOR('',#197,0.012362546702824);
#3435=LINE('',#3423,#3434);
#3436=EDGE_CURVE('',#3424,#3433,#3435,.T.);
#3437=ORIENTED_EDGE('',*,*,#3436,.T.);
#3438=CARTESIAN_POINT('',(-0.012598393491397,-0.036256731953165,0.049406580926917));
#3439=DIRECTION('',(-0.999999999027702,0.000030305264854,-0.000032034154569));
#3440=DIRECTION('',(-0.000031086797746,-0.999695274985863,0.024685141371919));
#3441=AXIS2_PLACEMENT_3D('',#3438,#3439,#3440);
#3442=ELLIPSE('',#3441,0.001043204592381,0.000987084695381);
#3443=EDGE_CURVE('',#3403,#3433,#3442,.T.);
#3444=ORIENTED_EDGE('',*,*,#3443,.F.);
#3445=ORIENTED_EDGE('',*,*,#3415,.F.);
#3446=ORIENTED_EDGE('',*,*,#3345,.F.);
#3447=LINE('',#3336,#2899);
#3448=EDGE_CURVE('',#3337,#3426,#3447,.T.);
#3449=ORIENTED_EDGE('',*,*,#3448,.T.);
#3450=EDGE_LOOP('',(#3431,#3437,#3444,#3445,#3446,#3449));
#3451=FACE_OUTER_BOUND('',#3450,.T.);
#3452=ADVANCED_FACE('',(#3451),#3422,.T.);
#3453=CARTESIAN_POINT('',(-0.013858267716535,-0.049606299212598,0.049458661417323));
#3454=AXIS2_PLACEMENT_3D('',#3453,#217,#135);
#3455=PLANE('',#3454);
#3456=CARTESIAN_POINT('',(0.01259842519685,-0.049606299212598,0.04940944899522));
#3457=VERTEX_POINT('',#3456);
#3458=VECTOR('',#72,0.0251968503937);
#3459=LINE('',#3425,#3458);
#3460=EDGE_CURVE('',#3426,#3457,#3459,.T.);
#3461=ORIENTED_EDGE('',*,*,#3460,.F.);
#3462=ORIENTED_EDGE('',*,*,#3448,.F.);
#3463=ORIENTED_EDGE('',*,*,#3340,.F.);
#3464=VECTOR('',#71,0.000984252144826);
#3465=LINE('',#3331,#3464);
#3466=EDGE_CURVE('',#3332,#3457,#3465,.T.);
#3467=ORIENTED_EDGE('',*,*,#3466,.T.);
#3468=EDGE_LOOP('',(#3461,#3462,#3463,#3467));
#3469=FACE_OUTER_BOUND('',#3468,.T.);
#3470=ADVANCED_FACE('',(#3469),#3455,.T.);
#3471=CARTESIAN_POINT('',(0.01259842519685,-0.050221619010657,0.049458661417323));
#3472=AXIS2_PLACEMENT_3D('',#3471,#72,#135);
#3473=PLANE('',#3472);
#3474=CARTESIAN_POINT('',(0.01259842519685,-0.037299903251424,0.049409448818898));
#3475=VERTEX_POINT('',#3474);
#3476=CARTESIAN_POINT('',(0.01259842519685,-0.049606299212598,0.049409448818898));
#3477=LINE('',#3476,#3307);
#3478=EDGE_CURVE('',#3457,#3475,#3477,.T.);
#3479=ORIENTED_EDGE('',*,*,#3478,.F.);
#3480=ORIENTED_EDGE('',*,*,#3466,.F.);
#3481=ORIENTED_EDGE('',*,*,#3334,.F.);
#3482=LINE('',#3323,#2899);
#3483=EDGE_CURVE('',#3324,#3475,#3482,.T.);
#3484=ORIENTED_EDGE('',*,*,#3483,.T.);
#3485=EDGE_LOOP('',(#3479,#3480,#3481,#3484));
#3486=FACE_OUTER_BOUND('',#3485,.T.);
#3487=ADVANCED_FACE('',(#3486),#3473,.T.);
#3488=AXIS2_PLACEMENT_3D('',#3397,#71,#136);
#3489=CYLINDRICAL_SURFACE('',#3488,0.039370078740157);
#3490=CARTESIAN_POINT('',(0.01259842519685,0.037299903251424,0.049409448818898));
#3491=VERTEX_POINT('',#3490);
#3492=AXIS2_PLACEMENT_3D('',#3404,#71,#72);
#3493=CIRCLE('',#3492,0.039370078740157);
#3494=EDGE_CURVE('',#3475,#3491,#3493,.T.);
#3495=ORIENTED_EDGE('',*,*,#3494,.F.);
#3496=ORIENTED_EDGE('',*,*,#3483,.F.);
#3497=ORIENTED_EDGE('',*,*,#3329,.F.);
#3498=LINE('',#3317,#2899);
#3499=EDGE_CURVE('',#3318,#3491,#3498,.T.);
#3500=ORIENTED_EDGE('',*,*,#3499,.T.);
#3501=EDGE_LOOP('',(#3495,#3496,#3497,#3500));
#3502=FACE_OUTER_BOUND('',#3501,.T.);
#3503=ADVANCED_FACE('',(#3502),#3489,.T.);
#3504=CARTESIAN_POINT('',(0.01259842519685,0.036684583453365,0.049458661417323));
#3505=AXIS2_PLACEMENT_3D('',#3504,#72,#135);
#3506=PLANE('',#3505);
#3507=CARTESIAN_POINT('',(0.01259842519685,0.049606299212598,0.04940944899522));
#3508=VERTEX_POINT('',#3507);
#3509=LINE('',#3490,#3307);
#3510=EDGE_CURVE('',#3491,#3508,#3509,.T.);
#3511=ORIENTED_EDGE('',*,*,#3510,.F.);
#3512=ORIENTED_EDGE('',*,*,#3499,.F.);
#3513=ORIENTED_EDGE('',*,*,#3321,.F.);
#3514=LINE('',#3311,#3464);
#3515=EDGE_CURVE('',#3312,#3508,#3514,.T.);
#3516=ORIENTED_EDGE('',*,*,#3515,.T.);
#3517=EDGE_LOOP('',(#3511,#3512,#3513,#3516));
#3518=FACE_OUTER_BOUND('',#3517,.T.);
#3519=ADVANCED_FACE('',(#3518),#3506,.T.);
#3520=CARTESIAN_POINT('',(-0.013858267716536,0.049606299212598,0.048375984251969));
#3521=AXIS2_PLACEMENT_3D('',#3520,#197,#71);
#3522=PLANE('',#3521);
#3523=CARTESIAN_POINT('',(-0.012598425196851,0.049606299212598,0.049409448818898));
#3524=VERTEX_POINT('',#3523);
#3525=CARTESIAN_POINT('',(0.01259842519685,0.049606299212598,0.049409448818898));
#3526=VECTOR('',#136,0.025196850393701);
#3527=LINE('',#3525,#3526);
#3528=EDGE_CURVE('',#3508,#3524,#3527,.T.);
#3529=ORIENTED_EDGE('',*,*,#3528,.F.);
#3530=ORIENTED_EDGE('',*,*,#3515,.F.);
#3531=ORIENTED_EDGE('',*,*,#3315,.F.);
#3532=LINE('',#3305,#2899);
#3533=EDGE_CURVE('',#3306,#3524,#3532,.T.);
#3534=ORIENTED_EDGE('',*,*,#3533,.T.);
#3535=EDGE_LOOP('',(#3529,#3530,#3531,#3534));
#3536=FACE_OUTER_BOUND('',#3535,.T.);
#3537=ADVANCED_FACE('',(#3536),#3522,.T.);
#3538=CARTESIAN_POINT('',(0.055866141732283,-0.040944881889763,0.049458661417323));
#3539=AXIS2_PLACEMENT_3D('',#3538,#217,#135);
#3540=PLANE('',#3539);
#3541=CARTESIAN_POINT('',(0.058267716535433,-0.040944881889763,0.049409448818898));
#3542=VERTEX_POINT('',#3541);
#3543=LINE('',#3541,#3244);
#3544=EDGE_CURVE('',#3542,#3377,#3543,.T.);
#3545=ORIENTED_EDGE('',*,*,#3544,.F.);
#3546=LINE('',#3272,#2899);
#3547=EDGE_CURVE('',#3273,#3542,#3546,.T.);
#3548=ORIENTED_EDGE('',*,*,#3547,.F.);
#3549=ORIENTED_EDGE('',*,*,#3276,.F.);
#3550=ORIENTED_EDGE('',*,*,#3384,.F.);
#3551=EDGE_LOOP('',(#3545,#3548,#3549,#3550));
#3552=FACE_OUTER_BOUND('',#3551,.T.);
#3553=ADVANCED_FACE('',(#3552),#3540,.T.);
#3554=CARTESIAN_POINT('',(0.055866141732283,0.040944881889764,0.048375984251969));
#3555=AXIS2_PLACEMENT_3D('',#3554,#197,#71);
#3556=PLANE('',#3555);
#3557=CARTESIAN_POINT('',(0.058267716535433,0.040944881889764,0.049409448818898));
#3558=VERTEX_POINT('',#3557);
#3559=LINE('',#3358,#3274);
#3560=EDGE_CURVE('',#3359,#3558,#3559,.T.);
#3561=ORIENTED_EDGE('',*,*,#3560,.F.);
#3562=ORIENTED_EDGE('',*,*,#3361,.F.);
#3563=ORIENTED_EDGE('',*,*,#3287,.F.);
#3564=LINE('',#3278,#2899);
#3565=EDGE_CURVE('',#3279,#3558,#3564,.T.);
#3566=ORIENTED_EDGE('',*,*,#3565,.T.);
#3567=EDGE_LOOP('',(#3561,#3562,#3563,#3566));
#3568=FACE_OUTER_BOUND('',#3567,.T.);
#3569=ADVANCED_FACE('',(#3568),#3556,.T.);
#3570=CARTESIAN_POINT('',(-0.108651574803149,-0.043956692913386,0.050393700787402));
#3571=AXIS2_PLACEMENT_3D('',#3570,#71,#72);
#3572=PLANE('',#3571);
#3573=CARTESIAN_POINT('',(-0.059251968548476,0.03996062987672,0.050393700787402));
#3574=VERTEX_POINT('',#3573);
#3575=VECTOR('',#72,0.047047244049949);
#3576=LINE('',#2911,#3575);
#3577=EDGE_CURVE('',#2912,#3574,#3576,.T.);
#3578=ORIENTED_EDGE('',*,*,#3577,.F.);
#3579=ORIENTED_EDGE('',*,*,#2915,.F.);
#3580=CARTESIAN_POINT('',(-0.059251968548476,-0.039960629876721,0.050393700787402));
#3581=VERTEX_POINT('',#3580);
#3582=CARTESIAN_POINT('',(-0.059251968548476,-0.03996062992126,0.050393700787402));
#3583=VECTOR('',#136,0.047047244049949);
#3584=LINE('',#3582,#3583);
#3585=EDGE_CURVE('',#3581,#2904,#3584,.T.);
#3586=ORIENTED_EDGE('',*,*,#3585,.F.);
#3587=CARTESIAN_POINT('',(-0.059251968503937,0.03996062987672,0.050393700787402));
#3588=VECTOR('',#217,0.079921259753441);
#3589=LINE('',#3587,#3588);
#3590=EDGE_CURVE('',#3574,#3581,#3589,.T.);
#3591=ORIENTED_EDGE('',*,*,#3590,.F.);
#3592=EDGE_LOOP('',(#3578,#3579,#3586,#3591));
#3593=FACE_OUTER_BOUND('',#3592,.T.);
#3594=CARTESIAN_POINT('',(-0.094685039370078,0.026968503937008,0.050393700787402));
#3595=VERTEX_POINT('',#3594);
#3596=CARTESIAN_POINT('',(-0.094685039391942,-0.022244094510053,0.050393700787402));
#3597=VERTEX_POINT('',#3596);
#3598=VECTOR('',#217,0.049212598447061);
#3599=LINE('',#3594,#3598);
#3600=EDGE_CURVE('',#3595,#3597,#3599,.T.);
#3601=ORIENTED_EDGE('',*,*,#3600,.F.);
#3602=CARTESIAN_POINT('',(-0.073031496062992,0.026968503937008,0.050393700787402));
#3603=VERTEX_POINT('',#3602);
#3604=VECTOR('',#136,0.021653543307086);
#3605=LINE('',#3602,#3604);
#3606=EDGE_CURVE('',#3603,#3595,#3605,.T.);
#3607=ORIENTED_EDGE('',*,*,#3606,.F.);
#3608=CARTESIAN_POINT('',(-0.073031496094074,-0.022244094457107,0.050393700787402));
#3609=VERTEX_POINT('',#3608);
#3610=CARTESIAN_POINT('',(-0.073031496062992,-0.022244094457107,0.050393700787402));
#3611=VECTOR('',#197,0.049212598394115);
#3612=LINE('',#3610,#3611);
#3613=EDGE_CURVE('',#3609,#3603,#3612,.T.);
#3614=ORIENTED_EDGE('',*,*,#3613,.F.);
#3615=CARTESIAN_POINT('',(-0.094685039391942,-0.022244094488189,0.050393700787402));
#3616=VECTOR('',#72,0.021653543297868);
#3617=LINE('',#3615,#3616);
#3618=EDGE_CURVE('',#3597,#3609,#3617,.T.);
#3619=ORIENTED_EDGE('',*,*,#3618,.F.);
#3620=EDGE_LOOP('',(#3601,#3607,#3614,#3619));
#3621=FACE_BOUND('',#3620,.T.);
#3622=ADVANCED_FACE('',(#3593,#3621),#3572,.T.);
#3623=CARTESIAN_POINT('',(-0.071948818923396,-0.022244094488189,0.051377952755906));
#3624=DIRECTION('',(0.0,-0.707106804747351,0.707106757625744));
#3625=AXIS2_PLACEMENT_3D('',#3623,#136,#3624);
#3626=CYLINDRICAL_SURFACE('',#3625,0.000984251968504);
#3627=CARTESIAN_POINT('',(-0.074015748031496,-0.021259842519685,0.05137795304056));
#3628=VERTEX_POINT('',#3627);
#3629=CARTESIAN_POINT('',(-0.093700787401574,-0.021259842519685,0.05137795275967));
#3630=VERTEX_POINT('',#3629);
#3631=CARTESIAN_POINT('',(-0.074015748031496,-0.021259842519685,0.051377952755906));
#3632=LINE('',#3631,#2645);
#3633=EDGE_CURVE('',#3628,#3630,#3632,.T.);
#3634=ORIENTED_EDGE('',*,*,#3633,.T.);
#3635=CARTESIAN_POINT('',(-0.094685039370078,-0.022244094488189,0.051377952755906));
#3636=DIRECTION('',(0.707106781186551,-0.707106781186544,-4.379058E-047));
#3637=DIRECTION('',(-0.707106781186544,-0.707106781186551,-2.630947E-031));
#3638=AXIS2_PLACEMENT_3D('',#3635,#3636,#3637);
#3639=ELLIPSE('',#3638,0.001391942482651,0.000984251968504);
#3640=EDGE_CURVE('',#3597,#3630,#3639,.T.);
#3641=ORIENTED_EDGE('',*,*,#3640,.F.);
#3642=ORIENTED_EDGE('',*,*,#3618,.T.);
#3643=CARTESIAN_POINT('',(-0.073031496062992,-0.022244094488189,0.051377952755906));
#3644=DIRECTION('',(-0.707106781186542,-0.707106781186552,-1.962616E-015));
#3645=DIRECTION('',(-0.707106781186552,0.707106781186543,-1.962616E-015));
#3646=AXIS2_PLACEMENT_3D('',#3643,#3644,#3645);
#3647=ELLIPSE('',#3646,0.001391942482651,0.000984251968504);
#3648=EDGE_CURVE('',#3628,#3609,#3647,.T.);
#3649=ORIENTED_EDGE('',*,*,#3648,.F.);
#3650=EDGE_LOOP('',(#3634,#3641,#3642,#3649));
#3651=FACE_OUTER_BOUND('',#3650,.T.);
#3652=ADVANCED_FACE('',(#3651),#3626,.F.);
#3653=CARTESIAN_POINT('',(-0.073031496062992,0.029429133856885,0.051377952755906));
#3654=DIRECTION('',(0.707106781186546,0.0,0.707106781186549));
#3655=AXIS2_PLACEMENT_3D('',#3653,#217,#3654);
#3656=CYLINDRICAL_SURFACE('',#3655,0.000984251968504);
#3657=CARTESIAN_POINT('',(-0.074015748031496,0.025984251968504,0.051377952896582));
#3658=VERTEX_POINT('',#3657);
#3659=CARTESIAN_POINT('',(-0.074015748031496,0.025984251968504,0.051377952755906));
#3660=VECTOR('',#217,0.047244094488189);
#3661=LINE('',#3659,#3660);
#3662=EDGE_CURVE('',#3658,#3628,#3661,.T.);
#3663=ORIENTED_EDGE('',*,*,#3662,.T.);
#3664=ORIENTED_EDGE('',*,*,#3648,.T.);
#3665=ORIENTED_EDGE('',*,*,#3613,.T.);
#3666=CARTESIAN_POINT('',(-0.073031496062992,0.026968503937008,0.051377952755906));
#3667=DIRECTION('',(-0.707106781186547,-0.707106781186547,6.292794E-030));
#3668=AXIS2_PLACEMENT_3D('',#3666,#514,#3667);
#3669=ELLIPSE('',#3668,0.001391942482651,0.000984251968504);
#3670=EDGE_CURVE('',#3658,#3603,#3669,.T.);
#3671=ORIENTED_EDGE('',*,*,#3670,.F.);
#3672=EDGE_LOOP('',(#3663,#3664,#3665,#3671));
#3673=FACE_OUTER_BOUND('',#3672,.T.);
#3674=ADVANCED_FACE('',(#3673),#3656,.F.);
#3675=CARTESIAN_POINT('',(-0.095767716535432,0.026968503937008,0.051377952755906));
#3676=DIRECTION('',(0.0,0.707106781186544,0.707106781186551));
#3677=AXIS2_PLACEMENT_3D('',#3675,#72,#3676);
#3678=CYLINDRICAL_SURFACE('',#3677,0.000984251968504);
#3679=CARTESIAN_POINT('',(-0.093700787401574,0.025984251968504,0.051377952896582));
#3680=VERTEX_POINT('',#3679);
#3681=CARTESIAN_POINT('',(-0.093700787401574,0.025984251968504,0.051377952755906));
#3682=LINE('',#3681,#2638);
#3683=EDGE_CURVE('',#3680,#3658,#3682,.T.);
#3684=ORIENTED_EDGE('',*,*,#3683,.T.);
#3685=ORIENTED_EDGE('',*,*,#3670,.T.);
#3686=ORIENTED_EDGE('',*,*,#3606,.T.);
#3687=CARTESIAN_POINT('',(-0.094685039370078,0.026968503937008,0.051377952755906));
#3688=DIRECTION('',(0.70710678118654,0.707106781186555,3.925231E-015));
#3689=DIRECTION('',(0.707106781186555,-0.70710678118654,3.925231E-015));
#3690=AXIS2_PLACEMENT_3D('',#3687,#3688,#3689);
#3691=ELLIPSE('',#3690,0.001391942482651,0.000984251968504);
#3692=EDGE_CURVE('',#3680,#3595,#3691,.T.);
#3693=ORIENTED_EDGE('',*,*,#3692,.F.);
#3694=EDGE_LOOP('',(#3684,#3685,#3686,#3693));
#3695=FACE_OUTER_BOUND('',#3694,.T.);
#3696=ADVANCED_FACE('',(#3695),#3678,.F.);
#3697=CARTESIAN_POINT('',(-0.094685039370078,-0.024704724478319,0.051377952755906));
#3698=DIRECTION('',(-0.707106757625738,0.0,0.707106804747356));
#3699=AXIS2_PLACEMENT_3D('',#3697,#197,#3698);
#3700=CYLINDRICAL_SURFACE('',#3699,0.000984251968504);
#3701=CARTESIAN_POINT('',(-0.093700787401574,-0.021259842519685,0.051377952755906));
#3702=VECTOR('',#197,0.047244094488189);
#3703=LINE('',#3701,#3702);
#3704=EDGE_CURVE('',#3630,#3680,#3703,.T.);
#3705=ORIENTED_EDGE('',*,*,#3704,.T.);
#3706=ORIENTED_EDGE('',*,*,#3692,.T.);
#3707=ORIENTED_EDGE('',*,*,#3600,.T.);
#3708=ORIENTED_EDGE('',*,*,#3640,.T.);
#3709=EDGE_LOOP('',(#3705,#3706,#3707,#3708));
#3710=FACE_OUTER_BOUND('',#3709,.T.);
#3711=ADVANCED_FACE('',(#3710),#3700,.F.);
#3712=CARTESIAN_POINT('',(-0.093602362204725,-0.02253937007874,0.052362204724409));
#3713=AXIS2_PLACEMENT_3D('',#3712,#71,#72);
#3714=PLANE('',#3713);
#3715=CARTESIAN_POINT('',(-0.092716535173978,-0.020275590292089,0.052362204724409));
#3716=VERTEX_POINT('',#3715);
#3717=CARTESIAN_POINT('',(-0.092716535433071,0.025,0.052362204724409));
#3718=VERTEX_POINT('',#3717);
#3719=CARTESIAN_POINT('',(-0.09271653543307,-0.020275590292089,0.052362204724409));
#3720=VECTOR('',#197,0.045275590292089);
#3721=LINE('',#3719,#3720);
#3722=EDGE_CURVE('',#3716,#3718,#3721,.T.);
#3723=ORIENTED_EDGE('',*,*,#3722,.F.);
#3724=CARTESIAN_POINT('',(-0.075000000259091,-0.020275590292089,0.052362204724409));
#3725=VERTEX_POINT('',#3724);
#3726=CARTESIAN_POINT('',(-0.075000000259091,-0.020275590551181,0.052362204724409));
#3727=VECTOR('',#136,0.017716534914887);
#3728=LINE('',#3726,#3727);
#3729=EDGE_CURVE('',#3725,#3716,#3728,.T.);
#3730=ORIENTED_EDGE('',*,*,#3729,.F.);
#3731=CARTESIAN_POINT('',(-0.075,0.025,0.052362204724409));
#3732=VERTEX_POINT('',#3731);
#3733=VECTOR('',#217,0.045275590292089);
#3734=LINE('',#3731,#3733);
#3735=EDGE_CURVE('',#3732,#3725,#3734,.T.);
#3736=ORIENTED_EDGE('',*,*,#3735,.F.);
#3737=VECTOR('',#72,0.017716535433071);
#3738=LINE('',#3717,#3737);
#3739=EDGE_CURVE('',#3718,#3732,#3738,.T.);
#3740=ORIENTED_EDGE('',*,*,#3739,.F.);
#3741=EDGE_LOOP('',(#3723,#3730,#3736,#3740));
#3742=FACE_OUTER_BOUND('',#3741,.T.);
#3743=ADVANCED_FACE('',(#3742),#3714,.T.);
#3744=CARTESIAN_POINT('',(-0.073031496062992,-0.020275590551181,0.051377952755906));
#3745=DIRECTION('',(0.0,0.707106278617232,-0.707107283755506));
#3746=AXIS2_PLACEMENT_3D('',#3744,#136,#3745);
#3747=CYLINDRICAL_SURFACE('',#3746,0.000984251968504);
#3748=ORIENTED_EDGE('',*,*,#3729,.T.);
#3749=CARTESIAN_POINT('',(-0.09271653543307,-0.020275590551181,0.051377952755906));
#3750=DIRECTION('',(0.707106781186549,-0.707106781186546,-7.850462E-015));
#3751=DIRECTION('',(0.707106781186546,0.707106781186549,7.850462E-015));
#3752=AXIS2_PLACEMENT_3D('',#3749,#3750,#3751);
#3753=ELLIPSE('',#3752,0.001391942482651,0.000984251968504);
#3754=EDGE_CURVE('',#3716,#3630,#3753,.T.);
#3755=ORIENTED_EDGE('',*,*,#3754,.T.);
#3756=ORIENTED_EDGE('',*,*,#3633,.F.);
#3757=CARTESIAN_POINT('',(-0.074999999999999,-0.020275590551181,0.051377952755906));
#3758=DIRECTION('',(0.707106781186545,0.70710678118655,5.473822E-048));
#3759=DIRECTION('',(-0.70710678118655,0.707106781186545,6.775314E-032));
#3760=AXIS2_PLACEMENT_3D('',#3757,#3758,#3759);
#3761=ELLIPSE('',#3760,0.001391942482651,0.000984251968504);
#3762=EDGE_CURVE('',#3725,#3628,#3761,.T.);
#3763=ORIENTED_EDGE('',*,*,#3762,.F.);
#3764=EDGE_LOOP('',(#3748,#3755,#3756,#3763));
#3765=FACE_OUTER_BOUND('',#3764,.T.);
#3766=ADVANCED_FACE('',(#3765),#3747,.T.);
#3767=CARTESIAN_POINT('',(-0.075,0.028346456692913,0.051377952755906));
#3768=DIRECTION('',(-0.707106278617595,0.0,-0.707107283755143));
#3769=AXIS2_PLACEMENT_3D('',#3767,#217,#3768);
#3770=CYLINDRICAL_SURFACE('',#3769,0.000984251968504);
#3771=ORIENTED_EDGE('',*,*,#3735,.T.);
#3772=ORIENTED_EDGE('',*,*,#3762,.T.);
#3773=ORIENTED_EDGE('',*,*,#3662,.F.);
#3774=CARTESIAN_POINT('',(-0.075,0.025,0.051377952755906));
#3775=DIRECTION('',(-0.707106781186549,0.707106781186546,-1.751623E-046));
#3776=DIRECTION('',(-0.707106781186546,-0.707106781186549,-2.471635E-030));
#3777=AXIS2_PLACEMENT_3D('',#3774,#3775,#3776);
#3778=ELLIPSE('',#3777,0.001391942482651,0.000984251968504);
#3779=EDGE_CURVE('',#3732,#3658,#3778,.T.);
#3780=ORIENTED_EDGE('',*,*,#3779,.F.);
#3781=EDGE_LOOP('',(#3771,#3772,#3773,#3780));
#3782=FACE_OUTER_BOUND('',#3781,.T.);
#3783=ADVANCED_FACE('',(#3782),#3770,.T.);
#3784=CARTESIAN_POINT('',(-0.094685039370079,0.025,0.051377952755906));
#3785=DIRECTION('',(0.0,-0.707106781186548,-0.707106781186546));
#3786=AXIS2_PLACEMENT_3D('',#3784,#72,#3785);
#3787=CYLINDRICAL_SURFACE('',#3786,0.000984251968504);
#3788=ORIENTED_EDGE('',*,*,#3739,.T.);
#3789=ORIENTED_EDGE('',*,*,#3779,.T.);
#3790=ORIENTED_EDGE('',*,*,#3683,.F.);
#3791=CARTESIAN_POINT('',(-0.092716535433071,0.025,0.051377952755906));
#3792=DIRECTION('',(-0.707106781186542,-0.707106781186553,-5.473822E-048));
#3793=DIRECTION('',(0.707106781186553,-0.707106781186542,-6.775314E-032));
#3794=AXIS2_PLACEMENT_3D('',#3791,#3792,#3793);
#3795=ELLIPSE('',#3794,0.001391942482651,0.000984251968504);
#3796=EDGE_CURVE('',#3718,#3680,#3795,.T.);
#3797=ORIENTED_EDGE('',*,*,#3796,.F.);
#3798=EDGE_LOOP('',(#3788,#3789,#3790,#3797));
#3799=FACE_OUTER_BOUND('',#3798,.T.);
#3800=ADVANCED_FACE('',(#3799),#3787,.T.);
#3801=CARTESIAN_POINT('',(-0.09271653543307,-0.023622047244094,0.051377952755906));
#3802=DIRECTION('',(0.707106278617232,0.0,-0.707107283755506));
#3803=AXIS2_PLACEMENT_3D('',#3801,#197,#3802);
#3804=CYLINDRICAL_SURFACE('',#3803,0.000984251968504);
#3805=ORIENTED_EDGE('',*,*,#3722,.T.);
#3806=ORIENTED_EDGE('',*,*,#3796,.T.);
#3807=ORIENTED_EDGE('',*,*,#3704,.F.);
#3808=ORIENTED_EDGE('',*,*,#3754,.F.);
#3809=EDGE_LOOP('',(#3805,#3806,#3807,#3808));
#3810=FACE_OUTER_BOUND('',#3809,.T.);
#3811=ADVANCED_FACE('',(#3810),#3804,.T.);
#3812=CARTESIAN_POINT('',(0.020570866141733,-0.020570866141733,0.052362204724409));
#3813=AXIS2_PLACEMENT_3D('',#3812,#135,#136);
#3814=PLANE('',#3813);
#3815=CARTESIAN_POINT('',(0.018700787401575,1.046322E-035,0.052362204724409));
#3816=VERTEX_POINT('',#3815);
#3817=CARTESIAN_POINT('',(-3.041391E-033,1.046322E-035,0.052362204724409));
#3818=AXIS2_PLACEMENT_3D('',#3817,#135,#136);
#3819=CIRCLE('',#3818,0.018700787401575);
#3820=EDGE_CURVE('',#3816,#3816,#3819,.T.);
#3821=ORIENTED_EDGE('',*,*,#3820,.F.);
#3822=EDGE_LOOP('',(#3821));
#3823=FACE_OUTER_BOUND('',#3822,.T.);
#3824=ADVANCED_FACE('',(#3823),#3814,.F.);
#3825=CARTESIAN_POINT('',(0.0,0.0,0.051377952755906));
#3826=AXIS2_PLACEMENT_3D('',#3825,#135,#136);
#3827=TOROIDAL_SURFACE('',#3826,0.018700787401575,0.000984251968504);
#3828=ORIENTED_EDGE('',*,*,#3820,.T.);
#3829=EDGE_LOOP('',(#3828));
#3830=FACE_OUTER_BOUND('',#3829,.T.);
#3831=CARTESIAN_POINT('',(0.019685039370079,0.0,0.051377952755906));
#3832=VERTEX_POINT('',#3831);
#3833=AXIS2_PLACEMENT_3D('',#3825,#71,#136);
#3834=CIRCLE('',#3833,0.019685039370079);
#3835=EDGE_CURVE('',#3832,#3832,#3834,.T.);
#3836=ORIENTED_EDGE('',*,*,#3835,.T.);
#3837=EDGE_LOOP('',(#3836));
#3838=FACE_BOUND('',#3837,.T.);
#3839=ADVANCED_FACE('',(#3830,#3838),#3827,.T.);
#3840=CARTESIAN_POINT('',(0.074114173228346,-0.022539370078739,0.052362204724409));
#3841=AXIS2_PLACEMENT_3D('',#3840,#71,#72);
#3842=PLANE('',#3841);
#3843=CARTESIAN_POINT('',(0.092716535173979,-0.020275590292088,0.052362204724409));
#3844=VERTEX_POINT('',#3843);
#3845=CARTESIAN_POINT('',(0.075000000259092,-0.020275590292088,0.052362204724409));
#3846=VERTEX_POINT('',#3845);
#3847=CARTESIAN_POINT('',(0.092716535173979,-0.02027559055118,0.052362204724409));
#3848=VECTOR('',#136,0.017716534914888);
#3849=LINE('',#3847,#3848);
#3850=EDGE_CURVE('',#3844,#3846,#3849,.T.);
#3851=ORIENTED_EDGE('',*,*,#3850,.F.);
#3852=CARTESIAN_POINT('',(0.092716535433071,0.025000000000001,0.052362204724409));
#3853=VERTEX_POINT('',#3852);
#3854=LINE('',#3852,#3733);
#3855=EDGE_CURVE('',#3853,#3844,#3854,.T.);
#3856=ORIENTED_EDGE('',*,*,#3855,.F.);
#3857=CARTESIAN_POINT('',(0.075,0.025000000000001,0.052362204724409));
#3858=VERTEX_POINT('',#3857);
#3859=LINE('',#3857,#3737);
#3860=EDGE_CURVE('',#3858,#3853,#3859,.T.);
#3861=ORIENTED_EDGE('',*,*,#3860,.F.);
#3862=CARTESIAN_POINT('',(0.075,-0.020275590292088,0.052362204724409));
#3863=LINE('',#3862,#3720);
#3864=EDGE_CURVE('',#3846,#3858,#3863,.T.);
#3865=ORIENTED_EDGE('',*,*,#3864,.F.);
#3866=EDGE_LOOP('',(#3851,#3856,#3861,#3865));
#3867=FACE_OUTER_BOUND('',#3866,.T.);
#3868=ADVANCED_FACE('',(#3867),#3842,.T.);
#3869=CARTESIAN_POINT('',(0.092716535433071,0.028346456692914,0.051377952755906));
#3870=DIRECTION('',(-0.707106278617233,0.0,-0.707107283755504));
#3871=AXIS2_PLACEMENT_3D('',#3869,#217,#3870);
#3872=CYLINDRICAL_SURFACE('',#3871,0.000984251968504);
#3873=ORIENTED_EDGE('',*,*,#3855,.T.);
#3874=CARTESIAN_POINT('',(0.093700787401575,-0.021259842519684,0.051377953035629));
#3875=VERTEX_POINT('',#3874);
#3876=CARTESIAN_POINT('',(0.092716535433071,-0.02027559055118,0.051377952755906));
#3877=DIRECTION('',(0.707106781186549,0.707106781186546,-1.094764E-047));
#3878=DIRECTION('',(-0.707106781186546,0.707106781186549,1.242141E-031));
#3879=AXIS2_PLACEMENT_3D('',#3876,#3877,#3878);
#3880=ELLIPSE('',#3879,0.001391942482651,0.000984251968504);
#3881=EDGE_CURVE('',#3844,#3875,#3880,.T.);
#3882=ORIENTED_EDGE('',*,*,#3881,.T.);
#3883=CARTESIAN_POINT('',(0.093700787401575,0.025984251968505,0.051377952895767));
#3884=VERTEX_POINT('',#3883);
#3885=CARTESIAN_POINT('',(0.093700787401575,-0.021259842519684,0.051377952755906));
#3886=LINE('',#3885,#3702);
#3887=EDGE_CURVE('',#3875,#3884,#3886,.T.);
#3888=ORIENTED_EDGE('',*,*,#3887,.T.);
#3889=CARTESIAN_POINT('',(0.092716535433071,0.025000000000001,0.051377952755906));
#3890=DIRECTION('',(-0.707106781186555,0.70710678118654,-4.379058E-047));
#3891=DIRECTION('',(-0.70710678118654,-0.707106781186555,-5.203441E-031));
#3892=AXIS2_PLACEMENT_3D('',#3889,#3890,#3891);
#3893=ELLIPSE('',#3892,0.001391942482651,0.000984251968504);
#3894=EDGE_CURVE('',#3853,#3884,#3893,.T.);
#3895=ORIENTED_EDGE('',*,*,#3894,.F.);
#3896=EDGE_LOOP('',(#3873,#3882,#3888,#3895));
#3897=FACE_OUTER_BOUND('',#3896,.T.);
#3898=ADVANCED_FACE('',(#3897),#3872,.T.);
#3899=CARTESIAN_POINT('',(0.073031496062992,0.025000000000001,0.051377952755906));
#3900=DIRECTION('',(0.0,-0.707106763079833,-0.707106799293261));
#3901=AXIS2_PLACEMENT_3D('',#3899,#72,#3900);
#3902=CYLINDRICAL_SURFACE('',#3901,0.000984251968504);
#3903=ORIENTED_EDGE('',*,*,#3860,.T.);
#3904=ORIENTED_EDGE('',*,*,#3894,.T.);
#3905=CARTESIAN_POINT('',(0.074015748031496,0.025984251968505,0.05137795303947));
#3906=VERTEX_POINT('',#3905);
#3907=CARTESIAN_POINT('',(0.093700787401575,0.025984251968505,0.051377952755906));
#3908=LINE('',#3907,#2771);
#3909=EDGE_CURVE('',#3884,#3906,#3908,.T.);
#3910=ORIENTED_EDGE('',*,*,#3909,.T.);
#3911=CARTESIAN_POINT('',(0.075,0.025000000000001,0.051377952755906));
#3912=DIRECTION('',(-0.707106781186552,-0.707106781186543,2.189529E-047));
#3913=DIRECTION('',(0.707106781186543,-0.707106781186552,-1.242141E-031));
#3914=AXIS2_PLACEMENT_3D('',#3911,#3912,#3913);
#3915=ELLIPSE('',#3914,0.001391942482651,0.000984251968504);
#3916=EDGE_CURVE('',#3858,#3906,#3915,.T.);
#3917=ORIENTED_EDGE('',*,*,#3916,.F.);
#3918=EDGE_LOOP('',(#3903,#3904,#3910,#3917));
#3919=FACE_OUTER_BOUND('',#3918,.T.);
#3920=ADVANCED_FACE('',(#3919),#3902,.T.);
#3921=CARTESIAN_POINT('',(0.075,-0.023622047244093,0.051377952755906));
#3922=DIRECTION('',(0.707106250770881,0.0,-0.707107311601816));
#3923=AXIS2_PLACEMENT_3D('',#3921,#197,#3922);
#3924=CYLINDRICAL_SURFACE('',#3923,0.000984251968504);
#3925=ORIENTED_EDGE('',*,*,#3864,.T.);
#3926=ORIENTED_EDGE('',*,*,#3916,.T.);
#3927=CARTESIAN_POINT('',(0.074015748031496,-0.021259842519684,0.051377952915148));
#3928=VERTEX_POINT('',#3927);
#3929=CARTESIAN_POINT('',(0.074015748031496,0.025984251968505,0.051377952755906));
#3930=LINE('',#3929,#3660);
#3931=EDGE_CURVE('',#3906,#3928,#3930,.T.);
#3932=ORIENTED_EDGE('',*,*,#3931,.T.);
#3933=CARTESIAN_POINT('',(0.075,-0.02027559055118,0.051377952755906));
#3934=DIRECTION('',(0.707106781186546,-0.707106781186548,0.0));
#3935=DIRECTION('',(0.707106781186548,0.707106781186546,5.203441E-031));
#3936=AXIS2_PLACEMENT_3D('',#3933,#3934,#3935);
#3937=ELLIPSE('',#3936,0.001391942482651,0.000984251968504);
#3938=EDGE_CURVE('',#3846,#3928,#3937,.T.);
#3939=ORIENTED_EDGE('',*,*,#3938,.F.);
#3940=EDGE_LOOP('',(#3925,#3926,#3932,#3939));
#3941=FACE_OUTER_BOUND('',#3940,.T.);
#3942=ADVANCED_FACE('',(#3941),#3924,.T.);
#3943=CARTESIAN_POINT('',(0.094685039370079,-0.02027559055118,0.051377952755906));
#3944=DIRECTION('',(0.0,0.707106260510506,-0.707107301862205));
#3945=AXIS2_PLACEMENT_3D('',#3943,#136,#3944);
#3946=CYLINDRICAL_SURFACE('',#3945,0.000984251968504);
#3947=ORIENTED_EDGE('',*,*,#3850,.T.);
#3948=ORIENTED_EDGE('',*,*,#3938,.T.);
#3949=CARTESIAN_POINT('',(0.074015748031496,-0.021259842519684,0.051377952755906));
#3950=LINE('',#3949,#1059);
#3951=EDGE_CURVE('',#3928,#3875,#3950,.T.);
#3952=ORIENTED_EDGE('',*,*,#3951,.T.);
#3953=ORIENTED_EDGE('',*,*,#3881,.F.);
#3954=EDGE_LOOP('',(#3947,#3948,#3952,#3953));
#3955=FACE_OUTER_BOUND('',#3954,.T.);
#3956=ADVANCED_FACE('',(#3955),#3946,.T.);
#3957=CARTESIAN_POINT('',(-0.108700787401575,-0.040944881889764,0.049458661417323));
#3958=AXIS2_PLACEMENT_3D('',#3957,#217,#135);
#3959=PLANE('',#3958);
#3960=CARTESIAN_POINT('',(-0.058267716535432,-0.040944881889764,0.049409448995756));
#3961=VERTEX_POINT('',#3960);
#3962=VECTOR('',#72,0.048031496062993);
#3963=LINE('',#2897,#3962);
#3964=EDGE_CURVE('',#2898,#3961,#3963,.T.);
#3965=ORIENTED_EDGE('',*,*,#3964,.F.);
#3966=ORIENTED_EDGE('',*,*,#2901,.F.);
#3967=ORIENTED_EDGE('',*,*,#3256,.F.);
#3968=VECTOR('',#71,0.000984252145362);
#3969=LINE('',#3248,#3968);
#3970=EDGE_CURVE('',#3249,#3961,#3969,.T.);
#3971=ORIENTED_EDGE('',*,*,#3970,.T.);
#3972=EDGE_LOOP('',(#3965,#3966,#3967,#3971));
#3973=FACE_OUTER_BOUND('',#3972,.T.);
#3974=ADVANCED_FACE('',(#3973),#3959,.T.);
#3975=CARTESIAN_POINT('',(-0.058267716535433,-0.04503937007874,0.049458661475869));
#3976=AXIS2_PLACEMENT_3D('',#3975,#72,#135);
#3977=PLANE('',#3976);
#3978=CARTESIAN_POINT('',(-0.058267716535433,0.040944881889764,0.049409448995337));
#3979=VERTEX_POINT('',#3978);
#3980=CARTESIAN_POINT('',(-0.058267716535432,-0.040944881889764,0.049409448818898));
#3981=VECTOR('',#197,0.081889763779528);
#3982=LINE('',#3980,#3981);
#3983=EDGE_CURVE('',#3961,#3979,#3982,.T.);
#3984=ORIENTED_EDGE('',*,*,#3983,.F.);
#3985=ORIENTED_EDGE('',*,*,#3970,.F.);
#3986=ORIENTED_EDGE('',*,*,#3252,.F.);
#3987=VECTOR('',#71,0.000984252144943);
#3988=LINE('',#3242,#3987);
#3989=EDGE_CURVE('',#3243,#3979,#3988,.T.);
#3990=ORIENTED_EDGE('',*,*,#3989,.T.);
#3991=EDGE_LOOP('',(#3984,#3985,#3986,#3990));
#3992=FACE_OUTER_BOUND('',#3991,.T.);
#3993=ADVANCED_FACE('',(#3992),#3977,.T.);
#3994=CARTESIAN_POINT('',(-0.108700787401575,0.040944881889763,0.048375984249181));
#3995=AXIS2_PLACEMENT_3D('',#3994,#197,#71);
#3996=PLANE('',#3995);
#3997=CARTESIAN_POINT('',(-0.058267716535433,0.040944881889764,0.049409448818898));
#3998=LINE('',#3997,#3254);
#3999=EDGE_CURVE('',#3979,#2860,#3998,.T.);
#4000=ORIENTED_EDGE('',*,*,#3999,.F.);
#4001=ORIENTED_EDGE('',*,*,#3989,.F.);
#4002=ORIENTED_EDGE('',*,*,#3246,.F.);
#4003=ORIENTED_EDGE('',*,*,#2865,.F.);
#4004=EDGE_LOOP('',(#4000,#4001,#4002,#4003));
#4005=FACE_OUTER_BOUND('',#4004,.T.);
#4006=ADVANCED_FACE('',(#4005),#3996,.T.);
#4007=CARTESIAN_POINT('',(-0.055866141732282,-0.03996062992126,0.049409448818898));
#4008=DIRECTION('',(0.0,0.707106733189538,-0.707106829183554));
#4009=AXIS2_PLACEMENT_3D('',#4007,#136,#4008);
#4010=CYLINDRICAL_SURFACE('',#4009,0.000984251968504);
#4011=ORIENTED_EDGE('',*,*,#3585,.T.);
#4012=ORIENTED_EDGE('',*,*,#2909,.T.);
#4013=ORIENTED_EDGE('',*,*,#3964,.T.);
#4014=CARTESIAN_POINT('',(-0.059251968503936,-0.03996062992126,0.049409448818898));
#4015=DIRECTION('',(0.70710678118654,0.707106781186555,-3.925231E-015));
#4016=DIRECTION('',(-0.707106781186555,0.70710678118654,3.925231E-015));
#4017=AXIS2_PLACEMENT_3D('',#4014,#4015,#4016);
#4018=ELLIPSE('',#4017,0.001391942482651,0.000984251968504);
#4019=EDGE_CURVE('',#3581,#3961,#4018,.T.);
#4020=ORIENTED_EDGE('',*,*,#4019,.F.);
#4021=EDGE_LOOP('',(#4011,#4012,#4013,#4020));
#4022=FACE_OUTER_BOUND('',#4021,.T.);
#4023=ADVANCED_FACE('',(#4022),#4010,.T.);
#4024=CARTESIAN_POINT('',(-0.059251968503937,0.04503937007874,0.049409448818898));
#4025=DIRECTION('',(-0.70710671316069,0.0,-0.707106849212398));
#4026=AXIS2_PLACEMENT_3D('',#4024,#217,#4025);
#4027=CYLINDRICAL_SURFACE('',#4026,0.000984251968504);
#4028=ORIENTED_EDGE('',*,*,#3590,.T.);
#4029=ORIENTED_EDGE('',*,*,#4019,.T.);
#4030=ORIENTED_EDGE('',*,*,#3983,.T.);
#4031=CARTESIAN_POINT('',(-0.059251968503937,0.03996062992126,0.049409448818898));
#4032=AXIS2_PLACEMENT_3D('',#4031,#1012,#3667);
#4033=ELLIPSE('',#4032,0.001391942482651,0.000984251968504);
#4034=EDGE_CURVE('',#3574,#3979,#4033,.T.);
#4035=ORIENTED_EDGE('',*,*,#4034,.F.);
#4036=EDGE_LOOP('',(#4028,#4029,#4030,#4035));
#4037=FACE_OUTER_BOUND('',#4036,.T.);
#4038=ADVANCED_FACE('',(#4037),#4027,.T.);
#4039=CARTESIAN_POINT('',(-0.108700787401576,0.039960629921259,0.049409448818898));
#4040=DIRECTION('',(0.0,-0.707106733189899,-0.707106829183192));
#4041=AXIS2_PLACEMENT_3D('',#4039,#72,#4040);
#4042=CYLINDRICAL_SURFACE('',#4041,0.000984251968504);
#4043=ORIENTED_EDGE('',*,*,#2921,.T.);
#4044=ORIENTED_EDGE('',*,*,#3577,.T.);
#4045=ORIENTED_EDGE('',*,*,#4034,.T.);
#4046=ORIENTED_EDGE('',*,*,#3999,.T.);
#4047=EDGE_LOOP('',(#4043,#4044,#4045,#4046));
#4048=FACE_OUTER_BOUND('',#4047,.T.);
#4049=ADVANCED_FACE('',(#4048),#4042,.T.);
#4050=CARTESIAN_POINT('',(0.055866141732283,0.03996062992126,0.049409448818898));
#4051=DIRECTION('',(0.0,-0.707106781186549,-0.707106781186546));
#4052=AXIS2_PLACEMENT_3D('',#4050,#72,#4051);
#4053=CYLINDRICAL_SURFACE('',#4052,0.000984251968504);
#4054=CARTESIAN_POINT('',(0.058267716535433,0.03996062992126,0.050393700787402));
#4055=VERTEX_POINT('',#4054);
#4056=CARTESIAN_POINT('',(0.058267716535433,0.03996062992126,0.049409448818898));
#4057=AXIS2_PLACEMENT_3D('',#4056,#72,#2918);
#4058=CIRCLE('',#4057,0.000984251968504);
#4059=EDGE_CURVE('',#3558,#4055,#4058,.T.);
#4060=ORIENTED_EDGE('',*,*,#4059,.T.);
#4061=LINE('',#4054,#3244);
#4062=EDGE_CURVE('',#4055,#3364,#4061,.T.);
#4063=ORIENTED_EDGE('',*,*,#4062,.T.);
#4064=ORIENTED_EDGE('',*,*,#3368,.T.);
#4065=ORIENTED_EDGE('',*,*,#3560,.T.);
#4066=EDGE_LOOP('',(#4060,#4063,#4064,#4065));
#4067=FACE_OUTER_BOUND('',#4066,.T.);
#4068=ADVANCED_FACE('',(#4067),#4053,.T.);
#4069=CARTESIAN_POINT('',(0.094685039370079,0.029429133827847,0.051377952755906));
#4070=DIRECTION('',(0.707107005705937,0.0,0.707106556667086));
#4071=AXIS2_PLACEMENT_3D('',#4069,#217,#4070);
#4072=CYLINDRICAL_SURFACE('',#4071,0.000984251968504);
#4073=ORIENTED_EDGE('',*,*,#3887,.F.);
#4074=CARTESIAN_POINT('',(0.094685039338997,-0.022244094457106,0.050393700787402));
#4075=VERTEX_POINT('',#4074);
#4076=CARTESIAN_POINT('',(0.094685039370079,-0.022244094488188,0.051377952755906));
#4077=DIRECTION('',(-0.707106781186542,-0.707106781186552,-1.368456E-048));
#4078=DIRECTION('',(-0.707106781186552,0.707106781186543,-1.503398E-032));
#4079=AXIS2_PLACEMENT_3D('',#4076,#4077,#4078);
#4080=ELLIPSE('',#4079,0.001391942482651,0.000984251968504);
#4081=EDGE_CURVE('',#3875,#4075,#4080,.T.);
#4082=ORIENTED_EDGE('',*,*,#4081,.T.);
#4083=CARTESIAN_POINT('',(0.094685039338997,0.026968503905927,0.050393700787402));
#4084=VERTEX_POINT('',#4083);
#4085=CARTESIAN_POINT('',(0.094685039370079,-0.022244094457106,0.050393700787402));
#4086=VECTOR('',#197,0.049212598363033);
#4087=LINE('',#4085,#4086);
#4088=EDGE_CURVE('',#4075,#4084,#4087,.T.);
#4089=ORIENTED_EDGE('',*,*,#4088,.T.);
#4090=CARTESIAN_POINT('',(0.094685039370079,0.026968503937009,0.051377952755906));
#4091=DIRECTION('',(0.707106781186553,-0.707106781186542,-7.006492E-046));
#4092=DIRECTION('',(-0.707106781186542,-0.707106781186553,-4.369996E-030));
#4093=AXIS2_PLACEMENT_3D('',#4090,#4091,#4092);
#4094=ELLIPSE('',#4093,0.001391942482651,0.000984251968504);
#4095=EDGE_CURVE('',#3884,#4084,#4094,.T.);
#4096=ORIENTED_EDGE('',*,*,#4095,.F.);
#4097=EDGE_LOOP('',(#4073,#4082,#4089,#4096));
#4098=FACE_OUTER_BOUND('',#4097,.T.);
#4099=ADVANCED_FACE('',(#4098),#4072,.F.);
#4100=CARTESIAN_POINT('',(0.07194881889902,0.026968503937009,0.051377952755906));
#4101=DIRECTION('',(0.0,0.707106987595841,0.707106574777194));
#4102=AXIS2_PLACEMENT_3D('',#4100,#72,#4101);
#4103=CYLINDRICAL_SURFACE('',#4102,0.000984251968504);
#4104=ORIENTED_EDGE('',*,*,#3909,.F.);
#4105=ORIENTED_EDGE('',*,*,#4095,.T.);
#4106=CARTESIAN_POINT('',(0.073031496062992,0.026968503937009,0.050393700787402));
#4107=VERTEX_POINT('',#4106);
#4108=CARTESIAN_POINT('',(0.094685039338997,0.026968503937009,0.050393700787402));
#4109=VECTOR('',#136,0.021653543276005);
#4110=LINE('',#4108,#4109);
#4111=EDGE_CURVE('',#4084,#4107,#4110,.T.);
#4112=ORIENTED_EDGE('',*,*,#4111,.T.);
#4113=CARTESIAN_POINT('',(0.073031496062992,0.026968503937009,0.051377952755906));
#4114=DIRECTION('',(0.707106781186542,0.707106781186553,-2.736911E-048));
#4115=DIRECTION('',(0.707106781186553,-0.707106781186542,1.503398E-032));
#4116=AXIS2_PLACEMENT_3D('',#4113,#4114,#4115);
#4117=ELLIPSE('',#4116,0.001391942482651,0.000984251968504);
#4118=EDGE_CURVE('',#3906,#4107,#4117,.T.);
#4119=ORIENTED_EDGE('',*,*,#4118,.F.);
#4120=EDGE_LOOP('',(#4104,#4105,#4112,#4119));
#4121=FACE_OUTER_BOUND('',#4120,.T.);
#4122=ADVANCED_FACE('',(#4121),#4103,.F.);
#4123=CARTESIAN_POINT('',(0.095767716506395,-0.022244094488188,0.051377952755906));
#4124=DIRECTION('',(0.0,-0.707107005705927,0.707106556667096));
#4125=AXIS2_PLACEMENT_3D('',#4123,#136,#4124);
#4126=CYLINDRICAL_SURFACE('',#4125,0.000984251968504);
#4127=ORIENTED_EDGE('',*,*,#3951,.F.);
#4128=CARTESIAN_POINT('',(0.073031496062992,-0.022244094488188,0.050393700787402));
#4129=VERTEX_POINT('',#4128);
#4130=CARTESIAN_POINT('',(0.073031496062992,-0.022244094488188,0.051377952755906));
#4131=DIRECTION('',(0.707106781186561,-0.707106781186534,1.368456E-048));
#4132=DIRECTION('',(-0.707106781186534,-0.707106781186561,1.503398E-032));
#4133=AXIS2_PLACEMENT_3D('',#4130,#4131,#4132);
#4134=ELLIPSE('',#4133,0.001391942482651,0.000984251968504);
#4135=EDGE_CURVE('',#4129,#3928,#4134,.T.);
#4136=ORIENTED_EDGE('',*,*,#4135,.F.);
#4137=VECTOR('',#72,0.021653543276005);
#4138=LINE('',#4128,#4137);
#4139=EDGE_CURVE('',#4129,#4075,#4138,.T.);
#4140=ORIENTED_EDGE('',*,*,#4139,.T.);
#4141=ORIENTED_EDGE('',*,*,#4081,.F.);
#4142=EDGE_LOOP('',(#4127,#4136,#4140,#4141));
#4143=FACE_OUTER_BOUND('',#4142,.T.);
#4144=ADVANCED_FACE('',(#4143),#4126,.F.);
#4145=CARTESIAN_POINT('',(0.073031496062992,-0.024704724409448,0.051377952755906));
#4146=DIRECTION('',(-0.707106987595839,0.0,0.707106574777196));
#4147=AXIS2_PLACEMENT_3D('',#4145,#197,#4146);
#4148=CYLINDRICAL_SURFACE('',#4147,0.000984251968504);
#4149=ORIENTED_EDGE('',*,*,#3931,.F.);
#4150=ORIENTED_EDGE('',*,*,#4118,.T.);
#4151=VECTOR('',#217,0.049212598425197);
#4152=LINE('',#4106,#4151);
#4153=EDGE_CURVE('',#4107,#4129,#4152,.T.);
#4154=ORIENTED_EDGE('',*,*,#4153,.T.);
#4155=ORIENTED_EDGE('',*,*,#4135,.T.);
#4156=EDGE_LOOP('',(#4149,#4150,#4154,#4155));
#4157=FACE_OUTER_BOUND('',#4156,.T.);
#4158=ADVANCED_FACE('',(#4157),#4148,.F.);
#4159=CARTESIAN_POINT('',(0.055866141732283,-0.043956692913385,0.050393700787402));
#4160=AXIS2_PLACEMENT_3D('',#4159,#71,#72);
#4161=PLANE('',#4160);
#4162=CARTESIAN_POINT('',(0.058267716535433,-0.039960629921259,0.050393700787402));
#4163=VERTEX_POINT('',#4162);
#4164=LINE('',#3370,#3274);
#4165=EDGE_CURVE('',#3371,#4163,#4164,.T.);
#4166=ORIENTED_EDGE('',*,*,#4165,.F.);
#4167=ORIENTED_EDGE('',*,*,#3374,.F.);
#4168=ORIENTED_EDGE('',*,*,#4062,.F.);
#4169=LINE('',#4162,#2913);
#4170=EDGE_CURVE('',#4163,#4055,#4169,.T.);
#4171=ORIENTED_EDGE('',*,*,#4170,.F.);
#4172=EDGE_LOOP('',(#4166,#4167,#4168,#4171));
#4173=FACE_OUTER_BOUND('',#4172,.T.);
#4174=ORIENTED_EDGE('',*,*,#4153,.F.);
#4175=ORIENTED_EDGE('',*,*,#4111,.F.);
#4176=ORIENTED_EDGE('',*,*,#4088,.F.);
#4177=ORIENTED_EDGE('',*,*,#4139,.F.);
#4178=EDGE_LOOP('',(#4174,#4175,#4176,#4177));
#4179=FACE_BOUND('',#4178,.T.);
#4180=ADVANCED_FACE('',(#4173,#4179),#4161,.T.);
#4181=CARTESIAN_POINT('',(0.058267716535433,-0.045039370078739,0.048326771653544));
#4182=AXIS2_PLACEMENT_3D('',#4181,#136,#71);
#4183=PLANE('',#4182);
#4184=CARTESIAN_POINT('',(0.058267716535433,-0.039960629921259,0.049409448818898));
#4185=AXIS2_PLACEMENT_3D('',#4184,#72,#2906);
#4186=CIRCLE('',#4185,0.000984251968504);
#4187=EDGE_CURVE('',#4163,#3542,#4186,.T.);
#4188=ORIENTED_EDGE('',*,*,#4187,.F.);
#4189=ORIENTED_EDGE('',*,*,#4170,.T.);
#4190=ORIENTED_EDGE('',*,*,#4059,.F.);
#4191=ORIENTED_EDGE('',*,*,#3565,.F.);
#4192=ORIENTED_EDGE('',*,*,#3282,.F.);
#4193=ORIENTED_EDGE('',*,*,#3547,.T.);
#4194=EDGE_LOOP('',(#4188,#4189,#4190,#4191,#4192,#4193));
#4195=FACE_OUTER_BOUND('',#4194,.T.);
#4196=ADVANCED_FACE('',(#4195),#4183,.T.);
#4197=CARTESIAN_POINT('',(0.108700787401576,-0.039960629921259,0.049409448818898));
#4198=DIRECTION('',(0.0,0.707106781186549,-0.707106781186546));
#4199=AXIS2_PLACEMENT_3D('',#4197,#136,#4198);
#4200=CYLINDRICAL_SURFACE('',#4199,0.000984251968504);
#4201=ORIENTED_EDGE('',*,*,#4187,.T.);
#4202=ORIENTED_EDGE('',*,*,#3544,.T.);
#4203=ORIENTED_EDGE('',*,*,#3381,.T.);
#4204=ORIENTED_EDGE('',*,*,#4165,.T.);
#4205=EDGE_LOOP('',(#4201,#4202,#4203,#4204));
#4206=FACE_OUTER_BOUND('',#4205,.T.);
#4207=ADVANCED_FACE('',(#4206),#4200,.T.);
#4208=CARTESIAN_POINT('',(-0.012598425196851,0.035592160607709,0.048326771653544));
#4209=AXIS2_PLACEMENT_3D('',#4208,#136,#71);
#4210=PLANE('',#4209);
#4211=CARTESIAN_POINT('',(-0.012598425196851,0.048622047244094,0.050393700787402));
#4212=VERTEX_POINT('',#4211);
#4213=CARTESIAN_POINT('',(-0.012598425196851,0.048622047244094,0.049409448818898));
#4214=AXIS2_PLACEMENT_3D('',#4213,#72,#2918);
#4215=CIRCLE('',#4214,0.000984251968504);
#4216=EDGE_CURVE('',#3524,#4212,#4215,.T.);
#4217=ORIENTED_EDGE('',*,*,#4216,.F.);
#4218=ORIENTED_EDGE('',*,*,#3533,.F.);
#4219=ORIENTED_EDGE('',*,*,#3309,.F.);
#4220=ORIENTED_EDGE('',*,*,#3410,.T.);
#4221=CARTESIAN_POINT('',(-0.012598425196851,0.036259500541275,0.050393700787402));
#4222=VERTEX_POINT('',#4221);
#4223=CARTESIAN_POINT('',(-0.012598393491398,0.036256731953166,0.049406580926918));
#4224=DIRECTION('',(-0.999999999027702,-0.000030305264848,-0.000032034154563));
#4225=DIRECTION('',(0.00003108679774,-0.99969527498606,-0.024685141363917));
#4226=AXIS2_PLACEMENT_3D('',#4223,#4224,#4225);
#4227=ELLIPSE('',#4226,0.00104320459238,0.00098708469538);
#4228=EDGE_CURVE('',#4222,#3401,#4227,.T.);
#4229=ORIENTED_EDGE('',*,*,#4228,.F.);
#4230=VECTOR('',#197,0.012362546702819);
#4231=LINE('',#4221,#4230);
#4232=EDGE_CURVE('',#4222,#4212,#4231,.T.);
#4233=ORIENTED_EDGE('',*,*,#4232,.T.);
#4234=EDGE_LOOP('',(#4217,#4218,#4219,#4220,#4229,#4233));
#4235=FACE_OUTER_BOUND('',#4234,.T.);
#4236=ADVANCED_FACE('',(#4235),#4210,.T.);
#4237=CARTESIAN_POINT('',(0.013858267716535,-0.048622047244094,0.049409448818898));
#4238=DIRECTION('',(0.0,0.707106733189543,-0.707106829183549));
#4239=AXIS2_PLACEMENT_3D('',#4237,#136,#4238);
#4240=CYLINDRICAL_SURFACE('',#4239,0.000984251968504);
#4241=ORIENTED_EDGE('',*,*,#3430,.T.);
#4242=ORIENTED_EDGE('',*,*,#3460,.T.);
#4243=CARTESIAN_POINT('',(0.011614173183807,-0.048622047199555,0.050393700787402));
#4244=VERTEX_POINT('',#4243);
#4245=CARTESIAN_POINT('',(0.011614173228346,-0.048622047244094,0.049409448818898));
#4246=DIRECTION('',(-0.707106781186547,0.707106781186547,3.572977E-032));
#4247=AXIS2_PLACEMENT_3D('',#4245,#528,#4246);
#4248=ELLIPSE('',#4247,0.001391942482651,0.000984251968504);
#4249=EDGE_CURVE('',#4244,#3457,#4248,.T.);
#4250=ORIENTED_EDGE('',*,*,#4249,.F.);
#4251=CARTESIAN_POINT('',(0.011614173183807,-0.048622047244094,0.050393700787402));
#4252=VECTOR('',#136,0.024212598380657);
#4253=LINE('',#4251,#4252);
#4254=EDGE_CURVE('',#4244,#3424,#4253,.T.);
#4255=ORIENTED_EDGE('',*,*,#4254,.T.);
#4256=EDGE_LOOP('',(#4241,#4242,#4250,#4255));
#4257=FACE_OUTER_BOUND('',#4256,.T.);
#4258=ADVANCED_FACE('',(#4257),#4240,.T.);
#4259=CARTESIAN_POINT('',(0.011614173228346,-0.018649951625712,0.049409448818898));
#4260=DIRECTION('',(-0.707106733189539,0.0,-0.707106829183553));
#4261=AXIS2_PLACEMENT_3D('',#4259,#217,#4260);
#4262=CYLINDRICAL_SURFACE('',#4261,0.000984251968504);
#4263=CARTESIAN_POINT('',(0.011614173228346,-0.03658664615902,0.050393700787402));
#4264=VERTEX_POINT('',#4263);
#4265=VECTOR('',#217,0.012035401040534);
#4266=LINE('',#4263,#4265);
#4267=EDGE_CURVE('',#4264,#4244,#4266,.T.);
#4268=ORIENTED_EDGE('',*,*,#4267,.T.);
#4269=ORIENTED_EDGE('',*,*,#4249,.T.);
#4270=ORIENTED_EDGE('',*,*,#3478,.T.);
#4271=CARTESIAN_POINT('',(0.011623450130146,-0.036593434373492,0.050393700787402));
#4272=CARTESIAN_POINT('',(0.011632728114883,-0.0366002214908,0.050393569630575));
#4273=CARTESIAN_POINT('',(0.011726614579878,-0.03666888310025,0.050390913790947));
#4274=CARTESIAN_POINT('',(0.011811228570465,-0.036730603989218,0.050377597073573));
#4275=CARTESIAN_POINT('',(0.011973989299885,-0.036849041193375,0.050329396625583));
#4276=CARTESIAN_POINT('',(0.012052440431041,-0.036905986456383,0.050295007070297));
#4277=CARTESIAN_POINT('',(0.012228132407709,-0.037033248485073,0.050187879371884));
#4278=CARTESIAN_POINT('',(0.012321561371775,-0.037100696396186,0.050105659786431));
#4279=CARTESIAN_POINT('',(0.012462679742213,-0.037202374144026,0.049919341415257));
#4280=CARTESIAN_POINT('',(0.012514600423625,-0.037239698689605,0.049822515333097));
#4281=CARTESIAN_POINT('',(0.012581556551689,-0.037287801051569,0.049617980850934));
#4282=CARTESIAN_POINT('',(0.01259842519685,-0.037299903251424,0.04951469539296));
#4283=B_SPLINE_CURVE_WITH_KNOTS('',3,(#4263,#4271,#4272,#4273,#4274,#4275,#4276,#4277,#4278,#4279,#4280,#4281,#4282,#3474),.UNSPECIFIED.,.F.,.U.,(4,2,2,2,2,2,4),(-0.004394210701883,-0.004307160564296,-0.003513164972497,-0.002739316948151,-0.001679259436127,-0.000801978894359,0.0),.UNSPECIFIED.);
#4284=EDGE_CURVE('',#4264,#3475,#4283,.T.);
#4285=ORIENTED_EDGE('',*,*,#4284,.F.);
#4286=EDGE_LOOP('',(#4268,#4269,#4270,#4285));
#4287=FACE_OUTER_BOUND('',#4286,.T.);
#4288=ADVANCED_FACE('',(#4287),#4262,.T.);
#4289=AXIS2_PLACEMENT_3D('',#3404,#135,#136);
#4290=TOROIDAL_SURFACE('',#4289,0.038385826771654,0.000984251968504);
#4291=CARTESIAN_POINT('',(0.011614173228346,0.03658664615902,0.050393700787402));
#4292=VERTEX_POINT('',#4291);
#4293=CARTESIAN_POINT('',(-2.356917E-049,-2.486689E-035,0.050393700787402));
#4294=AXIS2_PLACEMENT_3D('',#4293,#135,#72);
#4295=CIRCLE('',#4294,0.038385826771654);
#4296=EDGE_CURVE('',#4292,#4264,#4295,.T.);
#4297=ORIENTED_EDGE('',*,*,#4296,.T.);
#4298=ORIENTED_EDGE('',*,*,#4284,.T.);
#4299=ORIENTED_EDGE('',*,*,#3494,.T.);
#4300=CARTESIAN_POINT('',(0.011623450130146,0.036593434373492,0.050393700787402));
#4301=CARTESIAN_POINT('',(0.011632728114883,0.0366002214908,0.050393569630575));
#4302=CARTESIAN_POINT('',(0.011726614579878,0.03666888310025,0.050390913790947));
#4303=CARTESIAN_POINT('',(0.011811228570465,0.036730603989218,0.050377597073573));
#4304=CARTESIAN_POINT('',(0.011973989299885,0.036849041193375,0.050329396625583));
#4305=CARTESIAN_POINT('',(0.012052440431041,0.036905986456382,0.050295007070297));
#4306=CARTESIAN_POINT('',(0.012228132407709,0.037033248485073,0.050187879371884));
#4307=CARTESIAN_POINT('',(0.012321561371775,0.037100696396186,0.050105659786431));
#4308=CARTESIAN_POINT('',(0.012462679742213,0.037202374144026,0.049919341415257));
#4309=CARTESIAN_POINT('',(0.012514600423625,0.037239698689605,0.049822515333097));
#4310=CARTESIAN_POINT('',(0.012581556551689,0.037287801051569,0.049617980850934));
#4311=CARTESIAN_POINT('',(0.01259842519685,0.037299903251424,0.04951469539296));
#4312=B_SPLINE_CURVE_WITH_KNOTS('',3,(#4291,#4300,#4301,#4302,#4303,#4304,#4305,#4306,#4307,#4308,#4309,#4310,#4311,#3490),.UNSPECIFIED.,.F.,.U.,(4,2,2,2,2,2,4),(-0.00008759380174,0.0,0.000798954423035,0.001577635448714,0.002644313458831,0.003527072980832,0.004334060565456),.UNSPECIFIED.);
#4313=EDGE_CURVE('',#4292,#3491,#4312,.T.);
#4314=ORIENTED_EDGE('',*,*,#4313,.F.);
#4315=EDGE_LOOP('',(#4297,#4298,#4299,#4314));
#4316=FACE_OUTER_BOUND('',#4315,.T.);
#4317=ADVANCED_FACE('',(#4316),#4290,.T.);
#4318=CARTESIAN_POINT('',(0.011614173228346,0.050257281865277,0.049409448818898));
#4319=AXIS2_PLACEMENT_3D('',#4318,#217,#4260);
#4320=CYLINDRICAL_SURFACE('',#4319,0.000984251968504);
#4321=ORIENTED_EDGE('',*,*,#3510,.T.);
#4322=CARTESIAN_POINT('',(0.011614173183807,0.048622047199555,0.050393700787402));
#4323=VERTEX_POINT('',#4322);
#4324=CARTESIAN_POINT('',(0.011614173228346,0.048622047244094,0.049409448818898));
#4325=DIRECTION('',(-0.707106781186548,0.707106781186547,-9.813078E-016));
#4326=DIRECTION('',(-0.707106781186547,-0.707106781186548,9.813078E-016));
#4327=AXIS2_PLACEMENT_3D('',#4324,#4325,#4326);
#4328=ELLIPSE('',#4327,0.001391942482651,0.000984251968504);
#4329=EDGE_CURVE('',#4323,#3508,#4328,.T.);
#4330=ORIENTED_EDGE('',*,*,#4329,.F.);
#4331=CARTESIAN_POINT('',(0.011614173228346,0.048622047199555,0.050393700787402));
#4332=LINE('',#4331,#4265);
#4333=EDGE_CURVE('',#4323,#4292,#4332,.T.);
#4334=ORIENTED_EDGE('',*,*,#4333,.T.);
#4335=ORIENTED_EDGE('',*,*,#4313,.T.);
#4336=EDGE_LOOP('',(#4321,#4330,#4334,#4335));
#4337=FACE_OUTER_BOUND('',#4336,.T.);
#4338=ADVANCED_FACE('',(#4337),#4320,.T.);
#4339=CARTESIAN_POINT('',(-0.013858267716536,0.048622047244094,0.049409448818898));
#4340=DIRECTION('',(0.0,-0.707106733189543,-0.707106829183549));
#4341=AXIS2_PLACEMENT_3D('',#4339,#72,#4340);
#4342=CYLINDRICAL_SURFACE('',#4341,0.000984251968504);
#4343=ORIENTED_EDGE('',*,*,#4216,.T.);
#4344=VECTOR('',#72,0.024212598380658);
#4345=LINE('',#4211,#4344);
#4346=EDGE_CURVE('',#4212,#4323,#4345,.T.);
#4347=ORIENTED_EDGE('',*,*,#4346,.T.);
#4348=ORIENTED_EDGE('',*,*,#4329,.T.);
#4349=ORIENTED_EDGE('',*,*,#3528,.T.);
#4350=EDGE_LOOP('',(#4343,#4347,#4348,#4349));
#4351=FACE_OUTER_BOUND('',#4350,.T.);
#4352=ADVANCED_FACE('',(#4351),#4342,.T.);
#4353=TOROIDAL_SURFACE('',#3826,0.020669291338583,0.000984251968504);
#4354=CARTESIAN_POINT('',(0.020669291338583,2.486689E-035,0.050393700787402));
#4355=VERTEX_POINT('',#4354);
#4356=CARTESIAN_POINT('',(2.356917E-049,2.486689E-035,0.050393700787402));
#4357=AXIS2_PLACEMENT_3D('',#4356,#71,#136);
#4358=CIRCLE('',#4357,0.020669291338583);
#4359=EDGE_CURVE('',#4355,#4355,#4358,.T.);
#4360=ORIENTED_EDGE('',*,*,#4359,.T.);
#4361=EDGE_LOOP('',(#4360));
#4362=FACE_OUTER_BOUND('',#4361,.T.);
#4363=ORIENTED_EDGE('',*,*,#3835,.F.);
#4364=EDGE_LOOP('',(#4363));
#4365=FACE_BOUND('',#4364,.T.);
#4366=ADVANCED_FACE('',(#4362,#4365),#4353,.F.);
#4367=CARTESIAN_POINT('',(-0.042224409448819,-0.053484251968503,0.050393700787402));
#4368=AXIS2_PLACEMENT_3D('',#4367,#71,#72);
#4369=PLANE('',#4368);
#4370=ORIENTED_EDGE('',*,*,#4232,.F.);
#4371=AXIS2_PLACEMENT_3D('',#4293,#135,#136);
#4372=CIRCLE('',#4371,0.038385826771654);
#4373=EDGE_CURVE('',#3433,#4222,#4372,.T.);
#4374=ORIENTED_EDGE('',*,*,#4373,.F.);
#4375=ORIENTED_EDGE('',*,*,#3436,.F.);
#4376=ORIENTED_EDGE('',*,*,#4254,.F.);
#4377=ORIENTED_EDGE('',*,*,#4267,.F.);
#4378=ORIENTED_EDGE('',*,*,#4296,.F.);
#4379=ORIENTED_EDGE('',*,*,#4333,.F.);
#4380=ORIENTED_EDGE('',*,*,#4346,.F.);
#4381=EDGE_LOOP('',(#4370,#4374,#4375,#4376,#4377,#4378,#4379,#4380));
#4382=FACE_OUTER_BOUND('',#4381,.T.);
#4383=ORIENTED_EDGE('',*,*,#4359,.F.);
#4384=EDGE_LOOP('',(#4383));
#4385=FACE_BOUND('',#4384,.T.);
#4386=ADVANCED_FACE('',(#4382,#4385),#4369,.T.);
#4387=ORIENTED_EDGE('',*,*,#3443,.T.);
#4388=ORIENTED_EDGE('',*,*,#4373,.T.);
#4389=ORIENTED_EDGE('',*,*,#4228,.T.);
#4390=ORIENTED_EDGE('',*,*,#3407,.T.);
#4391=EDGE_LOOP('',(#4387,#4388,#4389,#4390));
#4392=FACE_OUTER_BOUND('',#4391,.T.);
#4393=ADVANCED_FACE('',(#4392),#4290,.T.);
#4394=CARTESIAN_POINT('',(0.116929133858267,0.116929133858269,0.11496062992126));
#4395=AXIS2_PLACEMENT_3D('',#4394,#71,#72);
#4396=PLANE('',#4395);
#4397=ORIENTED_EDGE('',*,*,#3042,.T.);
#4398=ORIENTED_EDGE('',*,*,#3021,.T.);
#4399=ORIENTED_EDGE('',*,*,#2996,.T.);
#4400=ORIENTED_EDGE('',*,*,#2883,.T.);
#4401=ORIENTED_EDGE('',*,*,#3128,.T.);
#4402=ORIENTED_EDGE('',*,*,#3150,.T.);
#4403=ORIENTED_EDGE('',*,*,#3169,.T.);
#4404=ORIENTED_EDGE('',*,*,#2949,.T.);
#4405=ORIENTED_EDGE('',*,*,#3108,.T.);
#4406=ORIENTED_EDGE('',*,*,#3090,.T.);
#4407=ORIENTED_EDGE('',*,*,#3068,.T.);
#4408=ORIENTED_EDGE('',*,*,#3390,.T.);
#4409=ORIENTED_EDGE('',*,*,#3231,.T.);
#4410=ORIENTED_EDGE('',*,*,#3211,.T.);
#4411=ORIENTED_EDGE('',*,*,#3189,.T.);
#4412=ORIENTED_EDGE('',*,*,#2977,.T.);
#4413=EDGE_LOOP('',(#4397,#4398,#4399,#4400,#4401,#4402,#4403,#4404,#4405,#4406,#4407,#4408,#4409,#4410,#4411,#4412));
#4414=FACE_OUTER_BOUND('',#4413,.T.);
#4415=CARTESIAN_POINT('',(0.098425196850394,-3.616083E-017,0.11496062992126));
#4416=VERTEX_POINT('',#4415);
#4417=AXIS2_PLACEMENT_3D('',#150,#71,#136);
#4418=CIRCLE('',#4417,0.098425196850394);
#4419=EDGE_CURVE('',#4416,#4416,#4418,.T.);
#4420=ORIENTED_EDGE('',*,*,#4419,.T.);
#4421=EDGE_LOOP('',(#4420));
#4422=FACE_BOUND('',#4421,.T.);
#4423=ADVANCED_FACE('',(#4414,#4422),#4396,.F.);
#4424=CARTESIAN_POINT('',(0.108267716535434,-0.108267716535433,0.092913385826772));
#4425=AXIS2_PLACEMENT_3D('',#4424,#135,#136);
#4426=PLANE('',#4425);
#4427=CARTESIAN_POINT('',(0.098425196850394,-3.616083E-017,0.092913385826772));
#4428=VERTEX_POINT('',#4427);
#4429=CARTESIAN_POINT('',(1.748383E-016,5.882516E-032,0.092913385826772));
#4430=AXIS2_PLACEMENT_3D('',#4429,#135,#136);
#4431=CIRCLE('',#4430,0.098425196850394);
#4432=EDGE_CURVE('',#4428,#4428,#4431,.T.);
#4433=ORIENTED_EDGE('',*,*,#4432,.T.);
#4434=EDGE_LOOP('',(#4433));
#4435=FACE_OUTER_BOUND('',#4434,.T.);
#4436=CARTESIAN_POINT('',(0.032562440394292,-2.345657E-016,0.092913385826777));
#4437=VERTEX_POINT('',#4436);
#4438=CARTESIAN_POINT('',(1.740878E-016,5.887111E-032,0.092913385826772));
#4439=AXIS2_PLACEMENT_3D('',#4438,#71,#136);
#4440=CIRCLE('',#4439,0.03256244039429);
#4441=EDGE_CURVE('',#4437,#4437,#4440,.T.);
#4442=ORIENTED_EDGE('',*,*,#4441,.T.);
#4443=EDGE_LOOP('',(#4442));
#4444=FACE_BOUND('',#4443,.T.);
#4445=CARTESIAN_POINT('',(-0.050244689262225,-0.005905511811024,0.092913385826772));
#4446=VERTEX_POINT('',#4445);
#4447=CARTESIAN_POINT('',(-0.005905511811023,-0.050244689262226,0.092913385826772));
#4448=VERTEX_POINT('',#4447);
#4449=DIRECTION('',(0.116731517509728,0.993163507595741,0.0));
#4450=AXIS2_PLACEMENT_3D('',#4429,#71,#4449);
#4451=CIRCLE('',#4450,0.050590551181102);
#4452=EDGE_CURVE('',#4446,#4448,#4451,.T.);
#4453=ORIENTED_EDGE('',*,*,#4452,.T.);
#4454=CARTESIAN_POINT('',(-0.005905511811023,-0.033938857577887,0.092913385826772));
#4455=VERTEX_POINT('',#4454);
#4456=VECTOR('',#197,0.016305831684339);
#4457=LINE('',#4447,#4456);
#4458=EDGE_CURVE('',#4448,#4455,#4457,.T.);
#4459=ORIENTED_EDGE('',*,*,#4458,.T.);
#4460=CARTESIAN_POINT('',(-0.033938857577887,-0.005905511811024,0.092913385826772));
#4461=VERTEX_POINT('',#4460);
#4462=DIRECTION('',(-0.171428571428571,-0.98519655140381,0.0));
#4463=AXIS2_PLACEMENT_3D('',#4429,#135,#4462);
#4464=CIRCLE('',#4463,0.034448818897638);
#4465=EDGE_CURVE('',#4455,#4461,#4464,.T.);
#4466=ORIENTED_EDGE('',*,*,#4465,.T.);
#4467=VECTOR('',#136,0.016305831684338);
#4468=LINE('',#4460,#4467);
#4469=EDGE_CURVE('',#4461,#4446,#4468,.T.);
#4470=ORIENTED_EDGE('',*,*,#4469,.T.);
#4471=EDGE_LOOP('',(#4453,#4459,#4466,#4470));
#4472=FACE_BOUND('',#4471,.T.);
#4473=CARTESIAN_POINT('',(0.033938857577887,-0.005905511811024,0.092913385826772));
#4474=VERTEX_POINT('',#4473);
#4475=CARTESIAN_POINT('',(0.005905511811024,-0.033938857577887,0.092913385826772));
#4476=VERTEX_POINT('',#4475);
#4477=DIRECTION('',(-0.98519655140381,0.171428571428571,0.0));
#4478=AXIS2_PLACEMENT_3D('',#4429,#135,#4477);
#4479=CIRCLE('',#4478,0.034448818897638);
#4480=EDGE_CURVE('',#4474,#4476,#4479,.T.);
#4481=ORIENTED_EDGE('',*,*,#4480,.T.);
#4482=CARTESIAN_POINT('',(0.005905511811024,-0.050244689262226,0.092913385826772));
#4483=VERTEX_POINT('',#4482);
#4484=VECTOR('',#217,0.016305831684339);
#4485=LINE('',#4475,#4484);
#4486=EDGE_CURVE('',#4476,#4483,#4485,.T.);
#4487=ORIENTED_EDGE('',*,*,#4486,.T.);
#4488=CARTESIAN_POINT('',(0.050244689262226,-0.005905511811024,0.092913385826772));
#4489=VERTEX_POINT('',#4488);
#4490=DIRECTION('',(0.993163507595741,-0.116731517509728,0.0));
#4491=AXIS2_PLACEMENT_3D('',#4429,#71,#4490);
#4492=CIRCLE('',#4491,0.050590551181102);
#4493=EDGE_CURVE('',#4483,#4489,#4492,.T.);
#4494=ORIENTED_EDGE('',*,*,#4493,.T.);
#4495=VECTOR('',#136,0.016305831684339);
#4496=LINE('',#4488,#4495);
#4497=EDGE_CURVE('',#4489,#4474,#4496,.T.);
#4498=ORIENTED_EDGE('',*,*,#4497,.T.);
#4499=EDGE_LOOP('',(#4481,#4487,#4494,#4498));
#4500=FACE_BOUND('',#4499,.T.);
#4501=CARTESIAN_POINT('',(0.050244689262226,0.005905511811024,0.092913385826772));
#4502=VERTEX_POINT('',#4501);
#4503=CARTESIAN_POINT('',(0.005905511811024,0.050244689262226,0.092913385826772));
#4504=VERTEX_POINT('',#4503);
#4505=DIRECTION('',(-0.116731517509728,-0.993163507595741,0.0));
#4506=AXIS2_PLACEMENT_3D('',#4429,#71,#4505);
#4507=CIRCLE('',#4506,0.050590551181102);
#4508=EDGE_CURVE('',#4502,#4504,#4507,.T.);
#4509=ORIENTED_EDGE('',*,*,#4508,.T.);
#4510=CARTESIAN_POINT('',(0.005905511811024,0.033938857577887,0.092913385826772));
#4511=VERTEX_POINT('',#4510);
#4512=LINE('',#4503,#4484);
#4513=EDGE_CURVE('',#4504,#4511,#4512,.T.);
#4514=ORIENTED_EDGE('',*,*,#4513,.T.);
#4515=CARTESIAN_POINT('',(0.033938857577887,0.005905511811024,0.092913385826772));
#4516=VERTEX_POINT('',#4515);
#4517=DIRECTION('',(0.171428571428571,0.98519655140381,0.0));
#4518=AXIS2_PLACEMENT_3D('',#4429,#135,#4517);
#4519=CIRCLE('',#4518,0.034448818897638);
#4520=EDGE_CURVE('',#4511,#4516,#4519,.T.);
#4521=ORIENTED_EDGE('',*,*,#4520,.T.);
#4522=VECTOR('',#72,0.016305831684339);
#4523=LINE('',#4515,#4522);
#4524=EDGE_CURVE('',#4516,#4502,#4523,.T.);
#4525=ORIENTED_EDGE('',*,*,#4524,.T.);
#4526=EDGE_LOOP('',(#4509,#4514,#4521,#4525));
#4527=FACE_BOUND('',#4526,.T.);
#4528=CARTESIAN_POINT('',(-0.033938857577887,0.005905511811024,0.092913385826772));
#4529=VERTEX_POINT('',#4528);
#4530=CARTESIAN_POINT('',(-0.005905511811023,0.033938857577887,0.092913385826772));
#4531=VERTEX_POINT('',#4530);
#4532=DIRECTION('',(0.98519655140381,-0.171428571428571,0.0));
#4533=AXIS2_PLACEMENT_3D('',#4429,#135,#4532);
#4534=CIRCLE('',#4533,0.034448818897638);
#4535=EDGE_CURVE('',#4529,#4531,#4534,.T.);
#4536=ORIENTED_EDGE('',*,*,#4535,.T.);
#4537=CARTESIAN_POINT('',(-0.005905511811023,0.050244689262226,0.092913385826772));
#4538=VERTEX_POINT('',#4537);
#4539=LINE('',#4530,#4456);
#4540=EDGE_CURVE('',#4531,#4538,#4539,.T.);
#4541=ORIENTED_EDGE('',*,*,#4540,.T.);
#4542=CARTESIAN_POINT('',(-0.050244689262225,0.005905511811024,0.092913385826772));
#4543=VERTEX_POINT('',#4542);
#4544=DIRECTION('',(-0.993163507595741,0.116731517509728,0.0));
#4545=AXIS2_PLACEMENT_3D('',#4429,#71,#4544);
#4546=CIRCLE('',#4545,0.050590551181102);
#4547=EDGE_CURVE('',#4538,#4543,#4546,.T.);
#4548=ORIENTED_EDGE('',*,*,#4547,.T.);
#4549=VECTOR('',#72,0.016305831684338);
#4550=LINE('',#4542,#4549);
#4551=EDGE_CURVE('',#4543,#4529,#4550,.T.);
#4552=ORIENTED_EDGE('',*,*,#4551,.T.);
#4553=EDGE_LOOP('',(#4536,#4541,#4548,#4552));
#4554=FACE_BOUND('',#4553,.T.);
#4555=ADVANCED_FACE('',(#4435,#4444,#4472,#4500,#4527,#4554),#4426,.T.);
#4556=CARTESIAN_POINT('',(1.748383E-016,5.882516E-032,0.091811023622048));
#4557=AXIS2_PLACEMENT_3D('',#4556,#71,#72);
#4558=CYLINDRICAL_SURFACE('',#4557,0.098425196850394);
#4559=ORIENTED_EDGE('',*,*,#4432,.F.);
#4560=EDGE_LOOP('',(#4559));
#4561=FACE_OUTER_BOUND('',#4560,.T.);
#4562=ORIENTED_EDGE('',*,*,#4419,.F.);
#4563=EDGE_LOOP('',(#4562));
#4564=FACE_BOUND('',#4563,.T.);
#4565=ADVANCED_FACE('',(#4561,#4564),#4558,.T.);
#4566=CARTESIAN_POINT('',(-0.052461648134785,0.003688552938463,0.102755905511811));
#4567=AXIS2_PLACEMENT_3D('',#4566,#71,#72);
#4568=PLANE('',#4567);
#4569=CARTESIAN_POINT('',(-0.005905511811023,0.033938857577887,0.102755905511811));
#4570=VERTEX_POINT('',#4569);
#4571=CARTESIAN_POINT('',(-0.033938857577887,0.005905511811024,0.102755905511811));
#4572=VERTEX_POINT('',#4571);
#4573=CARTESIAN_POINT('',(1.748383E-016,5.882516E-032,0.102755905511811));
#4574=AXIS2_PLACEMENT_3D('',#4573,#71,#4532);
#4575=CIRCLE('',#4574,0.034448818897638);
#4576=EDGE_CURVE('',#4570,#4572,#4575,.T.);
#4577=ORIENTED_EDGE('',*,*,#4576,.T.);
#4578=CARTESIAN_POINT('',(-0.050244689262225,0.005905511811024,0.102755905511811));
#4579=VERTEX_POINT('',#4578);
#4580=LINE('',#4571,#4467);
#4581=EDGE_CURVE('',#4572,#4579,#4580,.T.);
#4582=ORIENTED_EDGE('',*,*,#4581,.T.);
#4583=CARTESIAN_POINT('',(-0.005905511811023,0.050244689262226,0.102755905511811));
#4584=VERTEX_POINT('',#4583);
#4585=AXIS2_PLACEMENT_3D('',#4573,#135,#4544);
#4586=CIRCLE('',#4585,0.050590551181102);
#4587=EDGE_CURVE('',#4579,#4584,#4586,.T.);
#4588=ORIENTED_EDGE('',*,*,#4587,.T.);
#4589=LINE('',#4583,#4484);
#4590=EDGE_CURVE('',#4584,#4570,#4589,.T.);
#4591=ORIENTED_EDGE('',*,*,#4590,.T.);
#4592=EDGE_LOOP('',(#4577,#4582,#4588,#4591));
#4593=FACE_OUTER_BOUND('',#4592,.T.);
#4594=ADVANCED_FACE('',(#4593),#4568,.F.);
#4595=CARTESIAN_POINT('',(-0.005905511811023,0.03312356599367,0.103248031496063));
#4596=AXIS2_PLACEMENT_3D('',#4595,#72,#135);
#4597=PLANE('',#4596);
#4598=ORIENTED_EDGE('',*,*,#4590,.F.);
#4599=VECTOR('',#71,0.009842519685039);
#4600=LINE('',#4537,#4599);
#4601=EDGE_CURVE('',#4538,#4584,#4600,.T.);
#4602=ORIENTED_EDGE('',*,*,#4601,.F.);
#4603=ORIENTED_EDGE('',*,*,#4540,.F.);
#4604=LINE('',#4530,#4599);
#4605=EDGE_CURVE('',#4531,#4570,#4604,.T.);
#4606=ORIENTED_EDGE('',*,*,#4605,.T.);
#4607=EDGE_LOOP('',(#4598,#4602,#4603,#4606));
#4608=FACE_OUTER_BOUND('',#4607,.T.);
#4609=ADVANCED_FACE('',(#4608),#4597,.F.);
#4610=CARTESIAN_POINT('',(1.748383E-016,6.162976E-032,0.09242125984252));
#4611=DIRECTION('',(0.707106781186544,-0.707106781186551,0.0));
#4612=AXIS2_PLACEMENT_3D('',#4610,#71,#4611);
#4613=CYLINDRICAL_SURFACE('',#4612,0.050590551181102);
#4614=ORIENTED_EDGE('',*,*,#4587,.F.);
#4615=LINE('',#4542,#4599);
#4616=EDGE_CURVE('',#4543,#4579,#4615,.T.);
#4617=ORIENTED_EDGE('',*,*,#4616,.F.);
#4618=ORIENTED_EDGE('',*,*,#4547,.F.);
#4619=ORIENTED_EDGE('',*,*,#4601,.T.);
#4620=EDGE_LOOP('',(#4614,#4617,#4618,#4619));
#4621=FACE_OUTER_BOUND('',#4620,.T.);
#4622=ADVANCED_FACE('',(#4621),#4613,.F.);
#4623=CARTESIAN_POINT('',(-0.051059980846442,0.005905511811024,0.103248031496063));
#4624=AXIS2_PLACEMENT_3D('',#4623,#217,#135);
#4625=PLANE('',#4624);
#4626=ORIENTED_EDGE('',*,*,#4581,.F.);
#4627=LINE('',#4528,#4599);
#4628=EDGE_CURVE('',#4529,#4572,#4627,.T.);
#4629=ORIENTED_EDGE('',*,*,#4628,.F.);
#4630=ORIENTED_EDGE('',*,*,#4551,.F.);
#4631=ORIENTED_EDGE('',*,*,#4616,.T.);
#4632=EDGE_LOOP('',(#4626,#4629,#4630,#4631));
#4633=FACE_OUTER_BOUND('',#4632,.T.);
#4634=ADVANCED_FACE('',(#4633),#4625,.F.);
#4635=CARTESIAN_POINT('',(1.748383E-016,5.882516E-032,0.09242125984252));
#4636=AXIS2_PLACEMENT_3D('',#4635,#71,#4532);
#4637=CYLINDRICAL_SURFACE('',#4636,0.034448818897638);
#4638=ORIENTED_EDGE('',*,*,#4576,.F.);
#4639=ORIENTED_EDGE('',*,*,#4605,.F.);
#4640=ORIENTED_EDGE('',*,*,#4535,.F.);
#4641=ORIENTED_EDGE('',*,*,#4628,.T.);
#4642=EDGE_LOOP('',(#4638,#4639,#4640,#4641));
#4643=FACE_OUTER_BOUND('',#4642,.T.);
#4644=ADVANCED_FACE('',(#4643),#4637,.T.);
#4645=CARTESIAN_POINT('',(0.003688552938464,0.003688552938464,0.102755905511811));
#4646=AXIS2_PLACEMENT_3D('',#4645,#71,#72);
#4647=PLANE('',#4646);
#4648=CARTESIAN_POINT('',(0.005905511811024,0.050244689262226,0.102755905511811));
#4649=VERTEX_POINT('',#4648);
#4650=CARTESIAN_POINT('',(0.050244689262226,0.005905511811024,0.102755905511811));
#4651=VERTEX_POINT('',#4650);
#4652=AXIS2_PLACEMENT_3D('',#4573,#135,#4505);
#4653=CIRCLE('',#4652,0.050590551181102);
#4654=EDGE_CURVE('',#4649,#4651,#4653,.T.);
#4655=ORIENTED_EDGE('',*,*,#4654,.T.);
#4656=CARTESIAN_POINT('',(0.033938857577887,0.005905511811024,0.102755905511811));
#4657=VERTEX_POINT('',#4656);
#4658=LINE('',#4650,#4495);
#4659=EDGE_CURVE('',#4651,#4657,#4658,.T.);
#4660=ORIENTED_EDGE('',*,*,#4659,.T.);
#4661=CARTESIAN_POINT('',(0.005905511811024,0.033938857577887,0.102755905511811));
#4662=VERTEX_POINT('',#4661);
#4663=AXIS2_PLACEMENT_3D('',#4573,#71,#4517);
#4664=CIRCLE('',#4663,0.034448818897638);
#4665=EDGE_CURVE('',#4657,#4662,#4664,.T.);
#4666=ORIENTED_EDGE('',*,*,#4665,.T.);
#4667=LINE('',#4661,#4456);
#4668=EDGE_CURVE('',#4662,#4649,#4667,.T.);
#4669=ORIENTED_EDGE('',*,*,#4668,.T.);
#4670=EDGE_LOOP('',(#4655,#4660,#4666,#4669));
#4671=FACE_OUTER_BOUND('',#4670,.T.);
#4672=ADVANCED_FACE('',(#4671),#4647,.F.);
#4673=CARTESIAN_POINT('',(0.005905511811024,0.03312356599367,0.09242125984252));
#4674=AXIS2_PLACEMENT_3D('',#4673,#136,#71);
#4675=PLANE('',#4674);
#4676=ORIENTED_EDGE('',*,*,#4668,.F.);
#4677=LINE('',#4510,#4599);
#4678=EDGE_CURVE('',#4511,#4662,#4677,.T.);
#4679=ORIENTED_EDGE('',*,*,#4678,.F.);
#4680=ORIENTED_EDGE('',*,*,#4513,.F.);
#4681=LINE('',#4503,#4599);
#4682=EDGE_CURVE('',#4504,#4649,#4681,.T.);
#4683=ORIENTED_EDGE('',*,*,#4682,.T.);
#4684=EDGE_LOOP('',(#4676,#4679,#4680,#4683));
#4685=FACE_OUTER_BOUND('',#4684,.T.);
#4686=ADVANCED_FACE('',(#4685),#4675,.F.);
#4687=DIRECTION('',(-0.707106781186543,-0.707106781186552,0.0));
#4688=AXIS2_PLACEMENT_3D('',#4610,#71,#4687);
#4689=CYLINDRICAL_SURFACE('',#4688,0.034448818897638);
#4690=ORIENTED_EDGE('',*,*,#4665,.F.);
#4691=LINE('',#4515,#4599);
#4692=EDGE_CURVE('',#4516,#4657,#4691,.T.);
#4693=ORIENTED_EDGE('',*,*,#4692,.F.);
#4694=ORIENTED_EDGE('',*,*,#4520,.F.);
#4695=ORIENTED_EDGE('',*,*,#4678,.T.);
#4696=EDGE_LOOP('',(#4690,#4693,#4694,#4695));
#4697=FACE_OUTER_BOUND('',#4696,.T.);
#4698=ADVANCED_FACE('',(#4697),#4689,.T.);
#4699=CARTESIAN_POINT('',(0.03312356599367,0.005905511811024,0.103248031496063));
#4700=AXIS2_PLACEMENT_3D('',#4699,#217,#135);
#4701=PLANE('',#4700);
#4702=ORIENTED_EDGE('',*,*,#4659,.F.);
#4703=LINE('',#4501,#4599);
#4704=EDGE_CURVE('',#4502,#4651,#4703,.T.);
#4705=ORIENTED_EDGE('',*,*,#4704,.F.);
#4706=ORIENTED_EDGE('',*,*,#4524,.F.);
#4707=ORIENTED_EDGE('',*,*,#4692,.T.);
#4708=EDGE_LOOP('',(#4702,#4705,#4706,#4707));
#4709=FACE_OUTER_BOUND('',#4708,.T.);
#4710=ADVANCED_FACE('',(#4709),#4701,.F.);
#4711=AXIS2_PLACEMENT_3D('',#4635,#71,#4505);
#4712=CYLINDRICAL_SURFACE('',#4711,0.050590551181102);
#4713=ORIENTED_EDGE('',*,*,#4654,.F.);
#4714=ORIENTED_EDGE('',*,*,#4682,.F.);
#4715=ORIENTED_EDGE('',*,*,#4508,.F.);
#4716=ORIENTED_EDGE('',*,*,#4704,.T.);
#4717=EDGE_LOOP('',(#4713,#4714,#4715,#4716));
#4718=FACE_OUTER_BOUND('',#4717,.T.);
#4719=ADVANCED_FACE('',(#4718),#4712,.F.);
#4720=CARTESIAN_POINT('',(0.003688552938464,-0.052461648134786,0.102755905511811));
#4721=AXIS2_PLACEMENT_3D('',#4720,#71,#72);
#4722=PLANE('',#4721);
#4723=CARTESIAN_POINT('',(0.005905511811024,-0.033938857577887,0.102755905511811));
#4724=VERTEX_POINT('',#4723);
#4725=CARTESIAN_POINT('',(0.033938857577887,-0.005905511811024,0.102755905511811));
#4726=VERTEX_POINT('',#4725);
#4727=AXIS2_PLACEMENT_3D('',#4573,#71,#4477);
#4728=CIRCLE('',#4727,0.034448818897638);
#4729=EDGE_CURVE('',#4724,#4726,#4728,.T.);
#4730=ORIENTED_EDGE('',*,*,#4729,.T.);
#4731=CARTESIAN_POINT('',(0.050244689262226,-0.005905511811024,0.102755905511811));
#4732=VERTEX_POINT('',#4731);
#4733=LINE('',#4725,#4522);
#4734=EDGE_CURVE('',#4726,#4732,#4733,.T.);
#4735=ORIENTED_EDGE('',*,*,#4734,.T.);
#4736=CARTESIAN_POINT('',(0.005905511811024,-0.050244689262226,0.102755905511811));
#4737=VERTEX_POINT('',#4736);
#4738=AXIS2_PLACEMENT_3D('',#4573,#135,#4490);
#4739=CIRCLE('',#4738,0.050590551181102);
#4740=EDGE_CURVE('',#4732,#4737,#4739,.T.);
#4741=ORIENTED_EDGE('',*,*,#4740,.T.);
#4742=LINE('',#4736,#4456);
#4743=EDGE_CURVE('',#4737,#4724,#4742,.T.);
#4744=ORIENTED_EDGE('',*,*,#4743,.T.);
#4745=EDGE_LOOP('',(#4730,#4735,#4741,#4744));
#4746=FACE_OUTER_BOUND('',#4745,.T.);
#4747=ADVANCED_FACE('',(#4746),#4722,.F.);
#4748=CARTESIAN_POINT('',(0.005905511811024,-0.051059980846443,0.09242125984252));
#4749=AXIS2_PLACEMENT_3D('',#4748,#136,#71);
#4750=PLANE('',#4749);
#4751=ORIENTED_EDGE('',*,*,#4743,.F.);
#4752=LINE('',#4482,#4599);
#4753=EDGE_CURVE('',#4483,#4737,#4752,.T.);
#4754=ORIENTED_EDGE('',*,*,#4753,.F.);
#4755=ORIENTED_EDGE('',*,*,#4486,.F.);
#4756=LINE('',#4475,#4599);
#4757=EDGE_CURVE('',#4476,#4724,#4756,.T.);
#4758=ORIENTED_EDGE('',*,*,#4757,.T.);
#4759=EDGE_LOOP('',(#4751,#4754,#4755,#4758));
#4760=FACE_OUTER_BOUND('',#4759,.T.);
#4761=ADVANCED_FACE('',(#4760),#4750,.F.);
#4762=AXIS2_PLACEMENT_3D('',#4610,#71,#543);
#4763=CYLINDRICAL_SURFACE('',#4762,0.050590551181102);
#4764=ORIENTED_EDGE('',*,*,#4740,.F.);
#4765=LINE('',#4488,#4599);
#4766=EDGE_CURVE('',#4489,#4732,#4765,.T.);
#4767=ORIENTED_EDGE('',*,*,#4766,.F.);
#4768=ORIENTED_EDGE('',*,*,#4493,.F.);
#4769=ORIENTED_EDGE('',*,*,#4753,.T.);
#4770=EDGE_LOOP('',(#4764,#4767,#4768,#4769));
#4771=FACE_OUTER_BOUND('',#4770,.T.);
#4772=ADVANCED_FACE('',(#4771),#4763,.F.);
#4773=CARTESIAN_POINT('',(0.03312356599367,-0.005905511811024,0.09242125984252));
#4774=AXIS2_PLACEMENT_3D('',#4773,#197,#71);
#4775=PLANE('',#4774);
#4776=ORIENTED_EDGE('',*,*,#4734,.F.);
#4777=LINE('',#4473,#4599);
#4778=EDGE_CURVE('',#4474,#4726,#4777,.T.);
#4779=ORIENTED_EDGE('',*,*,#4778,.F.);
#4780=ORIENTED_EDGE('',*,*,#4497,.F.);
#4781=ORIENTED_EDGE('',*,*,#4766,.T.);
#4782=EDGE_LOOP('',(#4776,#4779,#4780,#4781));
#4783=FACE_OUTER_BOUND('',#4782,.T.);
#4784=ADVANCED_FACE('',(#4783),#4775,.F.);
#4785=AXIS2_PLACEMENT_3D('',#4635,#71,#4477);
#4786=CYLINDRICAL_SURFACE('',#4785,0.034448818897638);
#4787=ORIENTED_EDGE('',*,*,#4729,.F.);
#4788=ORIENTED_EDGE('',*,*,#4757,.F.);
#4789=ORIENTED_EDGE('',*,*,#4480,.F.);
#4790=ORIENTED_EDGE('',*,*,#4778,.T.);
#4791=EDGE_LOOP('',(#4787,#4788,#4789,#4790));
#4792=FACE_OUTER_BOUND('',#4791,.T.);
#4793=ADVANCED_FACE('',(#4792),#4786,.T.);
#4794=CARTESIAN_POINT('',(-0.052461648134785,-0.052461648134786,0.102755905511811));
#4795=AXIS2_PLACEMENT_3D('',#4794,#71,#72);
#4796=PLANE('',#4795);
#4797=CARTESIAN_POINT('',(-0.005905511811023,-0.050244689262226,0.102755905511811));
#4798=VERTEX_POINT('',#4797);
#4799=CARTESIAN_POINT('',(-0.050244689262225,-0.005905511811024,0.102755905511811));
#4800=VERTEX_POINT('',#4799);
#4801=AXIS2_PLACEMENT_3D('',#4573,#135,#4449);
#4802=CIRCLE('',#4801,0.050590551181102);
#4803=EDGE_CURVE('',#4798,#4800,#4802,.T.);
#4804=ORIENTED_EDGE('',*,*,#4803,.T.);
#4805=CARTESIAN_POINT('',(-0.033938857577887,-0.005905511811024,0.102755905511811));
#4806=VERTEX_POINT('',#4805);
#4807=LINE('',#4799,#4549);
#4808=EDGE_CURVE('',#4800,#4806,#4807,.T.);
#4809=ORIENTED_EDGE('',*,*,#4808,.T.);
#4810=CARTESIAN_POINT('',(-0.005905511811023,-0.033938857577887,0.102755905511811));
#4811=VERTEX_POINT('',#4810);
#4812=AXIS2_PLACEMENT_3D('',#4573,#71,#4462);
#4813=CIRCLE('',#4812,0.034448818897638);
#4814=EDGE_CURVE('',#4806,#4811,#4813,.T.);
#4815=ORIENTED_EDGE('',*,*,#4814,.T.);
#4816=LINE('',#4810,#4484);
#4817=EDGE_CURVE('',#4811,#4798,#4816,.T.);
#4818=ORIENTED_EDGE('',*,*,#4817,.T.);
#4819=EDGE_LOOP('',(#4804,#4809,#4815,#4818));
#4820=FACE_OUTER_BOUND('',#4819,.T.);
#4821=ADVANCED_FACE('',(#4820),#4796,.F.);
#4822=CARTESIAN_POINT('',(-0.005905511811023,-0.051059980846443,0.103248031496063));
#4823=AXIS2_PLACEMENT_3D('',#4822,#72,#135);
#4824=PLANE('',#4823);
#4825=ORIENTED_EDGE('',*,*,#4817,.F.);
#4826=LINE('',#4454,#4599);
#4827=EDGE_CURVE('',#4455,#4811,#4826,.T.);
#4828=ORIENTED_EDGE('',*,*,#4827,.F.);
#4829=ORIENTED_EDGE('',*,*,#4458,.F.);
#4830=LINE('',#4447,#4599);
#4831=EDGE_CURVE('',#4448,#4798,#4830,.T.);
#4832=ORIENTED_EDGE('',*,*,#4831,.T.);
#4833=EDGE_LOOP('',(#4825,#4828,#4829,#4832));
#4834=FACE_OUTER_BOUND('',#4833,.T.);
#4835=ADVANCED_FACE('',(#4834),#4824,.F.);
#4836=DIRECTION('',(0.707106781186544,0.707106781186551,0.0));
#4837=AXIS2_PLACEMENT_3D('',#4610,#71,#4836);
#4838=CYLINDRICAL_SURFACE('',#4837,0.034448818897638);
#4839=ORIENTED_EDGE('',*,*,#4814,.F.);
#4840=LINE('',#4460,#4599);
#4841=EDGE_CURVE('',#4461,#4806,#4840,.T.);
#4842=ORIENTED_EDGE('',*,*,#4841,.F.);
#4843=ORIENTED_EDGE('',*,*,#4465,.F.);
#4844=ORIENTED_EDGE('',*,*,#4827,.T.);
#4845=EDGE_LOOP('',(#4839,#4842,#4843,#4844));
#4846=FACE_OUTER_BOUND('',#4845,.T.);
#4847=ADVANCED_FACE('',(#4846),#4838,.T.);
#4848=CARTESIAN_POINT('',(-0.051059980846442,-0.005905511811024,0.09242125984252));
#4849=AXIS2_PLACEMENT_3D('',#4848,#197,#71);
#4850=PLANE('',#4849);
#4851=ORIENTED_EDGE('',*,*,#4808,.F.);
#4852=LINE('',#4445,#4599);
#4853=EDGE_CURVE('',#4446,#4800,#4852,.T.);
#4854=ORIENTED_EDGE('',*,*,#4853,.F.);
#4855=ORIENTED_EDGE('',*,*,#4469,.F.);
#4856=ORIENTED_EDGE('',*,*,#4841,.T.);
#4857=EDGE_LOOP('',(#4851,#4854,#4855,#4856));
#4858=FACE_OUTER_BOUND('',#4857,.T.);
#4859=ADVANCED_FACE('',(#4858),#4850,.F.);
#4860=AXIS2_PLACEMENT_3D('',#4635,#71,#4449);
#4861=CYLINDRICAL_SURFACE('',#4860,0.050590551181102);
#4862=ORIENTED_EDGE('',*,*,#4803,.F.);
#4863=ORIENTED_EDGE('',*,*,#4831,.F.);
#4864=ORIENTED_EDGE('',*,*,#4452,.F.);
#4865=ORIENTED_EDGE('',*,*,#4853,.T.);
#4866=EDGE_LOOP('',(#4862,#4863,#4864,#4865));
#4867=FACE_OUTER_BOUND('',#4866,.T.);
#4868=ADVANCED_FACE('',(#4867),#4861,.F.);
#4869=CARTESIAN_POINT('',(0.032562440394293,-3.198438E-017,0.09291338582678));
#4870=CARTESIAN_POINT('',(0.025544673067935,2.562477E-015,0.068312665825012));
#4871=CARTESIAN_POINT('',(-3.113460E-014,2.705308E-015,0.066929133858268));
#4872=CARTESIAN_POINT('',(0.032562440394293,0.0325624403943,0.092913385826784));
#4873=CARTESIAN_POINT('',(0.025544673067935,0.025544673067967,0.068312665825015));
#4874=CARTESIAN_POINT('',(-3.113460E-014,2.703679E-015,0.066929133858268));
#4875=CARTESIAN_POINT('',(-7.004443E-015,0.0325624403943,0.092913385826814));
#4876=CARTESIAN_POINT('',(-2.985116E-014,0.025544673067967,0.068312665825039));
#4877=CARTESIAN_POINT('',(-3.113297E-014,2.703679E-015,0.066929133858268));
#4878=CARTESIAN_POINT('',(-0.032562440394307,0.0325624403943,0.092913385826844));
#4879=CARTESIAN_POINT('',(-0.025544673067995,0.025544673067967,0.068312665825063));
#4880=CARTESIAN_POINT('',(-3.113134E-014,2.703679E-015,0.066929133858268));
#4881=CARTESIAN_POINT('',(-0.032562440394307,-3.995988E-017,0.092913385826841));
#4882=CARTESIAN_POINT('',(-0.025544673067995,2.556220E-015,0.06831266582506));
#4883=CARTESIAN_POINT('',(-3.113134E-014,2.705308E-015,0.066929133858268));
#4884=CARTESIAN_POINT('',(-0.032562440394307,-0.0325624403943,0.092913385826837));
#4885=CARTESIAN_POINT('',(-0.025544673067995,-0.025544673067962,0.068312665825057));
#4886=CARTESIAN_POINT('',(-3.113134E-014,2.706938E-015,0.066929133858268));
#4887=CARTESIAN_POINT('',(-6.996468E-015,-0.0325624403943,0.092913385826807));
#4888=CARTESIAN_POINT('',(-2.984491E-014,-0.025544673067962,0.068312665825033));
#4889=CARTESIAN_POINT('',(-3.113297E-014,2.706938E-015,0.066929133858268));
#4890=CARTESIAN_POINT('',(0.032562440394293,-0.0325624403943,0.092913385826777));
#4891=CARTESIAN_POINT('',(0.025544673067935,-0.025544673067962,0.06831266582501));
#4892=CARTESIAN_POINT('',(-3.113460E-014,2.706938E-015,0.066929133858268));
#4893=(BOUNDED_SURFACE()B_SPLINE_SURFACE(2,2,((#4869,#4872,#4875,#4878,#4881,#4884,#4887,#4890,#4869),(#4870,#4873,#4876,#4879,#4882,#4885,#4888,#4891,#4870),(#4871,#4874,#4877,#4880,#4883,#4886,#4889,#4892,#4871)),.UNSPECIFIED.,.F.,.T.,.U.)B_SPLINE_SURFACE_WITH_KNOTS((3,3),(3,2,2,2,3),(0.277885846306448,1.516687922210143),(0.0,1.570796326794897,3.141592653589793,4.71238898038469,6.283185307179586),.UNSPECIFIED.)GEOMETRIC_REPRESENTATION_ITEM()RATIONAL_B_SPLINE_SURFACE(((1.0,0.707106781186548,1.0,0.707106781186548,1.0,0.707106781186548,1.0,0.707106781186548,1.0),(0.81422632865983,0.575744958415993,0.81422632865983,0.575744958415993,0.81422632865983,0.575744958415993,0.81422632865983,0.575744958415993,0.81422632865983),(1.0,0.707106781186548,1.0,0.707106781186548,1.0,0.707106781186548,1.0,0.707106781186548,1.0)))REPRESENTATION_ITEM('')SURFACE());
#4894=ORIENTED_EDGE('',*,*,#4441,.F.);
#4895=EDGE_LOOP('',(#4894));
#4896=FACE_OUTER_BOUND('',#4895,.T.);
#4897=ADVANCED_FACE('',(#4896),#4893,.T.);
#4898=CLOSED_SHELL('',(#2925,#2953,#2981,#3003,#3028,#3047,#3075,#3097,#3113,#3133,#3155,#3174,#3196,#3218,#3238,#3354,#3396,#3419,#3452,#3470,#3487,#3503,#3519,#3537,#3553,#3569,#3622,#3652,#3674,#3696,#3711,#3743,#3766,#3783,#3800,#3811,#3824,#3839,#3868,#3898,#3920,#3942,#3956,#3974,#3993,#4006,#4023,#4038,#4049,#4068,#4099,#4122,#4144,#4158,#4180,#4196,#4207,#4236,#4258,#4288,#4317,#4338,#4352,#4366,#4386,#4393,#4423,#4555,#4565,#4594,#4609,#4622,#4634,#4644,#4672,#4686,#4698,#4710,#4719,#4747,#4761,#4772,#4784,#4793,#4821,#4835,#4847,#4859,#4868,#4897));
#4899=ORIENTED_CLOSED_SHELL('',*,#4898,.F.);
#4900=BREP_WITH_VOIDS('',#2855,(#4899));
#4901=COLOUR_RGB('',0.75,0.75,0.75);
#4902=FILL_AREA_STYLE_COLOUR('',#4901);
#4903=FILL_AREA_STYLE('',(#4902));
#4904=SURFACE_STYLE_FILL_AREA(#4903);
#4905=SURFACE_SIDE_STYLE('',(#4904));
#4906=SURFACE_STYLE_USAGE(.BOTH.,#4905);
#4907=PRESENTATION_STYLE_ASSIGNMENT((#4906));
#4908=STYLED_ITEM('',(#4907),#4900);
#4909=MECHANICAL_DESIGN_GEOMETRIC_PRESENTATION_REPRESENTATION('',(#4908,#5004),#68);
#4910=ADVANCED_BREP_SHAPE_REPRESENTATION('ABSR',(#4900),#109);
#4911=SHAPE_REPRESENTATION_RELATIONSHIP('SRR','None',#4910,#110);
#4912=PRODUCT('Body2','Body2','None',(#3));
#4913=PRODUCT_RELATED_PRODUCT_CATEGORY('detail',$,(#4912));
#4914=PRODUCT_CATEGORY_RELATIONSHIP('None','None',#6,#4913);
#4915=PERSON('PERSON19','None','None',$,$,$);
#4916=PERSON_AND_ORGANIZATION(#4915,#9);
#4917=CC_DESIGN_PERSON_AND_ORGANIZATION_ASSIGNMENT(#4916,#11,(#4912));
#4918=PRODUCT_DEFINITION_FORMATION_WITH_SPECIFIED_SOURCE('None','None',#4912,.NOT_KNOWN.);
#4919=PERSON('PERSON20','None','None',$,$,$);
#4920=PERSON_AND_ORGANIZATION(#4919,#9);
#4921=CC_DESIGN_PERSON_AND_ORGANIZATION_ASSIGNMENT(#4920,#16,(#4918));
#4922=PERSON('PERSON21','None','None',$,$,$);
#4923=PERSON_AND_ORGANIZATION(#4922,#9);
#4924=CC_DESIGN_PERSON_AND_ORGANIZATION_ASSIGNMENT(#4923,#20,(#4918));
#4925=PERSON('PERSON22','None','None',$,$,$);
#4926=PERSON_AND_ORGANIZATION(#4925,#9);
#4927=APPROVAL_PERSON_ORGANIZATION(#4926,#23,#26);
#4928=LOCAL_TIME(8,11,23.0,#29);
#4929=DATE_AND_TIME(#28,#4928);
#4930=APPROVAL_DATE_TIME(#4929,#23);
#4931=CC_DESIGN_APPROVAL(#23,(#4918));
#4932=CC_DESIGN_SECURITY_CLASSIFICATION(#35,(#4918));
#4933=PERSON('PERSON23','None','None',$,$,$);
#4934=PERSON_AND_ORGANIZATION(#4933,#9);
#4935=APPROVAL_PERSON_ORGANIZATION(#4934,#23,#26);
#4936=PERSON('PERSON24','None','None',$,$,$);
#4937=PERSON_AND_ORGANIZATION(#4936,#9);
#4938=CC_DESIGN_PERSON_AND_ORGANIZATION_ASSIGNMENT(#4937,#43,(#35));
#4939=CC_DESIGN_DATE_AND_TIME_ASSIGNMENT(#4929,#45,(#35));
#4940=PRODUCT_DEFINITION('None','None',#4918,#47);
#4941=PERSON('PERSON25','None','None',$,$,$);
#4942=PERSON_AND_ORGANIZATION(#4941,#9);
#4943=CC_DESIGN_PERSON_AND_ORGANIZATION_ASSIGNMENT(#4942,#16,(#4940));
#4944=CC_DESIGN_DATE_AND_TIME_ASSIGNMENT(#4929,#52,(#4940));
#4945=PERSON('PERSON26','None','None',$,$,$);
#4946=PERSON_AND_ORGANIZATION(#4945,#9);
#4947=APPROVAL_PERSON_ORGANIZATION(#4946,#23,#26);
#4948=CC_DESIGN_APPROVAL(#23,(#4940));
#4949=(GEOMETRIC_REPRESENTATION_CONTEXT(3)GLOBAL_UNCERTAINTY_ASSIGNED_CONTEXT((#67))GLOBAL_UNIT_ASSIGNED_CONTEXT((#61,#62,#66))REPRESENTATION_CONTEXT('None','None'));
#4950=SHAPE_REPRESENTATION('',(#69),#4949);
#4951=PRODUCT_DEFINITION_SHAPE('','',#4940);
#4952=SHAPE_DEFINITION_REPRESENTATION(#4951,#4950);
#4953=NEXT_ASSEMBLY_USAGE_OCCURRENCE('Body2','Body2','Body2',#48,#4940,'Body2');
#4954=CC_DESIGN_SECURITY_CLASSIFICATION(#114,(#4953));
#4955=PERSON('PERSON27','','',$,$,$);
#4956=PERSON_AND_ORGANIZATION(#4955,#118);
#4957=APPROVAL_PERSON_ORGANIZATION(#4956,#116,#120);
#4958=APPROVAL_DATE_TIME(#4929,#116);
#4959=PERSON('PERSON28','','',$,$,$);
#4960=PERSON_AND_ORGANIZATION(#4959,#118);
#4961=CC_DESIGN_PERSON_AND_ORGANIZATION_ASSIGNMENT(#4960,#43,(#114));
#4962=CC_DESIGN_DATE_AND_TIME_ASSIGNMENT(#4929,#45,(#114));
#4963=PRODUCT_DEFINITION_SHAPE('Body2','Body2',#4953);
#4964=ITEM_DEFINED_TRANSFORMATION('Body2','Body2',#69,#69);
#4965=(REPRESENTATION_RELATIONSHIP('Body2','Body2',#4950,#73)REPRESENTATION_RELATIONSHIP_WITH_TRANSFORMATION(#4964)SHAPE_REPRESENTATION_RELATIONSHIP());
#4966=CONTEXT_DEPENDENT_SHAPE_REPRESENTATION(#4965,#4963);
#4967=(GEOMETRIC_REPRESENTATION_CONTEXT(3)GLOBAL_UNCERTAINTY_ASSIGNED_CONTEXT((#132))GLOBAL_UNIT_ASSIGNED_CONTEXT((#61,#62,#63))REPRESENTATION_CONTEXT('','3D'));
#4968=CARTESIAN_POINT('',(2.835259E-017,3.544101E-036,3.417085176902583));
#4969=AXIS2_PLACEMENT_3D('',#4968,#71,#72);
#4970=CONICAL_SURFACE('',#4969,1.0,15.000000000000288);
#4971=CARTESIAN_POINT('',(0.098832785897799,3.544101E-036,0.053883347757936));
#4972=VERTEX_POINT('',#4971);
#4973=CARTESIAN_POINT('',(2.835259E-017,3.544101E-036,0.053883347757936));
#4974=AXIS2_PLACEMENT_3D('',#4973,#135,#72);
#4975=CIRCLE('',#4974,0.098832785897799);
#4976=EDGE_CURVE('',#4972,#4972,#4975,.T.);
#4977=ORIENTED_EDGE('',*,*,#4976,.T.);
#4978=EDGE_LOOP('',(#4977));
#4979=FACE_OUTER_BOUND('',#4978,.T.);
#4980=CARTESIAN_POINT('',(0.098425196850394,3.544101E-036,0.05236220472441));
#4981=VERTEX_POINT('',#4980);
#4982=CARTESIAN_POINT('',(2.835259E-017,3.544101E-036,0.052362204724409));
#4983=AXIS2_PLACEMENT_3D('',#4982,#135,#72);
#4984=CIRCLE('',#4983,0.098425196850394);
#4985=EDGE_CURVE('',#4981,#4981,#4984,.T.);
#4986=ORIENTED_EDGE('',*,*,#4985,.F.);
#4987=EDGE_LOOP('',(#4986));
#4988=FACE_BOUND('',#4987,.T.);
#4989=ADVANCED_FACE('',(#4979,#4988),#4970,.T.);
#4990=CARTESIAN_POINT('',(2.835259E-017,3.544101E-036,-0.379881538178526));
#4991=AXIS2_PLACEMENT_3D('',#4990,#71,#72);
#4992=SPHERICAL_SURFACE('',#4991,0.443308214060802);
#4993=ORIENTED_EDGE('',*,*,#4985,.T.);
#4994=EDGE_LOOP('',(#4993));
#4995=FACE_OUTER_BOUND('',#4994,.T.);
#4996=ADVANCED_FACE('',(#4995),#4992,.F.);
#4997=SPHERICAL_SURFACE('',#4991,0.44488188976378);
#4998=ORIENTED_EDGE('',*,*,#4976,.F.);
#4999=EDGE_LOOP('',(#4998));
#5000=FACE_OUTER_BOUND('',#4999,.T.);
#5001=ADVANCED_FACE('',(#5000),#4997,.T.);
#5002=CLOSED_SHELL('',(#4989,#4996,#5001));
#5003=MANIFOLD_SOLID_BREP('',#5002);
#5004=STYLED_ITEM('',(#4907),#5003);
#5005=ADVANCED_BREP_SHAPE_REPRESENTATION('ABSR',(#5003),#4949);
#5006=SHAPE_REPRESENTATION_RELATIONSHIP('SRR','None',#5005,#4950);
ENDSEC;
END-ISO-10303-21;
