ISO-10303-21;
HEADER;
FILE_DESCRIPTION (( 'STEP AP214' ),
'1' );
FILE_NAME ('ESP32-PICO-MINI-02.STEP',
'2021-10-22T20:08:12',
( '' ),
( '' ),
'SwSTEP 2.0',
'SolidWorks 2017',
'' );
FILE_SCHEMA (( 'AUTOMOTIVE_DESIGN' ));
ENDSEC;
DATA;
#1=LINE ( 'NONE', #5585, #429 );
#2=AXIS2_PLACEMENT_3D ( 'NONE', #202, #778, #10478 );
#3=DIRECTION ( 'NONE',  ( 4.878909776184620100E-015, -0.0000000000000000000, 1.000000000000000000 ) );
#4=COLOUR_RGB ( '',1.000000000000000000, 0.8117647058823529400, 0.5019607843137254800 );
#5=ORIENTED_EDGE ( 'NONE', *, *, #10262, .T. );
#6=ADVANCED_FACE ( 'NONE', ( #10598 ), #3699, .F. );
#7=VECTOR ( 'NONE', #1396, 1000.000000000000000 );
#8=ORIENTED_EDGE ( 'NONE', *, *, #7275, .F. );
#9=LINE ( 'NONE', #3548, #739 );
#10=CARTESIAN_POINT ( 'NONE',  ( -1.799999999999997800, 0.7499999999999996700, -5.349999999999997900 ) );
#11=EDGE_CURVE ( 'NONE', #8080, #5708, #11883, .T. );
#12=EDGE_LOOP ( 'NONE', ( #2570, #11650, #683, #7300 ) );
#13=SURFACE_STYLE_FILL_AREA ( #63 );
#14=ORIENTED_EDGE ( 'NONE', *, *, #7450, .T. );
#15=EDGE_CURVE ( 'NONE', #2419, #12215, #2043, .T. );
#16=VERTEX_POINT ( 'NONE', #10539 );
#17=CARTESIAN_POINT ( 'NONE',  ( -5.725000000000000500, 0.7999999999999999300, 7.430000000000001500 ) );
#18=DIRECTION ( 'NONE',  ( 0.0000000000000000000, 0.0000000000000000000, 1.000000000000000000 ) );
#19=EDGE_LOOP ( 'NONE', ( #3446, #13723, #6410, #7332 ) );
#20=AXIS2_PLACEMENT_3D ( 'NONE', #215, #88, #102 );
#21=DIRECTION ( 'NONE',  ( 1.000000000000000000, -0.0000000000000000000, 4.210554863359194200E-036 ) );
#22=VECTOR ( 'NONE', #88, 1000.000000000000000 );
#23=DIRECTION ( 'NONE',  ( 1.000000000000000000, 0.0000000000000000000, 0.0000000000000000000 ) );
#24=EDGE_CURVE ( 'NONE', #14040, #8867, #8787, .T. );
#25=VERTEX_POINT ( 'NONE', #3508 );
#26=AXIS2_PLACEMENT_3D ( 'NONE', #67, #778, #2392 );
#27=EDGE_LOOP ( 'NONE', ( #554, #6532, #11024, #5259 ) );
#28=LINE ( 'NONE', #3113, #1118 );
#29=PRESENTATION_LAYER_ASSIGNMENT (  '', '', ( #6411 ) );
#30=PLANE ( 'NONE',  #20 );
#31=ADVANCED_FACE ( 'NONE', ( #12342 ), #14450, .T. );
#32=LINE ( 'NONE', #1798, #1676 );
#33=DIRECTION ( 'NONE',  ( 1.000000000000000000, 0.0000000000000000000, -2.168404344971165900E-015 ) );
#34=MECHANICAL_DESIGN_GEOMETRIC_PRESENTATION_REPRESENTATION (  '', ( #1898 ), #444 );
#35=LINE ( 'NONE', #2822, #3144 );
#36=ORIENTED_EDGE ( 'NONE', *, *, #11690, .T. );
#37=ORIENTED_EDGE ( 'NONE', *, *, #5592, .F. );
#38=ORIENTED_EDGE ( 'NONE', *, *, #4168, .F. );
#39=CARTESIAN_POINT ( 'NONE',  ( -5.500000000000006200, 0.05000000000000007900, -0.7000000000000021800 ) );
#40=LINE ( 'NONE', #1379, #22 );
#41=EDGE_CURVE ( 'NONE', #6977, #3793, #13997, .T. );
#42=VERTEX_POINT ( 'NONE', #5066 );
#43=PLANE ( 'NONE',  #11920 );
#44=ORIENTED_EDGE ( 'NONE', *, *, #2571, .F. );
#45=LINE ( 'NONE', #6183, #22 );
#46=ORIENTED_EDGE ( 'NONE', *, *, #1929, .T. );
#47=EDGE_CURVE ( 'NONE', #2007, #3170, #14563, .T. );
#48=LINE ( 'NONE', #4286, #22 );
#49=DIRECTION ( 'NONE',  ( -1.626303258728295100E-015, 0.0000000000000000000, -1.000000000000000000 ) );
#50=AXIS2_PLACEMENT_3D ( 'NONE', #5907, #88, #1881 );
#51=DIRECTION ( 'NONE',  ( -1.314184451497581300E-016, 0.0000000000000000000, -1.000000000000000000 ) );
#52=VECTOR ( 'NONE', #68, 1000.000000000000000 );
#53=LINE ( 'NONE', #308, #52 );
#54=DIRECTION ( 'NONE',  ( 2.168404344970946900E-015, -0.0000000000000000000, 1.000000000000000000 ) );
#55=ORIENTED_EDGE ( 'NONE', *, *, #4652, .T. );
#56=CARTESIAN_POINT ( 'NONE',  ( -6.299999999999999800, 0.05000000000000005100, -1.900000000000001700 ) );
#57=LINE ( 'NONE', #235, #2545 );
#58=ORIENTED_EDGE ( 'NONE', *, *, #4462, .T. );
#59=EDGE_CURVE ( 'NONE', #8210, #3568, #8954, .T. );
#60=ADVANCED_FACE ( 'NONE', ( #5772 ), #3863, .F. );
#61=AXIS2_PLACEMENT_3D ( 'NONE', #1520, #6456, #10607 );
#62=CARTESIAN_POINT ( 'NONE',  ( -5.000000000000028400, 0.0000000000000000000, 7.999999999999976000 ) );
#63=FILL_AREA_STYLE ('',( #242 ) );
#64=ORIENTED_EDGE ( 'NONE', *, *, #11565, .T. );
#65=CARTESIAN_POINT ( 'NONE',  ( 5.000000000000050600, 0.05000000000000005100, -2.599999999999979200 ) );
#66=DIRECTION ( 'NONE',  ( 1.000000000000000000, -0.0000000000000000000, -0.0000000000000000000 ) );
#67=CARTESIAN_POINT ( 'NONE',  ( 0.0000000000000000000, 0.05000000000000005100, 0.0000000000000000000 ) );
#68=DIRECTION ( 'NONE',  ( -0.0000000000000000000, -1.000000000000000000, -0.0000000000000000000 ) );
#69=PRESENTATION_STYLE_ASSIGNMENT (( #438 ) );
#70=ORIENTED_EDGE ( 'NONE', *, *, #13267, .F. );
#71=ORIENTED_EDGE ( 'NONE', *, *, #2951, .F. );
#72=CARTESIAN_POINT ( 'NONE',  ( 2.600000000000003200, 0.05000000000000005100, 8.000000000000021300 ) );
#73=AXIS2_PLACEMENT_3D ( 'NONE', #1481, #280, #23 );
#74=LINE ( 'NONE', #3513, #5366 );
#75=ORIENTED_EDGE ( 'NONE', *, *, #7065, .F. );
#76=VECTOR ( 'NONE', #12463, 1000.000000000000000 );
#77=CARTESIAN_POINT ( 'NONE',  ( -1.250000000000000400, 0.05000000000000007900, 3.949999999999998800 ) );
#78=VERTEX_POINT ( 'NONE', #12790 );
#79=ORIENTED_EDGE ( 'NONE', *, *, #6515, .F. );
#80=ORIENTED_EDGE ( 'NONE', *, *, #8755, .T. );
#81=EDGE_CURVE ( 'NONE', #9028, #12198, #5395, .T. );
#82=EDGE_LOOP ( 'NONE', ( #8194, #9538, #11125, #3184 ) );
#83=ADVANCED_FACE ( 'NONE', ( #6891 ), #13649, .F. );
#84=DIRECTION ( 'NONE',  ( -1.000000000000000000, 0.0000000000000000000, 7.804049169037448600E-036 ) );
#85=CARTESIAN_POINT ( 'NONE',  ( -5.549999999999998000, 0.7999999999999993800, -2.900000000000001700 ) );
#86=CARTESIAN_POINT ( 'NONE',  ( -6.299999999999990100, 0.0000000000000000000, 2.899999999999999000 ) );
#87=LINE ( 'NONE', #10, #95 );
#88=DIRECTION ( 'NONE',  ( 0.0000000000000000000, -1.000000000000000000, 0.0000000000000000000 ) );
#89=EDGE_CURVE ( 'NONE', #4937, #2560, #9797, .T. );
#90=ORIENTED_EDGE ( 'NONE', *, *, #2932, .T. );
#91=CARTESIAN_POINT ( 'NONE',  ( 3.400000000000003000, 0.05000000000000007900, 8.000000000000021300 ) );
#92=AXIS2_PLACEMENT_3D ( 'NONE', #67, #1162, #1703 );
#93=DIRECTION ( 'NONE',  ( -1.000000000000000000, 0.0000000000000000000, 0.0000000000000000000 ) );
#94=( NAMED_UNIT ( * ) PLANE_ANGLE_UNIT ( ) SI_UNIT ( $, .RADIAN. ) );
#95=VECTOR ( 'NONE', #106, 1000.000000000000000 );
#96=VECTOR ( 'NONE', #18, 1000.000000000000000 );
#97=VERTEX_POINT ( 'NONE', #3438 );
#98=PLANE ( 'NONE',  #3062 );
#99=VECTOR ( 'NONE', #7841, 1000.000000000000000 );
#100=CARTESIAN_POINT ( 'NONE',  ( -2.599999999999998300, 0.05000000000000007900, 7.199999999999998400 ) );
#101=EDGE_LOOP ( 'NONE', ( #849, #12798, #1081, #11345 ) );
#102=DIRECTION ( 'NONE',  ( 0.0000000000000000000, -0.0000000000000000000, -1.000000000000000000 ) );
#103=EDGE_LOOP ( 'NONE', ( #12071, #12358, #505, #9050 ) );
#104=ORIENTED_EDGE ( 'NONE', *, *, #14058, .T. );
#105=CARTESIAN_POINT ( 'NONE',  ( 0.2000000000000014000, 0.05000000000000007900, -1.800000000000001400 ) );
#106=DIRECTION ( 'NONE',  ( -1.000000000000000000, -0.0000000000000000000, -0.0000000000000000000 ) );
#107=PLANE ( 'NONE',  #12292 );
#108=CARTESIAN_POINT ( 'NONE',  ( -6.299999999999998900, 0.0000000000000000000, -0.3000000000000014300 ) );
#109=ORIENTED_EDGE ( 'NONE', *, *, #13706, .F. );
#110=DIRECTION ( 'NONE',  ( 4.336808689942147900E-015, 0.0000000000000000000, 1.000000000000000000 ) );
#111=ORIENTED_EDGE ( 'NONE', *, *, #4690, .F. );
#112=EDGE_CURVE ( 'NONE', #3112, #170, #1594, .T. );
#113=CARTESIAN_POINT ( 'NONE',  ( -2.999999999999985300, 0.0000000000000000000, 8.000000000000021300 ) );
#114=VECTOR ( 'NONE', #9102, 1000.000000000000000 );
#115=ADVANCED_FACE ( 'NONE', ( #6517 ), #5116, .T. );
#116=LINE ( 'NONE', #7029, #186 );
#117=FACE_OUTER_BOUND ( 'NONE', #4481, .T. );
#118=ORIENTED_EDGE ( 'NONE', *, *, #7318, .F. );
#119=VECTOR ( 'NONE', #66, 1000.000000000000000 );
#120=DIRECTION ( 'NONE',  ( -1.000000000000000000, 0.0000000000000000000, -1.084202172485580400E-015 ) );
#121=VECTOR ( 'NONE', #971, 1000.000000000000000 );
#122=CARTESIAN_POINT ( 'NONE',  ( -6.299999999999996300, 0.05000000000000005100, -1.500000000000002400 ) );
#123=CARTESIAN_POINT ( 'NONE',  ( -4.474999999999999600, 2.549999999999999800, 6.299999999999999800 ) );
#124=VECTOR ( 'NONE', #128, 1000.000000000000000 );
#125=ORIENTED_EDGE ( 'NONE', *, *, #13539, .T. );
#126=AXIS2_PLACEMENT_3D ( 'NONE', #215, #1224, #340 );
#127=ORIENTED_EDGE ( 'NONE', *, *, #7809, .F. );
#128=DIRECTION ( 'NONE',  ( 0.0000000000000000000, 0.0000000000000000000, -1.000000000000000000 ) );
#129=DIRECTION ( 'NONE',  ( -1.000000000000000000, -6.162975822039154700E-033, 5.421010862427907700E-016 ) );
#130=ORIENTED_EDGE ( 'NONE', *, *, #4720, .T. );
#131=EDGE_CURVE ( 'NONE', #7850, #9635, #3276, .T. );
#132=CARTESIAN_POINT ( 'NONE',  ( -6.299999999999990100, 0.05000000000000007900, 2.899999999999999000 ) );
#133=EDGE_CURVE ( 'NONE', #12053, #12495, #13711, .T. );
#134=CARTESIAN_POINT ( 'NONE',  ( -1.000000000000000900, 0.05000000000000007900, -1.800000000000001400 ) );
#135=VERTEX_POINT ( 'NONE', #1842 );
#136=CARTESIAN_POINT ( 'NONE',  ( -1.800000000000001200, 0.0000000000000000000, -2.600000000000024100 ) );
#137=CARTESIAN_POINT ( 'NONE',  ( 1.800000000000004700, 0.0000000000000000000, -2.600000000000024100 ) );
#138=CARTESIAN_POINT ( 'NONE',  ( -0.1999999999999866300, 0.05000000000000007900, -1.800000000000001200 ) );
#139=VECTOR ( 'NONE', #6286, 1000.000000000000000 );
#140=AXIS2_PLACEMENT_3D ( 'NONE', #2845, #11863, #1607 );
#141=LINE ( 'NONE', #6147, #1541 );
#142=LINE ( 'NONE', #2163, #4209 );
#143=EDGE_LOOP ( 'NONE', ( #11401, #5999, #476, #12836 ) );
#144=VECTOR ( 'NONE', #424, 1000.000000000000000 );
#145=DIRECTION ( 'NONE',  ( -1.000000000000000000, 0.0000000000000000000, 4.878909776184620100E-015 ) );
#146=VERTEX_POINT ( 'NONE', #3973 );
#147=ADVANCED_FACE ( 'NONE', ( #3655 ), #11742, .T. );
#148=EDGE_CURVE ( 'NONE', #471, #9315, #3842, .T. );
#149=ORIENTED_EDGE ( 'NONE', *, *, #7318, .T. );
#150=EDGE_CURVE ( 'NONE', #9939, #11669, #11839, .T. );
#151=CARTESIAN_POINT ( 'NONE',  ( -6.299999999999951900, 0.05000000000000007900, 4.899999999999993200 ) );
#152=DIRECTION ( 'NONE',  ( -0.0000000000000000000, -1.000000000000000000, -1.234776807320388900E-016 ) );
#153=DIRECTION ( 'NONE',  ( 1.000000000000000000, -1.925929944387235900E-034, 2.168404344971003300E-015 ) );
#154=AXIS2_PLACEMENT_3D ( 'NONE', #67, #279, #18 );
#155=ORIENTED_EDGE ( 'NONE', *, *, #13331, .F. );
#156=VECTOR ( 'NONE', #2006, 1000.000000000000000 );
#157=EDGE_CURVE ( 'NONE', #2712, #281, #7421, .T. );
#158=FACE_OUTER_BOUND ( 'NONE', #4092, .T. );
#159=AXIS2_PLACEMENT_3D ( 'NONE', #67, #778, #3470 );
#160=ORIENTED_EDGE ( 'NONE', *, *, #12347, .T. );
#161=DIRECTION ( 'NONE',  ( 0.0000000000000000000, -1.234776807320389200E-016, 1.000000000000000000 ) );
#162=LINE ( 'NONE', #1520, #2028 );
#163=DIRECTION ( 'NONE',  ( 0.0000000000000000000, -1.279960898073165300E-016, 1.000000000000000000 ) );
#164=AXIS2_PLACEMENT_3D ( 'NONE', #67, #88, #4930 );
#165=DIRECTION ( 'NONE',  ( -1.000000000000000000, 0.0000000000000000000, 5.421010862427684900E-016 ) );
#166=CARTESIAN_POINT ( 'NONE',  ( -5.500000000000006200, 0.05000000000000005100, -0.7000000000000021800 ) );
#167=CARTESIAN_POINT ( 'NONE',  ( 5.500000000000028400, 0.0000000000000000000, 2.100000000000009000 ) );
#168=VECTOR ( 'NONE', #5489, 1000.000000000000000 );
#169=MECHANICAL_DESIGN_GEOMETRIC_PRESENTATION_REPRESENTATION (  '', ( #7577 ), #13361 );
#170=VERTEX_POINT ( 'NONE', #9197 );
#171=DIRECTION ( 'NONE',  ( 2.168404344970946900E-015, 0.0000000000000000000, -1.000000000000000000 ) );
#172=ORIENTED_EDGE ( 'NONE', *, *, #12019, .F. );
#173=LINE ( 'NONE', #11163, #144 );
#174=ADVANCED_FACE ( 'NONE', ( #10741 ), #12673, .F. );
#175=PLANE ( 'NONE',  #6492 );
#176=ORIENTED_EDGE ( 'NONE', *, *, #13698, .T. );
#177=DIRECTION ( 'NONE',  ( 1.000000000000000000, 6.162975822039154700E-033, -2.710505431213796600E-016 ) );
#178=PLANE ( 'NONE',  #10381 );
#179=ORIENTED_EDGE ( 'NONE', *, *, #8414, .F. );
#180=ORIENTED_EDGE ( 'NONE', *, *, #8138, .T. );
#181=EDGE_CURVE ( 'NONE', #13803, #12483, #12640, .T. );
#182=DIRECTION ( 'NONE',  ( -5.911569487279513800E-035, 0.0000000000000000000, -1.000000000000000000 ) );
#183=CARTESIAN_POINT ( 'NONE',  ( -5.600000000000000500, 0.05000000000000007900, -2.600000000000001400 ) );
#184=ORIENTED_EDGE ( 'NONE', *, *, #11253, .F. );
#185=EDGE_CURVE ( 'NONE', #4281, #11765, #14132, .T. );
#186=VECTOR ( 'NONE', #23, 1000.000000000000000 );
#187=CARTESIAN_POINT ( 'NONE',  ( -5.500000000000008000, 3.388131789017201400E-018, 4.899999999999993200 ) );
#188=VECTOR ( 'NONE', #1021, 1000.000000000000000 );
#189=ORIENTED_EDGE ( 'NONE', *, *, #13886, .T. );
#190=PLANE ( 'NONE',  #10824 );
#191=CARTESIAN_POINT ( 'NONE',  ( 5.500000000000030200, 0.05000000000000005100, 0.5000000000000038900 ) );
#192=CARTESIAN_POINT ( 'NONE',  ( 0.0000000000000000000, 0.8000000000000000400, 0.0000000000000000000 ) );
#193=AXIS2_PLACEMENT_3D ( 'NONE', #1445, #23, #128 );
#194=VECTOR ( 'NONE', #13552, 1000.000000000000000 );
#195=ORIENTED_EDGE ( 'NONE', *, *, #1987, .F. );
#196=EDGE_CURVE ( 'NONE', #6646, #4181, #9463, .T. );
#197=CARTESIAN_POINT ( 'NONE',  ( 1.000000000000000900, 0.05000000000000007900, -2.600000000000001400 ) );
#198=PRESENTATION_LAYER_ASSIGNMENT (  '', '', ( #7869 ) );
#199=ORIENTED_EDGE ( 'NONE', *, *, #5774, .F. );
#200=EDGE_LOOP ( 'NONE', ( #1344, #9728, #8828, #5805 ) );
#201=DIRECTION ( 'NONE',  ( -1.000000000000000000, 0.0000000000000000000, -8.335740912701737500E-035 ) );
#202=CARTESIAN_POINT ( 'NONE',  ( 0.0000000000000000000, 0.0000000000000000000, 0.0000000000000000000 ) );
#203=DIRECTION ( 'NONE',  ( -2.710505431213796600E-016, 0.0000000000000000000, -1.000000000000000000 ) );
#204=CARTESIAN_POINT ( 'NONE',  ( -1.250000000000000400, 0.05000000000000005100, 5.399999999999998600 ) );
#205=ADVANCED_FACE ( 'NONE', ( #11066 ), #4125, .F. );
#206=ORIENTED_EDGE ( 'NONE', *, *, #7038, .T. );
#207=ORIENTED_EDGE ( 'NONE', *, *, #5682, .T. );
#208=ORIENTED_EDGE ( 'NONE', *, *, #13131, .T. );
#209=LINE ( 'NONE', #4456, #1541 );
#210=VERTEX_POINT ( 'NONE', #3167 );
#211=DIRECTION ( 'NONE',  ( 1.000000000000000000, 0.0000000000000000000, -4.336808689941611500E-015 ) );
#212=LINE ( 'NONE', #2996, #3294 );
#213=DIRECTION ( 'NONE',  ( 1.000000000000000000, -0.0000000000000000000, 1.350811269538701900E-033 ) );
#214=ORIENTED_EDGE ( 'NONE', *, *, #12067, .F. );
#215=CARTESIAN_POINT ( 'NONE',  ( 0.0000000000000000000, 0.05000000000000007900, 0.0000000000000000000 ) );
#216=SURFACE_STYLE_USAGE ( .BOTH. , #557 );
#217=DIRECTION ( 'NONE',  ( 8.717203396868379000E-017, 0.0000000000000000000, -1.000000000000000000 ) );
#218=ORIENTED_EDGE ( 'NONE', *, *, #11523, .F. );
#219=EDGE_CURVE ( 'NONE', #10147, #10870, #10899, .T. );
#220=EDGE_LOOP ( 'NONE', ( #12169, #4873, #8115, #6146 ) );
#221=UNCERTAINTY_MEASURE_WITH_UNIT (LENGTH_MEASURE( 1.000000000000000100E-005 ), #324, 'distance_accuracy_value', 'NONE');
#222=ORIENTED_EDGE ( 'NONE', *, *, #3447, .T. );
#223=ORIENTED_EDGE ( 'NONE', *, *, #7467, .T. );
#224=EDGE_CURVE ( 'NONE', #10466, #8151, #10433, .T. );
#225=ORIENTED_EDGE ( 'NONE', *, *, #7164, .F. );
#226=FACE_OUTER_BOUND ( 'NONE', #6588, .T. );
#227=AXIS2_PLACEMENT_3D ( 'NONE', #202, #88, #4109 );
#228=CARTESIAN_POINT ( 'NONE',  ( -6.199999999999997500, 0.8000000000000000400, -7.900000000000000400 ) );
#229=EDGE_LOOP ( 'NONE', ( #9568, #13743, #8635, #3667 ) );
#230=FACE_OUTER_BOUND ( 'NONE', #10737, .T. );
#231=ADVANCED_FACE ( 'NONE', ( #4237 ), #3038, .F. );
#232=VECTOR ( 'NONE', #5816, 1000.000000000000000 );
#233=ORIENTED_EDGE ( 'NONE', *, *, #3564, .F. );
#234=ORIENTED_EDGE ( 'NONE', *, *, #8767, .T. );
#235=CARTESIAN_POINT ( 'NONE',  ( 4.200000000000001100, 0.05000000000000007900, -1.800000000000001400 ) );
#236=ORIENTED_EDGE ( 'NONE', *, *, #11216, .T. );
#237=DIRECTION ( 'NONE',  ( 6.505213034913013200E-015, 0.0000000000000000000, 1.000000000000000000 ) );
#238=ORIENTED_EDGE ( 'NONE', *, *, #4933, .T. );
#239=CARTESIAN_POINT ( 'NONE',  ( 2.199999999999989100, 3.388131789017201400E-018, 8.000000000000021300 ) );
#240=AXIS2_PLACEMENT_3D ( 'NONE', #1830, #11378, #8352 );
#241=VECTOR ( 'NONE', #182, 1000.000000000000000 );
#242=FILL_AREA_STYLE_COLOUR ( '', #4 );
#243=EDGE_LOOP ( 'NONE', ( #3360, #763, #7644, #10329 ) );
#244=VERTEX_POINT ( 'NONE', #1348 );
#245=LINE ( 'NONE', #419, #2486 );
#246=CARTESIAN_POINT ( 'NONE',  ( 0.2000000000000014000, -3.388131789017201400E-018, 7.199999999999998400 ) );
#247=ORIENTED_EDGE ( 'NONE', *, *, #6680, .F. );
#248=EDGE_CURVE ( 'NONE', #1307, #5753, #6501, .T. );
#249=LINE ( 'NONE', #426, #1411 );
#250=CARTESIAN_POINT ( 'NONE',  ( -6.299999999999998900, 0.05000000000000007900, 5.699999999999998400 ) );
#251=( NAMED_UNIT ( * ) SI_UNIT ( $, .STERADIAN. ) SOLID_ANGLE_UNIT ( ) );
#252=LINE ( 'NONE', #1582, #10939 );
#253=ADVANCED_FACE ( 'NONE', ( #5216 ), #107, .F. );
#254=DIRECTION ( 'NONE',  ( 1.000000000000000000, 0.0000000000000000000, -4.336808689941613800E-015 ) );
#255=ORIENTED_EDGE ( 'NONE', *, *, #9519, .F. );
#256=ADVANCED_FACE ( 'NONE', ( #11534 ), #6705, .F. );
#257=AXIS2_PLACEMENT_3D ( 'NONE', #202, #1224, #524 );
#258=CARTESIAN_POINT ( 'NONE',  ( 6.299999999999972300, 0.0000000000000000000, 3.699999999999989100 ) );
#259=ORIENTED_EDGE ( 'NONE', *, *, #12811, .F. );
#260=CARTESIAN_POINT ( 'NONE',  ( 6.299999999999999800, 0.05000000000000007900, -1.500000000000002400 ) );
#261=AXIS2_PLACEMENT_3D ( 'NONE', #3134, #128, #93 );
#262=CARTESIAN_POINT ( 'NONE',  ( 6.300000000000002500, 0.0000000000000000000, 6.499999999999999100 ) );
#263=EDGE_CURVE ( 'NONE', #7480, #8272, #6873, .T. );
#264=ORIENTED_EDGE ( 'NONE', *, *, #1180, .T. );
#265=FACE_OUTER_BOUND ( 'NONE', #12423, .T. );
#266=VERTEX_POINT ( 'NONE', #5910 );
#267=CARTESIAN_POINT ( 'NONE',  ( -5.599999999999999600, 0.0000000000000000000, 7.999999999999998200 ) );
#268=CARTESIAN_POINT ( 'NONE',  ( -2.600000000000000100, 0.05000000000000005100, 8.000000000000021300 ) );
#269=VECTOR ( 'NONE', #2912, 1000.000000000000000 );
#270=ORIENTED_EDGE ( 'NONE', *, *, #13517, .F. );
#271=ORIENTED_EDGE ( 'NONE', *, *, #9395, .F. );
#272=EDGE_CURVE ( 'NONE', #11637, #11134, #5757, .T. );
#273=ORIENTED_EDGE ( 'NONE', *, *, #3324, .T. );
#274=CARTESIAN_POINT ( 'NONE',  ( -1.000000000000000900, 0.0000000000000000000, -1.800000000000001400 ) );
#275=ADVANCED_FACE ( 'NONE', ( #13393 ), #10902, .T. );
#276=ORIENTED_EDGE ( 'NONE', *, *, #12613, .F. );
#277=DIRECTION ( 'NONE',  ( -6.505213034913015600E-015, 0.0000000000000000000, 1.000000000000000000 ) );
#278=CARTESIAN_POINT ( 'NONE',  ( 4.200000000000001100, 0.7999999999999996000, -4.699999999999997500 ) );
#279=DIRECTION ( 'NONE',  ( 0.0000000000000000000, 1.000000000000000000, -0.0000000000000000000 ) );
#280=DIRECTION ( 'NONE',  ( -0.0000000000000000000, 0.0000000000000000000, 1.000000000000000000 ) );
#281=VERTEX_POINT ( 'NONE', #392 );
#282=ORIENTED_EDGE ( 'NONE', *, *, #6335, .T. );
#283=LINE ( 'NONE', #10193, #119 );
#284=CARTESIAN_POINT ( 'NONE',  ( 6.300000000000002500, 0.0000000000000000000, -0.3000000000000014300 ) );
#285=CARTESIAN_POINT ( 'NONE',  ( -5.549999999999998900, 0.7499999999999998900, -7.250000000000000900 ) );
#286=EDGE_CURVE ( 'NONE', #3577, #4413, #5022, .T. );
#287=VECTOR ( 'NONE', #1725, 1000.000000000000000 );
#288=LINE ( 'NONE', #2597, #52 );
#289=EDGE_CURVE ( 'NONE', #7716, #8998, #7047, .T. );
#290=ORIENTED_EDGE ( 'NONE', *, *, #9920, .F. );
#291=CARTESIAN_POINT ( 'NONE',  ( 2.700000000000000200, 0.05000000000000005100, 3.949999999999998800 ) );
#292=EDGE_LOOP ( 'NONE', ( #1511, #10360, #2310, #9369 ) );
#293=CARTESIAN_POINT ( 'NONE',  ( -6.299999999999990900, 0.05000000000000005100, -2.600000000000025000 ) );
#294=STYLED_ITEM ( 'NONE', ( #853 ), #10565 );
#295=ORIENTED_EDGE ( 'NONE', *, *, #6478, .T. );
#296=CARTESIAN_POINT ( 'NONE',  ( 5.500000000000029300, 0.05000000000000005100, 2.499999999999999100 ) );
#297=LINE ( 'NONE', #5033, #52 );
#298=ORIENTED_EDGE ( 'NONE', *, *, #4998, .F. );
#299=ORIENTED_EDGE ( 'NONE', *, *, #6815, .F. );
#300=ADVANCED_FACE ( 'NONE', ( #2848 ), #9412, .T. );
#301=PLANE ( 'NONE',  #1851 );
#302=LINE ( 'NONE', #1096, #121 );
#303=ORIENTED_EDGE ( 'NONE', *, *, #6108, .F. );
#304=EDGE_CURVE ( 'NONE', #6288, #9680, #7248, .T. );
#305=CARTESIAN_POINT ( 'NONE',  ( -6.299999999999951000, 0.05000000000000005100, 0.5000000000000004400 ) );
#306=LINE ( 'NONE', #4935, #186 );
#307=DIRECTION ( 'NONE',  ( 2.168404344970947300E-015, -1.540743955509788700E-033, 1.000000000000000000 ) );
#308=CARTESIAN_POINT ( 'NONE',  ( -1.000000000000000900, 0.05000000000000007900, 7.199999999999998400 ) );
#309=EDGE_CURVE ( 'NONE', #4038, #12918, #1577, .T. );
#310=FACE_BOUND ( 'NONE', #10333, .T. );
#311=LINE ( 'NONE', #5620, #52 );
#312=ORIENTED_EDGE ( 'NONE', *, *, #11478, .T. );
#313=EDGE_LOOP ( 'NONE', ( #12344, #9152, #6244, #3914 ) );
#314=CARTESIAN_POINT ( 'NONE',  ( -2.600000000000000500, 0.05000000000000007900, -2.600000000000024100 ) );
#315=VERTEX_POINT ( 'NONE', #4570 );
#316=EDGE_CURVE ( 'NONE', #5840, #6191, #8433, .T. );
#317=AXIS2_PLACEMENT_3D ( 'NONE', #4098, #1263, #1366 );
#318=DIRECTION ( 'NONE',  ( -3.244750383716045300E-035, 0.0000000000000000000, -1.000000000000000000 ) );
#319=CARTESIAN_POINT ( 'NONE',  ( -2.600000000000000100, 0.0000000000000000000, 8.000000000000021300 ) );
#320=LINE ( 'NONE', #4316, #188 );
#321=ORIENTED_EDGE ( 'NONE', *, *, #5919, .T. );
#322=ORIENTED_EDGE ( 'NONE', *, *, #7550, .F. );
#323=ORIENTED_EDGE ( 'NONE', *, *, #8929, .T. );
#324=( LENGTH_UNIT ( ) NAMED_UNIT ( * ) SI_UNIT ( .MILLI., .METRE. ) );
#325=DIRECTION ( 'NONE',  ( 0.0000000000000000000, 1.234776807320389200E-016, -1.000000000000000000 ) );
#326=CARTESIAN_POINT ( 'NONE',  ( -2.999999999999985300, 0.05000000000000005100, 7.199999999999996600 ) );
#327=ORIENTED_EDGE ( 'NONE', *, *, #13183, .F. );
#328=MANIFOLD_SOLID_BREP ( 'Pin 21', #6057 );
#329=FACE_OUTER_BOUND ( 'NONE', #6727, .T. );
#330=ORIENTED_EDGE ( 'NONE', *, *, #8581, .T. );
#331=LINE ( 'NONE', #7068, #441 );
#332=ORIENTED_EDGE ( 'NONE', *, *, #12099, .F. );
#333=CARTESIAN_POINT ( 'NONE',  ( -3.399999999999998600, 0.05000000000000005100, -1.800000000000001400 ) );
#334=VECTOR ( 'NONE', #6965, 1000.000000000000000 );
#335=ORIENTED_EDGE ( 'NONE', *, *, #8479, .T. );
#336=ADVANCED_FACE ( 'NONE', ( #4848 ), #14209, .F. );
#337=EDGE_CURVE ( 'NONE', #8058, #7227, #14417, .T. );
#338=DIRECTION ( 'NONE',  ( -0.0000000000000000000, 1.000000000000000000, 1.204669080539449800E-016 ) );
#339=ORIENTED_EDGE ( 'NONE', *, *, #1122, .F. );
#340=DIRECTION ( 'NONE',  ( 0.0000000000000000000, -0.0000000000000000000, 1.000000000000000000 ) );
#341=EDGE_CURVE ( 'NONE', #7325, #10988, #13092, .T. );
#342=DIRECTION ( 'NONE',  ( 0.0000000000000000000, -1.204669080539449800E-016, 1.000000000000000000 ) );
#343=FACE_OUTER_BOUND ( 'NONE', #984, .T. );
#344=ORIENTED_EDGE ( 'NONE', *, *, #8551, .T. );
#345=DIRECTION ( 'NONE',  ( -1.386294004634012100E-035, 0.0000000000000000000, 1.000000000000000000 ) );
#346=EDGE_CURVE ( 'NONE', #3621, #5479, #13982, .T. );
#347=ORIENTED_EDGE ( 'NONE', *, *, #10162, .F. );
#348=STYLED_ITEM ( 'NONE', ( #853 ), #3544 );
#349=DIRECTION ( 'NONE',  ( 1.000000000000000000, 0.0000000000000000000, 2.710505431213862700E-016 ) );
#350=VECTOR ( 'NONE', #93, 1000.000000000000000 );
#351=VERTEX_POINT ( 'NONE', #1249 );
#352=DIRECTION ( 'NONE',  ( 3.093242937352156400E-035, 0.0000000000000000000, -1.000000000000000000 ) );
#353=CARTESIAN_POINT ( 'NONE',  ( -5.500000000000007100, 0.0000000000000000000, 1.700000000000005500 ) );
#354=CARTESIAN_POINT ( 'NONE',  ( -4.200000000000000200, 0.05000000000000005100, -2.600000000000024100 ) );
#355=EDGE_LOOP ( 'NONE', ( #6027, #13594, #8976, #13701 ) );
#356=CARTESIAN_POINT ( 'NONE',  ( 6.299999999999992700, 0.05000000000000005100, 2.499999999999997800 ) );
#357=VERTEX_POINT ( 'NONE', #13968 );
#358=ADVANCED_FACE ( 'NONE', ( #1342 ), #4618, .F. );
#359=ORIENTED_EDGE ( 'NONE', *, *, #7088, .T. );
#360=ADVANCED_FACE ( 'NONE', ( #1800 ), #9133, .F. );
#361=DIRECTION ( 'NONE',  ( 3.252606517456159500E-015, 0.0000000000000000000, 1.000000000000000000 ) );
#362=PLANE ( 'NONE',  #6052 );
#363=ORIENTED_EDGE ( 'NONE', *, *, #6669, .T. );
#364=( GEOMETRIC_REPRESENTATION_CONTEXT ( 3 ) GLOBAL_UNCERTAINTY_ASSIGNED_CONTEXT ( ( #221 ) ) GLOBAL_UNIT_ASSIGNED_CONTEXT ( ( #324, #94, #251 ) ) REPRESENTATION_CONTEXT ( 'NONE', 'WORKASPACE' ) );
#365=VERTEX_POINT ( 'NONE', #5731 );
#366=VECTOR ( 'NONE', #171, 1000.000000000000000 );
#367=VECTOR ( 'NONE', #616, 1000.000000000000000 );
#368=ORIENTED_EDGE ( 'NONE', *, *, #4702, .F. );
#369=LINE ( 'NONE', #1201, #1066 );
#370=ORIENTED_EDGE ( 'NONE', *, *, #12259, .F. );
#371=DIRECTION ( 'NONE',  ( 2.168404344971005700E-015, -0.0000000000000000000, 1.000000000000000000 ) );
#372=DIRECTION ( 'NONE',  ( -1.246361098538497300E-035, 0.0000000000000000000, 1.000000000000000000 ) );
#373=ORIENTED_EDGE ( 'NONE', *, *, #2121, .F. );
#374=CARTESIAN_POINT ( 'NONE',  ( 5.599999999999997000, 0.0000000000000000000, 7.299999999999998000 ) );
#375=CARTESIAN_POINT ( 'NONE',  ( 4.999999999999969800, 0.05000000000000005100, 7.199999999999998400 ) );
#376=AXIS2_PLACEMENT_3D ( 'NONE', #9659, #1021, #23 );
#377=CARTESIAN_POINT ( 'NONE',  ( -2.449999999999998000, 0.7999999999999999300, -7.250000000000000000 ) );
#378=ADVANCED_FACE ( 'NONE', ( #13700 ), #10457, .F. );
#379=ORIENTED_EDGE ( 'NONE', *, *, #4453, .F. );
#380=CARTESIAN_POINT ( 'NONE',  ( -5.599999999999997000, 0.05000000000000005100, 7.299999999999998000 ) );
#381=VECTOR ( 'NONE', #9245, 1000.000000000000000 );
#382=CARTESIAN_POINT ( 'NONE',  ( 0.6000000000000128600, 0.05000000000000005100, 8.000000000000000000 ) );
#383=LINE ( 'NONE', #4331, #22 );
#384=VECTOR ( 'NONE', #1715, 1000.000000000000000 );
#385=ORIENTED_EDGE ( 'NONE', *, *, #3706, .T. );
#386=VECTOR ( 'NONE', #2066, 1000.000000000000000 );
#387=CARTESIAN_POINT ( 'NONE',  ( 0.2000000000000020400, 0.04999999999999960700, -4.699999999999997500 ) );
#388=LINE ( 'NONE', #5510, #13355 );
#389=ORIENTED_EDGE ( 'NONE', *, *, #11813, .T. );
#390=MECHANICAL_DESIGN_GEOMETRIC_PRESENTATION_REPRESENTATION (  '', ( #9448 ), #13081 );
#391=DIRECTION ( 'NONE',  ( -1.000000000000000000, 0.0000000000000000000, 2.168404344970947300E-015 ) );
#392=CARTESIAN_POINT ( 'NONE',  ( 5.000000000000049700, 0.0000000000000000000, 7.999999999999976000 ) );
#393=EDGE_LOOP ( 'NONE', ( #4454, #6962, #7131, #13540 ) );
#394=EDGE_CURVE ( 'NONE', #12072, #7232, #2424, .T. );
#395=PLANE ( 'NONE',  #5714 );
#396=ORIENTED_EDGE ( 'NONE', *, *, #11861, .F. );
#397=CARTESIAN_POINT ( 'NONE',  ( 1.250000000000000700, 0.0000000000000000000, -1.734723475976807100E-015 ) );
#398=CARTESIAN_POINT ( 'NONE',  ( -5.549999999999998000, 0.7499999999999993300, -2.899999999999998100 ) );
#399=FACE_OUTER_BOUND ( 'NONE', #9831, .T. );
#400=ADVANCED_FACE ( 'NONE', ( #12003 ), #10328, .T. );
#401=VECTOR ( 'NONE', #4811, 1000.000000000000000 );
#402=LINE ( 'NONE', #3237, #881 );
#403=ORIENTED_EDGE ( 'NONE', *, *, #14133, .F. );
#404=FACE_OUTER_BOUND ( 'NONE', #1710, .T. );
#405=LINE ( 'NONE', #648, #188 );
#406=EDGE_CURVE ( 'NONE', #10731, #8701, #10418, .T. );
#407=CARTESIAN_POINT ( 'NONE',  ( 2.200000000000001500, 0.04999999999999968400, -5.349999999999997900 ) );
#408=EDGE_LOOP ( 'NONE', ( #3396, #4517, #199, #10228 ) );
#409=EDGE_CURVE ( 'NONE', #11214, #3202, #7999, .T. );
#410=MECHANICAL_DESIGN_GEOMETRIC_PRESENTATION_REPRESENTATION (  '', ( #11275 ), #13273 );
#411=EDGE_LOOP ( 'NONE', ( #14729, #11605, #492, #14587, #1491, #9785 ) );
#412=DIRECTION ( 'NONE',  ( 1.386294004634012100E-035, 0.0000000000000000000, -1.000000000000000000 ) );
#413=CARTESIAN_POINT ( 'NONE',  ( 1.249999999999999800, 0.05000000000000007900, 3.949999999999998800 ) );
#414=DIRECTION ( 'NONE',  ( -1.000000000000000000, 0.0000000000000000000, -3.717264591378872800E-015 ) );
#415=AXIS2_PLACEMENT_3D ( 'NONE', #2381, #49, #762 );
#416=ORIENTED_EDGE ( 'NONE', *, *, #1858, .T. );
#417=CARTESIAN_POINT ( 'NONE',  ( 2.700000000000000200, 0.0000000000000000000, 5.399999999999998600 ) );
#418=LINE ( 'NONE', #485, #2134 );
#419=CARTESIAN_POINT ( 'NONE',  ( -0.7249999999999984200, 0.05000000000000007900, 3.424999999999998900 ) );
#420=LINE ( 'NONE', #4644, #232 );
#421=VERTEX_POINT ( 'NONE', #86 );
#422=EDGE_CURVE ( 'NONE', #10595, #2419, #11678, .T. );
#423=VECTOR ( 'NONE', #720, 1000.000000000000000 );
#424=DIRECTION ( 'NONE',  ( -0.0000000000000000000, -0.0000000000000000000, 1.000000000000000000 ) );
#425=EDGE_CURVE ( 'NONE', #5708, #2982, #5199, .T. );
#426=CARTESIAN_POINT ( 'NONE',  ( -2.449999999999998400, 0.04999999999999960700, -4.699999999999997500 ) );
#427=CARTESIAN_POINT ( 'NONE',  ( 6.299999999999998900, 0.05000000000000005100, 6.899999999999998600 ) );
#428=EDGE_LOOP ( 'NONE', ( #497, #1974, #7805, #4373 ) );
#429=VECTOR ( 'NONE', #325, 1000.000000000000000 );
#430=ADVANCED_FACE ( 'NONE', ( #9108 ), #11475, .T. );
#431=EDGE_LOOP ( 'NONE', ( #11536, #11593, #11392, #12829 ) );
#432=VERTEX_POINT ( 'NONE', #8273 );
#433=EDGE_CURVE ( 'NONE', #6870, #2990, #14551, .T. );
#434=AXIS2_PLACEMENT_3D ( 'NONE', #1203, #93, #18 );
#435=ORIENTED_EDGE ( 'NONE', *, *, #11715, .F. );
#436=CARTESIAN_POINT ( 'NONE',  ( 6.299999999999971400, 0.05000000000000005100, 1.300000000000006000 ) );
#437=CARTESIAN_POINT ( 'NONE',  ( 2.700000000000000200, 0.05000000000000007900, 1.974999999999998500 ) );
#438=SURFACE_STYLE_USAGE ( .BOTH. , #1482 );
#439=CARTESIAN_POINT ( 'NONE',  ( -1.000000000000000900, 0.05000000000000007900, -2.600000000000001400 ) );
#440=ORIENTED_EDGE ( 'NONE', *, *, #14544, .T. );
#441=VECTOR ( 'NONE', #1501, 1000.000000000000000 );
#442=VECTOR ( 'NONE', #1321, 1000.000000000000000 );
#443=VERTEX_POINT ( 'NONE', #5979 );
#444=( GEOMETRIC_REPRESENTATION_CONTEXT ( 3 ) GLOBAL_UNCERTAINTY_ASSIGNED_CONTEXT ( ( #221 ) ) GLOBAL_UNIT_ASSIGNED_CONTEXT ( ( #324, #94, #251 ) ) REPRESENTATION_CONTEXT ( 'NONE', 'WORKASPACE' ) );
#445=CARTESIAN_POINT ( 'NONE',  ( 5.599999999999997900, 0.0000000000000000000, -1.900000000000001700 ) );
#446=FILL_AREA_STYLE_COLOUR ( '', #13574 );
#447=ORIENTED_EDGE ( 'NONE', *, *, #10267, .F. );
#448=CARTESIAN_POINT ( 'NONE',  ( 6.299999999999972300, 0.05000000000000007900, 0.1000000000000028600 ) );
#449=ORIENTED_EDGE ( 'NONE', *, *, #14517, .T. );
#450=CARTESIAN_POINT ( 'NONE',  ( -5.500000000000009800, 0.05000000000000005100, -1.100000000000004500 ) );
#451=EDGE_CURVE ( 'NONE', #12531, #266, #8663, .T. );
#452=ADVANCED_FACE ( 'NONE', ( #14275 ), #8101, .F. );
#453=ORIENTED_EDGE ( 'NONE', *, *, #1165, .T. );
#454=CARTESIAN_POINT ( 'NONE',  ( -2.999999999999985300, 0.05000000000000005100, 8.000000000000021300 ) );
#455=DIRECTION ( 'NONE',  ( 2.168404344971008500E-015, 0.0000000000000000000, -1.000000000000000000 ) );
#456=EDGE_CURVE ( 'NONE', #4488, #7990, #3536, .T. );
#457=ADVANCED_FACE ( 'NONE', ( #8939 ), #3474, .F. );
#458=ORIENTED_EDGE ( 'NONE', *, *, #10065, .F. );
#459=CARTESIAN_POINT ( 'NONE',  ( -3.400000000000000400, 0.0000000000000000000, -2.600000000000024100 ) );
#460=EDGE_CURVE ( 'NONE', #13017, #6477, #6676, .T. );
#461=CARTESIAN_POINT ( 'NONE',  ( 5.500000000000028400, 0.05000000000000005100, 1.300000000000006500 ) );
#462=ORIENTED_EDGE ( 'NONE', *, *, #14403, .T. );
#463=EDGE_LOOP ( 'NONE', ( #5716, #9813, #5900, #6279 ) );
#464=VECTOR ( 'NONE', #11887, 1000.000000000000000 );
#465=ORIENTED_EDGE ( 'NONE', *, *, #8428, .F. );
#466=LINE ( 'NONE', #3022, #8422 );
#467=CARTESIAN_POINT ( 'NONE',  ( -6.299999999999951000, 0.0000000000000000000, 4.499999999999992000 ) );
#468=EDGE_CURVE ( 'NONE', #3540, #11634, #418, .T. );
#469=PRESENTATION_LAYER_ASSIGNMENT (  '', '', ( #10282 ) );
#470=CARTESIAN_POINT ( 'NONE',  ( -1.250000000000000400, 0.05000000000000007900, 5.399999999999998600 ) );
#471=VERTEX_POINT ( 'NONE', #909 );
#472=PLANE ( 'NONE',  #1291 );
#473=EDGE_LOOP ( 'NONE', ( #13354, #10383, #5026, #10792 ) );
#474=CARTESIAN_POINT ( 'NONE',  ( -1.799999999999997800, 0.7500000000000000000, -7.900000000000000400 ) );
#475=CARTESIAN_POINT ( 'NONE',  ( -3.399999999999999500, 0.05000000000000007900, 8.000000000000021300 ) );
#476=ORIENTED_EDGE ( 'NONE', *, *, #1029, .F. );
#477=VERTEX_POINT ( 'NONE', #2281 );
#478=FACE_OUTER_BOUND ( 'NONE', #13347, .T. );
#479=ADVANCED_FACE ( 'NONE', ( #2010 ), #8318, .T. );
#480=FACE_OUTER_BOUND ( 'NONE', #931, .T. );
#481=EDGE_LOOP ( 'NONE', ( #12412, #13277, #7794, #9132 ) );
#482=CARTESIAN_POINT ( 'NONE',  ( 6.299999999999998900, 0.05000000000000007900, 7.299999999999998000 ) );
#483=LINE ( 'NONE', #3631, #186 );
#484=DIRECTION ( 'NONE',  ( 1.000000000000000000, -0.0000000000000000000, 4.710806231688491300E-035 ) );
#485=CARTESIAN_POINT ( 'NONE',  ( -2.449999999999998000, 0.7999999999999996000, -4.699999999999997500 ) );
#486=EDGE_LOOP ( 'NONE', ( #7166, #4582, #4889, #4122 ) );
#487=DIRECTION ( 'NONE',  ( -4.088991050516891000E-014, 0.0000000000000000000, 1.000000000000000000 ) );
#488=EDGE_CURVE ( 'NONE', #8375, #8840, #7235, .T. );
#489=DIRECTION ( 'NONE',  ( -2.065146995210483700E-016, 0.0000000000000000000, -1.000000000000000000 ) );
#490=ORIENTED_EDGE ( 'NONE', *, *, #6535, .T. );
#491=CARTESIAN_POINT ( 'NONE',  ( 1.800000000000003800, 0.05000000000000007900, 8.000000000000021300 ) );
#492=ORIENTED_EDGE ( 'NONE', *, *, #9000, .F. );
#493=VERTEX_POINT ( 'NONE', #3244 );
#494=ORIENTED_EDGE ( 'NONE', *, *, #10256, .F. );
#495=DIRECTION ( 'NONE',  ( 1.000000000000000000, 0.0000000000000000000, -1.386294004633885700E-035 ) );
#496=EDGE_CURVE ( 'NONE', #5720, #1405, #5949, .T. );
#497=ORIENTED_EDGE ( 'NONE', *, *, #1759, .F. );
#498=LINE ( 'NONE', #2996, #4633 );
#499=CARTESIAN_POINT ( 'NONE',  ( -5.725000000000000500, 2.300000000000006900, -2.119999999999998800 ) );
#500=AXIS2_PLACEMENT_3D ( 'NONE', #2196, #2116, #128 );
#501=ORIENTED_EDGE ( 'NONE', *, *, #13114, .F. );
#502=EDGE_LOOP ( 'NONE', ( #7523, #8966, #5160, #11232 ) );
#503=LINE ( 'NONE', #2870, #5254 );
#504=LINE ( 'NONE', #1331, #22 );
#505=ORIENTED_EDGE ( 'NONE', *, *, #9835, .T. );
#506=CIRCLE ( 'NONE', #7847, 0.09999999999999982500 );
#507=VERTEX_POINT ( 'NONE', #1109 );
#508=ADVANCED_FACE ( 'NONE', ( #3067 ), #98, .T. );
#509=CARTESIAN_POINT ( 'NONE',  ( -0.4499999999999979000, 6.606856988583542600E-016, -5.349999999999997900 ) );
#510=CARTESIAN_POINT ( 'NONE',  ( -6.299999999999951000, 0.0000000000000000000, 1.300000000000002900 ) );
#511=DIRECTION ( 'NONE',  ( 1.000000000000000000, 0.0000000000000000000, -0.0000000000000000000 ) );
#512=ORIENTED_EDGE ( 'NONE', *, *, #13714, .T. );
#513=DIRECTION ( 'NONE',  ( 3.345538132241030000E-014, 0.0000000000000000000, -1.000000000000000000 ) );
#514=CARTESIAN_POINT ( 'NONE',  ( 5.500000000000026600, 0.0000000000000000000, 6.899999999999998600 ) );
#515=CARTESIAN_POINT ( 'NONE',  ( -3.799999999999985600, 0.0000000000000000000, -2.600000000000024100 ) );
#516=ORIENTED_EDGE ( 'NONE', *, *, #3632, .F. );
#517=ORIENTED_EDGE ( 'NONE', *, *, #8152, .T. );
#518=VERTEX_POINT ( 'NONE', #3679 );
#519=PLANE ( 'NONE',  #1947 );
#520=ORIENTED_EDGE ( 'NONE', *, *, #5889, .F. );
#521=EDGE_LOOP ( 'NONE', ( #8859, #10177, #6647, #332 ) );
#522=FACE_OUTER_BOUND ( 'NONE', #11531, .T. );
#523=EDGE_CURVE ( 'NONE', #4196, #13268, #2639, .T. );
#524=DIRECTION ( 'NONE',  ( 1.532433103544344900E-035, 0.0000000000000000000, 1.000000000000000000 ) );
#525=VERTEX_POINT ( 'NONE', #3003 );
#526=PLANE ( 'NONE',  #12174 );
#527=LINE ( 'NONE', #3089, #1315 );
#528=VERTEX_POINT ( 'NONE', #6303 );
#529=CARTESIAN_POINT ( 'NONE',  ( -3.799999999999985600, 0.05000000000000005100, -1.799999999999999600 ) );
#530=( GEOMETRIC_REPRESENTATION_CONTEXT ( 3 ) GLOBAL_UNCERTAINTY_ASSIGNED_CONTEXT ( ( #221 ) ) GLOBAL_UNIT_ASSIGNED_CONTEXT ( ( #324, #94, #251 ) ) REPRESENTATION_CONTEXT ( 'NONE', 'WORKASPACE' ) );
#531=LINE ( 'NONE', #9952, #124 );
#532=ORIENTED_EDGE ( 'NONE', *, *, #11642, .F. );
#533=CARTESIAN_POINT ( 'NONE',  ( 6.600000000000000500, 0.8000000000000000400, -8.300000000000000700 ) );
#534=ORIENTED_EDGE ( 'NONE', *, *, #14356, .F. );
#535=ORIENTED_EDGE ( 'NONE', *, *, #6634, .F. );
#536=EDGE_CURVE ( 'NONE', #4181, #6564, #3461, .T. );
#537=ORIENTED_EDGE ( 'NONE', *, *, #13817, .T. );
#538=VERTEX_POINT ( 'NONE', #2267 );
#539=EDGE_CURVE ( 'NONE', #2484, #6839, #13531, .T. );
#540=ADVANCED_FACE ( 'NONE', ( #5742 ), #472, .F. );
#541=LINE ( 'NONE', #3090, #5254 );
#542=CARTESIAN_POINT ( 'NONE',  ( 2.600000000000002300, 0.05000000000000007900, -1.800000000000001400 ) );
#543=PLANE ( 'NONE',  #4318 );
#544=VECTOR ( 'NONE', #5712, 1000.000000000000000 );
#545=CARTESIAN_POINT ( 'NONE',  ( 0.7249999999999999800, 0.05000000000000005100, 3.949999999999998800 ) );
#546=VERTEX_POINT ( 'NONE', #7865 );
#547=LINE ( 'NONE', #2891, #996 );
#548=EDGE_LOOP ( 'NONE', ( #10113, #4651, #5756, #11434, #7384, #11118 ) );
#549=LINE ( 'NONE', #3508, #1977 );
#550=CARTESIAN_POINT ( 'NONE',  ( -2.599999999999998300, 0.05000000000000005100, 7.199999999999998400 ) );
#551=VECTOR ( 'NONE', #1461, 1000.000000000000000 );
#552=EDGE_CURVE ( 'NONE', #9155, #244, #893, .T. );
#553=DIRECTION ( 'NONE',  ( -1.239088197126249600E-014, 0.0000000000000000000, 1.000000000000000000 ) );
#554=ORIENTED_EDGE ( 'NONE', *, *, #1431, .T. );
#555=EDGE_CURVE ( 'NONE', #9279, #4038, #14404, .T. );
#556=ORIENTED_EDGE ( 'NONE', *, *, #13755, .F. );
#557=SURFACE_SIDE_STYLE ('',( #13 ) );
#558=EDGE_LOOP ( 'NONE', ( #12331, #271, #9145, #14338 ) );
#559=DIRECTION ( 'NONE',  ( -1.000000000000000000, 0.0000000000000000000, -3.252606517456617800E-015 ) );
#560=CARTESIAN_POINT ( 'NONE',  ( -5.500000000000008000, 0.0000000000000000000, 2.499999999999996400 ) );
#561=MECHANICAL_DESIGN_GEOMETRIC_PRESENTATION_REPRESENTATION (  '', ( #3736 ), #12773 );
#562=LINE ( 'NONE', #3766, #1411 );
#563=ADVANCED_FACE ( 'NONE', ( #13384 ), #10440, .T. );
#564=ORIENTED_EDGE ( 'NONE', *, *, #4414, .F. );
#565=FACE_OUTER_BOUND ( 'NONE', #13064, .T. );
#566=EDGE_CURVE ( 'NONE', #7338, #5132, #8001, .T. );
#567=ORIENTED_EDGE ( 'NONE', *, *, #8312, .T. );
#568=ADVANCED_FACE ( 'NONE', ( #5566 ), #4809, .F. );
#569=CARTESIAN_POINT ( 'NONE',  ( -1.250000000000000200, 0.05000000000000005100, 3.424999999999998500 ) );
#570=VERTEX_POINT ( 'NONE', #1792 );
#571=EDGE_CURVE ( 'NONE', #10213, #4812, #10727, .T. );
#572=AXIS2_PLACEMENT_3D ( 'NONE', #4169, #23, #128 );
#573=LINE ( 'NONE', #2632, #12098 );
#574=ORIENTED_EDGE ( 'NONE', *, *, #12561, .F. );
#575=VERTEX_POINT ( 'NONE', #560 );
#576=( GEOMETRIC_REPRESENTATION_CONTEXT ( 3 ) GLOBAL_UNCERTAINTY_ASSIGNED_CONTEXT ( ( #221 ) ) GLOBAL_UNIT_ASSIGNED_CONTEXT ( ( #324, #94, #251 ) ) REPRESENTATION_CONTEXT ( 'NONE', 'WORKASPACE' ) );
#577=ORIENTED_EDGE ( 'NONE', *, *, #13664, .F. );
#578=EDGE_CURVE ( 'NONE', #3492, #5497, #12345, .T. );
#579=DIRECTION ( 'NONE',  ( 1.000000000000000000, -0.0000000000000000000, 5.961979227743527000E-035 ) );
#580=CARTESIAN_POINT ( 'NONE',  ( 5.975000000000000500, 20.65008038564430800, -2.019999999999998200 ) );
#581=CARTESIAN_POINT ( 'NONE',  ( -6.199999999999997500, 0.7499999999999993300, -2.899999999999998100 ) );
#582=PLANE ( 'NONE',  #6884 );
#583=LINE ( 'NONE', #4097, #188 );
#584=EDGE_CURVE ( 'NONE', #9347, #12256, #6484, .T. );
#585=ORIENTED_EDGE ( 'NONE', *, *, #4826, .T. );
#586=ORIENTED_EDGE ( 'NONE', *, *, #10772, .T. );
#587=ADVANCED_FACE ( 'NONE', ( #2828 ), #7977, .T. );
#588=MANIFOLD_SOLID_BREP ( 'Pin 8', #1214 );
#589=LINE ( 'NONE', #1249, #52 );
#590=ORIENTED_EDGE ( 'NONE', *, *, #3971, .T. );
#591=VECTOR ( 'NONE', #338, 1000.000000000000000 );
#592=EDGE_LOOP ( 'NONE', ( #5394, #6094, #10348, #11321 ) );
#593=ORIENTED_EDGE ( 'NONE', *, *, #1283, .F. );
#594=EDGE_CURVE ( 'NONE', #11585, #8122, #12326, .T. );
#595=AXIS2_PLACEMENT_3D ( 'NONE', #215, #279, #18 );
#596=VERTEX_POINT ( 'NONE', #2450 );
#597=ORIENTED_EDGE ( 'NONE', *, *, #4030, .F. );
#598=PLANE ( 'NONE',  #6080 );
#599=DIRECTION ( 'NONE',  ( 7.804049169037448600E-036, 0.0000000000000000000, -1.000000000000000000 ) );
#600=DIRECTION ( 'NONE',  ( -1.000000000000000000, 0.0000000000000000000, 5.421010862427908700E-016 ) );
#601=DIRECTION ( 'NONE',  ( 2.065146995210483500E-016, -1.234776807320388900E-016, 1.000000000000000000 ) );
#602=EDGE_CURVE ( 'NONE', #9429, #12705, #12147, .T. );
#603=LINE ( 'NONE', #6778, #9069 );
#604=ORIENTED_EDGE ( 'NONE', *, *, #8767, .F. );
#605=CARTESIAN_POINT ( 'NONE',  ( -0.4499999999999980100, 0.04999999999999968400, -5.349999999999997900 ) );
#606=ORIENTED_EDGE ( 'NONE', *, *, #1761, .T. );
#607=PLANE ( 'NONE',  #8553 );
#608=CARTESIAN_POINT ( 'NONE',  ( 6.300000000000002500, 0.05000000000000007900, -0.3000000000000014300 ) );
#609=VECTOR ( 'NONE', #1808, 1000.000000000000000 );
#610=ORIENTED_EDGE ( 'NONE', *, *, #6497, .F. );
#611=CARTESIAN_POINT ( 'NONE',  ( -5.599999999999997900, 0.05000000000000007900, -1.900000000000001700 ) );
#612=CARTESIAN_POINT ( 'NONE',  ( -3.399999999999997700, 0.05000000000000005100, 7.199999999999998400 ) );
#613=DIRECTION ( 'NONE',  ( -0.0000000000000000000, 0.0000000000000000000, -1.000000000000000000 ) );
#614=VERTEX_POINT ( 'NONE', #4476 );
#615=ADVANCED_FACE ( 'NONE', ( #7221 ), #12845, .T. );
#616=DIRECTION ( 'NONE',  ( 8.673617379884125400E-015, 0.0000000000000000000, 1.000000000000000000 ) );
#617=EDGE_LOOP ( 'NONE', ( #3947, #9302, #1795, #13082 ) );
#618=EDGE_CURVE ( 'NONE', #9190, #13565, #10719, .T. );
#619=ORIENTED_EDGE ( 'NONE', *, *, #969, .T. );
#620=DIRECTION ( 'NONE',  ( -1.000000000000000000, 0.0000000000000000000, -5.220124945131697200E-036 ) );
#621=EDGE_CURVE ( 'NONE', #10768, #9776, #5001, .T. );
#622=ORIENTED_EDGE ( 'NONE', *, *, #6757, .F. );
#623=ORIENTED_EDGE ( 'NONE', *, *, #9232, .F. );
#624=CARTESIAN_POINT ( 'NONE',  ( -0.7249999999999999800, 0.0000000000000000000, 1.449999999999998200 ) );
#625=CARTESIAN_POINT ( 'NONE',  ( 6.300000000000002500, 0.05000000000000005100, 6.499999999999999100 ) );
#626=LINE ( 'NONE', #11231, #52 );
#627=DIRECTION ( 'NONE',  ( 1.000000000000000000, -0.0000000000000000000, 4.336808689941884400E-015 ) );
#628=LINE ( 'NONE', #550, #22 );
#629=ORIENTED_EDGE ( 'NONE', *, *, #11447, .F. );
#630=LINE ( 'NONE', #9747, #22 );
#631=LINE ( 'NONE', #354, #4222 );
#632=ORIENTED_EDGE ( 'NONE', *, *, #8208, .F. );
#633=CARTESIAN_POINT ( 'NONE',  ( -4.999999999999947600, 0.05000000000000005100, 7.199999999999927300 ) );
#634=ORIENTED_EDGE ( 'NONE', *, *, #4689, .F. );
#635=CARTESIAN_POINT ( 'NONE',  ( 4.200000000000002800, 0.05000000000000005100, -2.600000000000024100 ) );
#636=ORIENTED_EDGE ( 'NONE', *, *, #3313, .T. );
#637=AXIS2_PLACEMENT_3D ( 'NONE', #608, #3581, #11436 );
#638=ADVANCED_FACE ( 'NONE', ( #9273 ), #12118, .T. );
#639=ORIENTED_EDGE ( 'NONE', *, *, #5290, .T. );
#640=EDGE_CURVE ( 'NONE', #3110, #8796, #2217, .T. );
#641=VECTOR ( 'NONE', #6764, 1000.000000000000000 );
#642=DIRECTION ( 'NONE',  ( 9.974659986866919700E-014, 0.0000000000000000000, -1.000000000000000000 ) );
#643=LINE ( 'NONE', #5696, #22 );
#644=VERTEX_POINT ( 'NONE', #1582 );
#645=CARTESIAN_POINT ( 'NONE',  ( -0.7250000000000004200, 0.05000000000000005100, 3.949999999999998800 ) );
#646=FACE_OUTER_BOUND ( 'NONE', #11561, .T. );
#647=CARTESIAN_POINT ( 'NONE',  ( -2.999999999999986200, 0.0000000000000000000, -1.799999999999999600 ) );
#648=CARTESIAN_POINT ( 'NONE',  ( 5.500000000000028400, 0.05000000000000007900, 5.699999999999995700 ) );
#649=FACE_OUTER_BOUND ( 'NONE', #1827, .T. );
#650=EDGE_CURVE ( 'NONE', #13430, #12717, #10571, .T. );
#651=CARTESIAN_POINT ( 'NONE',  ( 2.600000000000001400, 0.05000000000000007900, 7.199999999999998400 ) );
#652=ORIENTED_EDGE ( 'NONE', *, *, #844, .T. );
#653=STYLED_ITEM ( 'NONE', ( #853 ), #1629 );
#654=EDGE_CURVE ( 'NONE', #4398, #1111, #10261, .T. );
#655=ORIENTED_EDGE ( 'NONE', *, *, #5056, .T. );
#656=ADVANCED_FACE ( 'NONE', ( #12937 ), #14182, .T. );
#657=LINE ( 'NONE', #4751, #52 );
#658=LINE ( 'NONE', #1640, #1115 );
#659=ADVANCED_FACE ( 'NONE', ( #5186 ), #7033, .T. );
#660=FACE_OUTER_BOUND ( 'NONE', #6125, .T. );
#661=LINE ( 'NONE', #4349, #8422 );
#662=CARTESIAN_POINT ( 'NONE',  ( -6.299999999999950100, 0.05000000000000007900, 0.09999999999999939500 ) );
#663=EDGE_LOOP ( 'NONE', ( #610, #13731, #1282, #11521 ) );
#664=FACE_OUTER_BOUND ( 'NONE', #8326, .T. );
#665=DIRECTION ( 'NONE',  ( 2.168404344971005700E-015, 0.0000000000000000000, 1.000000000000000000 ) );
#666=VECTOR ( 'NONE', #1410, 1000.000000000000000 );
#667=EDGE_CURVE ( 'NONE', #13644, #7420, #3048, .T. );
#668=EDGE_LOOP ( 'NONE', ( #5685, #8218, #11246, #2569 ) );
#669=DIRECTION ( 'NONE',  ( -1.000000000000000000, -0.0000000000000000000, -4.878909776184620100E-015 ) );
#670=LINE ( 'NONE', #2836, #121 );
#671=CARTESIAN_POINT ( 'NONE',  ( 6.299999999999998900, 0.0000000000000000000, 7.299999999999998000 ) );
#672=CARTESIAN_POINT ( 'NONE',  ( -1.400000000000013200, 0.0000000000000000000, 8.000000000000000000 ) );
#673=ORIENTED_EDGE ( 'NONE', *, *, #11289, .T. );
#674=CARTESIAN_POINT ( 'NONE',  ( 5.500000000000029300, 0.0000000000000000000, 2.899999999999997200 ) );
#675=EDGE_CURVE ( 'NONE', #6539, #14205, #7570, .T. );
#676=FACE_OUTER_BOUND ( 'NONE', #12178, .T. );
#677=ORIENTED_EDGE ( 'NONE', *, *, #3897, .T. );
#678=EDGE_CURVE ( 'NONE', #78, #1459, #13070, .T. );
#679=PLANE ( 'NONE',  #7336 );
#680=ADVANCED_FACE ( 'NONE', ( #13373 ), #14303, .F. );
#681=LINE ( 'NONE', #3956, #6559 );
#682=DIRECTION ( 'NONE',  ( -1.000000000000000000, 0.0000000000000000000, -5.421010862427907700E-016 ) );
#683=ORIENTED_EDGE ( 'NONE', *, *, #5056, .F. );
#684=ORIENTED_EDGE ( 'NONE', *, *, #8571, .F. );
#685=CARTESIAN_POINT ( 'NONE',  ( 4.200000000000000200, 0.7999999999999999300, -7.250000000000000000 ) );
#686=EDGE_LOOP ( 'NONE', ( #13895, #4592, #14717, #12041 ) );
#687=CARTESIAN_POINT ( 'NONE',  ( 6.300000000000002500, 0.05000000000000007900, 6.499999999999999100 ) );
#688=CARTESIAN_POINT ( 'NONE',  ( 5.724999999999999600, 2.299999999999999800, -2.019999999999998200 ) );
#689=EDGE_LOOP ( 'NONE', ( #10237, #11902, #3087, #6352 ) );
#690=EDGE_LOOP ( 'NONE', ( #10174, #1099, #5029, #9782 ) );
#691=ORIENTED_EDGE ( 'NONE', *, *, #6787, .F. );
#692=EDGE_CURVE ( 'NONE', #7207, #757, #6662, .T. );
#693=CARTESIAN_POINT ( 'NONE',  ( -0.7249999999999999800, 0.05000000000000005100, 1.449999999999998200 ) );
#694=CARTESIAN_POINT ( 'NONE',  ( 2.600000000000002300, 0.0000000000000000000, -1.800000000000001400 ) );
#695=ORIENTED_EDGE ( 'NONE', *, *, #4475, .F. );
#696=ORIENTED_EDGE ( 'NONE', *, *, #12540, .F. );
#697=EDGE_CURVE ( 'NONE', #13016, #10518, #7407, .T. );
#698=LINE ( 'NONE', #800, #144 );
#699=FACE_OUTER_BOUND ( 'NONE', #10299, .T. );
#700=ORIENTED_EDGE ( 'NONE', *, *, #14034, .T. );
#701=VECTOR ( 'NONE', #3264, 1000.000000000000000 );
#702=DIRECTION ( 'NONE',  ( -1.436365053392000900E-034, 0.0000000000000000000, -1.000000000000000000 ) );
#703=FACE_OUTER_BOUND ( 'NONE', #1643, .T. );
#704=VERTEX_POINT ( 'NONE', #8993 );
#705=EDGE_CURVE ( 'NONE', #4882, #14473, #11666, .T. );
#706=ADVANCED_FACE ( 'NONE', ( #11370 ), #7201, .T. );
#707=ORIENTED_EDGE ( 'NONE', *, *, #7829, .T. );
#708=AXIS2_PLACEMENT_3D ( 'NONE', #1926, #778, #424 );
#709=CARTESIAN_POINT ( 'NONE',  ( 5.825000000000000200, 20.65008038564430800, -2.020000000000000000 ) );
#710=DIRECTION ( 'NONE',  ( -2.312838020447142400E-035, 0.0000000000000000000, -1.000000000000000000 ) );
#711=DIRECTION ( 'NONE',  ( -1.000000000000000000, 0.0000000000000000000, -0.0000000000000000000 ) );
#712=ORIENTED_EDGE ( 'NONE', *, *, #8997, .F. );
#713=ORIENTED_EDGE ( 'NONE', *, *, #148, .T. );
#714=ORIENTED_EDGE ( 'NONE', *, *, #2796, .F. );
#715=VECTOR ( 'NONE', #3191, 1000.000000000000000 );
#716=EDGE_LOOP ( 'NONE', ( #3929, #4659, #1320, #10402 ) );
#717=LINE ( 'NONE', #5503, #1841 );
#718=VECTOR ( 'NONE', #778, 1000.000000000000000 );
#719=EDGE_CURVE ( 'NONE', #10518, #5154, #11041, .T. );
#720=DIRECTION ( 'NONE',  ( -1.000000000000000000, 0.0000000000000000000, -1.084202172485541500E-015 ) );
#721=CARTESIAN_POINT ( 'NONE',  ( -2.449999999999998400, 9.757819552369539900E-016, -7.900000000000000400 ) );
#722=ORIENTED_EDGE ( 'NONE', *, *, #11928, .T. );
#723=DIRECTION ( 'NONE',  ( 1.000000000000000000, 1.751623080406021300E-046, -8.673617379884125400E-015 ) );
#724=DIRECTION ( 'NONE',  ( 0.0000000000000000000, -1.000000000000000000, -1.234776807320388900E-016 ) );
#725=VERTEX_POINT ( 'NONE', #3371 );
#726=EDGE_CURVE ( 'NONE', #12432, #5840, #1325, .T. );
#727=CARTESIAN_POINT ( 'NONE',  ( -1.800000000000000500, 0.05000000000000007900, 8.000000000000021300 ) );
#728=VERTEX_POINT ( 'NONE', #10918 );
#729=VERTEX_POINT ( 'NONE', #268 );
#730=AXIS2_PLACEMENT_3D ( 'NONE', #1301, #14561, #6499 );
#731=ORIENTED_EDGE ( 'NONE', *, *, #9114, .F. );
#732=EDGE_CURVE ( 'NONE', #9162, #14074, #3442, .T. );
#733=ORIENTED_EDGE ( 'NONE', *, *, #9269, .F. );
#734=ADVANCED_FACE ( 'NONE', ( #12764 ), #2519, .T. );
#735=LINE ( 'NONE', #6032, #4222 );
#736=AXIS2_PLACEMENT_3D ( 'NONE', #5907, #778, #4187 );
#737=LINE ( 'NONE', #235, #52 );
#738=VERTEX_POINT ( 'NONE', #12510 );
#739=VECTOR ( 'NONE', #1810, 1000.000000000000000 );
#740=PLANE ( 'NONE',  #13778 );
#741=PLANE ( 'NONE',  #9470 );
#742=ORIENTED_EDGE ( 'NONE', *, *, #12952, .T. );
#743=ORIENTED_EDGE ( 'NONE', *, *, #286, .F. );
#744=ORIENTED_EDGE ( 'NONE', *, *, #13915, .T. );
#745=VERTEX_POINT ( 'NONE', #7714 );
#746=PLANE ( 'NONE',  #3265 );
#747=PLANE ( 'NONE',  #2768 );
#748=CARTESIAN_POINT ( 'NONE',  ( -4.599999999999991700, 0.05000000000000007900, 7.999999999999977800 ) );
#749=LINE ( 'NONE', #5357, #52 );
#750=EDGE_LOOP ( 'NONE', ( #2097, #5326, #13544, #9159 ) );
#751=FACE_OUTER_BOUND ( 'NONE', #8162, .T. );
#752=ORIENTED_EDGE ( 'NONE', *, *, #4769, .T. );
#753=EDGE_CURVE ( 'NONE', #6379, #5837, #8249, .T. );
#754=LINE ( 'NONE', #9436, #22 );
#755=CARTESIAN_POINT ( 'NONE',  ( -1.800000000000000500, 0.0000000000000000000, 8.000000000000021300 ) );
#756=ADVANCED_FACE ( 'NONE', ( #2623 ), #1008, .T. );
#757=VERTEX_POINT ( 'NONE', #7229 );
#758=DIRECTION ( 'NONE',  ( -1.000000000000000000, -7.703719777548943400E-034, 2.981555974335235800E-015 ) );
#759=ORIENTED_EDGE ( 'NONE', *, *, #8046, .F. );
#760=VERTEX_POINT ( 'NONE', #10529 );
#761=CARTESIAN_POINT ( 'NONE',  ( 2.999999999999988900, 0.0000000000000000000, 8.000000000000021300 ) );
#762=DIRECTION ( 'NONE',  ( -1.000000000000000000, 0.0000000000000000000, 1.626303258728295100E-015 ) );
#763=ORIENTED_EDGE ( 'NONE', *, *, #3313, .F. );
#764=ORIENTED_EDGE ( 'NONE', *, *, #8592, .F. );
#765=CARTESIAN_POINT ( 'NONE',  ( -1.250000000000000200, 0.0000000000000000000, -1.734723475976807100E-015 ) );
#766=DIRECTION ( 'NONE',  ( -3.841173411091376800E-014, 0.0000000000000000000, 1.000000000000000000 ) );
#767=CARTESIAN_POINT ( 'NONE',  ( 3.550000000000001200, 0.04999999999999968400, -5.349999999999997900 ) );
#768=PLANE ( 'NONE',  #1973 );
#769=( GEOMETRIC_REPRESENTATION_CONTEXT ( 3 ) GLOBAL_UNCERTAINTY_ASSIGNED_CONTEXT ( ( #221 ) ) GLOBAL_UNIT_ASSIGNED_CONTEXT ( ( #324, #94, #251 ) ) REPRESENTATION_CONTEXT ( 'NONE', 'WORKASPACE' ) );
#770=PLANE ( 'NONE',  #11889 );
#771=VERTEX_POINT ( 'NONE', #2949 );
#772=ORIENTED_EDGE ( 'NONE', *, *, #13904, .F. );
#773=ADVANCED_FACE ( 'NONE', ( #14685 ), #1069, .T. );
#774=EDGE_CURVE ( 'NONE', #5266, #421, #3622, .T. );
#775=ORIENTED_EDGE ( 'NONE', *, *, #11606, .T. );
#776=VERTEX_POINT ( 'NONE', #4581 );
#777=CARTESIAN_POINT ( 'NONE',  ( -6.299999999999998900, 0.05000000000000005100, 5.699999999999998400 ) );
#778=DIRECTION ( 'NONE',  ( 0.0000000000000000000, 1.000000000000000000, 0.0000000000000000000 ) );
#779=LINE ( 'NONE', #4417, #3098 );
#780=ORIENTED_EDGE ( 'NONE', *, *, #2288, .F. );
#781=PLANE ( 'NONE',  #13585 );
#782=CARTESIAN_POINT ( 'NONE',  ( 6.299999999999971400, 0.05000000000000007900, 4.099999999999990800 ) );
#783=LINE ( 'NONE', #2016, #139 );
#784=EDGE_LOOP ( 'NONE', ( #4542, #2948, #1280, #4577 ) );
#785=FACE_OUTER_BOUND ( 'NONE', #13231, .T. );
#786=DIRECTION ( 'NONE',  ( 1.000000000000000000, 0.0000000000000000000, -5.421010862427907700E-016 ) );
#787=VERTEX_POINT ( 'NONE', #7104 );
#788=VECTOR ( 'NONE', #7710, 1000.000000000000000 );
#789=EDGE_CURVE ( 'NONE', #12013, #14100, #7740, .T. );
#790=FACE_BOUND ( 'NONE', #12988, .T. );
#791=LINE ( 'NONE', #5945, #386 );
#792=EDGE_CURVE ( 'NONE', #13304, #3534, #657, .T. );
#793=EDGE_LOOP ( 'NONE', ( #3475, #974, #5635, #4756 ) );
#794=DIRECTION ( 'NONE',  ( 4.210554863359194200E-036, 0.0000000000000000000, -1.000000000000000000 ) );
#795=ORIENTED_EDGE ( 'NONE', *, *, #3651, .F. );
#796=CARTESIAN_POINT ( 'NONE',  ( 3.400000000000003900, 0.0000000000000000000, -2.600000000000024100 ) );
#797=DIRECTION ( 'NONE',  ( -1.025057203597679900E-034, 0.0000000000000000000, 1.000000000000000000 ) );
#798=ORIENTED_EDGE ( 'NONE', *, *, #5002, .F. );
#799=ADVANCED_FACE ( 'NONE', ( #4218 ), #10605, .F. );
#800=CARTESIAN_POINT ( 'NONE',  ( 6.299999999999992700, 0.0000000000000000000, 2.899999999999999000 ) );
#801=FACE_OUTER_BOUND ( 'NONE', #5555, .T. );
#802=VERTEX_POINT ( 'NONE', #9620 );
#803=CARTESIAN_POINT ( 'NONE',  ( -0.6000000000000128600, 0.05000000000000005100, -2.600000000000001900 ) );
#804=ORIENTED_EDGE ( 'NONE', *, *, #12014, .F. );
#805=EDGE_CURVE ( 'NONE', #1831, #8066, #10093, .T. );
#806=EDGE_CURVE ( 'NONE', #6000, #11091, #5745, .T. );
#807=ORIENTED_EDGE ( 'NONE', *, *, #11457, .F. );
#808=PLANE ( 'NONE',  #6088 );
#809=LINE ( 'NONE', #2456, #5366 );
#810=EDGE_LOOP ( 'NONE', ( #11286, #837, #8140, #4723 ) );
#811=PLANE ( 'NONE',  #3829 );
#812=EDGE_LOOP ( 'NONE', ( #4356, #5433, #2210, #3402 ) );
#813=ORIENTED_EDGE ( 'NONE', *, *, #10624, .T. );
#814=AXIS2_PLACEMENT_3D ( 'NONE', #1534, #93, #18 );
#815=CARTESIAN_POINT ( 'NONE',  ( -5.974999999999999600, 20.65008038564430800, -2.019999999999998200 ) );
#816=CARTESIAN_POINT ( 'NONE',  ( -5.500000000000006200, 0.05000000000000005100, -1.500000000000002700 ) );
#817=VERTEX_POINT ( 'NONE', #1872 );
#818=CARTESIAN_POINT ( 'NONE',  ( 6.600000000000000500, 0.0000000000000000000, -2.900000000000001700 ) );
#819=EDGE_CURVE ( 'NONE', #1030, #2284, #5370, .T. );
#820=AXIS2_PLACEMENT_3D ( 'NONE', #4116, #11733, #5387 );
#821=LINE ( 'NONE', #1834, #95 );
#822=EDGE_LOOP ( 'NONE', ( #564, #12333, #10461, #2180 ) );
#823=ORIENTED_EDGE ( 'NONE', *, *, #9452, .F. );
#824=AXIS2_PLACEMENT_3D ( 'NONE', #2108, #2171, #859 );
#825=DIRECTION ( 'NONE',  ( -1.626303258728330000E-015, 0.0000000000000000000, -1.000000000000000000 ) );
#826=MANIFOLD_SOLID_BREP ( 'Pin 35', #1967 );
#827=LINE ( 'NONE', #1546, #22 );
#828=ORIENTED_EDGE ( 'NONE', *, *, #6182, .F. );
#829=DIRECTION ( 'NONE',  ( -1.000000000000000000, 0.0000000000000000000, 5.529431079676190600E-014 ) );
#830=LINE ( 'NONE', #5066, #52 );
#831=EDGE_LOOP ( 'NONE', ( #6553, #9959, #6321, #13106 ) );
#832=VERTEX_POINT ( 'NONE', #9164 );
#833=VECTOR ( 'NONE', #1549, 1000.000000000000000 );
#834=ORIENTED_EDGE ( 'NONE', *, *, #2199, .F. );
#835=CARTESIAN_POINT ( 'NONE',  ( 0.7249999999999999800, 0.0000000000000000000, 3.949999999999998800 ) );
#836=CARTESIAN_POINT ( 'NONE',  ( 6.299999999999972300, 0.05000000000000007900, 8.000000000000021300 ) );
#837=ORIENTED_EDGE ( 'NONE', *, *, #6899, .F. );
#838=EDGE_CURVE ( 'NONE', #14334, #4337, #10878, .T. );
#839=EDGE_CURVE ( 'NONE', #12780, #7983, #8072, .T. );
#840=EDGE_CURVE ( 'NONE', #14387, #432, #9090, .T. );
#841=MECHANICAL_DESIGN_GEOMETRIC_PRESENTATION_REPRESENTATION (  '', ( #9585 ), #8309 );
#842=CARTESIAN_POINT ( 'NONE',  ( 1.249999999999999800, 0.05000000000000007900, 3.424999999999998500 ) );
#843=ORIENTED_EDGE ( 'NONE', *, *, #3018, .F. );
#844=EDGE_CURVE ( 'NONE', #8856, #2787, #3240, .T. );
#845=VECTOR ( 'NONE', #9475, 1000.000000000000000 );
#846=AXIS2_PLACEMENT_3D ( 'NONE', #3287, #3448, #128 );
#847=CARTESIAN_POINT ( 'NONE',  ( -2.199999999999986000, 0.05000000000000007900, 8.000000000000021300 ) );
#848=FACE_OUTER_BOUND ( 'NONE', #14634, .T. );
#849=ORIENTED_EDGE ( 'NONE', *, *, #10018, .T. );
#850=FACE_OUTER_BOUND ( 'NONE', #7812, .T. );
#851=DIRECTION ( 'NONE',  ( 5.204170427930589200E-014, 0.0000000000000000000, 1.000000000000000000 ) );
#852=PLANE ( 'NONE',  #11732 );
#853=PRESENTATION_STYLE_ASSIGNMENT (( #216 ) );
#854=ORIENTED_EDGE ( 'NONE', *, *, #3857, .F. );
#855=ADVANCED_FACE ( 'NONE', ( #11198 ), #7181, .F. );
#856=VERTEX_POINT ( 'NONE', #3927 );
#857=CARTESIAN_POINT ( 'NONE',  ( 6.299999999999972300, 0.05000000000000005100, 8.000000000000021300 ) );
#858=DIRECTION ( 'NONE',  ( -3.841173411091376800E-014, -0.0000000000000000000, 1.000000000000000000 ) );
#859=DIRECTION ( 'NONE',  ( 1.000000000000000000, 0.0000000000000000000, 3.221629312528228100E-014 ) );
#860=AXIS2_PLACEMENT_3D ( 'NONE', #6898, #1303, #4694 );
#861=ORIENTED_EDGE ( 'NONE', *, *, #289, .F. );
#862=FACE_OUTER_BOUND ( 'NONE', #9666, .T. );
#863=VECTOR ( 'NONE', #1938, 1000.000000000000000 );
#864=FACE_OUTER_BOUND ( 'NONE', #11147, .T. );
#865=VERTEX_POINT ( 'NONE', #3565 );
#866=EDGE_CURVE ( 'NONE', #3542, #9406, #1538, .T. );
#867=DIRECTION ( 'NONE',  ( 1.846881838814537600E-035, 0.0000000000000000000, -1.000000000000000000 ) );
#868=FACE_OUTER_BOUND ( 'NONE', #11616, .T. );
#869=ORIENTED_EDGE ( 'NONE', *, *, #12972, .T. );
#870=DIRECTION ( 'NONE',  ( 8.717203396868381500E-017, -0.0000000000000000000, -1.000000000000000000 ) );
#871=ORIENTED_EDGE ( 'NONE', *, *, #1088, .T. );
#872=CARTESIAN_POINT ( 'NONE',  ( 4.200000000000000200, 0.7499999999999998900, -7.250000000000000000 ) );
#873=EDGE_CURVE ( 'NONE', #1712, #10836, #10554, .T. );
#874=ADVANCED_FACE ( 'NONE', ( #10111 ), #10336, .T. );
#875=MECHANICAL_DESIGN_GEOMETRIC_PRESENTATION_REPRESENTATION (  '', ( #9064 ), #12995 );
#876=ORIENTED_EDGE ( 'NONE', *, *, #6769, .T. );
#877=CARTESIAN_POINT ( 'NONE',  ( 3.550000000000001200, 0.7500000000000000000, -7.900000000000000400 ) );
#878=VECTOR ( 'NONE', #8565, 1000.000000000000000 );
#879=VECTOR ( 'NONE', #1252, 1000.000000000000000 );
#880=DIRECTION ( 'NONE',  ( -5.204170427930544300E-014, 0.0000000000000000000, 1.000000000000000000 ) );
#881=VECTOR ( 'NONE', #1385, 1000.000000000000000 );
#882=EDGE_LOOP ( 'NONE', ( #4200, #7788, #14288, #3397 ) );
#883=CYLINDRICAL_SURFACE ( 'NONE', #261, 0.1000000000000002600 );
#884=CARTESIAN_POINT ( 'NONE',  ( 4.600000000000012100, 0.05000000000000007900, 7.199999999999995700 ) );
#885=PLANE ( 'NONE',  #9473 );
#886=ORIENTED_EDGE ( 'NONE', *, *, #12199, .F. );
#887=EDGE_CURVE ( 'NONE', #10870, #2020, #11508, .T. );
#888=ADVANCED_FACE ( 'NONE', ( #7728 ), #4853, .F. );
#889=CARTESIAN_POINT ( 'NONE',  ( 6.299999999999971400, -3.388131789017201400E-018, 3.299999999999988300 ) );
#890=ORIENTED_EDGE ( 'NONE', *, *, #1517, .T. );
#891=ORIENTED_EDGE ( 'NONE', *, *, #8550, .F. );
#892=DIRECTION ( 'NONE',  ( 1.239088197126249800E-014, -0.0000000000000000000, -1.000000000000000000 ) );
#893=LINE ( 'NONE', #1348, #96 );
#894=FACE_OUTER_BOUND ( 'NONE', #12980, .T. );
#895=CARTESIAN_POINT ( 'NONE',  ( 1.550000000000001600, 0.04999999999999992000, -7.250000000000000000 ) );
#896=ORIENTED_EDGE ( 'NONE', *, *, #13841, .F. );
#897=LINE ( 'NONE', #3362, #551 );
#898=EDGE_CURVE ( 'NONE', #14139, #9427, #1994, .T. );
#899=LINE ( 'NONE', #4800, #121 );
#900=ORIENTED_EDGE ( 'NONE', *, *, #6463, .F. );
#901=EDGE_CURVE ( 'NONE', #1238, #2843, #12163, .T. );
#902=ORIENTED_EDGE ( 'NONE', *, *, #309, .F. );
#903=CARTESIAN_POINT ( 'NONE',  ( -3.400000000000000400, 0.05000000000000005100, -2.600000000000024100 ) );
#904=LINE ( 'NONE', #4676, #3168 );
#905=ORIENTED_EDGE ( 'NONE', *, *, #5135, .F. );
#906=ORIENTED_EDGE ( 'NONE', *, *, #9801, .F. );
#907=CARTESIAN_POINT ( 'NONE',  ( 6.299999999999971400, 0.0000000000000000000, 5.299999999999993600 ) );
#908=( GEOMETRIC_REPRESENTATION_CONTEXT ( 3 ) GLOBAL_UNCERTAINTY_ASSIGNED_CONTEXT ( ( #221 ) ) GLOBAL_UNIT_ASSIGNED_CONTEXT ( ( #324, #94, #251 ) ) REPRESENTATION_CONTEXT ( 'NONE', 'WORKASPACE' ) );
#909=CARTESIAN_POINT ( 'NONE',  ( -5.500000000000006200, 0.05000000000000007900, -0.3000000000000014300 ) );
#910=VERTEX_POINT ( 'NONE', #5905 );
#911=ORIENTED_EDGE ( 'NONE', *, *, #12580, .F. );
#912=CARTESIAN_POINT ( 'NONE',  ( -6.299999999999998900, 0.05000000000000005100, -1.100000000000001600 ) );
#913=LINE ( 'NONE', #1675, #9653 );
#914=LINE ( 'NONE', #3711, #6324 );
#915=ORIENTED_EDGE ( 'NONE', *, *, #5338, .F. );
#916=EDGE_CURVE ( 'NONE', #4160, #3890, #6104, .T. );
#917=CARTESIAN_POINT ( 'NONE',  ( 5.550000000000001600, -5.692061405548898300E-016, -3.699999999999996600 ) );
#918=EDGE_CURVE ( 'NONE', #4455, #10820, #1097, .T. );
#919=CARTESIAN_POINT ( 'NONE',  ( -5.500000000000008000, 0.0000000000000000000, 4.899999999999993200 ) );
#920=DIRECTION ( 'NONE',  ( -1.000000000000000000, -0.0000000000000000000, 5.421010862427684900E-016 ) );
#921=ORIENTED_EDGE ( 'NONE', *, *, #2716, .T. );
#922=ORIENTED_EDGE ( 'NONE', *, *, #4548, .F. );
#923=AXIS2_PLACEMENT_3D ( 'NONE', #5779, #9122, #7438 );
#924=CARTESIAN_POINT ( 'NONE',  ( -6.299999999999951000, 0.05000000000000005100, 4.099999999999990800 ) );
#925=ORIENTED_EDGE ( 'NONE', *, *, #6082, .T. );
#926=CARTESIAN_POINT ( 'NONE',  ( 5.724999999999998800, 2.299999999999999800, 7.429999999999999700 ) );
#927=EDGE_CURVE ( 'NONE', #3749, #5447, #5352, .T. );
#928=ORIENTED_EDGE ( 'NONE', *, *, #10589, .T. );
#929=EDGE_CURVE ( 'NONE', #2995, #4812, #2834, .T. );
#930=PLANE ( 'NONE',  #11307 );
#931=EDGE_LOOP ( 'NONE', ( #3696, #1530, #9500, #4379 ) );
#932=VERTEX_POINT ( 'NONE', #889 );
#933=VECTOR ( 'NONE', #3056, 1000.000000000000000 );
#934=MANIFOLD_SOLID_BREP ( 'Pin 49_3', #14580 );
#935=LINE ( 'NONE', #2071, #22 );
#936=VERTEX_POINT ( 'NONE', #1046 );
#937=FACE_OUTER_BOUND ( 'NONE', #8519, .T. );
#938=CARTESIAN_POINT ( 'NONE',  ( -6.299999999999990900, 0.05000000000000007900, -2.600000000000025000 ) );
#939=CARTESIAN_POINT ( 'NONE',  ( 5.500000000000028400, 0.05000000000000005100, 2.100000000000009000 ) );
#940=CARTESIAN_POINT ( 'NONE',  ( -6.299999999999951000, 0.05000000000000007900, 2.100000000000005400 ) );
#941=( GEOMETRIC_REPRESENTATION_CONTEXT ( 3 ) GLOBAL_UNCERTAINTY_ASSIGNED_CONTEXT ( ( #221 ) ) GLOBAL_UNIT_ASSIGNED_CONTEXT ( ( #324, #94, #251 ) ) REPRESENTATION_CONTEXT ( 'NONE', 'WORKASPACE' ) );
#942=FACE_OUTER_BOUND ( 'NONE', #3386, .T. );
#943=CARTESIAN_POINT ( 'NONE',  ( 3.799999999999988300, 0.0000000000000000000, 8.000000000000021300 ) );
#944=EDGE_LOOP ( 'NONE', ( #512, #14218, #10681, #8717 ) );
#945=ADVANCED_FACE ( 'NONE', ( #2811 ), #9608, .T. );
#946=CARTESIAN_POINT ( 'NONE',  ( 5.550000000000001600, 0.04999999999999948200, -3.699999999999997500 ) );
#947=EDGE_CURVE ( 'NONE', #13565, #4034, #4820, .T. );
#948=ORIENTED_EDGE ( 'NONE', *, *, #5572, .T. );
#949=CARTESIAN_POINT ( 'NONE',  ( 1.000000000000000900, 0.05000000000000005100, -1.800000000000001400 ) );
#950=EDGE_CURVE ( 'NONE', #4518, #575, #5141, .T. );
#951=PLANE ( 'NONE',  #10417 );
#952=ORIENTED_EDGE ( 'NONE', *, *, #4144, .T. );
#953=ORIENTED_EDGE ( 'NONE', *, *, #2905, .T. );
#954=LINE ( 'NONE', #10077, #186 );
#955=ORIENTED_EDGE ( 'NONE', *, *, #5312, .T. );
#956=LINE ( 'NONE', #4417, #6559 );
#957=EDGE_CURVE ( 'NONE', #9892, #2435, #405, .T. );
#958=CARTESIAN_POINT ( 'NONE',  ( 5.500000000000028400, 0.0000000000000000000, 1.300000000000006500 ) );
#959=AXIS2_PLACEMENT_3D ( 'NONE', #4872, #18, #511 );
#960=CARTESIAN_POINT ( 'NONE',  ( -6.299999999999998900, 0.05000000000000007900, -0.3000000000000014300 ) );
#961=DIRECTION ( 'NONE',  ( -1.000000000000000000, -0.0000000000000000000, -4.336808689942147900E-015 ) );
#962=ORIENTED_EDGE ( 'NONE', *, *, #2758, .F. );
#963=CARTESIAN_POINT ( 'NONE',  ( 0.2000000000000019300, 0.7999999999999999300, -7.250000000000000000 ) );
#964=PLANE ( 'NONE',  #13371 );
#965=EDGE_LOOP ( 'NONE', ( #5241, #11412, #11324, #1394 ) );
#966=CARTESIAN_POINT ( 'NONE',  ( 4.200000000000000200, 0.0000000000000000000, 7.199999999999998400 ) );
#967=ORIENTED_EDGE ( 'NONE', *, *, #10312, .T. );
#968=CARTESIAN_POINT ( 'NONE',  ( 6.299999999999971400, 0.05000000000000007900, 1.300000000000006000 ) );
#969=EDGE_CURVE ( 'NONE', #13792, #8759, #6849, .T. );
#970=ADVANCED_FACE ( 'NONE', ( #1330 ), #3904, .F. );
#971=DIRECTION ( 'NONE',  ( 0.0000000000000000000, 1.000000000000000000, 1.204669080539449800E-016 ) );
#972=ORIENTED_EDGE ( 'NONE', *, *, #7552, .F. );
#973=VERTEX_POINT ( 'NONE', #3956 );
#974=ORIENTED_EDGE ( 'NONE', *, *, #9772, .F. );
#975=LINE ( 'NONE', #800, #1632 );
#976=CARTESIAN_POINT ( 'NONE',  ( -0.7250000000000004200, 0.0000000000000000000, 5.399999999999998600 ) );
#977=ORIENTED_EDGE ( 'NONE', *, *, #14071, .F. );
#978=LINE ( 'NONE', #5412, #52 );
#979=CARTESIAN_POINT ( 'NONE',  ( 1.249999999999999800, 0.05000000000000007900, 5.399999999999998600 ) );
#980=EDGE_LOOP ( 'NONE', ( #6660, #3239, #1821, #13690 ) );
#981=LINE ( 'NONE', #877, #121 );
#982=CARTESIAN_POINT ( 'NONE',  ( 1.400000000000013200, 0.05000000000000005100, 7.199999999999998400 ) );
#983=EDGE_CURVE ( 'NONE', #9649, #6685, #3054, .T. );
#984=EDGE_LOOP ( 'NONE', ( #1439, #9905, #4724, #6530 ) );
#985=EDGE_LOOP ( 'NONE', ( #8126, #6351, #11801, #12815 ) );
#986=EDGE_LOOP ( 'NONE', ( #1824, #4807, #3738, #13013 ) );
#987=ORIENTED_EDGE ( 'NONE', *, *, #13682, .F. );
#988=EDGE_CURVE ( 'NONE', #13897, #2459, #8255, .T. );
#989=PRESENTATION_LAYER_ASSIGNMENT (  '', '', ( #348 ) );
#990=DIRECTION ( 'NONE',  ( 6.505213034913014000E-015, 0.0000000000000000000, -1.000000000000000000 ) );
#991=CARTESIAN_POINT ( 'NONE',  ( -5.824999999999999300, 0.8000000000000056000, 7.430000000000001500 ) );
#992=ORIENTED_EDGE ( 'NONE', *, *, #13123, .T. );
#993=ADVANCED_FACE ( 'NONE', ( #2629 ), #11600, .T. );
#994=LINE ( 'NONE', #1874, #4901 );
#995=ORIENTED_EDGE ( 'NONE', *, *, #460, .T. );
#996=VECTOR ( 'NONE', #4174, 1000.000000000000000 );
#997=LINE ( 'NONE', #2011, #22 );
#998=PLANE ( 'NONE',  #2947 );
#999=EDGE_LOOP ( 'NONE', ( #9958, #7044, #9655, #11461 ) );
#1000=ORIENTED_EDGE ( 'NONE', *, *, #10589, .F. );
#1001=ORIENTED_EDGE ( 'NONE', *, *, #12648, .F. );
#1002=ORIENTED_EDGE ( 'NONE', *, *, #7666, .F. );
#1003=DIRECTION ( 'NONE',  ( 1.000000000000000000, -9.629649721936179300E-035, 8.673617379884032300E-015 ) );
#1004=CARTESIAN_POINT ( 'NONE',  ( 6.299999999999973200, 0.0000000000000000000, 0.5000000000000034400 ) );
#1005=EDGE_CURVE ( 'NONE', #8883, #11669, #4425, .T. );
#1006=CARTESIAN_POINT ( 'NONE',  ( 4.200000000000002800, 0.05000000000000007900, -2.600000000000024100 ) );
#1007=ORIENTED_EDGE ( 'NONE', *, *, #14494, .F. );
#1008=PLANE ( 'NONE',  #2589 );
#1009=VERTEX_POINT ( 'NONE', #3090 );
#1010=VECTOR ( 'NONE', #4605, 1000.000000000000000 );
#1011=CARTESIAN_POINT ( 'NONE',  ( 5.500000000000029300, 0.0000000000000000000, 4.899999999999993200 ) );
#1012=CARTESIAN_POINT ( 'NONE',  ( 5.550000000000000700, 0.7499999999999994400, -3.699999999999997500 ) );
#1013=( GEOMETRIC_REPRESENTATION_CONTEXT ( 3 ) GLOBAL_UNCERTAINTY_ASSIGNED_CONTEXT ( ( #221 ) ) GLOBAL_UNIT_ASSIGNED_CONTEXT ( ( #324, #94, #251 ) ) REPRESENTATION_CONTEXT ( 'NONE', 'WORKASPACE' ) );
#1014=ADVANCED_FACE ( 'NONE', ( #10266 ), #6284, .T. );
#1015=FACE_BOUND ( 'NONE', #11237, .T. );
#1016=PLANE ( 'NONE',  #7738 );
#1017=ORIENTED_EDGE ( 'NONE', *, *, #11753, .F. );
#1018=ORIENTED_EDGE ( 'NONE', *, *, #7787, .F. );
#1019=ORIENTED_EDGE ( 'NONE', *, *, #3740, .F. );
#1020=EDGE_CURVE ( 'NONE', #14018, #2507, #12469, .T. );
#1021=DIRECTION ( 'NONE',  ( -0.0000000000000000000, -0.0000000000000000000, -1.000000000000000000 ) );
#1022=LINE ( 'NONE', #3777, #1578 );
#1023=VERTEX_POINT ( 'NONE', #3686 );
#1024=DIRECTION ( 'NONE',  ( 5.220124945131697200E-036, 0.0000000000000000000, 1.000000000000000000 ) );
#1025=FACE_OUTER_BOUND ( 'NONE', #5994, .T. );
#1026=CARTESIAN_POINT ( 'NONE',  ( 3.400000000000001200, 0.05000000000000007900, 7.199999999999998400 ) );
#1027=EDGE_LOOP ( 'NONE', ( #7361, #11906, #303, #14388 ) );
#1028=AXIS2_PLACEMENT_3D ( 'NONE', #7216, #3049, #10910 );
#1029=EDGE_CURVE ( 'NONE', #13059, #10213, #9440, .T. );
#1030=VERTEX_POINT ( 'NONE', #284 );
#1031=LINE ( 'NONE', #2946, #551 );
#1032=CARTESIAN_POINT ( 'NONE',  ( 5.500000000000026600, 0.05000000000000007900, 6.899999999999998600 ) );
#1033=EDGE_CURVE ( 'NONE', #7490, #10386, #7919, .T. );
#1034=LINE ( 'NONE', #3858, #95 );
#1035=ORIENTED_EDGE ( 'NONE', *, *, #9256, .T. );
#1036=PLANE ( 'NONE',  #4439 );
#1037=ORIENTED_EDGE ( 'NONE', *, *, #10875, .T. );
#1038=CARTESIAN_POINT ( 'NONE',  ( 4.999999999999970700, 0.0000000000000000000, -1.800000000000001400 ) );
#1039=VERTEX_POINT ( 'NONE', #5981 );
#1040=ADVANCED_FACE ( 'NONE', ( #9765 ), #9781, .F. );
#1041=LINE ( 'NONE', #5905, #95 );
#1042=EDGE_CURVE ( 'NONE', #8796, #16, #14690, .T. );
#1043=ORIENTED_EDGE ( 'NONE', *, *, #13496, .T. );
#1044=EDGE_CURVE ( 'NONE', #14130, #5497, #9614, .T. );
#1045=ORIENTED_EDGE ( 'NONE', *, *, #927, .F. );
#1046=CARTESIAN_POINT ( 'NONE',  ( -6.299999999999951000, 0.0000000000000000000, 4.099999999999990800 ) );
#1047=VERTEX_POINT ( 'NONE', #2776 );
#1048=AXIS2_PLACEMENT_3D ( 'NONE', #67, #1224, #2269 );
#1049=DIRECTION ( 'NONE',  ( 5.899716722050216200E-035, 0.0000000000000000000, -1.000000000000000000 ) );
#1050=FACE_OUTER_BOUND ( 'NONE', #5527, .T. );
#1051=ORIENTED_EDGE ( 'NONE', *, *, #840, .F. );
#1052=LINE ( 'NONE', #5927, #833 );
#1053=VERTEX_POINT ( 'NONE', #5263 );
#1054=CARTESIAN_POINT ( 'NONE',  ( -1.000000000000000900, 0.05000000000000005100, -1.800000000000001400 ) );
#1055=AXIS2_PLACEMENT_3D ( 'NONE', #3238, #18, #511 );
#1056=VERTEX_POINT ( 'NONE', #1533 );
#1057=VERTEX_POINT ( 'NONE', #10569 );
#1058=EDGE_CURVE ( 'NONE', #1160, #8038, #5551, .T. );
#1059=EDGE_CURVE ( 'NONE', #146, #3918, #8586, .T. );
#1060=ADVANCED_FACE ( 'NONE', ( #11992 ), #10758, .F. );
#1061=CARTESIAN_POINT ( 'NONE',  ( -5.500000000000010700, 0.05000000000000007900, 6.499999999999999100 ) );
#1062=DIRECTION ( 'NONE',  ( -5.421639061645084000E-035, 0.0000000000000000000, 1.000000000000000000 ) );
#1063=LINE ( 'NONE', #5724, #186 );
#1064=ORIENTED_EDGE ( 'NONE', *, *, #5030, .F. );
#1065=VECTOR ( 'NONE', #1276, 1000.000000000000000 );
#1066=VECTOR ( 'NONE', #307, 1000.000000000000000 );
#1067=ORIENTED_EDGE ( 'NONE', *, *, #9920, .T. );
#1068=EDGE_CURVE ( 'NONE', #10657, #281, #5009, .T. );
#1069=PLANE ( 'NONE',  #4297 );
#1070=AXIS2_PLACEMENT_3D ( 'NONE', #67, #778, #8672 );
#1071=EDGE_LOOP ( 'NONE', ( #3081, #8232, #8878, #5659 ) );
#1072=ORIENTED_EDGE ( 'NONE', *, *, #7635, .T. );
#1073=STYLED_ITEM ( 'NONE', ( #853 ), #934 );
#1074=CARTESIAN_POINT ( 'NONE',  ( -6.299999999999951900, 0.0000000000000000000, 1.700000000000004800 ) );
#1075=DIRECTION ( 'NONE',  ( -2.168404344970947300E-015, 0.0000000000000000000, -1.000000000000000000 ) );
#1076=ORIENTED_EDGE ( 'NONE', *, *, #13834, .T. );
#1077=LINE ( 'NONE', #7406, #114 );
#1078=ADVANCED_FACE ( 'NONE', ( #12631 ), #10804, .T. );
#1079=CARTESIAN_POINT ( 'NONE',  ( 3.400000000000003900, 0.05000000000000005100, -2.600000000000024100 ) );
#1080=FACE_OUTER_BOUND ( 'NONE', #8002, .T. );
#1081=ORIENTED_EDGE ( 'NONE', *, *, #4603, .F. );
#1082=CARTESIAN_POINT ( 'NONE',  ( 2.600000000000004100, 0.05000000000000005100, -2.600000000000024100 ) );
#1083=EDGE_CURVE ( 'NONE', #13344, #3065, #6668, .T. );
#1084=LINE ( 'NONE', #1121, #4289 );
#1085=PRESENTATION_STYLE_ASSIGNMENT (( #6938 ) );
#1086=DIRECTION ( 'NONE',  ( -1.000000000000000000, -0.0000000000000000000, 2.168404344971165500E-015 ) );
#1087=ORIENTED_EDGE ( 'NONE', *, *, #1142, .T. );
#1088=EDGE_CURVE ( 'NONE', #9221, #146, #13377, .T. );
#1089=DIRECTION ( 'NONE',  ( -8.673617379884032300E-015, -0.0000000000000000000, -1.000000000000000000 ) );
#1090=ORIENTED_EDGE ( 'NONE', *, *, #9163, .T. );
#1091=AXIS2_PLACEMENT_3D ( 'NONE', #2632, #8841, #4311 );
#1092=DIRECTION ( 'NONE',  ( -0.0000000000000000000, -1.275531967630003800E-016, 1.000000000000000000 ) );
#1093=EDGE_CURVE ( 'NONE', #1613, #14592, #7037, .T. );
#1094=MECHANICAL_DESIGN_GEOMETRIC_PRESENTATION_REPRESENTATION (  '', ( #10454 ), #2933 );
#1095=ORIENTED_EDGE ( 'NONE', *, *, #10267, .T. );
#1096=CARTESIAN_POINT ( 'NONE',  ( -0.4499999999999980100, 0.7499999999999996700, -5.349999999999997900 ) );
#1097=LINE ( 'NONE', #9708, #188 );
#1098=FACE_OUTER_BOUND ( 'NONE', #5451, .T. );
#1099=ORIENTED_EDGE ( 'NONE', *, *, #12302, .F. );
#1100=PLANE ( 'NONE',  #9968 );
#1101=CIRCLE ( 'NONE', #1108, 0.1000000000000002600 );
#1102=LINE ( 'NONE', #13812, #1272 );
#1103=FACE_OUTER_BOUND ( 'NONE', #8944, .T. );
#1104=ADVANCED_FACE ( 'NONE', ( #10722 ), #883, .F. );
#1105=DIRECTION ( 'NONE',  ( 1.626303258728374400E-015, 0.0000000000000000000, -1.000000000000000000 ) );
#1106=ORIENTED_EDGE ( 'NONE', *, *, #4053, .F. );
#1107=DIRECTION ( 'NONE',  ( -0.0000000000000000000, 1.204669080539449800E-016, -1.000000000000000000 ) );
#1108=AXIS2_PLACEMENT_3D ( 'NONE', #9659, #128, #93 );
#1109=CARTESIAN_POINT ( 'NONE',  ( 2.200000000000001500, 0.7499999999999996700, -5.349999999999997900 ) );
#1110=DIRECTION ( 'NONE',  ( -1.355252715606977000E-015, 0.0000000000000000000, 1.000000000000000000 ) );
#1111=VERTEX_POINT ( 'NONE', #6083 );
#1112=EDGE_CURVE ( 'NONE', #1023, #8308, #13075, .T. );
#1113=CARTESIAN_POINT ( 'NONE',  ( -3.799999999999998000, 0.7499999999999998900, -7.250000000000000900 ) );
#1114=VECTOR ( 'NONE', #9394, 1000.000000000000000 );
#1115=VECTOR ( 'NONE', #9770, 1000.000000000000000 );
#1116=FACE_OUTER_BOUND ( 'NONE', #9771, .T. );
#1117=ORIENTED_EDGE ( 'NONE', *, *, #14447, .F. );
#1118=VECTOR ( 'NONE', #2245, 1000.000000000000000 );
#1119=VECTOR ( 'NONE', #2242, 1000.000000000000000 );
#1120=PLANE ( 'NONE',  #13012 );
#1121=CARTESIAN_POINT ( 'NONE',  ( -3.400000000000000400, 0.05000000000000007900, -2.600000000000024100 ) );
#1122=EDGE_CURVE ( 'NONE', #14367, #6819, #14545, .T. );
#1123=AXIS2_PLACEMENT_3D ( 'NONE', #777, #7170, #10776 );
#1124=FACE_OUTER_BOUND ( 'NONE', #6039, .T. );
#1125=CARTESIAN_POINT ( 'NONE',  ( 6.299999999999972300, 0.05000000000000007900, 4.899999999999993200 ) );
#1126=CARTESIAN_POINT ( 'NONE',  ( 5.500000000000029300, 0.05000000000000005100, 2.899999999999997200 ) );
#1127=VERTEX_POINT ( 'NONE', #6296 );
#1128=PLANE ( 'NONE',  #10462 );
#1129=LINE ( 'NONE', #7178, #269 );
#1130=ORIENTED_EDGE ( 'NONE', *, *, #9373, .F. );
#1131=CARTESIAN_POINT ( 'NONE',  ( -6.299999999999951900, 0.05000000000000005100, 4.899999999999993200 ) );
#1132=ADVANCED_FACE ( 'NONE', ( #4226 ), #1120, .T. );
#1133=ORIENTED_EDGE ( 'NONE', *, *, #6634, .T. );
#1134=DIRECTION ( 'NONE',  ( -1.000000000000000000, 0.0000000000000000000, -1.084202172485581700E-015 ) );
#1135=EDGE_LOOP ( 'NONE', ( #4236, #1007, #4697, #13869 ) );
#1136=PLANE ( 'NONE',  #11668 );
#1137=VECTOR ( 'NONE', #237, 1000.000000000000000 );
#1138=PRESENTATION_LAYER_ASSIGNMENT (  '', '', ( #10901 ) );
#1139=FACE_OUTER_BOUND ( 'NONE', #11310, .T. );
#1140=ORIENTED_EDGE ( 'NONE', *, *, #3567, .F. );
#1141=CARTESIAN_POINT ( 'NONE',  ( -3.799999999999984700, 0.0000000000000000000, 7.199999999999996600 ) );
#1142=EDGE_CURVE ( 'NONE', #14161, #13151, #5190, .T. );
#1143=ORIENTED_EDGE ( 'NONE', *, *, #9311, .T. );
#1144=FACE_OUTER_BOUND ( 'NONE', #3562, .T. );
#1145=PLANE ( 'NONE',  #3300 );
#1146=EDGE_LOOP ( 'NONE', ( #6206, #3325, #2372, #12622 ) );
#1147=PLANE ( 'NONE',  #3877 );
#1148=ORIENTED_EDGE ( 'NONE', *, *, #6050, .F. );
#1149=ORIENTED_EDGE ( 'NONE', *, *, #11618, .T. );
#1150=ORIENTED_EDGE ( 'NONE', *, *, #957, .T. );
#1151=EDGE_CURVE ( 'NONE', #9315, #12531, #14267, .T. );
#1152=LINE ( 'NONE', #1861, #186 );
#1153=ADVANCED_FACE ( 'NONE', ( #7575 ), #768, .F. );
#1154=CARTESIAN_POINT ( 'NONE',  ( -2.700000000000000200, 0.05000000000000005100, 1.449999999999998200 ) );
#1155=VECTOR ( 'NONE', #7839, 1000.000000000000000 );
#1156=ORIENTED_EDGE ( 'NONE', *, *, #10406, .T. );
#1157=EDGE_CURVE ( 'NONE', #12407, #3417, #7225, .T. );
#1158=CARTESIAN_POINT ( 'NONE',  ( -6.299999999999996300, 0.05000000000000007900, -1.500000000000002400 ) );
#1159=CARTESIAN_POINT ( 'NONE',  ( 6.600000000000000500, 0.0000000000000000000, -8.300000000000000700 ) );
#1160=VERTEX_POINT ( 'NONE', #1011 );
#1161=CARTESIAN_POINT ( 'NONE',  ( 1.800000000000002900, 0.05000000000000007900, -1.800000000000001400 ) );
#1162=DIRECTION ( 'NONE',  ( 0.0000000000000000000, -1.000000000000000000, -0.0000000000000000000 ) );
#1163=ORIENTED_EDGE ( 'NONE', *, *, #9185, .F. );
#1164=FILL_AREA_STYLE ('',( #5374 ) );
#1165=EDGE_CURVE ( 'NONE', #1047, #11540, #13692, .T. );
#1166=ORIENTED_EDGE ( 'NONE', *, *, #6568, .F. );
#1167=ORIENTED_EDGE ( 'NONE', *, *, #6669, .F. );
#1168=EDGE_CURVE ( 'NONE', #210, #6107, #7746, .T. );
#1169=ORIENTED_EDGE ( 'NONE', *, *, #13408, .F. );
#1170=LINE ( 'NONE', #5510, #5242 );
#1171=MANIFOLD_SOLID_BREP ( 'Pin 3', #12380 );
#1172=VECTOR ( 'NONE', #4539, 1000.000000000000000 );
#1173=ORIENTED_EDGE ( 'NONE', *, *, #4680, .F. );
#1174=FACE_OUTER_BOUND ( 'NONE', #6758, .T. );
#1175=CARTESIAN_POINT ( 'NONE',  ( 1.800000000000004700, 0.05000000000000007900, -2.600000000000024100 ) );
#1176=AXIS2_PLACEMENT_3D ( 'NONE', #439, #1910, #11117 );
#1177=ADVANCED_FACE ( 'NONE', ( #11511 ), #11203, .T. );
#1178=CARTESIAN_POINT ( 'NONE',  ( -5.974999999999999600, 20.65008038564430800, 7.680000000000000600 ) );
#1179=ORIENTED_EDGE ( 'NONE', *, *, #3031, .T. );
#1180=EDGE_CURVE ( 'NONE', #11872, #9710, #12304, .T. );
#1181=ORIENTED_EDGE ( 'NONE', *, *, #7921, .T. );
#1182=EDGE_LOOP ( 'NONE', ( #632, #7173, #12102, #2677 ) );
#1183=AXIS2_PLACEMENT_3D ( 'NONE', #3287, #711, #280 );
#1184=DIRECTION ( 'NONE',  ( -1.084202172485581700E-015, 0.0000000000000000000, -1.000000000000000000 ) );
#1185=ORIENTED_EDGE ( 'NONE', *, *, #13412, .F. );
#1186=FACE_OUTER_BOUND ( 'NONE', #8015, .T. );
#1187=CARTESIAN_POINT ( 'NONE',  ( 3.550000000000001200, 9.757819552369539900E-016, -7.900000000000000400 ) );
#1188=ORIENTED_EDGE ( 'NONE', *, *, #11390, .F. );
#1189=VERTEX_POINT ( 'NONE', #7317 );
#1190=FACE_OUTER_BOUND ( 'NONE', #7169, .T. );
#1191=LINE ( 'NONE', #305, #22 );
#1192=EDGE_LOOP ( 'NONE', ( #6709, #5308, #10894, #6090 ) );
#1193=VECTOR ( 'NONE', #1215, 1000.000000000000000 );
#1194=EDGE_CURVE ( 'NONE', #6721, #8029, #1102, .T. );
#1195=VERTEX_POINT ( 'NONE', #5603 );
#1196=EDGE_CURVE ( 'NONE', #6442, #9565, #9928, .T. );
#1197=ADVANCED_FACE ( 'NONE', ( #13815 ), #1993, .F. );
#1198=ORIENTED_EDGE ( 'NONE', *, *, #9076, .F. );
#1199=EDGE_CURVE ( 'NONE', #11491, #13967, #13526, .T. );
#1200=ORIENTED_EDGE ( 'NONE', *, *, #6260, .F. );
#1201=CARTESIAN_POINT ( 'NONE',  ( 1.800000000000003800, 0.0000000000000000000, 8.000000000000021300 ) );
#1202=AXIS2_PLACEMENT_3D ( 'NONE', #419, #6235, #2550 );
#1203=CARTESIAN_POINT ( 'NONE',  ( -2.700000000000000200, 0.05000000000000007900, 1.449999999999998200 ) );
#1204=EDGE_CURVE ( 'NONE', #7279, #5000, #9604, .T. );
#1205=ORIENTED_EDGE ( 'NONE', *, *, #14531, .F. );
#1206=VECTOR ( 'NONE', #2283, 1000.000000000000000 );
#1207=ORIENTED_EDGE ( 'NONE', *, *, #1990, .T. );
#1208=CARTESIAN_POINT ( 'NONE',  ( -2.449999999999998000, 9.757819552369539900E-016, -7.900000000000000400 ) );
#1209=CARTESIAN_POINT ( 'NONE',  ( 2.700000000000001100, 0.0000000000000000000, 1.449999999999998200 ) );
#1210=CARTESIAN_POINT ( 'NONE',  ( -5.500000000000007100, 0.05000000000000007900, 6.899999999999995000 ) );
#1211=ORIENTED_EDGE ( 'NONE', *, *, #2452, .T. );
#1212=VERTEX_POINT ( 'NONE', #6901 );
#1213=VERTEX_POINT ( 'NONE', #7777 );
#1214=CLOSED_SHELL ( 'NONE', ( #10089, #4432, #13808, #10687, #4118, #3618 ) );
#1215=DIRECTION ( 'NONE',  ( -5.899716722050667400E-035, 0.0000000000000000000, 1.000000000000000000 ) );
#1216=LINE ( 'NONE', #1920, #52 );
#1217=ORIENTED_EDGE ( 'NONE', *, *, #4601, .T. );
#1218=ADVANCED_FACE ( 'NONE', ( #8077 ), #30, .T. );
#1219=ORIENTED_EDGE ( 'NONE', *, *, #3971, .F. );
#1220=EDGE_CURVE ( 'NONE', #2965, #11826, #10882, .T. );
#1221=LINE ( 'NONE', #3766, #2259 );
#1222=LINE ( 'NONE', #4641, #22 );
#1223=ORIENTED_EDGE ( 'NONE', *, *, #11943, .F. );
#1224=DIRECTION ( 'NONE',  ( -0.0000000000000000000, 1.000000000000000000, 0.0000000000000000000 ) );
#1225=EDGE_LOOP ( 'NONE', ( #5230, #12797, #3549, #7342 ) );
#1226=EDGE_CURVE ( 'NONE', #12250, #7963, #4212, .T. );
#1227=CARTESIAN_POINT ( 'NONE',  ( -4.200000000000000200, -3.388131789017201400E-018, -2.600000000000024100 ) );
#1228=CARTESIAN_POINT ( 'NONE',  ( -0.7249999999999999800, 0.0000000000000000000, -1.734723475976807100E-015 ) );
#1229=DIRECTION ( 'NONE',  ( -2.385244779468103400E-014, 0.0000000000000000000, -1.000000000000000000 ) );
#1230=ORIENTED_EDGE ( 'NONE', *, *, #12658, .T. );
#1231=AXIS2_PLACEMENT_3D ( 'NONE', #1534, #18, #23 );
#1232=FACE_OUTER_BOUND ( 'NONE', #10909, .T. );
#1233=ORIENTED_EDGE ( 'NONE', *, *, #11330, .T. );
#1234=LINE ( 'NONE', #2764, #186 );
#1235=ORIENTED_EDGE ( 'NONE', *, *, #2525, .F. );
#1236=CARTESIAN_POINT ( 'NONE',  ( 1.400000000000013200, 0.05000000000000005100, -2.600000000000001900 ) );
#1237=LINE ( 'NONE', #7121, #4639 );
#1238=VERTEX_POINT ( 'NONE', #895 );
#1239=LINE ( 'NONE', #293, #1155 );
#1240=ADVANCED_FACE ( 'NONE', ( #4995 ), #7688, .F. );
#1241=FACE_BOUND ( 'NONE', #9255, .T. );
#1242=LINE ( 'NONE', #5946, #1904 );
#1243=ORIENTED_EDGE ( 'NONE', *, *, #6478, .F. );
#1244=VECTOR ( 'NONE', #8611, 1000.000000000000000 );
#1245=EDGE_LOOP ( 'NONE', ( #3227, #160, #125, #3683 ) );
#1246=EDGE_CURVE ( 'NONE', #6043, #12531, #3432, .T. );
#1247=ORIENTED_EDGE ( 'NONE', *, *, #1168, .T. );
#1248=CARTESIAN_POINT ( 'NONE',  ( -2.700000000000000200, 0.0000000000000000000, 0.6000000000000003100 ) );
#1249=CARTESIAN_POINT ( 'NONE',  ( 4.200000000000000200, 0.05000000000000007900, 7.199999999999998400 ) );
#1250=EDGE_LOOP ( 'NONE', ( #3323, #11739, #1612, #7877 ) );
#1251=CLOSED_SHELL ( 'NONE', ( #6134, #13891, #7066, #3942, #9567, #7771 ) );
#1252=DIRECTION ( 'NONE',  ( 3.717264591378872800E-015, 0.0000000000000000000, -1.000000000000000000 ) );
#1253=EDGE_LOOP ( 'NONE', ( #6562, #1653, #10131, #12143 ) );
#1254=STYLED_ITEM ( 'NONE', ( #1085 ), #1392 );
#1255=LINE ( 'NONE', #3193, #119 );
#1256=EDGE_LOOP ( 'NONE', ( #4648, #8331, #1514, #2588 ) );
#1257=LINE ( 'NONE', #377, #845 );
#1258=EDGE_CURVE ( 'NONE', #570, #1712, #13224, .T. );
#1259=ORIENTED_EDGE ( 'NONE', *, *, #12759, .T. );
#1260=DIRECTION ( 'NONE',  ( -1.000000000000000000, 0.0000000000000000000, -2.168404344971003300E-015 ) );
#1261=ORIENTED_EDGE ( 'NONE', *, *, #7747, .F. );
#1262=ADVANCED_FACE ( 'NONE', ( #10558 ), #1636, .T. );
#1263=DIRECTION ( 'NONE',  ( -3.252606517456656900E-015, 7.006492321624085400E-046, 1.000000000000000000 ) );
#1264=CARTESIAN_POINT ( 'NONE',  ( 1.000000000000000900, 0.0000000000000000000, -1.800000000000001400 ) );
#1265=ORIENTED_EDGE ( 'NONE', *, *, #6509, .T. );
#1266=DIRECTION ( 'NONE',  ( -2.168404344971003300E-015, 0.0000000000000000000, 1.000000000000000000 ) );
#1267=STYLED_ITEM ( 'NONE', ( #69 ), #13685 );
#1268=LINE ( 'NONE', #4578, #52 );
#1269=ORIENTED_EDGE ( 'NONE', *, *, #1619, .F. );
#1270=EDGE_CURVE ( 'NONE', #9265, #9844, #3817, .T. );
#1271=DIRECTION ( 'NONE',  ( -1.000000000000000000, -1.810374147724001700E-032, 1.301042606982603100E-014 ) );
#1272=VECTOR ( 'NONE', #2225, 1000.000000000000000 );
#1273=ORIENTED_EDGE ( 'NONE', *, *, #394, .F. );
#1274=ORIENTED_EDGE ( 'NONE', *, *, #4846, .F. );
#1275=FACE_OUTER_BOUND ( 'NONE', #11001, .T. );
#1276=DIRECTION ( 'NONE',  ( -1.239088197126328100E-014, 0.0000000000000000000, 1.000000000000000000 ) );
#1277=ORIENTED_EDGE ( 'NONE', *, *, #9109, .T. );
#1278=CARTESIAN_POINT ( 'NONE',  ( -1.799999999999997800, 0.8000000000000000400, -7.900000000000000400 ) );
#1279=FACE_OUTER_BOUND ( 'NONE', #10755, .T. );
#1280=ORIENTED_EDGE ( 'NONE', *, *, #8436, .T. );
#1281=AXIS2_PLACEMENT_3D ( 'NONE', #5638, #4029, #6462 );
#1282=ORIENTED_EDGE ( 'NONE', *, *, #10952, .T. );
#1283=EDGE_CURVE ( 'NONE', #8656, #8790, #1773, .T. );
#1284=ADVANCED_FACE ( 'NONE', ( #8920 ), #30, .T. );
#1285=EDGE_CURVE ( 'NONE', #10759, #2093, #11820, .T. );
#1286=ORIENTED_EDGE ( 'NONE', *, *, #11943, .T. );
#1287=ORIENTED_EDGE ( 'NONE', *, *, #10752, .F. );
#1288=AXIS2_PLACEMENT_3D ( 'NONE', #3332, #8820, #3335 );
#1289=PLANE ( 'NONE',  #5427 );
#1290=LINE ( 'NONE', #4064, #22 );
#1291=AXIS2_PLACEMENT_3D ( 'NONE', #215, #778, #340 );
#1292=LINE ( 'NONE', #1082, #22 );
#1293=VERTEX_POINT ( 'NONE', #6467 );
#1294=LINE ( 'NONE', #2531, #52 );
#1295=CARTESIAN_POINT ( 'NONE',  ( 6.299999999999992700, 0.0000000000000000000, 6.099999999999999600 ) );
#1296=LINE ( 'NONE', #3730, #1983 );
#1297=ORIENTED_EDGE ( 'NONE', *, *, #8739, .T. );
#1298=CARTESIAN_POINT ( 'NONE',  ( 6.299999999999998900, 0.0000000000000000000, 6.899999999999998600 ) );
#1299=EDGE_CURVE ( 'NONE', #12089, #2301, #13964, .T. );
#1300=ORIENTED_EDGE ( 'NONE', *, *, #4964, .T. );
#1301=CARTESIAN_POINT ( 'NONE',  ( -6.299999999999998900, 0.05000000000000005100, 6.499999999999999100 ) );
#1302=EDGE_CURVE ( 'NONE', #7451, #97, #5928, .T. );
#1303=DIRECTION ( 'NONE',  ( -1.000000000000000000, 0.0000000000000000000, -1.301042606982607500E-014 ) );
#1304=CARTESIAN_POINT ( 'NONE',  ( 1.000000000000000900, 0.05000000000000007900, 7.999999999999998200 ) );
#1305=CARTESIAN_POINT ( 'NONE',  ( 6.299999999999972300, 3.388131789017201400E-018, 4.899999999999993200 ) );
#1306=AXIS2_PLACEMENT_3D ( 'NONE', #3596, #342, #4151 );
#1307=VERTEX_POINT ( 'NONE', #1762 );
#1308=EDGE_CURVE ( 'NONE', #5636, #2691, #1998, .T. );
#1309=LINE ( 'NONE', #3352, #96 );
#1310=ADVANCED_FACE ( 'NONE', ( #8573 ), #3115, .F. );
#1311=VECTOR ( 'NONE', #1881, 1000.000000000000000 );
#1312=ORIENTED_EDGE ( 'NONE', *, *, #5424, .T. );
#1313=LINE ( 'NONE', #693, #22 );
#1314=PLANE ( 'NONE',  #12431 );
#1315=VECTOR ( 'NONE', #3912, 1000.000000000000000 );
#1316=ORIENTED_EDGE ( 'NONE', *, *, #7689, .T. );
#1317=ORIENTED_EDGE ( 'NONE', *, *, #7770, .F. );
#1318=DIRECTION ( 'NONE',  ( 1.000000000000000000, 0.0000000000000000000, 3.252606517456618200E-015 ) );
#1319=CARTESIAN_POINT ( 'NONE',  ( 2.999999999999989800, 0.0000000000000000000, -2.600000000000024100 ) );
#1320=ORIENTED_EDGE ( 'NONE', *, *, #4244, .T. );
#1321=DIRECTION ( 'NONE',  ( 2.312838020447142400E-035, 0.0000000000000000000, -1.000000000000000000 ) );
#1322=EDGE_CURVE ( 'NONE', #11540, #7478, #2205, .T. );
#1323=DIRECTION ( 'NONE',  ( -5.911569487279479500E-035, 0.0000000000000000000, -1.000000000000000000 ) );
#1324=CARTESIAN_POINT ( 'NONE',  ( -3.399999999999997700, 0.0000000000000000000, 7.199999999999998400 ) );
#1325=LINE ( 'NONE', #2252, #22 );
#1326=FACE_OUTER_BOUND ( 'NONE', #11507, .T. );
#1327=LINE ( 'NONE', #1304, #52 );
#1328=EDGE_LOOP ( 'NONE', ( #10709, #10048, #7679, #9070 ) );
#1329=EDGE_CURVE ( 'NONE', #10510, #4927, #10254, .T. );
#1330=FACE_OUTER_BOUND ( 'NONE', #10284, .T. );
#1331=CARTESIAN_POINT ( 'NONE',  ( -1.400000000000013200, 0.05000000000000005100, 7.199999999999998400 ) );
#1332=ADVANCED_FACE ( 'NONE', ( #12930 ), #30, .T. );
#1333=EDGE_LOOP ( 'NONE', ( #13631, #12554, #6211, #2308 ) );
#1334=VERTEX_POINT ( 'NONE', #13100 );
#1335=EDGE_CURVE ( 'NONE', #6583, #7535, #7732, .T. );
#1336=AXIS2_PLACEMENT_3D ( 'NONE', #6593, #391, #4885 );
#1337=CARTESIAN_POINT ( 'NONE',  ( -1.000000000000000900, 0.05000000000000007900, 7.999999999999998200 ) );
#1338=CARTESIAN_POINT ( 'NONE',  ( 1.800000000000003800, 0.05000000000000005100, 8.000000000000021300 ) );
#1339=PLANE ( 'NONE',  #10684 );
#1340=ORIENTED_EDGE ( 'NONE', *, *, #14389, .T. );
#1341=EDGE_LOOP ( 'NONE', ( #8608, #623, #5438, #11393 ) );
#1342=FACE_OUTER_BOUND ( 'NONE', #4734, .T. );
#1343=LINE ( 'NONE', #1489, #10613 );
#1344=ORIENTED_EDGE ( 'NONE', *, *, #6616, .F. );
#1345=CARTESIAN_POINT ( 'NONE',  ( 5.974999999999999600, 20.65008038564430800, 7.430000000000001500 ) );
#1346=FACE_OUTER_BOUND ( 'NONE', #4184, .T. );
#1347=DIRECTION ( 'NONE',  ( -1.000000000000000000, 0.0000000000000000000, 5.421010862427902800E-016 ) );
#1348=CARTESIAN_POINT ( 'NONE',  ( 0.7249999999999999800, 0.05000000000000005100, 1.449999999999998200 ) );
#1349=CARTESIAN_POINT ( 'NONE',  ( 5.500000000000029300, 0.0000000000000000000, 5.299999999999993600 ) );
#1350=AXIS2_PLACEMENT_3D ( 'NONE', #13914, #1589, #5128 );
#1351=CARTESIAN_POINT ( 'NONE',  ( -5.500000000000007100, 0.0000000000000000000, 1.300000000000003800 ) );
#1352=VERTEX_POINT ( 'NONE', #1131 );
#1353=LINE ( 'NONE', #946, #429 );
#1354=ADVANCED_FACE ( 'NONE', ( #6278 ), #1707, .F. );
#1355=ORIENTED_EDGE ( 'NONE', *, *, #789, .F. );
#1356=VERTEX_POINT ( 'NONE', #2266 );
#1357=CARTESIAN_POINT ( 'NONE',  ( 2.200000000000001500, 0.8000000000000000400, -7.900000000000000400 ) );
#1358=CARTESIAN_POINT ( 'NONE',  ( 4.600000000000012100, 0.05000000000000005100, 7.199999999999995700 ) );
#1359=ORIENTED_EDGE ( 'NONE', *, *, #8106, .T. );
#1360=DIRECTION ( 'NONE',  ( -2.710505431213883800E-015, 0.0000000000000000000, -1.000000000000000000 ) );
#1361=ORIENTED_EDGE ( 'NONE', *, *, #2067, .T. );
#1362=VECTOR ( 'NONE', #1659, 1000.000000000000000 );
#1363=VECTOR ( 'NONE', #758, 1000.000000000000000 );
#1364=ORIENTED_EDGE ( 'NONE', *, *, #2881, .T. );
#1365=CARTESIAN_POINT ( 'NONE',  ( 0.2000000000000014000, 0.05000000000000007900, -2.600000000000001400 ) );
#1366=DIRECTION ( 'NONE',  ( 1.000000000000000000, 0.0000000000000000000, 3.252606517456656900E-015 ) );
#1367=LINE ( 'NONE', #2234, #22 );
#1368=VERTEX_POINT ( 'NONE', #1455 );
#1369=DIRECTION ( 'NONE',  ( -1.000000000000000000, 0.0000000000000000000, -2.710505431213863600E-016 ) );
#1370=PLANE ( 'NONE',  #61 );
#1371=ADVANCED_FACE ( 'NONE', ( #10711 ), #7972, .T. );
#1372=ORIENTED_EDGE ( 'NONE', *, *, #4185, .T. );
#1373=VERTEX_POINT ( 'NONE', #1295 );
#1374=EDGE_LOOP ( 'NONE', ( #10636, #3360, #10999, #5262 ) );
#1375=LINE ( 'NONE', #3103, #52 );
#1376=ORIENTED_EDGE ( 'NONE', *, *, #3832, .T. );
#1377=EDGE_CURVE ( 'NONE', #2053, #13683, #2818, .T. );
#1378=COLOUR_RGB ( '',0.2509803921568627400, 0.2509803921568627400, 0.2509803921568627400 );
#1379=CARTESIAN_POINT ( 'NONE',  ( 5.600000000000000500, 0.05000000000000005100, -2.600000000000001400 ) );
#1380=LINE ( 'NONE', #2549, #186 );
#1381=PLANE ( 'NONE',  #317 );
#1382=CARTESIAN_POINT ( 'NONE',  ( -4.199999999999997500, 0.05000000000000007900, 7.199999999999998400 ) );
#1383=ORIENTED_EDGE ( 'NONE', *, *, #6272, .F. );
#1384=CARTESIAN_POINT ( 'NONE',  ( 5.500000000000029300, 0.05000000000000007900, -0.2999999999999990500 ) );
#1385=DIRECTION ( 'NONE',  ( -8.673617379884078100E-015, -0.0000000000000000000, 1.000000000000000000 ) );
#1386=CARTESIAN_POINT ( 'NONE',  ( 5.500000000000030200, 0.0000000000000000000, 0.5000000000000038900 ) );
#1387=EDGE_LOOP ( 'NONE', ( #11900, #7923 ) );
#1388=DIRECTION ( 'NONE',  ( 1.000000000000000000, -0.0000000000000000000, 5.899716722050216200E-035 ) );
#1389=EDGE_CURVE ( 'NONE', #471, #6043, #7903, .T. );
#1390=ORIENTED_EDGE ( 'NONE', *, *, #4852, .T. );
#1391=EDGE_CURVE ( 'NONE', #3417, #5246, #3248, .T. );
#1392=MANIFOLD_SOLID_BREP ( 'Module 5', #9478 );
#1393=ORIENTED_EDGE ( 'NONE', *, *, #8988, .F. );
#1394=ORIENTED_EDGE ( 'NONE', *, *, #13096, .T. );
#1395=CARTESIAN_POINT ( 'NONE',  ( -6.299999999999990100, 0.05000000000000005100, -0.7000000000000022900 ) );
#1396=DIRECTION ( 'NONE',  ( -2.385244779468103800E-014, 0.0000000000000000000, 1.000000000000000000 ) );
#1397=FACE_OUTER_BOUND ( 'NONE', #14330, .T. );
#1398=ORIENTED_EDGE ( 'NONE', *, *, #536, .T. );
#1399=AXIS2_PLACEMENT_3D ( 'NONE', #293, #513, #4401 );
#1400=FACE_OUTER_BOUND ( 'NONE', #4963, .T. );
#1401=ADVANCED_FACE ( 'NONE', ( #12610 ), #10350, .F. );
#1402=AXIS2_PLACEMENT_3D ( 'NONE', #2835, #3049, #10910 );
#1403=ORIENTED_EDGE ( 'NONE', *, *, #3258, .T. );
#1404=CARTESIAN_POINT ( 'NONE',  ( 2.200000000000001500, 0.05000000000000000300, -7.900000000000000400 ) );
#1405=VERTEX_POINT ( 'NONE', #1953 );
#1406=EDGE_CURVE ( 'NONE', #2898, #2338, #4984, .T. );
#1407=ORIENTED_EDGE ( 'NONE', *, *, #753, .T. );
#1408=CARTESIAN_POINT ( 'NONE',  ( -6.299999999999951000, 0.05000000000000007900, 4.499999999999992000 ) );
#1409=EDGE_CURVE ( 'NONE', #9897, #1454, #3229, .T. );
#1410=DIRECTION ( 'NONE',  ( 1.000000000000000000, 0.0000000000000000000, 1.084202172485537000E-015 ) );
#1411=VECTOR ( 'NONE', #724, 1000.000000000000000 );
#1412=CARTESIAN_POINT ( 'NONE',  ( 3.400000000000001200, 0.05000000000000005100, 7.199999999999998400 ) );
#1413=ORIENTED_EDGE ( 'NONE', *, *, #2748, .T. );
#1414=ORIENTED_EDGE ( 'NONE', *, *, #1646, .T. );
#1415=PLANE ( 'NONE',  #814 );
#1416=VERTEX_POINT ( 'NONE', #4417 );
#1417=LINE ( 'NONE', #2516, #22 );
#1418=ORIENTED_EDGE ( 'NONE', *, *, #4183, .T. );
#1419=EDGE_CURVE ( 'NONE', #266, #546, #10244, .T. );
#1420=AXIS2_PLACEMENT_3D ( 'NONE', #1640, #2513, #6625 );
#1421=PLANE ( 'NONE',  #10387 );
#1422=ORIENTED_EDGE ( 'NONE', *, *, #12737, .T. );
#1423=ORIENTED_EDGE ( 'NONE', *, *, #1142, .F. );
#1424=ADVANCED_FACE ( 'NONE', ( #9915 ), #10221, .F. );
#1425=EDGE_LOOP ( 'NONE', ( #9834, #6894, #532, #127 ) );
#1426=VERTEX_POINT ( 'NONE', #3326 );
#1427=VERTEX_POINT ( 'NONE', #5578 );
#1428=EDGE_CURVE ( 'NONE', #9914, #9279, #2801, .T. );
#1429=VECTOR ( 'NONE', #1889, 1000.000000000000000 );
#1430=VECTOR ( 'NONE', #1662, 1000.000000000000000 );
#1431=EDGE_CURVE ( 'NONE', #6191, #3542, #14674, .T. );
#1432=VERTEX_POINT ( 'NONE', #3440 );
#1433=LINE ( 'NONE', #5097, #52 );
#1434=DIRECTION ( 'NONE',  ( -5.220124945131412600E-036, 0.0000000000000000000, 1.000000000000000000 ) );
#1435=ORIENTED_EDGE ( 'NONE', *, *, #13046, .T. );
#1436=VERTEX_POINT ( 'NONE', #8575 );
#1437=PRESENTATION_LAYER_ASSIGNMENT (  '', '', ( #14240 ) );
#1438=CARTESIAN_POINT ( 'NONE',  ( 5.500000000000027500, 0.05000000000000005100, -1.500000000000002700 ) );
#1439=ORIENTED_EDGE ( 'NONE', *, *, #2465, .T. );
#1440=VERTEX_POINT ( 'NONE', #4644 );
#1441=EDGE_CURVE ( 'NONE', #13894, #6113, #4594, .T. );
#1442=ADVANCED_FACE ( 'NONE', ( #9081 ), #13353, .T. );
#1443=AXIS2_PLACEMENT_3D ( 'NONE', #1203, #18, #511 );
#1444=DIRECTION ( 'NONE',  ( 2.168404344971005700E-015, 0.0000000000000000000, -1.000000000000000000 ) );
#1445=CARTESIAN_POINT ( 'NONE',  ( 4.200000000000001100, 0.7499999999999998900, -7.250000000000000000 ) );
#1446=DIRECTION ( 'NONE',  ( -5.421010862427707600E-016, 0.0000000000000000000, 1.000000000000000000 ) );
#1447=VECTOR ( 'NONE', #2380, 1000.000000000000000 );
#1448=ORIENTED_EDGE ( 'NONE', *, *, #456, .T. );
#1449=LINE ( 'NONE', #1894, #95 );
#1450=ORIENTED_EDGE ( 'NONE', *, *, #1335, .F. );
#1451=CARTESIAN_POINT ( 'NONE',  ( 1.550000000000001600, 0.7499999999999998900, -7.250000000000000000 ) );
#1452=CARTESIAN_POINT ( 'NONE',  ( -6.299999999999950100, 0.05000000000000007900, 0.9000000000000019100 ) );
#1453=FACE_BOUND ( 'NONE', #2275, .T. );
#1454=VERTEX_POINT ( 'NONE', #510 );
#1455=CARTESIAN_POINT ( 'NONE',  ( 6.299999999999999800, 0.0000000000000000000, -1.500000000000002400 ) );
#1456=ORIENTED_EDGE ( 'NONE', *, *, #456, .F. );
#1457=DIRECTION ( 'NONE',  ( -2.168404344971003300E-015, -0.0000000000000000000, -1.000000000000000000 ) );
#1458=AXIS2_PLACEMENT_3D ( 'NONE', #938, #1880, #553 );
#1459=VERTEX_POINT ( 'NONE', #8246 );
#1460=EDGE_LOOP ( 'NONE', ( #5192, #11446, #8877, #14358 ) );
#1461=DIRECTION ( 'NONE',  ( 2.168404344971003300E-015, 0.0000000000000000000, -1.000000000000000000 ) );
#1462=VECTOR ( 'NONE', #4301, 1000.000000000000000 );
#1463=EDGE_CURVE ( 'NONE', #2935, #11214, #7561, .T. );
#1464=ORIENTED_EDGE ( 'NONE', *, *, #12280, .F. );
#1465=ORIENTED_EDGE ( 'NONE', *, *, #1812, .F. );
#1466=ADVANCED_FACE ( 'NONE', ( #8744 ), #10390, .F. );
#1467=DIRECTION ( 'NONE',  ( 1.000000000000000000, -0.0000000000000000000, 4.817324869196712800E-035 ) );
#1468=ORIENTED_EDGE ( 'NONE', *, *, #539, .F. );
#1469=DIRECTION ( 'NONE',  ( -1.000000000000000000, 0.0000000000000000000, -4.878909776184620100E-015 ) );
#1470=EDGE_CURVE ( 'NONE', #10694, #7284, #7386, .T. );
#1471=AXIS2_PLACEMENT_3D ( 'NONE', #949, #11456, #1607 );
#1472=LINE ( 'NONE', #6563, #423 );
#1473=ORIENTED_EDGE ( 'NONE', *, *, #3847, .F. );
#1474=AXIS2_PLACEMENT_3D ( 'NONE', #3198, #340, #511 );
#1475=VECTOR ( 'NONE', #8698, 1000.000000000000000 );
#1476=ORIENTED_EDGE ( 'NONE', *, *, #3564, .T. );
#1477=EDGE_LOOP ( 'NONE', ( #14448, #4893, #12841, #4387 ) );
#1478=CARTESIAN_POINT ( 'NONE',  ( 1.250000000000000700, 0.05000000000000005100, -1.734723475976807100E-015 ) );
#1479=VERTEX_POINT ( 'NONE', #7141 );
#1480=AXIS2_PLACEMENT_3D ( 'NONE', #3565, #2943, #971 );
#1481=CARTESIAN_POINT ( 'NONE',  ( -6.599999999999997000, 0.7999999999999993800, -2.900000000000001700 ) );
#1482=SURFACE_SIDE_STYLE ('',( #8290 ) );
#1483=DIRECTION ( 'NONE',  ( -2.168404344970947300E-015, -7.703719777548943400E-034, 1.000000000000000000 ) );
#1484=SURFACE_STYLE_FILL_AREA ( #6980 );
#1485=ORIENTED_EDGE ( 'NONE', *, *, #8436, .F. );
#1486=FACE_OUTER_BOUND ( 'NONE', #5363, .T. );
#1487=ORIENTED_EDGE ( 'NONE', *, *, #5903, .T. );
#1488=EDGE_CURVE ( 'NONE', #10597, #3749, #13475, .T. );
#1489=CARTESIAN_POINT ( 'NONE',  ( 5.600000000000000500, 0.0000000000000000000, -2.600000000000001400 ) );
#1490=FACE_OUTER_BOUND ( 'NONE', #6946, .T. );
#1491=ORIENTED_EDGE ( 'NONE', *, *, #11964, .T. );
#1492=LINE ( 'NONE', #5405, #96 );
#1493=EDGE_LOOP ( 'NONE', ( #10802, #109, #7917, #10670 ) );
#1494=ADVANCED_FACE ( 'NONE', ( #4804 ), #4589, .F. );
#1495=ORIENTED_EDGE ( 'NONE', *, *, #6157, .F. );
#1496=LINE ( 'NONE', #1529, #12630 );
#1497=EDGE_LOOP ( 'NONE', ( #8928, #8937, #11480, #2161 ) );
#1498=EDGE_CURVE ( 'NONE', #3893, #10367, #4198, .T. );
#1499=CARTESIAN_POINT ( 'NONE',  ( 2.199999999999989100, 0.0000000000000000000, 7.199999999999996600 ) );
#1500=EDGE_CURVE ( 'NONE', #5007, #5753, #11966, .T. );
#1501=DIRECTION ( 'NONE',  ( -1.000000000000000000, 0.0000000000000000000, 5.421010862427907700E-016 ) );
#1502=PLANE ( 'NONE',  #14166 );
#1503=CARTESIAN_POINT ( 'NONE',  ( -0.7249999999999897600, 0.0000000000000000000, 1.974999999999999000 ) );
#1504=FACE_OUTER_BOUND ( 'NONE', #14319, .T. );
#1505=FACE_OUTER_BOUND ( 'NONE', #14594, .T. );
#1506=ORIENTED_EDGE ( 'NONE', *, *, #8924, .T. );
#1507=LINE ( 'NONE', #3299, #22 );
#1508=FACE_OUTER_BOUND ( 'NONE', #4870, .T. );
#1509=CARTESIAN_POINT ( 'NONE',  ( -3.799999999999985600, 3.388131789017201400E-018, -1.799999999999999600 ) );
#1510=CARTESIAN_POINT ( 'NONE',  ( -3.799999999999984700, 0.05000000000000005100, 8.000000000000021300 ) );
#1511=ORIENTED_EDGE ( 'NONE', *, *, #3119, .T. );
#1512=ORIENTED_EDGE ( 'NONE', *, *, #6422, .F. );
#1513=EDGE_LOOP ( 'NONE', ( #10778, #6536, #5851, #11328 ) );
#1514=ORIENTED_EDGE ( 'NONE', *, *, #11703, .F. );
#1515=ADVANCED_FACE ( 'NONE', ( #13801 ), #6155, .T. );
#1516=CARTESIAN_POINT ( 'NONE',  ( 2.700000000000000200, 0.05000000000000007900, 5.399999999999998600 ) );
#1517=EDGE_CURVE ( 'NONE', #3315, #4196, #10544, .T. );
#1518=EDGE_CURVE ( 'NONE', #5000, #2328, #6848, .T. );
#1519=PLANE ( 'NONE',  #11227 );
#1520=CARTESIAN_POINT ( 'NONE',  ( -1.000000000000000900, 0.05000000000000005100, 7.999999999999998200 ) );
#1521=ORIENTED_EDGE ( 'NONE', *, *, #5322, .T. );
#1522=SURFACE_STYLE_FILL_AREA ( #10173 );
#1523=EDGE_LOOP ( 'NONE', ( #3246, #629, #7830, #14006 ) );
#1524=LINE ( 'NONE', #4831, #2501 );
#1525=LINE ( 'NONE', #912, #7741 );
#1526=VERTEX_POINT ( 'NONE', #8520 );
#1527=EDGE_CURVE ( 'NONE', #12971, #12432, #13212, .T. );
#1528=CARTESIAN_POINT ( 'NONE',  ( 4.999999999999969800, 0.0000000000000000000, 7.199999999999998400 ) );
#1529=CARTESIAN_POINT ( 'NONE',  ( -5.500000000000009800, -3.388131789017201400E-018, -1.100000000000004500 ) );
#1530=ORIENTED_EDGE ( 'NONE', *, *, #3897, .F. );
#1531=EDGE_CURVE ( 'NONE', #11514, #3962, #8068, .T. );
#1532=DIRECTION ( 'NONE',  ( -1.000000000000000000, 0.0000000000000000000, 7.047314121156523500E-015 ) );
#1533=CARTESIAN_POINT ( 'NONE',  ( -4.199999999999997500, 0.0000000000000000000, 7.199999999999998400 ) );
#1534=CARTESIAN_POINT ( 'NONE',  ( 1.249999999999999800, 0.05000000000000005100, 5.399999999999998600 ) );
#1535=ADVANCED_FACE ( 'NONE', ( #12456 ), #2975, .T. );
#1536=ORIENTED_EDGE ( 'NONE', *, *, #4988, .T. );
#1537=CARTESIAN_POINT ( 'NONE',  ( 0.6000000000000128600, 0.05000000000000005100, -2.600000000000001900 ) );
#1538=LINE ( 'NONE', #1599, #186 );
#1539=FACE_OUTER_BOUND ( 'NONE', #10069, .T. );
#1540=CARTESIAN_POINT ( 'NONE',  ( 1.250000000000000700, 0.05000000000000007900, 1.449999999999998200 ) );
#1541=VECTOR ( 'NONE', #161, 1000.000000000000000 );
#1542=FACE_OUTER_BOUND ( 'NONE', #13397, .T. );
#1543=VERTEX_POINT ( 'NONE', #2635 );
#1544=EDGE_CURVE ( 'NONE', #2794, #2691, #1313, .T. );
#1545=LINE ( 'NONE', #285, #232 );
#1546=CARTESIAN_POINT ( 'NONE',  ( 6.299999999999972300, 0.05000000000000005100, 3.699999999999989100 ) );
#1547=EDGE_CURVE ( 'NONE', #12717, #10355, #6093, .T. );
#1548=CARTESIAN_POINT ( 'NONE',  ( 0.7249999999999999800, 0.05000000000000007900, 1.449999999999998200 ) );
#1549=DIRECTION ( 'NONE',  ( -2.168404344971003300E-015, 7.703719777548943400E-034, -1.000000000000000000 ) );
#1550=VERTEX_POINT ( 'NONE', #1807 );
#1551=CARTESIAN_POINT ( 'NONE',  ( 1.400000000000013200, 0.05000000000000005100, -1.800000000000001200 ) );
#1552=EDGE_CURVE ( 'NONE', #7153, #2085, #6265, .T. );
#1553=AXIS2_PLACEMENT_3D ( 'NONE', #635, #7148, #14229 );
#1554=ORIENTED_EDGE ( 'NONE', *, *, #4897, .T. );
#1555=DIRECTION ( 'NONE',  ( -1.000000000000000000, -0.0000000000000000000, -1.355252715606977000E-015 ) );
#1556=FACE_OUTER_BOUND ( 'NONE', #8016, .T. );
#1557=ADVANCED_FACE ( 'NONE', ( #12138 ), #1682, .F. );
#1558=FACE_OUTER_BOUND ( 'NONE', #3820, .T. );
#1559=ORIENTED_EDGE ( 'NONE', *, *, #1601, .F. );
#1560=DIRECTION ( 'NONE',  ( -1.000000000000000000, -0.0000000000000000000, 5.204170427930589200E-014 ) );
#1561=EDGE_CURVE ( 'NONE', #4812, #9337, #9251, .T. );
#1562=FACE_OUTER_BOUND ( 'NONE', #7700, .T. );
#1563=EDGE_LOOP ( 'NONE', ( #10423, #118, #14693, #3603 ) );
#1564=PLANE ( 'NONE',  #1420 );
#1565=LINE ( 'NONE', #3596, #119 );
#1566=DIRECTION ( 'NONE',  ( -1.000000000000000000, 0.0000000000000000000, 5.220124945131412600E-036 ) );
#1567=CARTESIAN_POINT ( 'NONE',  ( 1.550000000000001600, 0.04999999999999960700, -4.699999999999997500 ) );
#1568=DIRECTION ( 'NONE',  ( -4.336808689941884400E-015, 0.0000000000000000000, -1.000000000000000000 ) );
#1569=DIRECTION ( 'NONE',  ( -1.000000000000000000, 0.0000000000000000000, -2.168404344971006100E-015 ) );
#1570=CARTESIAN_POINT ( 'NONE',  ( 5.974999999999999600, 0.8000000000000000400, 7.680000000000000600 ) );
#1571=ORIENTED_EDGE ( 'NONE', *, *, #8691, .F. );
#1572=ORIENTED_EDGE ( 'NONE', *, *, #9607, .T. );
#1573=EDGE_CURVE ( 'NONE', #6556, #9563, #5723, .T. );
#1574=CARTESIAN_POINT ( 'NONE',  ( -2.700000000000000600, 0.05000000000000007900, 1.974999999999998500 ) );
#1575=CARTESIAN_POINT ( 'NONE',  ( 5.500000000000028400, 0.05000000000000007900, 2.100000000000009000 ) );
#1576=ORIENTED_EDGE ( 'NONE', *, *, #7627, .T. );
#1577=LINE ( 'NONE', #3620, #1155 );
#1578=VECTOR ( 'NONE', #627, 1000.000000000000000 );
#1579=LINE ( 'NONE', #7853, #52 );
#1580=EDGE_CURVE ( 'NONE', #13208, #6113, #4787, .T. );
#1581=AXIS2_PLACEMENT_3D ( 'NONE', #2268, #66, #9450 );
#1582=CARTESIAN_POINT ( 'NONE',  ( 6.299999999999971400, 0.0000000000000000000, 4.499999999999992000 ) );
#1583=LINE ( 'NONE', #2368, #22 );
#1584=EDGE_LOOP ( 'NONE', ( #14442, #10927, #5593, #13201 ) );
#1585=AXIS2_PLACEMENT_3D ( 'NONE', #4800, #342, #4151 );
#1586=ADVANCED_FACE ( 'NONE', ( #13066 ), #5773, .T. );
#1587=ORIENTED_EDGE ( 'NONE', *, *, #14239, .F. );
#1588=ORIENTED_EDGE ( 'NONE', *, *, #8783, .T. );
#1589=DIRECTION ( 'NONE',  ( -1.000000000000000000, 0.0000000000000000000, -8.717203396868381500E-017 ) );
#1590=CARTESIAN_POINT ( 'NONE',  ( 5.550000000000000700, 0.7499999999999998900, -7.250000000000002700 ) );
#1591=CARTESIAN_POINT ( 'NONE',  ( 0.2000000000000014000, 0.05000000000000007900, 7.999999999999998200 ) );
#1592=ORIENTED_EDGE ( 'NONE', *, *, #12451, .F. );
#1593=CARTESIAN_POINT ( 'NONE',  ( 2.200000000000001500, 0.7500000000000000000, -7.900000000000000400 ) );
#1594=LINE ( 'NONE', #4132, #22 );
#1595=FACE_OUTER_BOUND ( 'NONE', #4006, .T. );
#1596=CLOSED_SHELL ( 'NONE', ( #615, #13909, #10604, #12196, #7210, #9416 ) );
#1597=LINE ( 'NONE', #7104, #701 );
#1598=CARTESIAN_POINT ( 'NONE',  ( -5.974999999999999600, 0.7999999999999999300, -2.020000000000000000 ) );
#1599=CARTESIAN_POINT ( 'NONE',  ( -1.000000000000000900, 0.0000000000000000000, 7.199999999999998400 ) );
#1600=LINE ( 'NONE', #326, #22 );
#1601=EDGE_CURVE ( 'NONE', #4455, #4409, #14378, .T. );
#1602=VERTEX_POINT ( 'NONE', #1864 );
#1603=ORIENTED_EDGE ( 'NONE', *, *, #6677, .F. );
#1604=ORIENTED_EDGE ( 'NONE', *, *, #9087, .F. );
#1605=VERTEX_POINT ( 'NONE', #326 );
#1606=PLANE ( 'NONE',  #12276 );
#1607=DIRECTION ( 'NONE',  ( 1.000000000000000000, 0.0000000000000000000, -5.421010862427684900E-016 ) );
#1608=ADVANCED_FACE ( 'NONE', ( #8558 ), #13217, .T. );
#1609=STYLED_ITEM ( 'NONE', ( #853 ), #5144 );
#1610=EDGE_CURVE ( 'NONE', #10886, #12495, #1752, .T. );
#1611=DIRECTION ( 'NONE',  ( 5.899716722051343000E-035, 0.0000000000000000000, -1.000000000000000000 ) );
#1612=ORIENTED_EDGE ( 'NONE', *, *, #10576, .T. );
#1613=VERTEX_POINT ( 'NONE', #605 );
#1614=CARTESIAN_POINT ( 'NONE',  ( 0.2000000000000019300, 0.7499999999999995600, -4.699999999999997500 ) );
#1615=FACE_OUTER_BOUND ( 'NONE', #3566, .T. );
#1616=LINE ( 'NONE', #4286, #4229 );
#1617=ORIENTED_EDGE ( 'NONE', *, *, #9752, .F. );
#1618=LINE ( 'NONE', #4797, #350 );
#1619=EDGE_CURVE ( 'NONE', #8034, #725, #3015, .T. );
#1620=AXIS2_PLACEMENT_3D ( 'NONE', #1548, #2116, #128 );
#1621=ORIENTED_EDGE ( 'NONE', *, *, #346, .T. );
#1622=DIRECTION ( 'NONE',  ( 7.139770381379879400E-036, 0.0000000000000000000, 1.000000000000000000 ) );
#1623=ORIENTED_EDGE ( 'NONE', *, *, #5121, .F. );
#1624=CARTESIAN_POINT ( 'NONE',  ( -4.999999999999947600, 0.05000000000000007900, 7.199999999999927300 ) );
#1625=EDGE_LOOP ( 'NONE', ( #6381, #5137, #6942, #5347 ) );
#1626=ORIENTED_EDGE ( 'NONE', *, *, #9926, .F. );
#1627=VECTOR ( 'NONE', #2888, 1000.000000000000000 );
#1628=EDGE_CURVE ( 'NONE', #7850, #5079, #13056, .T. );
#1629=MANIFOLD_SOLID_BREP ( 'Pin 18', #11356 );
#1630=VERTEX_POINT ( 'NONE', #11082 );
#1631=ORIENTED_EDGE ( 'NONE', *, *, #2434, .T. );
#1632=VECTOR ( 'NONE', #6457, 1000.000000000000000 );
#1633=ADVANCED_FACE ( 'NONE', ( #9422 ), #12144, .T. );
#1634=LINE ( 'NONE', #7920, #96 );
#1635=CARTESIAN_POINT ( 'NONE',  ( -6.599999999999997000, 0.7499999999999993300, -2.900000000000001700 ) );
#1636=PLANE ( 'NONE',  #11249 );
#1637=AXIS2_PLACEMENT_3D ( 'NONE', #1404, #23, #128 );
#1638=LINE ( 'NONE', #3885, #168 );
#1639=ORIENTED_EDGE ( 'NONE', *, *, #5290, .F. );
#1640=CARTESIAN_POINT ( 'NONE',  ( -6.299999999999951000, 0.05000000000000005100, 2.100000000000005400 ) );
#1641=EDGE_CURVE ( 'NONE', #9034, #728, #10279, .T. );
#1642=ORIENTED_EDGE ( 'NONE', *, *, #9044, .T. );
#1643=EDGE_LOOP ( 'NONE', ( #264, #2451, #8729, #6245 ) );
#1644=ORIENTED_EDGE ( 'NONE', *, *, #1470, .F. );
#1645=PLANE ( 'NONE',  #9321 );
#1646=EDGE_CURVE ( 'NONE', #12519, #832, #6444, .T. );
#1647=PLANE ( 'NONE',  #12227 );
#1648=ORIENTED_EDGE ( 'NONE', *, *, #8012, .F. );
#1649=CARTESIAN_POINT ( 'NONE',  ( 5.974999999999999600, 20.65008038564430800, 7.680000000000000600 ) );
#1650=AXIS2_PLACEMENT_3D ( 'NONE', #3167, #18, #511 );
#1651=DIRECTION ( 'NONE',  ( -1.000000000000000000, 0.0000000000000000000, -2.168404344970947300E-015 ) );
#1652=LINE ( 'NONE', #2516, #4463 );
#1653=ORIENTED_EDGE ( 'NONE', *, *, #13990, .F. );
#1654=( GEOMETRIC_REPRESENTATION_CONTEXT ( 3 ) GLOBAL_UNCERTAINTY_ASSIGNED_CONTEXT ( ( #221 ) ) GLOBAL_UNIT_ASSIGNED_CONTEXT ( ( #324, #94, #251 ) ) REPRESENTATION_CONTEXT ( 'NONE', 'WORKASPACE' ) );
#1655=VERTEX_POINT ( 'NONE', #12316 );
#1656=FACE_OUTER_BOUND ( 'NONE', #8047, .T. );
#1657=ADVANCED_FACE ( 'NONE', ( #850 ), #10331, .F. );
#1658=FACE_OUTER_BOUND ( 'NONE', #10296, .T. );
#1659=DIRECTION ( 'NONE',  ( -0.0000000000000000000, -1.301042606982604600E-016, 1.000000000000000000 ) );
#1660=EDGE_CURVE ( 'NONE', #493, #6316, #11493, .T. );
#1661=ORIENTED_EDGE ( 'NONE', *, *, #7733, .T. );
#1662=DIRECTION ( 'NONE',  ( 1.000000000000000000, -0.0000000000000000000, -1.084202172485582700E-015 ) );
#1663=EDGE_CURVE ( 'NONE', #13223, #4948, #7699, .T. );
#1664=ORIENTED_EDGE ( 'NONE', *, *, #1911, .F. );
#1665=EDGE_LOOP ( 'NONE', ( #12639, #12574, #8602, #10161 ) );
#1666=CARTESIAN_POINT ( 'NONE',  ( 0.2000000000000014000, 0.0000000000000000000, -2.600000000000001400 ) );
#1667=DIRECTION ( 'NONE',  ( 2.385244779468104100E-014, 0.0000000000000000000, -1.000000000000000000 ) );
#1668=ORIENTED_EDGE ( 'NONE', *, *, #5940, .F. );
#1669=STYLED_ITEM ( 'NONE', ( #853 ), #7934 );
#1670=EDGE_CURVE ( 'NONE', #244, #8151, #10853, .T. );
#1671=ORIENTED_EDGE ( 'NONE', *, *, #9801, .T. );
#1672=PRESENTATION_LAYER_ASSIGNMENT (  '', '', ( #14151 ) );
#1673=PLANE ( 'NONE',  #9257 );
#1674=CLOSED_SHELL ( 'NONE', ( #13928, #10535, #430, #11827, #10354, #508 ) );
#1675=CARTESIAN_POINT ( 'NONE',  ( 6.300000000000002500, 0.05000000000000007900, 5.699999999999998400 ) );
#1676=VECTOR ( 'NONE', #5248, 1000.000000000000000 );
#1677=CARTESIAN_POINT ( 'NONE',  ( 6.200000000000001100, 0.05000000000000000300, -7.900000000000000400 ) );
#1678=CARTESIAN_POINT ( 'NONE',  ( -4.199999999999998400, 0.05000000000000007900, -1.800000000000001400 ) );
#1679=VECTOR ( 'NONE', #3502, 1000.000000000000000 );
#1680=ORIENTED_EDGE ( 'NONE', *, *, #5761, .F. );
#1681=ORIENTED_EDGE ( 'NONE', *, *, #5312, .F. );
#1682=PLANE ( 'NONE',  #14347 );
#1683=ORIENTED_EDGE ( 'NONE', *, *, #9087, .T. );
#1684=ORIENTED_EDGE ( 'NONE', *, *, #6272, .T. );
#1685=ADVANCED_FACE ( 'NONE', ( #12128 ), #5887, .F. );
#1686=LINE ( 'NONE', #7157, #186 );
#1687=EDGE_CURVE ( 'NONE', #6113, #10450, #2785, .T. );
#1688=DIRECTION ( 'NONE',  ( 2.667137344314108700E-013, -0.0000000000000000000, 1.000000000000000000 ) );
#1689=ORIENTED_EDGE ( 'NONE', *, *, #2332, .F. );
#1690=LINE ( 'NONE', #847, #52 );
#1691=ORIENTED_EDGE ( 'NONE', *, *, #654, .T. );
#1692=LINE ( 'NONE', #5927, #186 );
#1693=ORIENTED_EDGE ( 'NONE', *, *, #10596, .T. );
#1694=EDGE_CURVE ( 'NONE', #2507, #2653, #14093, .T. );
#1695=FACE_BOUND ( 'NONE', #9594, .T. );
#1696=LINE ( 'NONE', #6898, #22 );
#1697=CARTESIAN_POINT ( 'NONE',  ( -1.250000000000000200, 0.0000000000000000000, 1.449999999999998200 ) );
#1698=VERTEX_POINT ( 'NONE', #8170 );
#1699=LINE ( 'NONE', #1408, #4146 );
#1700=ORIENTED_EDGE ( 'NONE', *, *, #5975, .T. );
#1701=EDGE_CURVE ( 'NONE', #9969, #7185, #11023, .T. );
#1702=PLANE ( 'NONE',  #6061 );
#1703=DIRECTION ( 'NONE',  ( -6.938514061341704300E-035, 0.0000000000000000000, -1.000000000000000000 ) );
#1704=ORIENTED_EDGE ( 'NONE', *, *, #1122, .T. );
#1705=PLANE ( 'NONE',  #4099 );
#1706=DIRECTION ( 'NONE',  ( -2.168404344971006100E-015, 0.0000000000000000000, 1.000000000000000000 ) );
#1707=PLANE ( 'NONE',  #13486 );
#1708=ADVANCED_FACE ( 'NONE', ( #12746 ), #8276, .T. );
#1709=CARTESIAN_POINT ( 'NONE',  ( -0.7249999999999999800, 0.05000000000000005100, -1.734723475976807100E-015 ) );
#1710=EDGE_LOOP ( 'NONE', ( #5347, #6231, #10677, #12706 ) );
#1711=ADVANCED_FACE ( 'NONE', ( #8735 ), #6036, .T. );
#1712=VERTEX_POINT ( 'NONE', #7226 );
#1713=CARTESIAN_POINT ( 'NONE',  ( 5.724999999999998800, 20.65008038564430800, 7.680000000000000600 ) );
#1714=ORIENTED_EDGE ( 'NONE', *, *, #14593, .F. );
#1715=DIRECTION ( 'NONE',  ( -3.717264591378872000E-015, 0.0000000000000000000, -1.000000000000000000 ) );
#1716=AXIS2_PLACEMENT_3D ( 'NONE', #946, #711, #280 );
#1717=ORIENTED_EDGE ( 'NONE', *, *, #3995, .T. );
#1718=FACE_OUTER_BOUND ( 'NONE', #10139, .T. );
#1719=CARTESIAN_POINT ( 'NONE',  ( 5.500000000000029300, 0.05000000000000007900, 4.499999999999990200 ) );
#1720=ORIENTED_EDGE ( 'NONE', *, *, #14677, .F. );
#1721=FACE_OUTER_BOUND ( 'NONE', #1460, .T. );
#1722=ORIENTED_EDGE ( 'NONE', *, *, #8234, .T. );
#1723=EDGE_CURVE ( 'NONE', #1630, #9697, #10532, .T. );
#1724=EDGE_LOOP ( 'NONE', ( #9089, #10949, #12731, #8167 ) );
#1725=DIRECTION ( 'NONE',  ( -1.000000000000000000, 0.0000000000000000000, 2.981555974335235800E-015 ) );
#1726=LINE ( 'NONE', #1379, #879 );
#1727=PLANE ( 'NONE',  #5323 );
#1728=ORIENTED_EDGE ( 'NONE', *, *, #14186, .T. );
#1729=VERTEX_POINT ( 'NONE', #7178 );
#1730=AXIS2_PLACEMENT_3D ( 'NONE', #3301, #13728, #12880 );
#1731=CARTESIAN_POINT ( 'NONE',  ( -1.799999999999997800, 6.606856988583542600E-016, -5.349999999999997900 ) );
#1732=ADVANCED_FACE ( 'NONE', ( #4972 ), #14326, .F. );
#1733=LINE ( 'NONE', #1807, #350 );
#1734=EDGE_LOOP ( 'NONE', ( #2446, #10154, #6248, #1000 ) );
#1735=DIRECTION ( 'NONE',  ( -1.386294004633885700E-035, 0.0000000000000000000, 1.000000000000000000 ) );
#1736=LINE ( 'NONE', #2997, #144 );
#1737=ORIENTED_EDGE ( 'NONE', *, *, #5475, .F. );
#1738=ORIENTED_EDGE ( 'NONE', *, *, #14392, .T. );
#1739=CARTESIAN_POINT ( 'NONE',  ( 6.299999999999972300, 0.05000000000000005100, 4.899999999999993200 ) );
#1740=ORIENTED_EDGE ( 'NONE', *, *, #10176, .T. );
#1741=ORIENTED_EDGE ( 'NONE', *, *, #789, .T. );
#1742=AXIS2_PLACEMENT_3D ( 'NONE', #67, #778, #797 );
#1743=DIRECTION ( 'NONE',  ( -1.000000000000000000, -0.0000000000000000000, -3.221629312528228100E-014 ) );
#1744=VERTEX_POINT ( 'NONE', #9157 );
#1745=ORIENTED_EDGE ( 'NONE', *, *, #5778, .T. );
#1746=EDGE_CURVE ( 'NONE', #11074, #10836, #5705, .T. );
#1747=CARTESIAN_POINT ( 'NONE',  ( 0.7249999999999999800, 0.05000000000000007900, -1.734723475976807100E-015 ) );
#1748=CARTESIAN_POINT ( 'NONE',  ( -5.725000000000000500, 2.299999999999999800, -2.019999999999998700 ) );
#1749=LINE ( 'NONE', #6475, #7557 );
#1750=VERTEX_POINT ( 'NONE', #354 );
#1751=FACE_OUTER_BOUND ( 'NONE', #7219, .T. );
#1752=LINE ( 'NONE', #4714, #8056 );
#1753=PLANE ( 'NONE',  #8957 );
#1754=VERTEX_POINT ( 'NONE', #4792 );
#1755=AXIS2_PLACEMENT_3D ( 'NONE', #1113, #8160, #12725 );
#1756=ADVANCED_FACE ( 'NONE', ( #10076 ), #3423, .F. );
#1757=ORIENTED_EDGE ( 'NONE', *, *, #10996, .T. );
#1758=VERTEX_POINT ( 'NONE', #2285 );
#1759=EDGE_CURVE ( 'NONE', #8174, #5902, #306, .T. );
#1760=CARTESIAN_POINT ( 'NONE',  ( 2.199999999999990000, 0.05000000000000005100, -2.600000000000024100 ) );
#1761=EDGE_CURVE ( 'NONE', #10629, #5825, #87, .T. );
#1762=CARTESIAN_POINT ( 'NONE',  ( 6.299999999999971400, 0.0000000000000000000, 1.300000000000006000 ) );
#1763=CARTESIAN_POINT ( 'NONE',  ( -1.400000000000013200, 0.0000000000000000000, 7.199999999999998400 ) );
#1764=ORIENTED_EDGE ( 'NONE', *, *, #11, .T. );
#1765=CARTESIAN_POINT ( 'NONE',  ( 0.6000000000000128600, 0.05000000000000007900, 7.199999999999998400 ) );
#1766=LINE ( 'NONE', #5578, #52 );
#1767=AXIS2_PLACEMENT_3D ( 'NONE', #979, #93, #18 );
#1768=FACE_OUTER_BOUND ( 'NONE', #1071, .T. );
#1769=FACE_OUTER_BOUND ( 'NONE', #11164, .T. );
#1770=EDGE_LOOP ( 'NONE', ( #9981, #14291, #5441, #5644 ) );
#1771=LINE ( 'NONE', #191, #4410 );
#1772=PLANE ( 'NONE',  #6209 );
#1773=LINE ( 'NONE', #250, #8415 );
#1774=DIRECTION ( 'NONE',  ( 2.168404344971006100E-015, 0.0000000000000000000, 1.000000000000000000 ) );
#1775=LINE ( 'NONE', #65, #8146 );
#1776=ORIENTED_EDGE ( 'NONE', *, *, #4601, .F. );
#1777=CARTESIAN_POINT ( 'NONE',  ( 6.600000000000000500, 0.05000000000000007900, -8.300000000000000700 ) );
#1778=EDGE_CURVE ( 'NONE', #5562, #471, #11182, .T. );
#1779=ORIENTED_EDGE ( 'NONE', *, *, #6399, .T. );
#1780=VERTEX_POINT ( 'NONE', #11664 );
#1781=DIRECTION ( 'NONE',  ( -1.000000000000000000, 0.0000000000000000000, -4.336808689941884400E-015 ) );
#1782=EDGE_CURVE ( 'NONE', #10870, #6000, #994, .T. );
#1783=PLANE ( 'NONE',  #10621 );
#1784=CARTESIAN_POINT ( 'NONE',  ( 5.600000000000000500, 0.05000000000000007900, -2.600000000000001400 ) );
#1785=ADVANCED_FACE ( 'NONE', ( #1508 ), #3884, .F. );
#1786=AXIS2_PLACEMENT_3D ( 'NONE', #314, #128, #711 );
#1787=ORIENTED_EDGE ( 'NONE', *, *, #3969, .T. );
#1788=EDGE_CURVE ( 'NONE', #6418, #5108, #8906, .T. );
#1789=LINE ( 'NONE', #474, #121 );
#1790=ORIENTED_EDGE ( 'NONE', *, *, #12879, .T. );
#1791=FACE_OUTER_BOUND ( 'NONE', #3302, .T. );
#1792=CARTESIAN_POINT ( 'NONE',  ( -5.500000000000006200, 0.0000000000000000000, -1.500000000000002700 ) );
#1793=ORIENTED_EDGE ( 'NONE', *, *, #7795, .F. );
#1794=DIRECTION ( 'NONE',  ( -1.000000000000000000, 0.0000000000000000000, -7.139770381379879400E-036 ) );
#1795=ORIENTED_EDGE ( 'NONE', *, *, #7344, .F. );
#1796=ORIENTED_EDGE ( 'NONE', *, *, #11014, .F. );
#1797=EDGE_CURVE ( 'NONE', #13549, #4164, #12434, .T. );
#1798=CARTESIAN_POINT ( 'NONE',  ( 5.550000000000001600, 0.04999999999999992000, -7.250000000000002700 ) );
#1799=PLANE ( 'NONE',  #12308 );
#1800=FACE_OUTER_BOUND ( 'NONE', #14741, .T. );
#1801=EDGE_CURVE ( 'NONE', #776, #3577, #4770, .T. );
#1802=LINE ( 'NONE', #8782, #22 );
#1803=ADVANCED_FACE ( 'NONE', ( #1275 ), #5184, .F. );
#1804=ORIENTED_EDGE ( 'NONE', *, *, #9006, .F. );
#1805=DIRECTION ( 'NONE',  ( -1.000000000000000000, 0.0000000000000000000, 4.336808689941611500E-015 ) );
#1806=EDGE_CURVE ( 'NONE', #7202, #12892, #11335, .T. );
#1807=CARTESIAN_POINT ( 'NONE',  ( 4.200000000000001100, 0.04999999999999960700, -4.699999999999997500 ) );
#1808=DIRECTION ( 'NONE',  ( -1.000000000000000000, 0.0000000000000000000, 2.168404344971165500E-015 ) );
#1809=VERTEX_POINT ( 'NONE', #651 );
#1810=DIRECTION ( 'NONE',  ( -0.0000000000000000000, 1.275531967630003800E-016, -1.000000000000000000 ) );
#1811=LINE ( 'NONE', #542, #52 );
#1812=EDGE_CURVE ( 'NONE', #7716, #14350, #2581, .T. );
#1813=ORIENTED_EDGE ( 'NONE', *, *, #1196, .T. );
#1814=ORIENTED_EDGE ( 'NONE', *, *, #9098, .T. );
#1815=DIRECTION ( 'NONE',  ( 1.965912317380352600E-034, 0.0000000000000000000, 1.000000000000000000 ) );
#1816=DIRECTION ( 'NONE',  ( 1.000000000000000000, 7.703719777548943400E-034, -2.710505431213883400E-015 ) );
#1817=DIRECTION ( 'NONE',  ( -1.000000000000000000, -0.0000000000000000000, -5.421010862427707600E-016 ) );
#1818=ORIENTED_EDGE ( 'NONE', *, *, #7665, .F. );
#1819=ORIENTED_EDGE ( 'NONE', *, *, #6171, .T. );
#1820=CARTESIAN_POINT ( 'NONE',  ( 6.299999999999999800, 0.05000000000000005100, -1.500000000000002400 ) );
#1821=ORIENTED_EDGE ( 'NONE', *, *, #10745, .F. );
#1822=LINE ( 'NONE', #3195, #52 );
#1823=LINE ( 'NONE', #884, #52 );
#1824=ORIENTED_EDGE ( 'NONE', *, *, #9667, .F. );
#1825=ADVANCED_FACE ( 'NONE', ( #6429 ), #1381, .T. );
#1826=AXIS2_PLACEMENT_3D ( 'NONE', #3204, #1651, #1483 );
#1827=EDGE_LOOP ( 'NONE', ( #8287, #2803, #7612, #13710 ) );
#1828=CARTESIAN_POINT ( 'NONE',  ( -5.500000000000008000, 0.05000000000000007900, 5.299999999999993600 ) );
#1829=EDGE_CURVE ( 'NONE', #10942, #5108, #12732, .T. );
#1830=CARTESIAN_POINT ( 'NONE',  ( -6.299999999999990100, 0.05000000000000005100, 6.099999999999999600 ) );
#1831=VERTEX_POINT ( 'NONE', #9803 );
#1832=DIRECTION ( 'NONE',  ( 8.131516293641853200E-016, 0.0000000000000000000, -1.000000000000000000 ) );
#1833=ORIENTED_EDGE ( 'NONE', *, *, #840, .T. );
#1834=CARTESIAN_POINT ( 'NONE',  ( -0.4499999999999980100, 0.7500000000000000000, -7.900000000000000400 ) );
#1835=ORIENTED_EDGE ( 'NONE', *, *, #1797, .F. );
#1836=EDGE_CURVE ( 'NONE', #4948, #7956, #4922, .T. );
#1837=ORIENTED_EDGE ( 'NONE', *, *, #3039, .F. );
#1838=LINE ( 'NONE', #12882, #95 );
#1839=LINE ( 'NONE', #5484, #95 );
#1840=VERTEX_POINT ( 'NONE', #7641 );
#1841=VECTOR ( 'NONE', #3073, 1000.000000000000000 );
#1842=CARTESIAN_POINT ( 'NONE',  ( -1.799999999999998700, 0.05000000000000005100, 7.199999999999998400 ) );
#1843=AXIS2_PLACEMENT_3D ( 'NONE', #3299, #9236, #2175 );
#1844=ORIENTED_EDGE ( 'NONE', *, *, #4130, .T. );
#1845=ADVANCED_FACE ( 'NONE', ( #5508 ), #30, .T. );
#1846=DIRECTION ( 'NONE',  ( 1.000000000000000000, 0.0000000000000000000, -7.804049169039133800E-036 ) );
#1847=PLANE ( 'NONE',  #1281 );
#1848=ORIENTED_EDGE ( 'NONE', *, *, #13408, .T. );
#1849=ORIENTED_EDGE ( 'NONE', *, *, #7859, .F. );
#1850=PLANE ( 'NONE',  #14013 );
#1851=AXIS2_PLACEMENT_3D ( 'NONE', #67, #88, #128 );
#1852=CARTESIAN_POINT ( 'NONE',  ( -0.7250000000000004200, 0.05000000000000007900, 5.399999999999998600 ) );
#1853=ORIENTED_EDGE ( 'NONE', *, *, #12867, .T. );
#1854=ORIENTED_EDGE ( 'NONE', *, *, #697, .T. );
#1855=CARTESIAN_POINT ( 'NONE',  ( -6.299999999999951000, 3.388131789017201400E-018, 3.299999999999988300 ) );
#1856=FACE_OUTER_BOUND ( 'NONE', #1256, .T. );
#1857=ORIENTED_EDGE ( 'NONE', *, *, #947, .F. );
#1858=EDGE_CURVE ( 'NONE', #1238, #2742, #12163, .T. );
#1859=PLANE ( 'NONE',  #14642 );
#1860=ORIENTED_EDGE ( 'NONE', *, *, #3263, .T. );
#1861=CARTESIAN_POINT ( 'NONE',  ( -6.299999999999998900, 0.0000000000000000000, 7.299999999999998000 ) );
#1862=ORIENTED_EDGE ( 'NONE', *, *, #1890, .T. );
#1863=ORIENTED_EDGE ( 'NONE', *, *, #6084, .T. );
#1864=CARTESIAN_POINT ( 'NONE',  ( -5.500000000000007100, 0.0000000000000000000, 6.899999999999995000 ) );
#1865=EDGE_CURVE ( 'NONE', #9494, #7324, #3792, .T. );
#1866=FACE_OUTER_BOUND ( 'NONE', #6792, .T. );
#1867=EDGE_CURVE ( 'NONE', #4138, #8724, #8544, .T. );
#1868=MANIFOLD_SOLID_BREP ( 'Pin 49_4', #1674 );
#1869=EDGE_LOOP ( 'NONE', ( #6755, #1317, #7412, #6629 ) );
#1870=ORIENTED_EDGE ( 'NONE', *, *, #9452, .T. );
#1871=ADVANCED_FACE ( 'NONE', ( #4377 ), #9722, .F. );
#1872=CARTESIAN_POINT ( 'NONE',  ( 1.249999999999999800, 0.0000000000000000000, 3.424999999999998500 ) );
#1873=ORIENTED_EDGE ( 'NONE', *, *, #2035, .T. );
#1874=CARTESIAN_POINT ( 'NONE',  ( 6.200000000000002000, 0.04999999999999948200, -3.699999999999998000 ) );
#1875=CARTESIAN_POINT ( 'NONE',  ( 5.599999999999999600, 0.0000000000000000000, 7.999999999999998200 ) );
#1876=VERTEX_POINT ( 'NONE', #1574 );
#1877=ORIENTED_EDGE ( 'NONE', *, *, #10499, .F. );
#1878=EDGE_CURVE ( 'NONE', #12971, #12478, #5894, .T. );
#1879=VERTEX_POINT ( 'NONE', #12361 );
#1880=DIRECTION ( 'NONE',  ( -1.000000000000000000, 0.0000000000000000000, -1.239088197126249600E-014 ) );
#1881=DIRECTION ( 'NONE',  ( 2.312838020447182500E-035, 0.0000000000000000000, -1.000000000000000000 ) );
#1882=EDGE_CURVE ( 'NONE', #4264, #5498, #8180, .T. );
#1883=DIRECTION ( 'NONE',  ( 1.000000000000000000, 0.0000000000000000000, 5.421010862427684900E-016 ) );
#1884=ORIENTED_EDGE ( 'NONE', *, *, #14610, .T. );
#1885=DIRECTION ( 'NONE',  ( -3.717264591378872800E-015, 0.0000000000000000000, 1.000000000000000000 ) );
#1886=AXIS2_PLACEMENT_3D ( 'NONE', #2638, #1651, #2283 );
#1887=LINE ( 'NONE', #651, #1578 );
#1888=ORIENTED_EDGE ( 'NONE', *, *, #13904, .T. );
#1889=DIRECTION ( 'NONE',  ( -1.000000000000000000, 0.0000000000000000000, 5.421010862427601800E-015 ) );
#1890=EDGE_CURVE ( 'NONE', #12823, #2990, #11636, .T. );
#1891=ADVANCED_FACE ( 'NONE', ( #7184 ), #9405, .T. );
#1892=FACE_OUTER_BOUND ( 'NONE', #2723, .T. );
#1893=ORIENTED_EDGE ( 'NONE', *, *, #10875, .F. );
#1894=CARTESIAN_POINT ( 'NONE',  ( -2.700000000000000600, 0.05000000000000005100, 3.424999999999998500 ) );
#1895=EDGE_CURVE ( 'NONE', #10937, #12553, #1736, .T. );
#1896=ORIENTED_EDGE ( 'NONE', *, *, #12684, .T. );
#1897=EDGE_LOOP ( 'NONE', ( #10052, #3553, #13192, #7058 ) );
#1898=STYLED_ITEM ( 'NONE', ( #853 ), #10805 );
#1899=ORIENTED_EDGE ( 'NONE', *, *, #8442, .T. );
#1900=PLANE ( 'NONE',  #1055 );
#1901=VECTOR ( 'NONE', #3625, 1000.000000000000000 );
#1902=ORIENTED_EDGE ( 'NONE', *, *, #621, .F. );
#1903=PLANE ( 'NONE',  #9729 );
#1904=VECTOR ( 'NONE', #797, 1000.000000000000000 );
#1905=ORIENTED_EDGE ( 'NONE', *, *, #9753, .T. );
#1906=EDGE_CURVE ( 'NONE', #7509, #8389, #3978, .T. );
#1907=LINE ( 'NONE', #7327, #2641 );
#1908=CARTESIAN_POINT ( 'NONE',  ( -5.500000000000008000, 0.05000000000000007900, 2.899999999999997200 ) );
#1909=CARTESIAN_POINT ( 'NONE',  ( 6.600000000000000500, 0.7499999999999993300, -2.900000000000001700 ) );
#1910=DIRECTION ( 'NONE',  ( -1.084202172485537000E-015, 0.0000000000000000000, -1.000000000000000000 ) );
#1911=EDGE_CURVE ( 'NONE', #8389, #3315, #13343, .T. );
#1912=FACE_BOUND ( 'NONE', #11734, .T. );
#1913=FACE_OUTER_BOUND ( 'NONE', #6801, .T. );
#1914=ORIENTED_EDGE ( 'NONE', *, *, #12944, .F. );
#1915=ORIENTED_EDGE ( 'NONE', *, *, #11682, .F. );
#1916=AXIS2_PLACEMENT_3D ( 'NONE', #4347, #2754, #12509 );
#1917=ADVANCED_FACE ( 'NONE', ( #14655 ), #7547, .T. );
#1918=DIRECTION ( 'NONE',  ( 1.000000000000000000, 0.0000000000000000000, -4.210554863359549100E-036 ) );
#1919=ORIENTED_EDGE ( 'NONE', *, *, #5631, .F. );
#1920=CARTESIAN_POINT ( 'NONE',  ( 6.299999999999973200, 0.05000000000000007900, 0.5000000000000034400 ) );
#1921=EDGE_CURVE ( 'NONE', #2528, #6114, #4179, .T. );
#1922=AXIS2_PLACEMENT_3D ( 'NONE', #3299, #3251, #5713 );
#1923=ORIENTED_EDGE ( 'NONE', *, *, #4486, .F. );
#1924=CARTESIAN_POINT ( 'NONE',  ( -1.400000000000013200, 0.05000000000000007900, 7.199999999999998400 ) );
#1925=ORIENTED_EDGE ( 'NONE', *, *, #304, .F. );
#1926=CARTESIAN_POINT ( 'NONE',  ( -5.974999999999999600, 0.8000000000000000400, 7.680000000000000600 ) );
#1927=CARTESIAN_POINT ( 'NONE',  ( -6.299999999999951000, 0.05000000000000007900, 5.299999999999993600 ) );
#1928=ORIENTED_EDGE ( 'NONE', *, *, #9588, .T. );
#1929=EDGE_CURVE ( 'NONE', #1030, #7001, #5149, .T. );
#1930=CIRCLE ( 'NONE', #13041, 0.2500000000000002200 );
#1931=ORIENTED_EDGE ( 'NONE', *, *, #7900, .F. );
#1932=DIRECTION ( 'NONE',  ( -2.168404344971107100E-015, 0.0000000000000000000, 1.000000000000000000 ) );
#1933=LINE ( 'NONE', #3508, #1244 );
#1934=VERTEX_POINT ( 'NONE', #1481 );
#1935=( GEOMETRIC_REPRESENTATION_CONTEXT ( 3 ) GLOBAL_UNCERTAINTY_ASSIGNED_CONTEXT ( ( #221 ) ) GLOBAL_UNIT_ASSIGNED_CONTEXT ( ( #324, #94, #251 ) ) REPRESENTATION_CONTEXT ( 'NONE', 'WORKASPACE' ) );
#1936=ORIENTED_EDGE ( 'NONE', *, *, #4584, .T. );
#1937=ORIENTED_EDGE ( 'NONE', *, *, #12330, .T. );
#1938=DIRECTION ( 'NONE',  ( -2.312838020447182500E-035, 0.0000000000000000000, 1.000000000000000000 ) );
#1939=ADVANCED_FACE ( 'NONE', ( #3404 ), #8870, .T. );
#1940=EDGE_CURVE ( 'NONE', #7307, #9872, #11784, .T. );
#1941=DIRECTION ( 'NONE',  ( 1.000000000000000000, 1.232595164407830900E-032, 5.421010862427906700E-016 ) );
#1942=LINE ( 'NONE', #1481, #119 );
#1943=ORIENTED_EDGE ( 'NONE', *, *, #3218, .T. );
#1944=CARTESIAN_POINT ( 'NONE',  ( -0.4499999999999980100, 9.757819552369539900E-016, -7.900000000000000400 ) );
#1945=EDGE_CURVE ( 'NONE', #12539, #7454, #2763, .T. );
#1946=ORIENTED_EDGE ( 'NONE', *, *, #7588, .F. );
#1947=AXIS2_PLACEMENT_3D ( 'NONE', #3301, #2668, #4885 );
#1948=LINE ( 'NONE', #7406, #3389 );
#1949=ORIENTED_EDGE ( 'NONE', *, *, #14691, .F. );
#1950=CARTESIAN_POINT ( 'NONE',  ( 5.500000000000029300, 0.05000000000000005100, -0.7000000000000000700 ) );
#1951=ORIENTED_EDGE ( 'NONE', *, *, #3363, .F. );
#1952=ORIENTED_EDGE ( 'NONE', *, *, #4411, .F. );
#1953=CARTESIAN_POINT ( 'NONE',  ( 1.000000000000000900, 0.05000000000000005100, -2.600000000000001400 ) );
#1954=CARTESIAN_POINT ( 'NONE',  ( 6.200000000000002000, 4.573977915173221800E-016, -3.699999999999998000 ) );
#1955=ORIENTED_EDGE ( 'NONE', *, *, #11105, .F. );
#1956=CARTESIAN_POINT ( 'NONE',  ( 5.500000000000028400, 0.05000000000000005100, 3.299999999999987800 ) );
#1957=CARTESIAN_POINT ( 'NONE',  ( 6.300000000000002500, 0.05000000000000005100, -0.3000000000000014300 ) );
#1958=ORIENTED_EDGE ( 'NONE', *, *, #5996, .F. );
#1959=AXIS2_PLACEMENT_3D ( 'NONE', #5990, #4671, #455 );
#1960=DIRECTION ( 'NONE',  ( 3.717264591378872800E-015, -0.0000000000000000000, -1.000000000000000000 ) );
#1961=LINE ( 'NONE', #761, #124 );
#1962=ADVANCED_FACE ( 'NONE', ( #7876 ), #8961, .F. );
#1963=LINE ( 'NONE', #5634, #52 );
#1964=ORIENTED_EDGE ( 'NONE', *, *, #2788, .F. );
#1965=EDGE_CURVE ( 'NONE', #135, #10456, #4562, .T. );
#1966=LINE ( 'NONE', #5845, #186 );
#1967=CLOSED_SHELL ( 'NONE', ( #11135, #3881, #4186, #6300, #3967, #5168 ) );
#1968=ORIENTED_EDGE ( 'NONE', *, *, #9173, .F. );
#1969=PLANE ( 'NONE',  #14694 );
#1970=VERTEX_POINT ( 'NONE', #1830 );
#1971=CARTESIAN_POINT ( 'NONE',  ( -0.7250000000000004200, 0.05000000000000005100, 5.399999999999998600 ) );
#1972=CARTESIAN_POINT ( 'NONE',  ( 6.299999999999971400, 0.05000000000000005100, 4.499999999999992000 ) );
#1973=AXIS2_PLACEMENT_3D ( 'NONE', #946, #93, #18 );
#1974=ORIENTED_EDGE ( 'NONE', *, *, #8196, .F. );
#1975=EDGE_CURVE ( 'NONE', #11477, #10355, #2980, .T. );
#1976=CARTESIAN_POINT ( 'NONE',  ( -6.299999999999990100, 0.0000000000000000000, 6.099999999999999600 ) );
#1977=VECTOR ( 'NONE', #665, 1000.000000000000000 );
#1978=LINE ( 'NONE', #672, #7557 );
#1979=ORIENTED_EDGE ( 'NONE', *, *, #11269, .T. );
#1980=ADVANCED_FACE ( 'NONE', ( #13931 ), #1772, .F. );
#1981=VECTOR ( 'NONE', #4022, 1000.000000000000000 );
#1982=CARTESIAN_POINT ( 'NONE',  ( 5.500000000000029300, 3.388131789017201400E-018, 4.499999999999990200 ) );
#1983=VECTOR ( 'NONE', #5476, 1000.000000000000000 );
#1984=ORIENTED_EDGE ( 'NONE', *, *, #7723, .T. );
#1985=ADVANCED_FACE ( 'NONE', ( #1050 ), #8919, .T. );
#1986=AXIS2_PLACEMENT_3D ( 'NONE', #2222, #1162, #1703 );
#1987=EDGE_CURVE ( 'NONE', #3887, #1970, #13487, .T. );
#1988=CARTESIAN_POINT ( 'NONE',  ( -2.600000000000000100, 0.05000000000000007900, 8.000000000000021300 ) );
#1989=ORIENTED_EDGE ( 'NONE', *, *, #9299, .T. );
#1990=EDGE_CURVE ( 'NONE', #7761, #7702, #4161, .T. );
#1991=DIRECTION ( 'NONE',  ( 1.000000000000000000, -0.0000000000000000000, 1.239088197126327700E-014 ) );
#1992=ORIENTED_EDGE ( 'NONE', *, *, #1878, .T. );
#1993=PLANE ( 'NONE',  #126 );
#1994=LINE ( 'NONE', #308, #186 );
#1995=AXIS2_PLACEMENT_3D ( 'NONE', #4106, #93, #18 );
#1996=FACE_OUTER_BOUND ( 'NONE', #11337, .T. );
#1997=VERTEX_POINT ( 'NONE', #5405 );
#1998=LINE ( 'NONE', #7327, #52 );
#1999=EDGE_CURVE ( 'NONE', #11709, #4458, #7863, .T. );
#2000=ORIENTED_EDGE ( 'NONE', *, *, #12279, .F. );
#2001=EDGE_CURVE ( 'NONE', #2507, #6012, #10839, .T. );
#2002=DIRECTION ( 'NONE',  ( 5.907032525955507400E-015, -0.0000000000000000000, 1.000000000000000000 ) );
#2003=ADVANCED_FACE ( 'NONE', ( #8721 ), #7928, .T. );
#2004=DIRECTION ( 'NONE',  ( 5.911569487279513800E-035, 0.0000000000000000000, 1.000000000000000000 ) );
#2005=AXIS2_PLACEMENT_3D ( 'NONE', #3206, #1360, #5485 );
#2006=DIRECTION ( 'NONE',  ( 1.000000000000000000, 0.0000000000000000000, -1.084202172485581500E-015 ) );
#2007=VERTEX_POINT ( 'NONE', #5089 );
#2008=CARTESIAN_POINT ( 'NONE',  ( 1.249999999999999800, 0.05000000000000005100, 3.949999999999998800 ) );
#2009=CARTESIAN_POINT ( 'NONE',  ( -5.500000000000010700, 0.0000000000000000000, 6.499999999999999100 ) );
#2010=FACE_OUTER_BOUND ( 'NONE', #11982, .T. );
#2011=CARTESIAN_POINT ( 'NONE',  ( 6.300000000000002500, 0.05000000000000005100, 5.699999999999998400 ) );
#2012=LINE ( 'NONE', #2734, #429 );
#2013=ORIENTED_EDGE ( 'NONE', *, *, #5488, .F. );
#2014=EDGE_CURVE ( 'NONE', #14221, #12495, #2564, .T. );
#2015=VECTOR ( 'NONE', #280, 1000.000000000000000 );
#2016=CARTESIAN_POINT ( 'NONE',  ( -4.199999999999997500, 0.05000000000000005100, 7.199999999999998400 ) );
#2017=CARTESIAN_POINT ( 'NONE',  ( 2.200000000000001500, 9.757819552369539900E-016, -7.900000000000000400 ) );
#2018=EDGE_CURVE ( 'NONE', #787, #3540, #1257, .T. );
#2019=FACE_OUTER_BOUND ( 'NONE', #6549, .T. );
#2020=VERTEX_POINT ( 'NONE', #1954 );
#2021=ORIENTED_EDGE ( 'NONE', *, *, #7657, .T. );
#2022=EDGE_CURVE ( 'NONE', #7850, #5906, #10219, .T. );
#2023=ADVANCED_FACE ( 'NONE', ( #8376 ), #2874, .F. );
#2024=CARTESIAN_POINT ( 'NONE',  ( -3.399999999999999500, 0.05000000000000005100, 8.000000000000021300 ) );
#2025=ORIENTED_EDGE ( 'NONE', *, *, #2229, .F. );
#2026=PLANE ( 'NONE',  #14750 );
#2027=ORIENTED_EDGE ( 'NONE', *, *, #13176, .T. );
#2028=VECTOR ( 'NONE', #6883, 1000.000000000000000 );
#2029=ORIENTED_EDGE ( 'NONE', *, *, #11970, .F. );
#2030=LINE ( 'NONE', #8873, #22 );
#2031=CARTESIAN_POINT ( 'NONE',  ( 2.700000000000000200, 0.0000000000000000000, 3.424999999999998500 ) );
#2032=LINE ( 'NONE', #1954, #4901 );
#2033=APPLICATION_CONTEXT ( 'automotive_design' );
#2034=VERTEX_POINT ( 'NONE', #685 );
#2035=EDGE_CURVE ( 'NONE', #12225, #10172, #4757, .T. );
#2036=VERTEX_POINT ( 'NONE', #9294 );
#2037=ORIENTED_EDGE ( 'NONE', *, *, #9229, .T. );
#2038=CARTESIAN_POINT ( 'NONE',  ( 5.550000000000000700, 0.7999999999999994900, -3.699999999999997500 ) );
#2039=VERTEX_POINT ( 'NONE', #2531 );
#2040=CARTESIAN_POINT ( 'NONE',  ( -6.299999999999951000, 0.05000000000000007900, 3.299999999999988300 ) );
#2041=EDGE_CURVE ( 'NONE', #5543, #7979, #8532, .T. );
#2042=ORIENTED_EDGE ( 'NONE', *, *, #14310, .F. );
#2043=LINE ( 'NONE', #2985, #2134 );
#2044=LINE ( 'NONE', #5886, #8411 );
#2045=LINE ( 'NONE', #4913, #52 );
#2046=ORIENTED_EDGE ( 'NONE', *, *, #10674, .T. );
#2047=LINE ( 'NONE', #5196, #1119 );
#2048=DIRECTION ( 'NONE',  ( 1.000000000000000000, 0.0000000000000000000, 2.168404344971107100E-015 ) );
#2049=EDGE_CURVE ( 'NONE', #14406, #8416, #13032, .T. );
#2050=ADVANCED_FACE ( 'NONE', ( #1490 ), #4484, .T. );
#2051=AXIS2_PLACEMENT_3D ( 'NONE', #605, #93, #18 );
#2052=DIRECTION ( 'NONE',  ( -4.336808689941884400E-015, 7.703719777548943400E-034, -1.000000000000000000 ) );
#2053=VERTEX_POINT ( 'NONE', #5377 );
#2054=DIRECTION ( 'NONE',  ( -1.386294004633885700E-035, 0.0000000000000000000, -1.000000000000000000 ) );
#2055=VERTEX_POINT ( 'NONE', #475 );
#2056=ORIENTED_EDGE ( 'NONE', *, *, #14681, .F. );
#2057=VERTEX_POINT ( 'NONE', #1894 );
#2058=VECTOR ( 'NONE', #5295, 1000.000000000000000 );
#2059=PLANE ( 'NONE',  #11604 );
#2060=AXIS2_PLACEMENT_3D ( 'NONE', #2108, #5587, #487 );
#2061=VECTOR ( 'NONE', #4094, 1000.000000000000000 );
#2062=ORIENTED_EDGE ( 'NONE', *, *, #10357, .F. );
#2063=PLANE ( 'NONE',  #1480 );
#2064=FACE_OUTER_BOUND ( 'NONE', #2236, .T. );
#2065=CARTESIAN_POINT ( 'NONE',  ( -6.299999999999995400, 0.05000000000000005100, 6.899999999999998600 ) );
#2066=DIRECTION ( 'NONE',  ( 1.000000000000000000, 0.0000000000000000000, 1.355252715606909400E-016 ) );
#2067=EDGE_CURVE ( 'NONE', #8867, #1602, #5494, .T. );
#2068=CARTESIAN_POINT ( 'NONE',  ( 6.299999999999972300, 0.05000000000000007900, 0.9000000000000053500 ) );
#2069=CARTESIAN_POINT ( 'NONE',  ( -5.500000000000007100, 0.05000000000000005100, 1.700000000000005500 ) );
#2070=ADVANCED_FACE ( 'NONE', ( #12889 ), #10352, .T. );
#2071=CARTESIAN_POINT ( 'NONE',  ( 1.800000000000004700, 0.05000000000000005100, -2.600000000000024100 ) );
#2072=EDGE_LOOP ( 'NONE', ( #11971, #11313, #3638, #14645 ) );
#2073=CARTESIAN_POINT ( 'NONE',  ( -4.599999999999991700, 0.05000000000000007900, 7.199999999999995700 ) );
#2074=ADVANCED_FACE ( 'NONE', ( #13785 ), #11229, .T. );
#2075=CARTESIAN_POINT ( 'NONE',  ( -1.250000000000000200, 0.05000000000000005100, -1.734723475976807100E-015 ) );
#2076=ORIENTED_EDGE ( 'NONE', *, *, #4112, .F. );
#2077=VERTEX_POINT ( 'NONE', #3333 );
#2078=DIRECTION ( 'NONE',  ( 1.000000000000000000, -0.0000000000000000000, -1.927470528863118600E-015 ) );
#2079=ORIENTED_EDGE ( 'NONE', *, *, #9226, .T. );
#2080=EDGE_CURVE ( 'NONE', #3166, #5863, #7521, .T. );
#2081=ORIENTED_EDGE ( 'NONE', *, *, #9101, .F. );
#2082=ORIENTED_EDGE ( 'NONE', *, *, #3640, .T. );
#2083=ORIENTED_EDGE ( 'NONE', *, *, #12540, .T. );
#2084=FACE_OUTER_BOUND ( 'NONE', #9893, .T. );
#2085=VERTEX_POINT ( 'NONE', #417 );
#2086=LINE ( 'NONE', #2497, #10926 );
#2087=LINE ( 'NONE', #2141, #22 );
#2088=VERTEX_POINT ( 'NONE', #4426 );
#2089=CARTESIAN_POINT ( 'NONE',  ( -2.700000000000000600, 0.05000000000000007900, 5.399999999999998600 ) );
#2090=DIRECTION ( 'NONE',  ( -1.000000000000000000, -1.232595164407830900E-032, -5.421010862427908700E-016 ) );
#2091=AXIS2_PLACEMENT_3D ( 'NONE', #2572, #12932, #163 );
#2092=CARTESIAN_POINT ( 'NONE',  ( 6.300000000000002500, 0.0000000000000000000, 5.699999999999998400 ) );
#2093=VERTEX_POINT ( 'NONE', #13315 );
#2094=ADVANCED_FACE ( 'NONE', ( #1718 ), #4171, .F. );
#2095=EDGE_CURVE ( 'NONE', #856, #14406, #5131, .T. );
#2096=ORIENTED_EDGE ( 'NONE', *, *, #5462, .F. );
#2097=ORIENTED_EDGE ( 'NONE', *, *, #9667, .T. );
#2098=LINE ( 'NONE', #4814, #144 );
#2099=PLANE ( 'NONE',  #1959 );
#2100=AXIS2_PLACEMENT_3D ( 'NONE', #474, #23, #128 );
#2101=FACE_OUTER_BOUND ( 'NONE', #7246, .T. );
#2102=CARTESIAN_POINT ( 'NONE',  ( -1.250000000000000200, 0.05000000000000007900, 1.449999999999998200 ) );
#2103=LINE ( 'NONE', #1365, #52 );
#2104=VERTEX_POINT ( 'NONE', #12016 );
#2105=ORIENTED_EDGE ( 'NONE', *, *, #8460, .T. );
#2106=EDGE_CURVE ( 'NONE', #8568, #10606, #7360, .T. );
#2107=ORIENTED_EDGE ( 'NONE', *, *, #7859, .T. );
#2108=CARTESIAN_POINT ( 'NONE',  ( -6.300000000000027400, 0.05000000000000005100, 7.999999999999976000 ) );
#2109=CARTESIAN_POINT ( 'NONE',  ( -5.000000000000024900, 0.0000000000000000000, -1.799999999999895500 ) );
#2110=CARTESIAN_POINT ( 'NONE',  ( -1.799999999999999600, 0.05000000000000005100, -1.800000000000001400 ) );
#2111=ORIENTED_EDGE ( 'NONE', *, *, #8176, .F. );
#2112=ADVANCED_FACE ( 'NONE', ( #4361 ), #6158, .T. );
#2113=ORIENTED_EDGE ( 'NONE', *, *, #5418, .F. );
#2114=FACE_OUTER_BOUND ( 'NONE', #11743, .T. );
#2115=CARTESIAN_POINT ( 'NONE',  ( -2.999999999999986200, 0.05000000000000007900, -1.799999999999999600 ) );
#2116=DIRECTION ( 'NONE',  ( 1.000000000000000000, -0.0000000000000000000, 0.0000000000000000000 ) );
#2117=FACE_OUTER_BOUND ( 'NONE', #4730, .T. );
#2118=EDGE_CURVE ( 'NONE', #13445, #13644, #10678, .T. );
#2119=FACE_OUTER_BOUND ( 'NONE', #9433, .T. );
#2120=ORIENTED_EDGE ( 'NONE', *, *, #6522, .T. );
#2121=EDGE_CURVE ( 'NONE', #8144, #7423, #14501, .T. );
#2122=ORIENTED_EDGE ( 'NONE', *, *, #1391, .F. );
#2123=PLANE ( 'NONE',  #6287 );
#2124=SURFACE_STYLE_USAGE ( .BOTH. , #4869 );
#2125=ORIENTED_EDGE ( 'NONE', *, *, #1806, .F. );
#2126=CARTESIAN_POINT ( 'NONE',  ( -3.399999999999998600, 0.05000000000000007900, -1.800000000000001400 ) );
#2127=CARTESIAN_POINT ( 'NONE',  ( -1.799999999999997800, 0.05000000000000000300, -7.900000000000000400 ) );
#2128=CARTESIAN_POINT ( 'NONE',  ( 5.824999999999999300, 2.300000000000006900, 7.680000000000000600 ) );
#2129=ORIENTED_EDGE ( 'NONE', *, *, #7646, .F. );
#2130=CARTESIAN_POINT ( 'NONE',  ( -1.400000000000013200, 0.05000000000000007900, 8.000000000000000000 ) );
#2131=EDGE_CURVE ( 'NONE', #7337, #11090, #11481, .T. );
#2132=ORIENTED_EDGE ( 'NONE', *, *, #1929, .F. );
#2133=AXIS2_PLACEMENT_3D ( 'NONE', #5061, #14616, #8625 );
#2134=VECTOR ( 'NONE', #1092, 1000.000000000000000 );
#2135=EDGE_LOOP ( 'NONE', ( #8010, #8496, #7348, #1931 ) );
#2136=VECTOR ( 'NONE', #7073, 1000.000000000000000 );
#2137=CARTESIAN_POINT ( 'NONE',  ( -4.449999999999997500, 0.7999999999999999300, -7.250000000000000900 ) );
#2138=AXIS2_PLACEMENT_3D ( 'NONE', #662, #4733, #5938 );
#2139=FACE_BOUND ( 'NONE', #8027, .T. );
#2140=LINE ( 'NONE', #9673, #4738 );
#2141=CARTESIAN_POINT ( 'NONE',  ( 1.249999999999999800, 0.05000000000000005100, 1.974999999999998500 ) );
#2142=ORIENTED_EDGE ( 'NONE', *, *, #4383, .T. );
#2143=ORIENTED_EDGE ( 'NONE', *, *, #14244, .T. );
#2144=ADVANCED_FACE ( 'NONE', ( #2373 ), #8385, .F. );
#2145=ORIENTED_EDGE ( 'NONE', *, *, #14055, .F. );
#2146=EDGE_CURVE ( 'NONE', #12256, #4283, #9562, .T. );
#2147=DIRECTION ( 'NONE',  ( 1.000000000000000000, 0.0000000000000000000, -2.981555974335236200E-015 ) );
#2148=FACE_OUTER_BOUND ( 'NONE', #243, .T. );
#2149=DIRECTION ( 'NONE',  ( 1.000000000000000000, 0.0000000000000000000, 1.084202172485581700E-015 ) );
#2150=EDGE_CURVE ( 'NONE', #12261, #11723, #8037, .T. );
#2151=ORIENTED_EDGE ( 'NONE', *, *, #7606, .T. );
#2152=CARTESIAN_POINT ( 'NONE',  ( -5.974999999999999600, 2.300000000000006900, -2.119999999999998800 ) );
#2153=ORIENTED_EDGE ( 'NONE', *, *, #7403, .F. );
#2154=EDGE_CURVE ( 'NONE', #13035, #10288, #8879, .T. );
#2155=CARTESIAN_POINT ( 'NONE',  ( 4.999999999999969800, -3.388131789017201400E-018, 7.199999999999998400 ) );
#2156=ORIENTED_EDGE ( 'NONE', *, *, #9296, .F. );
#2157=LINE ( 'NONE', #9489, #11044 );
#2158=VERTEX_POINT ( 'NONE', #5954 );
#2159=EDGE_LOOP ( 'NONE', ( #2815, #7678, #9970, #12998 ) );
#2160=LINE ( 'NONE', #3333, #52 );
#2161=ORIENTED_EDGE ( 'NONE', *, *, #12648, .T. );
#2162=EDGE_CURVE ( 'NONE', #5079, #9697, #3773, .T. );
#2163=CARTESIAN_POINT ( 'NONE',  ( 3.799999999999989200, 0.05000000000000005100, -2.600000000000024100 ) );
#2164=ADVANCED_FACE ( 'NONE', ( #4956 ), #11139, .T. );
#2165=VERTEX_POINT ( 'NONE', #2429 );
#2166=ADVANCED_FACE ( 'NONE', ( #12260 ), #12425, .T. );
#2167=DIRECTION ( 'NONE',  ( -1.000000000000000000, 0.0000000000000000000, -2.168404344971006500E-015 ) );
#2168=LINE ( 'NONE', #2313, #3613 );
#2169=CARTESIAN_POINT ( 'NONE',  ( 6.299999999999992700, 0.05000000000000005100, 2.899999999999999000 ) );
#2170=ORIENTED_EDGE ( 'NONE', *, *, #1322, .F. );
#2171=DIRECTION ( 'NONE',  ( -3.221629312528228100E-014, 0.0000000000000000000, 1.000000000000000000 ) );
#2172=AXIS2_PLACEMENT_3D ( 'NONE', #67, #778, #6764 );
#2173=VECTOR ( 'NONE', #3497, 1000.000000000000000 );
#2174=ORIENTED_EDGE ( 'NONE', *, *, #2862, .F. );
#2175=DIRECTION ( 'NONE',  ( 1.239088197126327700E-014, 0.0000000000000000000, -1.000000000000000000 ) );
#2176=ORIENTED_EDGE ( 'NONE', *, *, #5824, .T. );
#2177=EDGE_LOOP ( 'NONE', ( #2805, #585, #9738, #222, #7239, #4632, #7537, #8949, #389, #1576, #1717, #5642, #9706, #11783, #5563, #7798, #1683, #10086, #10709, #2882, #3599, #6915, #3345, #12127, #4727, #8405, #3980, #5685 ) );
#2178=ORIENTED_EDGE ( 'NONE', *, *, #2699, .F. );
#2179=EDGE_CURVE ( 'NONE', #9039, #9731, #6243, .T. );
#2180=ORIENTED_EDGE ( 'NONE', *, *, #8196, .T. );
#2181=CARTESIAN_POINT ( 'NONE',  ( 0.6000000000000128600, 0.05000000000000007900, 8.000000000000000000 ) );
#2182=EDGE_CURVE ( 'NONE', #12401, #7490, #3574, .T. );
#2183=ORIENTED_EDGE ( 'NONE', *, *, #10573, .F. );
#2184=ADVANCED_FACE ( 'NONE', ( #4143 ), #11411, .F. );
#2185=ORIENTED_EDGE ( 'NONE', *, *, #7403, .T. );
#2186=CARTESIAN_POINT ( 'NONE',  ( -5.500000000000010700, 0.05000000000000005100, 6.499999999999999100 ) );
#2187=CARTESIAN_POINT ( 'NONE',  ( 3.400000000000003900, 0.05000000000000007900, -2.600000000000024100 ) );
#2188=AXIS2_PLACEMENT_3D ( 'NONE', #3047, #23, #128 );
#2189=DIRECTION ( 'NONE',  ( 5.421010862427908700E-016, 3.081487911019577400E-033, 1.000000000000000000 ) );
#2190=LINE ( 'NONE', #8873, #7177 );
#2191=EDGE_LOOP ( 'NONE', ( #2580, #14301, #5619, #4431 ) );
#2192=DIRECTION ( 'NONE',  ( -6.538237987644699400E-035, 0.0000000000000000000, 1.000000000000000000 ) );
#2193=CARTESIAN_POINT ( 'NONE',  ( -0.6000000000000128600, 0.0000000000000000000, 8.000000000000000000 ) );
#2194=DIRECTION ( 'NONE',  ( -1.000000000000000000, 0.0000000000000000000, 1.084202172485581700E-015 ) );
#2195=VERTEX_POINT ( 'NONE', #7549 );
#2196=CARTESIAN_POINT ( 'NONE',  ( 6.299999999999992700, 0.05000000000000007900, 2.899999999999999000 ) );
#2197=VERTEX_POINT ( 'NONE', #3415 );
#2198=PLANE ( 'NONE',  #11235 );
#2199=EDGE_CURVE ( 'NONE', #11709, #9155, #14644, .T. );
#2200=ADVANCED_FACE ( 'NONE', ( #12422 ), #998, .T. );
#2201=LINE ( 'NONE', #9258, #52 );
#2202=LINE ( 'NONE', #1520, #1311 );
#2203=ORIENTED_EDGE ( 'NONE', *, *, #8187, .F. );
#2204=PLANE ( 'NONE',  #12082 );
#2205=LINE ( 'NONE', #5534, #186 );
#2206=DIRECTION ( 'NONE',  ( 1.000000000000000000, -0.0000000000000000000, 9.974659986866919700E-014 ) );
#2207=CARTESIAN_POINT ( 'NONE',  ( -5.500000000000008000, 0.0000000000000000000, 2.899999999999997200 ) );
#2208=LINE ( 'NONE', #1236, #22 );
#2209=VERTEX_POINT ( 'NONE', #803 );
#2210=ORIENTED_EDGE ( 'NONE', *, *, #11974, .F. );
#2211=AXIS2_PLACEMENT_3D ( 'NONE', #1338, #8293, #9391 );
#2212=EDGE_CURVE ( 'NONE', #6847, #10246, #6229, .T. );
#2213=DIRECTION ( 'NONE',  ( -3.093242937352156400E-035, 0.0000000000000000000, 1.000000000000000000 ) );
#2214=PLANE ( 'NONE',  #14112 );
#2215=VERTEX_POINT ( 'NONE', #4008 );
#2216=CARTESIAN_POINT ( 'NONE',  ( -5.974999999999999600, 0.8000000000000056000, 7.530000000000000200 ) );
#2217=LINE ( 'NONE', #2835, #7032 );
#2218=LINE ( 'NONE', #3256, #7913 );
#2219=AXIS2_PLACEMENT_3D ( 'NONE', #2065, #8564, #2458 );
#2220=VECTOR ( 'NONE', #7126, 1000.000000000000000 );
#2221=LINE ( 'NONE', #5112, #119 );
#2222=CARTESIAN_POINT ( 'NONE',  ( 0.0000000000000000000, -3.388131789017201400E-018, 0.0000000000000000000 ) );
#2223=EDGE_LOOP ( 'NONE', ( #684, #458, #7138, #9418 ) );
#2224=LINE ( 'NONE', #5683, #6038 );
#2225=DIRECTION ( 'NONE',  ( -0.0000000000000000000, 1.000000000000000000, -0.0000000000000000000 ) );
#2226=VECTOR ( 'NONE', #511, 1000.000000000000000 );
#2227=DIRECTION ( 'NONE',  ( -4.336808689942147900E-015, 0.0000000000000000000, 1.000000000000000000 ) );
#2228=LINE ( 'NONE', #6661, #168 );
#2229=EDGE_CURVE ( 'NONE', #6242, #802, #8024, .T. );
#2230=ORIENTED_EDGE ( 'NONE', *, *, #9130, .F. );
#2231=EDGE_LOOP ( 'NONE', ( #1300, #4449, #12362, #14210 ) );
#2232=LINE ( 'NONE', #4482, #186 );
#2233=AXIS2_PLACEMENT_3D ( 'NONE', #65, #10273, #642 );
#2234=CARTESIAN_POINT ( 'NONE',  ( 4.200000000000000200, 0.05000000000000005100, 7.199999999999998400 ) );
#2235=EDGE_LOOP ( 'NONE', ( #12649, #8363, #13162, #12243 ) );
#2236=EDGE_LOOP ( 'NONE', ( #622, #2272, #6600, #5021 ) );
#2237=EDGE_CURVE ( 'NONE', #11035, #1053, #2543, .T. );
#2238=ORIENTED_EDGE ( 'NONE', *, *, #13152, .F. );
#2239=LINE ( 'NONE', #8520, #52 );
#2240=EDGE_CURVE ( 'NONE', #2601, #2195, #573, .T. );
#2241=DIRECTION ( 'NONE',  ( -5.899716722050216200E-035, 0.0000000000000000000, 1.000000000000000000 ) );
#2242=DIRECTION ( 'NONE',  ( -2.065146995210483500E-016, 1.290716872006552300E-016, -1.000000000000000000 ) );
#2243=AXIS2_PLACEMENT_3D ( 'NONE', #836, #10609, #6214 );
#2244=VERTEX_POINT ( 'NONE', #1125 );
#2245=DIRECTION ( 'NONE',  ( -1.000000000000000000, 0.0000000000000000000, -5.421010862427712500E-016 ) );
#2246=EDGE_LOOP ( 'NONE', ( #1937, #3988, #8872, #14004 ) );
#2247=DIRECTION ( 'NONE',  ( 1.000000000000000000, 0.0000000000000000000, -2.312838020447142600E-035 ) );
#2248=EDGE_LOOP ( 'NONE', ( #8109, #3275, #8069, #1106, #3878, #6742, #14202, #11362, #7938, #1167, #14281, #13506, #71, #7894, #7554, #3337, #2153, #1081, #2767, #8777 ) );
#2249=CARTESIAN_POINT ( 'NONE',  ( 1.800000000000002000, 0.0000000000000000000, 7.199999999999998400 ) );
#2250=CARTESIAN_POINT ( 'NONE',  ( -5.500000000000007100, 0.05000000000000007900, 5.699999999999995700 ) );
#2251=ADVANCED_FACE ( 'NONE', ( #3374 ), #30, .T. );
#2252=CARTESIAN_POINT ( 'NONE',  ( -0.6000000000000128600, 0.05000000000000005100, 8.000000000000000000 ) );
#2253=ORIENTED_EDGE ( 'NONE', *, *, #12242, .T. );
#2254=EDGE_CURVE ( 'NONE', #4458, #4559, #7695, .T. );
#2255=DIRECTION ( 'NONE',  ( 0.0000000000000000000, 1.234776807320388900E-016, -1.000000000000000000 ) );
#2256=EDGE_LOOP ( 'NONE', ( #1604, #6794, #4642, #1860 ) );
#2257=ORIENTED_EDGE ( 'NONE', *, *, #14219, .F. );
#2258=EDGE_CURVE ( 'NONE', #8701, #6017, #9388, .T. );
#2259=VECTOR ( 'NONE', #152, 1000.000000000000000 );
#2260=LINE ( 'NONE', #3379, #22 );
#2261=ORIENTED_EDGE ( 'NONE', *, *, #13061, .F. );
#2262=FACE_OUTER_BOUND ( 'NONE', #14270, .T. );
#2263=ORIENTED_EDGE ( 'NONE', *, *, #640, .T. );
#2264=EDGE_CURVE ( 'NONE', #6870, #493, #9870, .T. );
#2265=ORIENTED_EDGE ( 'NONE', *, *, #10446, .T. );
#2266=CARTESIAN_POINT ( 'NONE',  ( 5.500000000000029300, 0.05000000000000007900, 2.499999999999999100 ) );
#2267=CARTESIAN_POINT ( 'NONE',  ( 0.2000000000000014000, 0.05000000000000005100, -2.600000000000001400 ) );
#2268=CARTESIAN_POINT ( 'NONE',  ( -5.725000000000000500, 2.299999999999999800, 7.429999999999999700 ) );
#2269=DIRECTION ( 'NONE',  ( 6.904628285905605800E-036, 0.0000000000000000000, 1.000000000000000000 ) );
#2270=EDGE_LOOP ( 'NONE', ( #8355, #7030, #655, #13789 ) );
#2271=ORIENTED_EDGE ( 'NONE', *, *, #9499, .T. );
#2272=ORIENTED_EDGE ( 'NONE', *, *, #6473, .F. );
#2273=ADVANCED_FACE ( 'NONE', ( #13773 ), #4171, .T. );
#2274=FACE_OUTER_BOUND ( 'NONE', #10264, .T. );
#2275=EDGE_LOOP ( 'NONE', ( #3582, #4530, #13605, #12238 ) );
#2276=LINE ( 'NONE', #6400, #52 );
#2277=AXIS2_PLACEMENT_3D ( 'NONE', #2969, #6760, #8989 );
#2278=FACE_OUTER_BOUND ( 'NONE', #11737, .T. );
#2279=EDGE_CURVE ( 'NONE', #11132, #14146, #6416, .T. );
#2280=ORIENTED_EDGE ( 'NONE', *, *, #7479, .F. );
#2281=CARTESIAN_POINT ( 'NONE',  ( -2.449999999999998000, 0.05000000000000000300, -7.900000000000000400 ) );
#2282=EDGE_CURVE ( 'NONE', #2408, #14286, #8708, .T. );
#2283=DIRECTION ( 'NONE',  ( -2.168404344970947300E-015, 0.0000000000000000000, 1.000000000000000000 ) );
#2284=VERTEX_POINT ( 'NONE', #9839 );
#2285=CARTESIAN_POINT ( 'NONE',  ( -3.399999999999999500, 0.0000000000000000000, 8.000000000000021300 ) );
#2286=FACE_OUTER_BOUND ( 'NONE', #12249, .T. );
#2287=VERTEX_POINT ( 'NONE', #1593 );
#2288=EDGE_CURVE ( 'NONE', #11295, #7535, #10828, .T. );
#2289=ORIENTED_EDGE ( 'NONE', *, *, #1895, .F. );
#2290=LINE ( 'NONE', #895, #1411 );
#2291=VERTEX_POINT ( 'NONE', #1567 );
#2292=LINE ( 'NONE', #12542, #95 );
#2293=PLANE ( 'NONE',  #8337 );
#2294=DIRECTION ( 'NONE',  ( -5.421010862427712500E-016, 0.0000000000000000000, 1.000000000000000000 ) );
#2295=ADVANCED_FACE ( 'NONE', ( #3173 ), #9779, .T. );
#2296=LINE ( 'NONE', #2281, #186 );
#2297=PLANE ( 'NONE',  #7662 );
#2298=ORIENTED_EDGE ( 'NONE', *, *, #12117, .F. );
#2299=DIRECTION ( 'NONE',  ( 5.911569487279503100E-035, 0.0000000000000000000, 1.000000000000000000 ) );
#2300=EDGE_LOOP ( 'NONE', ( #3330, #3953, #12354, #9720 ) );
#2301=VERTEX_POINT ( 'NONE', #1349 );
#2302=ORIENTED_EDGE ( 'NONE', *, *, #6816, .T. );
#2303=AXIS2_PLACEMENT_3D ( 'NONE', #6593, #11729, #8833 );
#2304=ORIENTED_EDGE ( 'NONE', *, *, #1500, .T. );
#2305=LINE ( 'NONE', #2687, #52 );
#2306=PLANE ( 'NONE',  #11348 );
#2307=ORIENTED_EDGE ( 'NONE', *, *, #11792, .F. );
#2308=ORIENTED_EDGE ( 'NONE', *, *, #13209, .T. );
#2309=VECTOR ( 'NONE', #3200, 1000.000000000000000 );
#2310=ORIENTED_EDGE ( 'NONE', *, *, #14179, .F. );
#2311=FACE_OUTER_BOUND ( 'NONE', #7316, .T. );
#2312=CARTESIAN_POINT ( 'NONE',  ( -4.474999999999999600, 2.549999999999999800, 6.049999999999999800 ) );
#2313=CARTESIAN_POINT ( 'NONE',  ( -4.999999999999947600, 0.0000000000000000000, 7.199999999999927300 ) );
#2314=ORIENTED_EDGE ( 'NONE', *, *, #2724, .T. );
#2315=DIRECTION ( 'NONE',  ( 1.000000000000000000, 0.0000000000000000000, 6.424901762877060500E-016 ) );
#2316=EDGE_LOOP ( 'NONE', ( #1717, #13524, #11438, #13403 ) );
#2317=( GEOMETRIC_REPRESENTATION_CONTEXT ( 3 ) GLOBAL_UNCERTAINTY_ASSIGNED_CONTEXT ( ( #221 ) ) GLOBAL_UNIT_ASSIGNED_CONTEXT ( ( #324, #94, #251 ) ) REPRESENTATION_CONTEXT ( 'NONE', 'WORKASPACE' ) );
#2318=VERTEX_POINT ( 'NONE', #687 );
#2319=DIRECTION ( 'NONE',  ( 6.538237987644699400E-035, 0.0000000000000000000, 1.000000000000000000 ) );
#2320=ORIENTED_EDGE ( 'NONE', *, *, #7268, .F. );
#2321=ORIENTED_EDGE ( 'NONE', *, *, #3921, .T. );
#2322=ORIENTED_EDGE ( 'NONE', *, *, #13252, .T. );
#2323=LINE ( 'NONE', #1534, #124 );
#2324=CARTESIAN_POINT ( 'NONE',  ( 6.299999999999971400, 0.05000000000000007900, 2.100000000000008500 ) );
#2325=DIRECTION ( 'NONE',  ( 3.252606517456617800E-015, 0.0000000000000000000, -1.000000000000000000 ) );
#2326=CARTESIAN_POINT ( 'NONE',  ( 4.200000000000000200, 0.7999999999999996000, -4.699999999999997500 ) );
#2327=AXIS2_PLACEMENT_3D ( 'NONE', #2281, #2255, #2955 );
#2328=VERTEX_POINT ( 'NONE', #1074 );
#2329=DIRECTION ( 'NONE',  ( 1.000000000000000000, 0.0000000000000000000, -2.168404344971006500E-015 ) );
#2330=ORIENTED_EDGE ( 'NONE', *, *, #7275, .T. );
#2331=ORIENTED_EDGE ( 'NONE', *, *, #8488, .T. );
#2332=EDGE_CURVE ( 'NONE', #14139, #3542, #53, .T. );
#2333=VERTEX_POINT ( 'NONE', #467 );
#2334=CARTESIAN_POINT ( 'NONE',  ( 0.6000000000000128600, 0.0000000000000000000, 8.000000000000000000 ) );
#2335=CARTESIAN_POINT ( 'NONE',  ( 1.249999999999999800, 0.0000000000000000000, 3.949999999999998800 ) );
#2336=ORIENTED_EDGE ( 'NONE', *, *, #1867, .F. );
#2337=ADVANCED_FACE ( 'NONE', ( #11468 ), #1850, .F. );
#2338=VERTEX_POINT ( 'NONE', #966 );
#2339=LINE ( 'NONE', #1054, #22 );
#2340=EDGE_CURVE ( 'NONE', #11351, #9680, #6054, .T. );
#2341=EDGE_CURVE ( 'NONE', #7879, #10626, #8862, .T. );
#2342=EDGE_LOOP ( 'NONE', ( #6218, #13107, #11525, #11910 ) );
#2343=ORIENTED_EDGE ( 'NONE', *, *, #667, .F. );
#2344=ORIENTED_EDGE ( 'NONE', *, *, #11272, .F. );
#2345=DIRECTION ( 'NONE',  ( 1.000000000000000000, -0.0000000000000000000, 2.973811673103064200E-014 ) );
#2346=VERTEX_POINT ( 'NONE', #6743 );
#2347=EDGE_LOOP ( 'NONE', ( #13561, #2096, #13859, #9181 ) );
#2348=VECTOR ( 'NONE', #6741, 1000.000000000000000 );
#2349=VERTEX_POINT ( 'NONE', #1924 );
#2350=ORIENTED_EDGE ( 'NONE', *, *, #13738, .F. );
#2351=EDGE_CURVE ( 'NONE', #2085, #7064, #1034, .T. );
#2352=DIRECTION ( 'NONE',  ( 1.000000000000000000, 0.0000000000000000000, 1.713039432527286100E-013 ) );
#2353=EDGE_CURVE ( 'NONE', #9219, #2615, #13175, .T. );
#2354=ORIENTED_EDGE ( 'NONE', *, *, #14305, .T. );
#2355=ADVANCED_FACE ( 'NONE', ( #3964 ), #11065, .F. );
#2356=LINE ( 'NONE', #6547, #52 );
#2357=CARTESIAN_POINT ( 'NONE',  ( 6.299999999999971400, 0.05000000000000005100, 4.099999999999990800 ) );
#2358=ORIENTED_EDGE ( 'NONE', *, *, #10195, .F. );
#2359=FACE_OUTER_BOUND ( 'NONE', #14703, .T. );
#2360=ORIENTED_EDGE ( 'NONE', *, *, #5338, .T. );
#2361=CARTESIAN_POINT ( 'NONE',  ( -6.599999999999997000, 0.7500000000000000000, -8.300000000000000700 ) );
#2362=( GEOMETRIC_REPRESENTATION_CONTEXT ( 3 ) GLOBAL_UNCERTAINTY_ASSIGNED_CONTEXT ( ( #221 ) ) GLOBAL_UNIT_ASSIGNED_CONTEXT ( ( #324, #94, #251 ) ) REPRESENTATION_CONTEXT ( 'NONE', 'WORKASPACE' ) );
#2363=DIRECTION ( 'NONE',  ( 1.000000000000000000, -0.0000000000000000000, 1.084202172485537000E-015 ) );
#2364=VERTEX_POINT ( 'NONE', #2795 );
#2365=EDGE_CURVE ( 'NONE', #5403, #11540, #6599, .T. );
#2366=AXIS2_PLACEMENT_3D ( 'NONE', #1365, #23, #128 );
#2367=AXIS2_PLACEMENT_3D ( 'NONE', #767, #93, #18 );
#2368=CARTESIAN_POINT ( 'NONE',  ( -2.599999999999999200, 0.05000000000000005100, -1.800000000000001400 ) );
#2369=ORIENTED_EDGE ( 'NONE', *, *, #8771, .F. );
#2370=PRESENTATION_LAYER_ASSIGNMENT (  '', '', ( #7577 ) );
#2371=ORIENTED_EDGE ( 'NONE', *, *, #6976, .T. );
#2372=ORIENTED_EDGE ( 'NONE', *, *, #901, .F. );
#2373=FACE_OUTER_BOUND ( 'NONE', #9688, .T. );
#2374=ORIENTED_EDGE ( 'NONE', *, *, #4156, .T. );
#2375=FACE_OUTER_BOUND ( 'NONE', #9049, .T. );
#2376=ORIENTED_EDGE ( 'NONE', *, *, #5739, .T. );
#2377=ADVANCED_FACE ( 'NONE', ( #5670 ), #7944, .F. );
#2378=EDGE_CURVE ( 'NONE', #3110, #10657, #8361, .T. );
#2379=EDGE_LOOP ( 'NONE', ( #8646, #2344, #13713, #9819 ) );
#2380=DIRECTION ( 'NONE',  ( -1.000000000000000000, 1.540743955509789000E-033, 5.204170427930589200E-014 ) );
#2381=CARTESIAN_POINT ( 'NONE',  ( -6.299999999999990100, 0.05000000000000007900, 2.499999999999997800 ) );
#2382=EDGE_CURVE ( 'NONE', #1876, #1195, #4545, .T. );
#2383=DIRECTION ( 'NONE',  ( 1.350811269538701900E-033, 0.0000000000000000000, -1.000000000000000000 ) );
#2384=AXIS2_PLACEMENT_3D ( 'NONE', #4620, #1651, #2283 );
#2385=DIRECTION ( 'NONE',  ( -1.000000000000000000, 0.0000000000000000000, 5.899716722050216200E-035 ) );
#2386=EDGE_CURVE ( 'NONE', #5941, #2927, #9205, .T. );
#2387=FACE_OUTER_BOUND ( 'NONE', #11261, .T. );
#2388=AXIS2_PLACEMENT_3D ( 'NONE', #903, #7762, #8855 );
#2389=LINE ( 'NONE', #10868, #4389 );
#2390=ORIENTED_EDGE ( 'NONE', *, *, #11679, .T. );
#2391=LINE ( 'NONE', #782, #52 );
#2392=DIRECTION ( 'NONE',  ( -4.710806231688491300E-035, 0.0000000000000000000, 1.000000000000000000 ) );
#2393=LINE ( 'NONE', #2127, #1541 );
#2394=ORIENTED_EDGE ( 'NONE', *, *, #2341, .F. );
#2395=ORIENTED_EDGE ( 'NONE', *, *, #10835, .F. );
#2396=CARTESIAN_POINT ( 'NONE',  ( 5.000000000000050600, 0.0000000000000000000, -2.599999999999979200 ) );
#2397=ORIENTED_EDGE ( 'NONE', *, *, #6202, .F. );
#2398=ADVANCED_FACE ( 'NONE', ( #12872 ), #1727, .T. );
#2399=ORIENTED_EDGE ( 'NONE', *, *, #901, .T. );
#2400=CARTESIAN_POINT ( 'NONE',  ( -5.500000000000007100, 0.0000000000000000000, 3.299999999999987800 ) );
#2401=LINE ( 'NONE', #4426, #96 );
#2402=ORIENTED_EDGE ( 'NONE', *, *, #5135, .T. );
#2403=VECTOR ( 'NONE', #10580, 1000.000000000000000 );
#2404=EDGE_CURVE ( 'NONE', #2648, #6975, #1472, .T. );
#2405=COLOUR_RGB ( '',0.5019607843137254800, 0.5019607843137254800, 0.5019607843137254800 );
#2406=LINE ( 'NONE', #1640, #7199 );
#2407=ORIENTED_EDGE ( 'NONE', *, *, #8788, .F. );
#2408=VERTEX_POINT ( 'NONE', #7791 );
#2409=ORIENTED_EDGE ( 'NONE', *, *, #5721, .F. );
#2410=EDGE_CURVE ( 'NONE', #9429, #11090, #7347, .T. );
#2411=STYLED_ITEM ( 'NONE', ( #853 ), #4028 );
#2412=PLANE ( 'NONE',  #12568 );
#2413=ORIENTED_EDGE ( 'NONE', *, *, #10693, .F. );
#2414=ADVANCED_FACE ( 'NONE', ( #12576 ), #13236, .F. );
#2415=VECTOR ( 'NONE', #4187, 1000.000000000000000 );
#2416=VECTOR ( 'NONE', #8593, 1000.000000000000000 );
#2417=ORIENTED_EDGE ( 'NONE', *, *, #7857, .T. );
#2418=PRESENTATION_LAYER_ASSIGNMENT (  '', '', ( #13159 ) );
#2419=VERTEX_POINT ( 'NONE', #3682 );
#2420=EDGE_CURVE ( 'NONE', #2990, #14294, #3759, .T. );
#2421=ORIENTED_EDGE ( 'NONE', *, *, #14384, .F. );
#2422=PLANE ( 'NONE',  #11266 );
#2423=DIRECTION ( 'NONE',  ( -1.000000000000000000, -1.540743955509788700E-033, 3.252606517456547200E-015 ) );
#2424=LINE ( 'NONE', #2038, #1901 );
#2425=FACE_OUTER_BOUND ( 'NONE', #8700, .T. );
#2426=( GEOMETRIC_REPRESENTATION_CONTEXT ( 3 ) GLOBAL_UNCERTAINTY_ASSIGNED_CONTEXT ( ( #221 ) ) GLOBAL_UNIT_ASSIGNED_CONTEXT ( ( #324, #94, #251 ) ) REPRESENTATION_CONTEXT ( 'NONE', 'WORKASPACE' ) );
#2427=EDGE_LOOP ( 'NONE', ( #12959, #370, #4573, #12452 ) );
#2428=LINE ( 'NONE', #4649, #2259 );
#2429=CARTESIAN_POINT ( 'NONE',  ( 4.200000000000001100, 8.944667923005411600E-016, -7.250000000000000000 ) );
#2430=EDGE_CURVE ( 'NONE', #7376, #5664, #6968, .T. );
#2431=ADVANCED_FACE ( 'NONE', ( #6789 ), #10187, .T. );
#2432=FACE_OUTER_BOUND ( 'NONE', #6937, .T. );
#2433=ORIENTED_EDGE ( 'NONE', *, *, #2960, .F. );
#2434=EDGE_CURVE ( 'NONE', #11271, #1440, #420, .T. );
#2435=VERTEX_POINT ( 'NONE', #648 );
#2436=EDGE_LOOP ( 'NONE', ( #3975, #13138, #3372, #5796 ) );
#2437=CARTESIAN_POINT ( 'NONE',  ( 2.199999999999990000, 0.05000000000000005100, -1.799999999999999600 ) );
#2438=DIRECTION ( 'NONE',  ( 4.336808689941613800E-015, -1.540743955509788700E-033, 1.000000000000000000 ) );
#2439=ORIENTED_EDGE ( 'NONE', *, *, #10018, .F. );
#2440=VECTOR ( 'NONE', #2078, 1000.000000000000000 );
#2441=EDGE_LOOP ( 'NONE', ( #4706, #14064, #744, #2672 ) );
#2442=EDGE_CURVE ( 'NONE', #3724, #5509, #11760, .T. );
#2443=LINE ( 'NONE', #662, #76 );
#2444=EDGE_CURVE ( 'NONE', #1307, #5753, #6404, .T. );
#2445=CARTESIAN_POINT ( 'NONE',  ( -1.799999999999997800, 0.04999999999999968400, -5.349999999999997900 ) );
#2446=ORIENTED_EDGE ( 'NONE', *, *, #3845, .F. );
#2447=ADVANCED_FACE ( 'NONE', ( #12855 ), #9216, .T. );
#2448=EDGE_LOOP ( 'NONE', ( #1592, #12501, #2079, #14329 ) );
#2449=EDGE_CURVE ( 'NONE', #6477, #9067, #9025, .T. );
#2450=CARTESIAN_POINT ( 'NONE',  ( 3.550000000000001200, 0.7499999999999996700, -5.349999999999997900 ) );
#2451=ORIENTED_EDGE ( 'NONE', *, *, #6606, .T. );
#2452=EDGE_CURVE ( 'NONE', #9244, #5562, #791, .T. );
#2453=ORIENTED_EDGE ( 'NONE', *, *, #10467, .T. );
#2454=ORIENTED_EDGE ( 'NONE', *, *, #4819, .T. );
#2455=AXIS2_PLACEMENT_3D ( 'NONE', #940, #2957, #1774 );
#2456=CARTESIAN_POINT ( 'NONE',  ( 3.400000000000003000, 0.0000000000000000000, 8.000000000000021300 ) );
#2457=VECTOR ( 'NONE', #5172, 1000.000000000000000 );
#2458=DIRECTION ( 'NONE',  ( 1.000000000000000000, 0.0000000000000000000, -5.421010862427601800E-015 ) );
#2459=VERTEX_POINT ( 'NONE', #515 );
#2460=DIRECTION ( 'NONE',  ( -1.000000000000000000, 0.0000000000000000000, 2.667137344314108700E-013 ) );
#2461=CARTESIAN_POINT ( 'NONE',  ( 0.2000000000000014000, 0.05000000000000005100, 7.999999999999998200 ) );
#2462=EDGE_CURVE ( 'NONE', #10367, #14217, #11459, .T. );
#2463=ORIENTED_EDGE ( 'NONE', *, *, #5721, .T. );
#2464=CARTESIAN_POINT ( 'NONE',  ( 5.500000000000029300, 0.05000000000000007900, 2.899999999999997200 ) );
#2465=EDGE_CURVE ( 'NONE', #2982, #5837, #1152, .T. );
#2466=PLANE ( 'NONE',  #6376 );
#2467=ADVANCED_FACE ( 'NONE', ( #12566 ), #5870, .T. );
#2468=ORIENTED_EDGE ( 'NONE', *, *, #7770, .T. );
#2469=ORIENTED_EDGE ( 'NONE', *, *, #11256, .F. );
#2470=LINE ( 'NONE', #3927, #22 );
#2471=LINE ( 'NONE', #6296, #186 );
#2472=ORIENTED_EDGE ( 'NONE', *, *, #8396, .F. );
#2473=CYLINDRICAL_SURFACE ( 'NONE', #3882, 0.2500000000000002200 );
#2474=EDGE_CURVE ( 'NONE', #6868, #4997, #10189, .T. );
#2475=LINE ( 'NONE', #889, #12974 );
#2476=PLANE ( 'NONE',  #8885 );
#2477=CARTESIAN_POINT ( 'NONE',  ( 3.400000000000002100, 0.0000000000000000000, -1.800000000000001400 ) );
#2478=ORIENTED_EDGE ( 'NONE', *, *, #11431, .F. );
#2479=VERTEX_POINT ( 'NONE', #3955 );
#2480=ORIENTED_EDGE ( 'NONE', *, *, #12613, .T. );
#2481=EDGE_CURVE ( 'NONE', #8272, #13282, #9374, .T. );
#2482=ORIENTED_EDGE ( 'NONE', *, *, #1573, .F. );
#2483=CARTESIAN_POINT ( 'NONE',  ( -2.449999999999998400, 0.05000000000000000300, -7.900000000000000400 ) );
#2484=VERTEX_POINT ( 'NONE', #5886 );
#2485=VERTEX_POINT ( 'NONE', #10126 );
#2486=VECTOR ( 'NONE', #5407, 1000.000000000000000 );
#2487=CARTESIAN_POINT ( 'NONE',  ( 5.500000000000029300, 0.05000000000000007900, 5.299999999999993600 ) );
#2488=ORIENTED_EDGE ( 'NONE', *, *, #14141, .T. );
#2489=FACE_OUTER_BOUND ( 'NONE', #13383, .T. );
#2490=ADVANCED_FACE ( 'NONE', ( #7507 ), #8171, .F. );
#2491=CYLINDRICAL_SURFACE ( 'NONE', #4940, 0.2500000000000002200 );
#2492=EDGE_CURVE ( 'NONE', #13430, #11477, #12410, .T. );
#2493=ORIENTED_EDGE ( 'NONE', *, *, #8106, .F. );
#2494=ORIENTED_EDGE ( 'NONE', *, *, #4284, .T. );
#2495=CLOSED_SHELL ( 'NONE', ( #9497, #9284, #14710, #2988, #1962, #7706 ) );
#2496=VERTEX_POINT ( 'NONE', #1159 );
#2497=CARTESIAN_POINT ( 'NONE',  ( 6.300000000000002500, 0.05000000000000005100, -1.100000000000001600 ) );
#2498=EDGE_CURVE ( 'NONE', #1459, #13462, #2140, .T. );
#2499=MANIFOLD_SOLID_BREP ( 'Pin 48', #11050 );
#2500=FACE_OUTER_BOUND ( 'NONE', #2159, .T. );
#2501=VECTOR ( 'NONE', #10867, 1000.000000000000000 );
#2502=VERTEX_POINT ( 'NONE', #14427 );
#2503=VERTEX_POINT ( 'NONE', #5585 );
#2504=VECTOR ( 'NONE', #8338, 1000.000000000000000 );
#2505=CARTESIAN_POINT ( 'NONE',  ( -6.299999999999995400, 0.0000000000000000000, 6.899999999999998600 ) );
#2506=ORIENTED_EDGE ( 'NONE', *, *, #9820, .T. );
#2507=VERTEX_POINT ( 'NONE', #2169 );
#2508=ADVANCED_FACE ( 'NONE', ( #13630 ), #964, .T. );
#2509=AXIS2_PLACEMENT_3D ( 'NONE', #6911, #2909, #10020 );
#2510=CARTESIAN_POINT ( 'NONE',  ( 6.299999999999999800, 0.05000000000000007900, -1.900000000000001700 ) );
#2511=DIRECTION ( 'NONE',  ( -1.000000000000000000, 0.0000000000000000000, -5.421639061645084000E-035 ) );
#2512=ORIENTED_EDGE ( 'NONE', *, *, #13290, .T. );
#2513=DIRECTION ( 'NONE',  ( -5.421010862427908700E-016, 0.0000000000000000000, 1.000000000000000000 ) );
#2514=VECTOR ( 'NONE', #1817, 1000.000000000000000 );
#2515=EDGE_CURVE ( 'NONE', #8799, #5154, #1696, .T. );
#2516=CARTESIAN_POINT ( 'NONE',  ( -5.500000000000007100, 0.05000000000000005100, 2.100000000000005900 ) );
#2517=LINE ( 'NONE', #633, #22 );
#2518=ORIENTED_EDGE ( 'NONE', *, *, #6136, .F. );
#2519=PLANE ( 'NONE',  #9214 );
#2520=LINE ( 'NONE', #3885, #121 );
#2521=ORIENTED_EDGE ( 'NONE', *, *, #9232, .T. );
#2522=LINE ( 'NONE', #1451, #121 );
#2523=MECHANICAL_DESIGN_GEOMETRIC_PRESENTATION_REPRESENTATION (  '', ( #1609 ), #8434 );
#2524=LINE ( 'NONE', #2732, #2440 );
#2525=EDGE_CURVE ( 'NONE', #13509, #9997, #8345, .T. );
#2526=LINE ( 'NONE', #5074, #144 );
#2527=PLANE ( 'NONE',  #6199 );
#2528=VERTEX_POINT ( 'NONE', #1976 );
#2529=EDGE_LOOP ( 'NONE', ( #14656, #3735, #3135, #6426 ) );
#2530=AXIS2_PLACEMENT_3D ( 'NONE', #2985, #93, #18 );
#2531=CARTESIAN_POINT ( 'NONE',  ( 0.2000000000000014000, 0.05000000000000007900, 7.199999999999998400 ) );
#2532=VERTEX_POINT ( 'NONE', #1956 );
#2533=EDGE_CURVE ( 'NONE', #12225, #4518, #10984, .T. );
#2534=ADVANCED_FACE ( 'NONE', ( #14344 ), #11380, .T. );
#2535=DIRECTION ( 'NONE',  ( 1.000000000000000000, 0.0000000000000000000, -2.168404344970947300E-015 ) );
#2536=VERTEX_POINT ( 'NONE', #1026 );
#2537=LINE ( 'NONE', #262, #1172 );
#2538=ORIENTED_EDGE ( 'NONE', *, *, #2699, .T. );
#2539=EDGE_LOOP ( 'NONE', ( #4489, #764, #10514, #8311 ) );
#2540=FACE_OUTER_BOUND ( 'NONE', #5518, .T. );
#2541=FACE_BOUND ( 'NONE', #393, .T. );
#2542=EDGE_CURVE ( 'NONE', #575, #2560, #11145, .T. );
#2543=LINE ( 'NONE', #4110, #22 );
#2544=ORIENTED_EDGE ( 'NONE', *, *, #11253, .T. );
#2545=VECTOR ( 'NONE', #145, 1000.000000000000000 );
#2546=VERTEX_POINT ( 'NONE', #9501 );
#2547=ORIENTED_EDGE ( 'NONE', *, *, #12279, .T. );
#2548=AXIS2_PLACEMENT_3D ( 'NONE', #3245, #11162, #4126 );
#2549=CARTESIAN_POINT ( 'NONE',  ( -2.600000000000000500, 0.0000000000000000000, -2.600000000000024100 ) );
#2550=DIRECTION ( 'NONE',  ( -5.981805089575197800E-015, 0.0000000000000000000, 1.000000000000000000 ) );
#2551=LINE ( 'NONE', #1503, #186 );
#2552=ORIENTED_EDGE ( 'NONE', *, *, #8312, .F. );
#2553=EDGE_CURVE ( 'NONE', #12441, #7983, #13161, .T. );
#2554=EDGE_LOOP ( 'NONE', ( #6929, #1714, #5791, #9755 ) );
#2555=ADVANCED_FACE ( 'NONE', ( #1913 ), #12438, .F. );
#2556=DIRECTION ( 'NONE',  ( -1.000000000000000000, 0.0000000000000000000, -1.626303258728374400E-015 ) );
#2557=VERTEX_POINT ( 'NONE', #2326 );
#2558=EDGE_CURVE ( 'NONE', #2318, #3492, #7667, .T. );
#2559=DIRECTION ( 'NONE',  ( -6.505213034913014800E-015, 0.0000000000000000000, -1.000000000000000000 ) );
#2560=VERTEX_POINT ( 'NONE', #2207 );
#2561=ORIENTED_EDGE ( 'NONE', *, *, #13351, .T. );
#2562=AXIS2_PLACEMENT_3D ( 'NONE', #1178, #2116, #128 );
#2563=CARTESIAN_POINT ( 'NONE',  ( 5.500000000000032000, 0.0000000000000000000, 6.499999999999999100 ) );
#2564=LINE ( 'NONE', #4714, #144 );
#2565=VERTEX_POINT ( 'NONE', #10082 );
#2566=LINE ( 'NONE', #803, #22 );
#2567=ORIENTED_EDGE ( 'NONE', *, *, #1409, .F. );
#2568=AXIS2_PLACEMENT_3D ( 'NONE', #2187, #3498, #8601 );
#2569=ORIENTED_EDGE ( 'NONE', *, *, #8286, .T. );
#2570=ORIENTED_EDGE ( 'NONE', *, *, #7477, .F. );
#2571=EDGE_CURVE ( 'NONE', #78, #10551, #11309, .T. );
#2572=CARTESIAN_POINT ( 'NONE',  ( -6.599999999999997000, 0.05000000000000007900, -8.300000000000000700 ) );
#2573=PLANE ( 'NONE',  #3784 );
#2574=LINE ( 'NONE', #3440, #1676 );
#2575=EDGE_CURVE ( 'NONE', #10988, #1754, #311, .T. );
#2576=ORIENTED_EDGE ( 'NONE', *, *, #5081, .T. );
#2577=CARTESIAN_POINT ( 'NONE',  ( 3.799999999999989200, 0.0000000000000000000, -1.799999999999999600 ) );
#2578=AXIS2_PLACEMENT_3D ( 'NONE', #4482, #12957, #163 );
#2579=LINE ( 'NONE', #1109, #591 );
#2580=ORIENTED_EDGE ( 'NONE', *, *, #3995, .F. );
#2581=LINE ( 'NONE', #1445, #591 );
#2582=PLANE ( 'NONE',  #4705 );
#2583=LINE ( 'NONE', #960, #114 );
#2584=ORIENTED_EDGE ( 'NONE', *, *, #316, .F. );
#2585=EDGE_CURVE ( 'NONE', #8836, #1840, #6771, .T. );
#2586=ADVANCED_FACE ( 'NONE', ( #12084 ), #13575, .T. );
#2587=ORIENTED_EDGE ( 'NONE', *, *, #10552, .T. );
#2588=ORIENTED_EDGE ( 'NONE', *, *, #10827, .T. );
#2589=AXIS2_PLACEMENT_3D ( 'NONE', #8637, #18, #511 );
#2590=CARTESIAN_POINT ( 'NONE',  ( -0.1999999999999866300, 0.05000000000000005100, 7.199999999999998400 ) );
#2591=EDGE_LOOP ( 'NONE', ( #1603, #11246, #4048, #2518, #4037, #9699, #906, #10689, #10000, #2493, #7679, #12784, #5768, #7730, #714, #10500, #10848, #6707, #11438, #854, #6782, #9129, #4761, #10353, #14373, #1045, #4095, #1485 ) );
#2592=PLANE ( 'NONE',  #12289 );
#2593=LINE ( 'NONE', #5731, #22 );
#2594=VERTEX_POINT ( 'NONE', #6317 );
#2595=EDGE_CURVE ( 'NONE', #8314, #1602, #3355, .T. );
#2596=CARTESIAN_POINT ( 'NONE',  ( -2.599999999999998300, 0.0000000000000000000, 7.199999999999998400 ) );
#2597=CARTESIAN_POINT ( 'NONE',  ( 0.7250000000000101900, 0.05000000000000007900, 3.424999999999998900 ) );
#2598=LINE ( 'NONE', #1032, #52 );
#2599=EDGE_LOOP ( 'NONE', ( #987, #5274, #1179, #4829 ) );
#2600=EDGE_CURVE ( 'NONE', #11448, #6564, #11908, .T. );
#2601=VERTEX_POINT ( 'NONE', #2632 );
#2602=ADVANCED_FACE ( 'NONE', ( #6389 ), #5139, .F. );
#2603=EDGE_CURVE ( 'NONE', #4327, #5154, #6754, .T. );
#2604=MECHANICAL_DESIGN_GEOMETRIC_PRESENTATION_REPRESENTATION (  '', ( #10282 ), #6823 );
#2605=DIRECTION ( 'NONE',  ( -1.000000000000000000, -7.703719777548943400E-034, -1.829591166069420900E-015 ) );
#2606=ORIENTED_EDGE ( 'NONE', *, *, #7646, .T. );
#2607=LINE ( 'NONE', #1834, #591 );
#2608=LINE ( 'NONE', #7105, #96 );
#2609=LINE ( 'NONE', #4098, #22 );
#2610=ORIENTED_EDGE ( 'NONE', *, *, #131, .T. );
#2611=CARTESIAN_POINT ( 'NONE',  ( -5.500000000000008000, 0.05000000000000007900, 4.899999999999993200 ) );
#2612=LINE ( 'NONE', #454, #4735 );
#2613=LINE ( 'NONE', #2531, #119 );
#2614=ORIENTED_EDGE ( 'NONE', *, *, #14408, .F. );
#2615=VERTEX_POINT ( 'NONE', #9856 );
#2616=CARTESIAN_POINT ( 'NONE',  ( -6.299999999999990100, 0.0000000000000000000, 2.499999999999997800 ) );
#2617=AXIS2_PLACEMENT_3D ( 'NONE', #5214, #342, #4151 );
#2618=CARTESIAN_POINT ( 'NONE',  ( -5.725000000000000500, 2.549999999999999800, -2.020000000000000500 ) );
#2619=ADVANCED_FACE ( 'NONE', ( #6217 ), #14478, .F. );
#2620=ORIENTED_EDGE ( 'NONE', *, *, #5372, .F. );
#2621=EDGE_CURVE ( 'NONE', #8840, #10692, #14613, .T. );
#2622=PLANE ( 'NONE',  #10936 );
#2623=FACE_OUTER_BOUND ( 'NONE', #716, .T. );
#2624=FACE_OUTER_BOUND ( 'NONE', #12809, .T. );
#2625=LINE ( 'NONE', #3970, #241 );
#2626=VECTOR ( 'NONE', #54, 1000.000000000000000 );
#2627=ORIENTED_EDGE ( 'NONE', *, *, #10857, .F. );
#2628=FACE_OUTER_BOUND ( 'NONE', #750, .T. );
#2629=FACE_OUTER_BOUND ( 'NONE', #1477, .T. );
#2630=( GEOMETRIC_REPRESENTATION_CONTEXT ( 3 ) GLOBAL_UNCERTAINTY_ASSIGNED_CONTEXT ( ( #221 ) ) GLOBAL_UNIT_ASSIGNED_CONTEXT ( ( #324, #94, #251 ) ) REPRESENTATION_CONTEXT ( 'NONE', 'WORKASPACE' ) );
#2631=ORIENTED_EDGE ( 'NONE', *, *, #10162, .T. );
#2632=CARTESIAN_POINT ( 'NONE',  ( -5.600000000000000500, 0.05000000000000005100, -2.600000000000001400 ) );
#2633=ORIENTED_EDGE ( 'NONE', *, *, #10666, .F. );
#2634=LINE ( 'NONE', #4578, #186 );
#2635=CARTESIAN_POINT ( 'NONE',  ( 0.6000000000000128600, 0.05000000000000007900, -1.800000000000001200 ) );
#2636=ORIENTED_EDGE ( 'NONE', *, *, #7291, .F. );
#2637=CARTESIAN_POINT ( 'NONE',  ( 0.7250000000000101900, 0.0000000000000000000, 3.424999999999998900 ) );
#2638=CARTESIAN_POINT ( 'NONE',  ( -4.199999999999999300, 0.05000000000000005100, 8.000000000000021300 ) );
#2639=LINE ( 'NONE', #533, #52 );
#2640=ADVANCED_FACE ( 'NONE', ( #8848 ), #3827, .F. );
#2641=VECTOR ( 'NONE', #102, 1000.000000000000000 );
#2642=VERTEX_POINT ( 'NONE', #7997 );
#2643=LINE ( 'NONE', #5724, #3464 );
#2644=CARTESIAN_POINT ( 'NONE',  ( 5.725000000000000500, 0.7999999999999999300, 7.680000000000000600 ) );
#2645=EDGE_CURVE ( 'NONE', #13059, #2995, #288, .T. );
#2646=ORIENTED_EDGE ( 'NONE', *, *, #8030, .T. );
#2647=ORIENTED_EDGE ( 'NONE', *, *, #1940, .F. );
#2648=VERTEX_POINT ( 'NONE', #6563 );
#2649=EDGE_LOOP ( 'NONE', ( #4944, #7166, #4294, #13493 ) );
#2650=EDGE_LOOP ( 'NONE', ( #11550, #977, #10218, #5608 ) );
#2651=ORIENTED_EDGE ( 'NONE', *, *, #4626, .F. );
#2652=ORIENTED_EDGE ( 'NONE', *, *, #13896, .T. );
#2653=VERTEX_POINT ( 'NONE', #1126 );
#2654=EDGE_CURVE ( 'NONE', #11081, #11021, #35, .T. );
#2655=LINE ( 'NONE', #1798, #2259 );
#2656=ORIENTED_EDGE ( 'NONE', *, *, #5817, .F. );
#2657=EDGE_CURVE ( 'NONE', #6633, #13104, #6022, .T. );
#2658=CARTESIAN_POINT ( 'NONE',  ( 2.600000000000003200, 0.05000000000000007900, 8.000000000000021300 ) );
#2659=ORIENTED_EDGE ( 'NONE', *, *, #10527, .F. );
#2660=ADVANCED_FACE ( 'NONE', ( #9692 ), #13858, .F. );
#2661=PRESENTATION_LAYER_ASSIGNMENT (  '', '', ( #13980 ) );
#2662=ORIENTED_EDGE ( 'NONE', *, *, #13684, .F. );
#2663=EDGE_CURVE ( 'NONE', #4164, #1047, #3743, .T. );
#2664=ORIENTED_EDGE ( 'NONE', *, *, #10646, .T. );
#2665=ORIENTED_EDGE ( 'NONE', *, *, #9038, .T. );
#2666=EDGE_CURVE ( 'NONE', #8088, #7153, #11294, .T. );
#2667=ORIENTED_EDGE ( 'NONE', *, *, #1498, .F. );
#2668=DIRECTION ( 'NONE',  ( -1.000000000000000000, -1.540743955509788700E-033, 2.168404344970947300E-015 ) );
#2669=LINE ( 'NONE', #1026, #52 );
#2670=ORIENTED_EDGE ( 'NONE', *, *, #13519, .T. );
#2671=FACE_OUTER_BOUND ( 'NONE', #11450, .T. );
#2672=ORIENTED_EDGE ( 'NONE', *, *, #539, .T. );
#2673=EDGE_CURVE ( 'NONE', #9776, #12486, #13010, .T. );
#2674=CARTESIAN_POINT ( 'NONE',  ( -1.000000000000000900, 0.05000000000000005100, -2.600000000000001400 ) );
#2675=ORIENTED_EDGE ( 'NONE', *, *, #13314, .F. );
#2676=PLANE ( 'NONE',  #3321 );
#2677=ORIENTED_EDGE ( 'NONE', *, *, #5601, .T. );
#2678=ADVANCED_FACE ( 'NONE', ( #10343 ), #10050, .F. );
#2679=FACE_OUTER_BOUND ( 'NONE', #2248, .T. );
#2680=ORIENTED_EDGE ( 'NONE', *, *, #8043, .T. );
#2681=ORIENTED_EDGE ( 'NONE', *, *, #5381, .F. );
#2682=VECTOR ( 'NONE', #5271, 1000.000000000000000 );
#2683=LINE ( 'NONE', #3620, #12917 );
#2684=EDGE_LOOP ( 'NONE', ( #3753, #5586, #6203, #11152 ) );
#2685=LINE ( 'NONE', #4794, #144 );
#2686=PLANE ( 'NONE',  #7751 );
#2687=CARTESIAN_POINT ( 'NONE',  ( -3.399999999999997700, 0.05000000000000007900, 7.199999999999998400 ) );
#2688=EDGE_CURVE ( 'NONE', #13087, #13279, #2526, .T. );
#2689=ORIENTED_EDGE ( 'NONE', *, *, #602, .F. );
#2690=EDGE_CURVE ( 'NONE', #4818, #8088, #13618, .T. );
#2691=VERTEX_POINT ( 'NONE', #624 );
#2692=EDGE_CURVE ( 'NONE', #7840, #9635, #14197, .T. );
#2693=CARTESIAN_POINT ( 'NONE',  ( 4.600000000000012100, 3.388131789017201400E-018, 7.999999999999977800 ) );
#2694=ORIENTED_EDGE ( 'NONE', *, *, #8551, .F. );
#2695=CARTESIAN_POINT ( 'NONE',  ( -1.800000000000000500, 3.388131789017201400E-018, 8.000000000000021300 ) );
#2696=LINE ( 'NONE', #1807, #1411 );
#2697=PLANE ( 'NONE',  #1585 );
#2698=EDGE_LOOP ( 'NONE', ( #10309, #6982, #1035, #8795 ) );
#2699=EDGE_CURVE ( 'NONE', #6918, #3844, #2940, .T. );
#2700=ORIENTED_EDGE ( 'NONE', *, *, #2351, .T. );
#2701=ADVANCED_FACE ( 'NONE', ( #11130 ), #30, .T. );
#2702=AXIS2_PLACEMENT_3D ( 'NONE', #2267, #6120, #182 );
#2703=FACE_OUTER_BOUND ( 'NONE', #7651, .T. );
#2704=EDGE_LOOP ( 'NONE', ( #14498, #5623, #13947, #10898 ) );
#2705=CARTESIAN_POINT ( 'NONE',  ( 5.500000000000028400, 0.05000000000000005100, 6.099999999999997000 ) );
#2706=CARTESIAN_POINT ( 'NONE',  ( -0.4499999999999980100, 0.8000000000000000400, -7.900000000000000400 ) );
#2707=PLANE ( 'NONE',  #12524 );
#2708=DIRECTION ( 'NONE',  ( 1.000000000000000000, -0.0000000000000000000, 8.673617379884033900E-015 ) );
#2709=ORIENTED_EDGE ( 'NONE', *, *, #11584, .T. );
#2710=DIRECTION ( 'NONE',  ( 2.168404344971005700E-015, -3.081487911019577400E-033, 1.000000000000000000 ) );
#2711=EDGE_LOOP ( 'NONE', ( #12183, #8438, #13868, #13699 ) );
#2712=VERTEX_POINT ( 'NONE', #7216 );
#2713=EDGE_LOOP ( 'NONE', ( #13099, #1130, #13023, #36 ) );
#2714=LINE ( 'NONE', #5901, #9018 );
#2715=VERTEX_POINT ( 'NONE', #581 );
#2716=EDGE_CURVE ( 'NONE', #14223, #8696, #7973, .T. );
#2717=LINE ( 'NONE', #1570, #10019 );
#2718=ADVANCED_FACE ( 'NONE', ( #11596 ), #8923, .T. );
#2719=LINE ( 'NONE', #946, #1411 );
#2720=PLANE ( 'NONE',  #2303 );
#2721=LINE ( 'NONE', #2873, #6469 );
#2722=VERTEX_POINT ( 'NONE', #8768 );
#2723=EDGE_LOOP ( 'NONE', ( #5068, #3808, #1844, #6406 ) );
#2724=EDGE_CURVE ( 'NONE', #14597, #13235, #2721, .T. );
#2725=ORIENTED_EDGE ( 'NONE', *, *, #5880, .F. );
#2726=LINE ( 'NONE', #2873, #10786 );
#2727=FACE_OUTER_BOUND ( 'NONE', #7092, .T. );
#2728=ORIENTED_EDGE ( 'NONE', *, *, #14120, .F. );
#2729=FACE_OUTER_BOUND ( 'NONE', #13378, .T. );
#2730=EDGE_LOOP ( 'NONE', ( #2105, #4535, #172, #2506 ) );
#2731=LINE ( 'NONE', #4571, #22 );
#2732=CARTESIAN_POINT ( 'NONE',  ( 5.550000000000000700, 0.7999999999999999300, -7.250000000000002700 ) );
#2733=FACE_OUTER_BOUND ( 'NONE', #13518, .T. );
#2734=CARTESIAN_POINT ( 'NONE',  ( 1.550000000000001600, 5.793705359219414300E-016, -4.699999999999997500 ) );
#2735=VERTEX_POINT ( 'NONE', #3071 );
#2736=VERTEX_POINT ( 'NONE', #1640 );
#2737=EDGE_CURVE ( 'NONE', #10606, #728, #5459, .T. );
#2738=ORIENTED_EDGE ( 'NONE', *, *, #3617, .T. );
#2739=ADVANCED_FACE ( 'NONE', ( #7134 ), #7882, .F. );
#2740=ORIENTED_EDGE ( 'NONE', *, *, #5817, .T. );
#2741=VECTOR ( 'NONE', #3460, 1000.000000000000000 );
#2742=VERTEX_POINT ( 'NONE', #4456 );
#2743=AXIS2_PLACEMENT_3D ( 'NONE', #2361, #4151, #2943 );
#2744=ORIENTED_EDGE ( 'NONE', *, *, #6963, .F. );
#2745=CARTESIAN_POINT ( 'NONE',  ( -3.799999999999984700, 0.05000000000000005100, 7.199999999999996600 ) );
#2746=ORIENTED_EDGE ( 'NONE', *, *, #6691, .F. );
#2747=EDGE_CURVE ( 'NONE', #2485, #12136, #11750, .T. );
#2748=EDGE_CURVE ( 'NONE', #2333, #936, #8173, .T. );
#2749=EDGE_LOOP ( 'NONE', ( #7548, #3972, #7660, #2521 ) );
#2750=EDGE_LOOP ( 'NONE', ( #6225, #972, #11578, #13636 ) );
#2751=ORIENTED_EDGE ( 'NONE', *, *, #8442, .F. );
#2752=DIRECTION ( 'NONE',  ( -1.000000000000000000, 0.0000000000000000000, -5.421010862427908700E-016 ) );
#2753=AXIS2_PLACEMENT_3D ( 'NONE', #2127, #511, #613 );
#2754=DIRECTION ( 'NONE',  ( -1.084202172485581700E-015, 0.0000000000000000000, 1.000000000000000000 ) );
#2755=VECTOR ( 'NONE', #14127, 1000.000000000000000 );
#2756=ORIENTED_EDGE ( 'NONE', *, *, #8952, .T. );
#2757=ADVANCED_FACE ( 'NONE', ( #13903 ), #1645, .F. );
#2758=EDGE_CURVE ( 'NONE', #2057, #8696, #3928, .T. );
#2759=EDGE_CURVE ( 'NONE', #7872, #13223, #5098, .T. );
#2760=ORIENTED_EDGE ( 'NONE', *, *, #2080, .F. );
#2761=LINE ( 'NONE', #755, #366 );
#2762=ORIENTED_EDGE ( 'NONE', *, *, #2692, .T. );
#2763=LINE ( 'NONE', #6717, #1065 );
#2764=CARTESIAN_POINT ( 'NONE',  ( -1.799999999999997600, 0.04999999999999968400, -5.349999999999997900 ) );
#2765=VERTEX_POINT ( 'NONE', #2249 );
#2766=VECTOR ( 'NONE', #5998, 1000.000000000000000 );
#2767=ORIENTED_EDGE ( 'NONE', *, *, #11884, .F. );
#2768=AXIS2_PLACEMENT_3D ( 'NONE', #3970, #9149, #2004 );
#2769=ORIENTED_EDGE ( 'NONE', *, *, #6587, .F. );
#2770=EDGE_CURVE ( 'NONE', #11383, #2532, #12070, .T. );
#2771=PLANE ( 'NONE',  #3437 );
#2772=CARTESIAN_POINT ( 'NONE',  ( -6.599999999999997000, -6.505213034913026600E-016, -2.900000000000001700 ) );
#2773=PLANE ( 'NONE',  #3171 );
#2774=EDGE_CURVE ( 'NONE', #10597, #1440, #9361, .T. );
#2775=VECTOR ( 'NONE', #2876, 1000.000000000000000 );
#2776=CARTESIAN_POINT ( 'NONE',  ( -2.700000000000000600, 0.05000000000000005100, 3.949999999999998800 ) );
#2777=ORIENTED_EDGE ( 'NONE', *, *, #11112, .F. );
#2778=AXIS2_PLACEMENT_3D ( 'NONE', #5532, #23, #128 );
#2779=ADVANCED_FACE ( 'NONE', ( #2119 ), #5429, .F. );
#2780=AXIS2_PLACEMENT_3D ( 'NONE', #1537, #8754, #7204 );
#2781=LINE ( 'NONE', #872, #739 );
#2782=ORIENTED_EDGE ( 'NONE', *, *, #9288, .T. );
#2783=VECTOR ( 'NONE', #2116, 1000.000000000000000 );
#2784=CARTESIAN_POINT ( 'NONE',  ( -5.725000000000000500, 0.8000000000000056000, -2.119999999999998800 ) );
#2785=LINE ( 'NONE', #8693, #7891 );
#2786=LINE ( 'NONE', #3974, #96 );
#2787=VERTEX_POINT ( 'NONE', #6313 );
#2788=EDGE_CURVE ( 'NONE', #5498, #1744, #13753, .T. );
#2789=ORIENTED_EDGE ( 'NONE', *, *, #12475, .T. );
#2790=CARTESIAN_POINT ( 'NONE',  ( 1.550000000000001600, 0.7999999999999999300, -7.250000000000000000 ) );
#2791=EDGE_CURVE ( 'NONE', #745, #2364, #6952, .T. );
#2792=DIRECTION ( 'NONE',  ( -1.000000000000000000, 0.0000000000000000000, -1.019150042136311900E-013 ) );
#2793=PLANE ( 'NONE',  #13677 );
#2794=VERTEX_POINT ( 'NONE', #693 );
#2795=CARTESIAN_POINT ( 'NONE',  ( 4.200000000000001100, 0.0000000000000000000, -1.800000000000001400 ) );
#2796=EDGE_CURVE ( 'NONE', #5684, #7800, #12551, .T. );
#2797=VECTOR ( 'NONE', #5948, 1000.000000000000000 );
#2798=AXIS2_PLACEMENT_3D ( 'NONE', #202, #88, #4371 );
#2799=VECTOR ( 'NONE', #3726, 1000.000000000000000 );
#2800=ORIENTED_EDGE ( 'NONE', *, *, #6680, .T. );
#2801=LINE ( 'NONE', #293, #12917 );
#2802=PLANE ( 'NONE',  #7914 );
#2803=ORIENTED_EDGE ( 'NONE', *, *, #14159, .T. );
#2804=ADVANCED_FACE ( 'NONE', ( #4906 ), #13358, .T. );
#2805=ORIENTED_EDGE ( 'NONE', *, *, #2282, .T. );
#2806=CARTESIAN_POINT ( 'NONE',  ( -5.500000000000008000, 0.0000000000000000000, 4.499999999999990200 ) );
#2807=EDGE_LOOP ( 'NONE', ( #10618, #3190, #13992, #11799 ) );
#2808=CARTESIAN_POINT ( 'NONE',  ( -4.449999999999997500, 0.7499999999999993300, -2.899999999999998100 ) );
#2809=ORIENTED_EDGE ( 'NONE', *, *, #3871, .T. );
#2810=CARTESIAN_POINT ( 'NONE',  ( 1.000000000000000900, 0.05000000000000007900, 7.199999999999998400 ) );
#2811=FACE_OUTER_BOUND ( 'NONE', #8667, .T. );
#2812=VECTOR ( 'NONE', #4079, 1000.000000000000000 );
#2813=LINE ( 'NONE', #3007, #22 );
#2814=VECTOR ( 'NONE', #3790, 1000.000000000000000 );
#2815=ORIENTED_EDGE ( 'NONE', *, *, #5680, .F. );
#2816=LINE ( 'NONE', #151, #186 );
#2817=EDGE_CURVE ( 'NONE', #4177, #1056, #5831, .T. );
#2818=LINE ( 'NONE', #6593, #4289 );
#2819=EDGE_LOOP ( 'NONE', ( #14315, #13316, #1588, #3630 ) );
#2820=EDGE_LOOP ( 'NONE', ( #6078, #10035, #8315, #10807 ) );
#2821=EDGE_CURVE ( 'NONE', #14205, #13151, #10644, .T. );
#2822=CARTESIAN_POINT ( 'NONE',  ( -2.700000000000000200, 0.05000000000000007900, 0.6000000000000003100 ) );
#2823=DIRECTION ( 'NONE',  ( 1.000000000000000000, 0.0000000000000000000, -6.672013369141571100E-016 ) );
#2824=ORIENTED_EDGE ( 'NONE', *, *, #4438, .F. );
#2825=AXIS2_PLACEMENT_3D ( 'NONE', #6144, #4908, #13476 );
#2826=ADVANCED_FACE ( 'NONE', ( #13603 ), #5122, .F. );
#2827=EDGE_LOOP ( 'NONE', ( #11942, #6178, #1536, #567 ) );
#2828=FACE_OUTER_BOUND ( 'NONE', #10260, .T. );
#2829=FACE_OUTER_BOUND ( 'NONE', #2554, .T. );
#2830=LINE ( 'NONE', #1227, #4222 );
#2831=VERTEX_POINT ( 'NONE', #8054 );
#2832=CARTESIAN_POINT ( 'NONE',  ( -5.500000000000007100, 0.0000000000000000000, 4.099999999999989900 ) );
#2833=LINE ( 'NONE', #9850, #2015 );
#2834=LINE ( 'NONE', #4129, #95 );
#2835=CARTESIAN_POINT ( 'NONE',  ( 5.000000000000049700, 0.05000000000000005100, 7.999999999999976000 ) );
#2836=CARTESIAN_POINT ( 'NONE',  ( 6.200000000000001100, 0.7500000000000000000, -7.900000000000000400 ) );
#2837=FACE_OUTER_BOUND ( 'NONE', #10767, .T. );
#2838=CARTESIAN_POINT ( 'NONE',  ( 5.550000000000001600, 0.7499999999999998900, -7.250000000000002700 ) );
#2839=ORIENTED_EDGE ( 'NONE', *, *, #425, .T. );
#2840=VECTOR ( 'NONE', #599, 1000.000000000000000 );
#2841=DIRECTION ( 'NONE',  ( -7.299920059573109600E-037, 0.0000000000000000000, 1.000000000000000000 ) );
#2842=EDGE_CURVE ( 'NONE', #6914, #11874, #1433, .T. );
#2843=VERTEX_POINT ( 'NONE', #4649 );
#2844=ORIENTED_EDGE ( 'NONE', *, *, #11595, .T. );
#2845=CARTESIAN_POINT ( 'NONE',  ( 0.2000000000000014000, 0.05000000000000005100, -1.800000000000001400 ) );
#2846=CARTESIAN_POINT ( 'NONE',  ( -5.000000000000027500, 0.05000000000000005100, -2.599999999999982300 ) );
#2847=VERTEX_POINT ( 'NONE', #2137 );
#2848=FACE_OUTER_BOUND ( 'NONE', #6654, .T. );
#2849=FACE_OUTER_BOUND ( 'NONE', #10962, .T. );
#2850=ADVANCED_FACE ( 'NONE', ( #13893 ), #4599, .F. );
#2851=AXIS2_PLACEMENT_3D ( 'NONE', #4649, #511, #613 );
#2852=LINE ( 'NONE', #624, #2641 );
#2853=ORIENTED_EDGE ( 'NONE', *, *, #2106, .T. );
#2854=DIRECTION ( 'NONE',  ( 1.000000000000000000, 0.0000000000000000000, 5.529431079676239200E-014 ) );
#2855=FACE_OUTER_BOUND ( 'NONE', #7009, .T. );
#2856=DIRECTION ( 'NONE',  ( -1.000000000000000000, -0.0000000000000000000, 2.667137344314108700E-013 ) );
#2857=MECHANICAL_DESIGN_GEOMETRIC_PRESENTATION_REPRESENTATION (  '', ( #5876 ), #13663 );
#2858=LINE ( 'NONE', #7257, #188 );
#2859=VERTEX_POINT ( 'NONE', #2357 );
#2860=EDGE_CURVE ( 'NONE', #2346, #7376, #12839, .T. );
#2861=ORIENTED_EDGE ( 'NONE', *, *, #5478, .F. );
#2862=EDGE_CURVE ( 'NONE', #6489, #10386, #2103, .T. );
#2863=ORIENTED_EDGE ( 'NONE', *, *, #14211, .T. );
#2864=ORIENTED_EDGE ( 'NONE', *, *, #2673, .F. );
#2865=LINE ( 'NONE', #1455, #9799 );
#2866=LINE ( 'NONE', #2357, #7167 );
#2867=ORIENTED_EDGE ( 'NONE', *, *, #3723, .T. );
#2868=EDGE_CURVE ( 'NONE', #3065, #7522, #7085, .T. );
#2869=LINE ( 'NONE', #4008, #22 );
#2870=CARTESIAN_POINT ( 'NONE',  ( 1.000000000000000900, 0.05000000000000005100, 7.999999999999998200 ) );
#2871=CARTESIAN_POINT ( 'NONE',  ( 0.0000000000000000000, 0.7499999999999990000, 0.0000000000000000000 ) );
#2872=ADVANCED_FACE ( 'NONE', ( #11899 ), #12563, .T. );
#2873=CARTESIAN_POINT ( 'NONE',  ( -6.299999999999990100, 0.05000000000000005100, 2.899999999999999000 ) );
#2874=PLANE ( 'NONE',  #1755 );
#2875=ORIENTED_EDGE ( 'NONE', *, *, #7611, .F. );
#2876=DIRECTION ( 'NONE',  ( -2.168404344971008100E-015, 0.0000000000000000000, 1.000000000000000000 ) );
#2877=AXIS2_PLACEMENT_3D ( 'NONE', #10529, #11665, #3826 );
#2878=EDGE_LOOP ( 'NONE', ( #876, #10318, #10036, #12032 ) );
#2879=EDGE_CURVE ( 'NONE', #12256, #5624, #997, .T. );
#2880=PLANE ( 'NONE',  #12701 );
#2881=EDGE_CURVE ( 'NONE', #10039, #1307, #4514, .T. );
#2882=ORIENTED_EDGE ( 'NONE', *, *, #2788, .T. );
#2883=EDGE_LOOP ( 'NONE', ( #3677, #12830, #590, #13129 ) );
#2884=LINE ( 'NONE', #5138, #4606 );
#2885=DIRECTION ( 'NONE',  ( 6.672013369141571100E-016, -1.204669080539449800E-016, 1.000000000000000000 ) );
#2886=ORIENTED_EDGE ( 'NONE', *, *, #10099, .T. );
#2887=LINE ( 'NONE', #132, #5792 );
#2888=DIRECTION ( 'NONE',  ( -2.168404344971008500E-015, 0.0000000000000000000, 1.000000000000000000 ) );
#2889=LINE ( 'NONE', #2092, #7 );
#2890=ADVANCED_FACE ( 'NONE', ( #9845 ), #12468, .F. );
#2891=CARTESIAN_POINT ( 'NONE',  ( -4.449999999999997500, 0.7999999999999993800, -2.899999999999998100 ) );
#2892=ORIENTED_EDGE ( 'NONE', *, *, #3541, .F. );
#2893=EDGE_CURVE ( 'NONE', #7252, #3901, #12224, .T. );
#2894=ORIENTED_EDGE ( 'NONE', *, *, #7378, .T. );
#2895=CARTESIAN_POINT ( 'NONE',  ( 0.2000000000000019300, 0.04999999999999960700, -4.699999999999997500 ) );
#2896=DIRECTION ( 'NONE',  ( -1.000000000000000000, 0.0000000000000000000, -1.084202172485537000E-015 ) );
#2897=EDGE_CURVE ( 'NONE', #5763, #3492, #10488, .T. );
#2898=VERTEX_POINT ( 'NONE', #10210 );
#2899=EDGE_LOOP ( 'NONE', ( #3609, #10985, #6291, #14285 ) );
#2900=VERTEX_POINT ( 'NONE', #1529 );
#2901=LINE ( 'NONE', #2930, #2961 );
#2902=CARTESIAN_POINT ( 'NONE',  ( 5.599999999999999600, 0.05000000000000007900, 7.999999999999998200 ) );
#2903=ORIENTED_EDGE ( 'NONE', *, *, #6795, .T. );
#2904=FACE_OUTER_BOUND ( 'NONE', #2899, .T. );
#2905=EDGE_CURVE ( 'NONE', #5687, #12436, #13148, .T. );
#2906=AXIS2_PLACEMENT_3D ( 'NONE', #1082, #10376, #3528 );
#2907=AXIS2_PLACEMENT_3D ( 'NONE', #448, #128, #711 );
#2908=CARTESIAN_POINT ( 'NONE',  ( -5.600000000000000500, 0.0000000000000000000, -2.600000000000001400 ) );
#2909=DIRECTION ( 'NONE',  ( 1.000000000000000000, 0.0000000000000000000, -7.139770381379879400E-036 ) );
#2910=ORIENTED_EDGE ( 'NONE', *, *, #8910, .T. );
#2911=CARTESIAN_POINT ( 'NONE',  ( 0.6000000000000128600, 0.05000000000000007900, -2.600000000000001900 ) );
#2912=DIRECTION ( 'NONE',  ( 1.000000000000000000, -0.0000000000000000000, -2.710505431213883400E-015 ) );
#2913=ORIENTED_EDGE ( 'NONE', *, *, #12184, .T. );
#2914=ORIENTED_EDGE ( 'NONE', *, *, #3218, .F. );
#2915=FACE_OUTER_BOUND ( 'NONE', #8209, .T. );
#2916=DIRECTION ( 'NONE',  ( -6.693488088852134000E-034, 0.0000000000000000000, 1.000000000000000000 ) );
#2917=CARTESIAN_POINT ( 'NONE',  ( -5.500000000000007100, 0.05000000000000005100, 0.1000000000000008500 ) );
#2918=VECTOR ( 'NONE', #1555, 1000.000000000000000 );
#2919=ORIENTED_EDGE ( 'NONE', *, *, #13738, .T. );
#2920=ADVANCED_FACE ( 'NONE', ( #8329 ), #3652, .F. );
#2921=ORIENTED_EDGE ( 'NONE', *, *, #2254, .F. );
#2922=EDGE_CURVE ( 'NONE', #12078, #6918, #7817, .T. );
#2923=LINE ( 'NONE', #2396, #12148 );
#2924=EDGE_CURVE ( 'NONE', #11553, #8320, #10957, .T. );
#2925=CARTESIAN_POINT ( 'NONE',  ( 5.500000000000028400, 0.05000000000000005100, 3.699999999999988200 ) );
#2926=ORIENTED_EDGE ( 'NONE', *, *, #12188, .F. );
#2927=VERTEX_POINT ( 'NONE', #7305 );
#2928=AXIS2_PLACEMENT_3D ( 'NONE', #687, #128, #711 );
#2929=ORIENTED_EDGE ( 'NONE', *, *, #8208, .T. );
#2930=CARTESIAN_POINT ( 'NONE',  ( 6.600000000000000500, 0.05000000000000005100, -8.300000000000000700 ) );
#2931=MANIFOLD_SOLID_BREP ( 'Pin 16', #10770 );
#2932=EDGE_CURVE ( 'NONE', #10458, #11477, #10801, .T. );
#2933=( GEOMETRIC_REPRESENTATION_CONTEXT ( 3 ) GLOBAL_UNCERTAINTY_ASSIGNED_CONTEXT ( ( #221 ) ) GLOBAL_UNIT_ASSIGNED_CONTEXT ( ( #324, #94, #251 ) ) REPRESENTATION_CONTEXT ( 'NONE', 'WORKASPACE' ) );
#2934=DIRECTION ( 'NONE',  ( 5.220124945131412600E-036, 0.0000000000000000000, 1.000000000000000000 ) );
#2935=VERTEX_POINT ( 'NONE', #1404 );
#2936=ORIENTED_EDGE ( 'NONE', *, *, #2989, .F. );
#2937=LINE ( 'NONE', #3823, #666 );
#2938=ADVANCED_FACE ( 'NONE', ( #4701 ), #10145, .T. );
#2939=LINE ( 'NONE', #5104, #52 );
#2940=LINE ( 'NONE', #5053, #4868 );
#2941=DIRECTION ( 'NONE',  ( 4.336808689941884400E-015, 0.0000000000000000000, -1.000000000000000000 ) );
#2942=CLOSED_SHELL ( 'NONE', ( #14339, #9127, #1262, #563, #5106, #13842 ) );
#2943=DIRECTION ( 'NONE',  ( 0.0000000000000000000, 1.204669080539449800E-016, -1.000000000000000000 ) );
#2944=ORIENTED_EDGE ( 'NONE', *, *, #4979, .T. );
#2945=PLANE ( 'NONE',  #6935 );
#2946=CARTESIAN_POINT ( 'NONE',  ( -6.299999999999951000, 0.0000000000000000000, 0.5000000000000004400 ) );
#2947=AXIS2_PLACEMENT_3D ( 'NONE', #215, #1162, #128 );
#2948=ORIENTED_EDGE ( 'NONE', *, *, #11928, .F. );
#2949=CARTESIAN_POINT ( 'NONE',  ( 5.500000000000029300, 3.388131789017201400E-018, 2.899999999999997200 ) );
#2950=LINE ( 'NONE', #6238, #186 );
#2951=EDGE_CURVE ( 'NONE', #5964, #11684, #12685, .T. );
#2952=ORIENTED_EDGE ( 'NONE', *, *, #4779, .F. );
#2953=LINE ( 'NONE', #6490, #22 );
#2954=DIRECTION ( 'NONE',  ( -1.000000000000000000, -1.481484572605567000E-031, 6.672013369141570100E-016 ) );
#2955=DIRECTION ( 'NONE',  ( 0.0000000000000000000, 1.000000000000000000, 1.234776807320388900E-016 ) );
#2956=ORIENTED_EDGE ( 'NONE', *, *, #13714, .F. );
#2957=DIRECTION ( 'NONE',  ( -1.000000000000000000, 0.0000000000000000000, 2.168404344971006100E-015 ) );
#2958=PLANE ( 'NONE',  #2578 );
#2959=CARTESIAN_POINT ( 'NONE',  ( -5.500000000000007100, 0.05000000000000007900, 0.1000000000000008500 ) );
#2960=EDGE_CURVE ( 'NONE', #12198, #4460, #12545, .T. );
#2961=VECTOR ( 'NONE', #163, 1000.000000000000000 );
#2962=PLANE ( 'NONE',  #11052 );
#2963=ORIENTED_EDGE ( 'NONE', *, *, #14236, .T. );
#2964=FACE_OUTER_BOUND ( 'NONE', #13956, .T. );
#2965=VERTEX_POINT ( 'NONE', #9709 );
#2966=ADVANCED_FACE ( 'NONE', ( #10951 ), #5122, .T. );
#2967=VERTEX_POINT ( 'NONE', #7536 );
#2968=ORIENTED_EDGE ( 'NONE', *, *, #7582, .T. );
#2969=CARTESIAN_POINT ( 'NONE',  ( -5.000000000000028400, 0.05000000000000005100, 7.999999999999976000 ) );
#2970=DIRECTION ( 'NONE',  ( 1.000000000000000000, 0.0000000000000000000, 2.168404344971008500E-015 ) );
#2971=LINE ( 'NONE', #134, #2741 );
#2972=ORIENTED_EDGE ( 'NONE', *, *, #667, .T. );
#2973=AXIS2_PLACEMENT_3D ( 'NONE', #1109, #2943, #971 );
#2974=ORIENTED_EDGE ( 'NONE', *, *, #11032, .T. );
#2975=PLANE ( 'NONE',  #13242 );
#2976=EDGE_LOOP ( 'NONE', ( #9526, #2725, #13027, #6150 ) );
#2977=CYLINDRICAL_SURFACE ( 'NONE', #4914, 0.1000000000000002600 );
#2978=ORIENTED_EDGE ( 'NONE', *, *, #13365, .T. );
#2979=EDGE_CURVE ( 'NONE', #12257, #9800, #4101, .T. );
#2980=LINE ( 'NONE', #7068, #6612 );
#2981=ORIENTED_EDGE ( 'NONE', *, *, #6232, .T. );
#2982=VERTEX_POINT ( 'NONE', #1861 );
#2983=ORIENTED_EDGE ( 'NONE', *, *, #14062, .T. );
#2984=ORIENTED_EDGE ( 'NONE', *, *, #8574, .T. );
#2985=CARTESIAN_POINT ( 'NONE',  ( -2.449999999999998000, 0.7499999999999995600, -4.699999999999997500 ) );
#2986=CARTESIAN_POINT ( 'NONE',  ( -6.299999999999999800, 0.05000000000000007900, -1.900000000000001700 ) );
#2987=MECHANICAL_DESIGN_GEOMETRIC_PRESENTATION_REPRESENTATION (  '', ( #8809 ), #2426 );
#2988=ADVANCED_FACE ( 'NONE', ( #9999 ), #10774, .T. );
#2989=EDGE_CURVE ( 'NONE', #7615, #11271, #14596, .T. );
#2990=VERTEX_POINT ( 'NONE', #3816 );
#2991=EDGE_CURVE ( 'NONE', #10748, #6017, #3328, .T. );
#2992=PLANE ( 'NONE',  #13250 );
#2993=CARTESIAN_POINT ( 'NONE',  ( -5.500000000000008000, 0.05000000000000007900, 4.499999999999990200 ) );
#2994=FACE_OUTER_BOUND ( 'NONE', #13297, .T. );
#2995=VERTEX_POINT ( 'NONE', #2637 );
#2996=CARTESIAN_POINT ( 'NONE',  ( -6.300000000000027400, 0.05000000000000007900, 7.999999999999976000 ) );
#2997=CARTESIAN_POINT ( 'NONE',  ( -2.999999999999985300, 0.05000000000000007900, 8.000000000000021300 ) );
#2998=ORIENTED_EDGE ( 'NONE', *, *, #536, .F. );
#2999=AXIS2_PLACEMENT_3D ( 'NONE', #3204, #851, #10455 );
#3000=ORIENTED_EDGE ( 'NONE', *, *, #7418, .T. );
#3001=DIRECTION ( 'NONE',  ( 1.000000000000000000, 0.0000000000000000000, -4.491258520944112600E-035 ) );
#3002=ORIENTED_EDGE ( 'NONE', *, *, #7565, .F. );
#3003=CARTESIAN_POINT ( 'NONE',  ( -0.7249999999999984200, 0.05000000000000005100, 3.424999999999998900 ) );
#3004=EDGE_CURVE ( 'NONE', #2291, #3409, #8155, .T. );
#3005=CARTESIAN_POINT ( 'NONE',  ( -1.000000000000000900, 0.05000000000000005100, 7.199999999999998400 ) );
#3006=EDGE_CURVE ( 'NONE', #13087, #8416, #749, .T. );
#3007=CARTESIAN_POINT ( 'NONE',  ( 4.200000000000001100, 0.05000000000000005100, -1.800000000000001400 ) );
#3008=PLANE ( 'NONE',  #14495 );
#3009=ORIENTED_EDGE ( 'NONE', *, *, #14179, .T. );
#3010=VECTOR ( 'NONE', #8148, 1000.000000000000000 );
#3011=ADVANCED_FACE ( 'NONE', ( #12055 ), #1370, .T. );
#3012=LINE ( 'NONE', #1872, #95 );
#3013=EDGE_LOOP ( 'NONE', ( #11581, #13484, #2358, #11300 ) );
#3014=FACE_OUTER_BOUND ( 'NONE', #8052, .T. );
#3015=LINE ( 'NONE', #2845, #3690 );
#3016=LINE ( 'NONE', #685, #739 );
#3017=EDGE_LOOP ( 'NONE', ( #9852, #11564, #6495, #7564 ) );
#3018=EDGE_CURVE ( 'NONE', #4474, #1213, #10322, .T. );
#3019=PLANE ( 'NONE',  #12859 );
#3020=AXIS2_PLACEMENT_3D ( 'NONE', #91, #2535, #1075 );
#3021=ORIENTED_EDGE ( 'NONE', *, *, #2382, .F. );
#3022=CARTESIAN_POINT ( 'NONE',  ( -6.299999999999951000, 0.05000000000000005100, 5.299999999999993600 ) );
#3023=CARTESIAN_POINT ( 'NONE',  ( 6.299999999999992700, 0.05000000000000007900, 6.099999999999999600 ) );
#3024=CARTESIAN_POINT ( 'NONE',  ( -2.199999999999986900, 0.05000000000000005100, -2.600000000000024100 ) );
#3025=EDGE_LOOP ( 'NONE', ( #13067, #7594, #12967, #11153 ) );
#3026=CARTESIAN_POINT ( 'NONE',  ( -6.299999999999951900, 0.05000000000000007900, 3.699999999999989100 ) );
#3027=LINE ( 'NONE', #6042, #52 );
#3028=LINE ( 'NONE', #777, #4712 );
#3029=LINE ( 'NONE', #7920, #933 );
#3030=ORIENTED_EDGE ( 'NONE', *, *, #10924, .T. );
#3031=EDGE_CURVE ( 'NONE', #14406, #6809, #1652, .T. );
#3032=LINE ( 'NONE', #5158, #186 );
#3033=PLANE ( 'NONE',  #6148 );
#3034=EDGE_CURVE ( 'NONE', #6930, #2328, #10171, .T. );
#3035=LINE ( 'NONE', #4552, #2136 );
#3036=ORIENTED_EDGE ( 'NONE', *, *, #4702, .T. );
#3037=ADVANCED_FACE ( 'NONE', ( #7313 ), #7442, .F. );
#3038=PLANE ( 'NONE',  #11778 );
#3039=EDGE_CURVE ( 'NONE', #11669, #6646, #7112, .T. );
#3040=CLOSED_SHELL ( 'NONE', ( #2718, #4743, #3985, #11000, #5329, #11590 ) );
#3041=PRESENTATION_LAYER_ASSIGNMENT (  '', '', ( #8131 ) );
#3042=MANIFOLD_SOLID_BREP ( 'Pin 7', #1251 );
#3043=EDGE_CURVE ( 'NONE', #12705, #6418, #7470, .T. );
#3044=CARTESIAN_POINT ( 'NONE',  ( 6.299999999999999800, 0.05000000000000005100, -1.900000000000001700 ) );
#3045=VERTEX_POINT ( 'NONE', #635 );
#3046=CARTESIAN_POINT ( 'NONE',  ( 1.400000000000013200, 0.05000000000000007900, 8.000000000000000000 ) );
#3047=CARTESIAN_POINT ( 'NONE',  ( 0.2000000000000019300, 0.7499999999999998900, -7.250000000000000000 ) );
#3048=LINE ( 'NONE', #5782, #22 );
#3049=DIRECTION ( 'NONE',  ( 1.000000000000000000, 0.0000000000000000000, -9.974659986866917200E-014 ) );
#3050=FACE_OUTER_BOUND ( 'NONE', #1523, .T. );
#3051=LINE ( 'NONE', #9182, #2416 );
#3052=ORIENTED_EDGE ( 'NONE', *, *, #3236, .T. );
#3053=LINE ( 'NONE', #2464, #52 );
#3054=LINE ( 'NONE', #1760, #22 );
#3055=FACE_OUTER_BOUND ( 'NONE', #6807, .T. );
#3056=DIRECTION ( 'NONE',  ( -1.937233338377381900E-035, 0.0000000000000000000, 1.000000000000000000 ) );
#3057=ORIENTED_EDGE ( 'NONE', *, *, #10341, .T. );
#3058=ORIENTED_EDGE ( 'NONE', *, *, #11156, .F. );
#3059=PLANE ( 'NONE',  #1986 );
#3060=CARTESIAN_POINT ( 'NONE',  ( -5.000000000000027500, 0.05000000000000007900, -2.599999999999982300 ) );
#3061=ADVANCED_FACE ( 'NONE', ( #13596 ), #7630, .T. );
#3062=AXIS2_PLACEMENT_3D ( 'NONE', #202, #88, #128 );
#3063=DIRECTION ( 'NONE',  ( 1.000000000000000000, 0.0000000000000000000, -2.168404344971006100E-015 ) );
#3064=CARTESIAN_POINT ( 'NONE',  ( -0.4499999999999979000, 0.05000000000000000300, -7.900000000000000400 ) );
#3065=VERTEX_POINT ( 'NONE', #2836 );
#3066=EDGE_CURVE ( 'NONE', #13662, #1111, #14462, .T. );
#3067=FACE_OUTER_BOUND ( 'NONE', #14749, .T. );
#3068=CARTESIAN_POINT ( 'NONE',  ( 5.500000000000030200, 0.05000000000000007900, 0.5000000000000038900 ) );
#3069=VECTOR ( 'NONE', #8680, 1000.000000000000000 );
#3070=ORIENTED_EDGE ( 'NONE', *, *, #3870, .T. );
#3071=CARTESIAN_POINT ( 'NONE',  ( 6.600000000000000500, 0.8000000000000000400, 8.299999999999998900 ) );
#3072=CARTESIAN_POINT ( 'NONE',  ( -2.199999999999986000, 0.05000000000000005100, 8.000000000000021300 ) );
#3073=DIRECTION ( 'NONE',  ( 1.384349459225413400E-046, 0.0000000000000000000, -1.000000000000000000 ) );
#3074=AXIS2_PLACEMENT_3D ( 'NONE', #3523, #9367, #4668 );
#3075=ORIENTED_EDGE ( 'NONE', *, *, #14480, .T. );
#3076=ORIENTED_EDGE ( 'NONE', *, *, #4232, .F. );
#3077=ORIENTED_EDGE ( 'NONE', *, *, #1778, .T. );
#3078=ADVANCED_FACE ( 'NONE', ( #11892 ), #98, .T. );
#3079=VERTEX_POINT ( 'NONE', #4249 );
#3080=ORIENTED_EDGE ( 'NONE', *, *, #7502, .F. );
#3081=ORIENTED_EDGE ( 'NONE', *, *, #3353, .F. );
#3082=PLANE ( 'NONE',  #3698 );
#3083=PLANE ( 'NONE',  #11699 );
#3084=ORIENTED_EDGE ( 'NONE', *, *, #5393, .T. );
#3085=ORIENTED_EDGE ( 'NONE', *, *, #11186, .F. );
#3086=FACE_OUTER_BOUND ( 'NONE', #2191, .T. );
#3087=ORIENTED_EDGE ( 'NONE', *, *, #4720, .F. );
#3088=VECTOR ( 'NONE', #7004, 1000.000000000000000 );
#3089=CARTESIAN_POINT ( 'NONE',  ( -1.000000000000000900, 0.0000000000000000000, -2.600000000000001400 ) );
#3090=CARTESIAN_POINT ( 'NONE',  ( 1.000000000000000900, 0.0000000000000000000, 7.999999999999998200 ) );
#3091=EDGE_CURVE ( 'NONE', #3186, #12873, #5823, .T. );
#3092=ORIENTED_EDGE ( 'NONE', *, *, #14444, .F. );
#3093=CARTESIAN_POINT ( 'NONE',  ( -4.999999999999947600, 0.0000000000000000000, 7.199999999999928200 ) );
#3094=ORIENTED_EDGE ( 'NONE', *, *, #12941, .F. );
#3095=ORIENTED_EDGE ( 'NONE', *, *, #196, .F. );
#3096=ORIENTED_EDGE ( 'NONE', *, *, #13691, .T. );
#3097=ORIENTED_EDGE ( 'NONE', *, *, #3727, .F. );
#3098=VECTOR ( 'NONE', #6119, 1000.000000000000000 );
#3099=ORIENTED_EDGE ( 'NONE', *, *, #1308, .T. );
#3100=LINE ( 'NONE', #4699, #3690 );
#3101=EDGE_CURVE ( 'NONE', #10903, #12601, #6736, .T. );
#3102=ADVANCED_FACE ( 'NONE', ( #9344 ), #7813, .F. );
#3103=CARTESIAN_POINT ( 'NONE',  ( -6.299999999999998900, 0.05000000000000007900, -1.100000000000001600 ) );
#3104=ORIENTED_EDGE ( 'NONE', *, *, #11761, .F. );
#3105=PRESENTATION_LAYER_ASSIGNMENT (  '', '', ( #1267 ) );
#3106=ORIENTED_EDGE ( 'NONE', *, *, #8892, .F. );
#3107=ORIENTED_EDGE ( 'NONE', *, *, #9724, .F. );
#3108=DIRECTION ( 'NONE',  ( -1.000000000000000000, 0.0000000000000000000, 1.314184451497581300E-016 ) );
#3109=EDGE_CURVE ( 'NONE', #1750, #13897, #9676, .T. );
#3110=VERTEX_POINT ( 'NONE', #375 );
#3111=ORIENTED_EDGE ( 'NONE', *, *, #4996, .F. );
#3112=VERTEX_POINT ( 'NONE', #4132 );
#3113=CARTESIAN_POINT ( 'NONE',  ( -1.799999999999999600, 0.0000000000000000000, -1.800000000000001400 ) );
#3114=LINE ( 'NONE', #5638, #384 );
#3115=PLANE ( 'NONE',  #4017 );
#3116=FACE_OUTER_BOUND ( 'NONE', #7519, .T. );
#3117=DIRECTION ( 'NONE',  ( -1.000000000000000000, -1.540743955509788700E-033, 3.252606517456585900E-015 ) );
#3118=ORIENTED_EDGE ( 'NONE', *, *, #13227, .T. );
#3119=EDGE_CURVE ( 'NONE', #6685, #14074, #6369, .T. );
#3120=ADVANCED_FACE ( 'NONE', ( #10635 ), #8055, .F. );
#3121=DIRECTION ( 'NONE',  ( 1.000000000000000000, -0.0000000000000000000, 1.084202172485581500E-015 ) );
#3122=ORIENTED_EDGE ( 'NONE', *, *, #7137, .F. );
#3123=EDGE_LOOP ( 'NONE', ( #223, #577, #10734, #7396 ) );
#3124=EDGE_CURVE ( 'NONE', #9190, #2197, #11276, .T. );
#3125=LINE ( 'NONE', #1365, #96 );
#3126=PRESENTATION_LAYER_ASSIGNMENT (  '', '', ( #294 ) );
#3127=DIRECTION ( 'NONE',  ( -1.384349459225413400E-046, 0.0000000000000000000, 1.000000000000000000 ) );
#3128=ORIENTED_EDGE ( 'NONE', *, *, #8997, .T. );
#3129=ORIENTED_EDGE ( 'NONE', *, *, #5292, .T. );
#3130=EDGE_CURVE ( 'NONE', #729, #14680, #8484, .T. );
#3131=ORIENTED_EDGE ( 'NONE', *, *, #14681, .T. );
#3132=EDGE_CURVE ( 'NONE', #12925, #10045, #12948, .T. );
#3133=ORIENTED_EDGE ( 'NONE', *, *, #3594, .T. );
#3134=CARTESIAN_POINT ( 'NONE',  ( -5.724999999999998800, 2.299999999999999800, 7.680000000000000600 ) );
#3135=ORIENTED_EDGE ( 'NONE', *, *, #1088, .F. );
#3136=AXIS2_PLACEMENT_3D ( 'NONE', #2222, #778, #2916 );
#3137=ADVANCED_FACE ( 'NONE', ( #14118 ), #543, .T. );
#3138=CARTESIAN_POINT ( 'NONE',  ( 5.500000000000029300, 0.0000000000000000000, 4.499999999999990200 ) );
#3139=EDGE_CURVE ( 'NONE', #6930, #13087, #8926, .T. );
#3140=EDGE_LOOP ( 'NONE', ( #10198, #2952, #556, #1456, #4119, #2824, #4540, #3076, #11400, #13503, #6346, #10856, #2751, #7687, #13680, #13349, #8163, #2439, #7744, #4292 ) );
#3141=AXIS2_PLACEMENT_3D ( 'NONE', #5724, #128, #711 );
#3142=EDGE_LOOP ( 'NONE', ( #3875, #10119, #9573, #2463 ) );
#3143=DIRECTION ( 'NONE',  ( 1.000000000000000000, -3.851859888774471700E-034, 1.626303258728374200E-015 ) );
#3144=VECTOR ( 'NONE', #3525, 999.9999999999998900 );
#3145=ORIENTED_EDGE ( 'NONE', *, *, #11051, .T. );
#3146=ORIENTED_EDGE ( 'NONE', *, *, #112, .T. );
#3147=CARTESIAN_POINT ( 'NONE',  ( -5.500000000000007100, 0.05000000000000005100, 0.9000000000000032400 ) );
#3148=CARTESIAN_POINT ( 'NONE',  ( 2.700000000000000200, 0.05000000000000005100, 5.399999999999998600 ) );
#3149=PLANE ( 'NONE',  #13206 );
#3150=EDGE_LOOP ( 'NONE', ( #3435, #11836, #9512, #6643 ) );
#3151=CARTESIAN_POINT ( 'NONE',  ( -0.4499999999999979000, 9.757819552369539900E-016, -7.900000000000000400 ) );
#3152=EDGE_CURVE ( 'NONE', #4934, #13901, #5175, .T. );
#3153=LINE ( 'NONE', #2108, #3294 );
#3154=DIRECTION ( 'NONE',  ( 1.000000000000000000, 0.0000000000000000000, -5.421010862427908700E-016 ) );
#3155=ORIENTED_EDGE ( 'NONE', *, *, #9798, .F. );
#3156=ADVANCED_FACE ( 'NONE', ( #13810 ), #4365, .F. );
#3157=ORIENTED_EDGE ( 'NONE', *, *, #6565, .T. );
#3158=EDGE_CURVE ( 'NONE', #10903, #14247, #12902, .T. );
#3159=FACE_OUTER_BOUND ( 'NONE', #2316, .T. );
#3160=FACE_BOUND ( 'NONE', #10382, .T. );
#3161=EDGE_LOOP ( 'NONE', ( #8612, #14178, #6237, #2963 ) );
#3162=EDGE_LOOP ( 'NONE', ( #6543, #1893, #3593, #14324 ) );
#3163=EDGE_CURVE ( 'NONE', #4357, #2165, #7697, .T. );
#3164=EDGE_LOOP ( 'NONE', ( #10823, #12039, #7273, #4549 ) );
#3165=PLANE ( 'NONE',  #9243 );
#3166=VERTEX_POINT ( 'NONE', #474 );
#3167=CARTESIAN_POINT ( 'NONE',  ( -6.599999999999997000, 0.8000000000000000400, -8.300000000000000700 ) );
#3168=VECTOR ( 'NONE', #990, 1000.000000000000000 );
#3169=EDGE_LOOP ( 'NONE', ( #9353, #218, #14445, #7103 ) );
#3170=VERTEX_POINT ( 'NONE', #319 );
#3171=AXIS2_PLACEMENT_3D ( 'NONE', #1957, #6437, #14720 );
#3172=FACE_BOUND ( 'NONE', #13583, .T. );
#3173=FACE_OUTER_BOUND ( 'NONE', #14091, .T. );
#3174=DIRECTION ( 'NONE',  ( 1.000000000000000000, 0.0000000000000000000, -4.878909776184620100E-015 ) );
#3175=ORIENTED_EDGE ( 'NONE', *, *, #10987, .F. );
#3176=LINE ( 'NONE', #1006, #1206 );
#3177=ORIENTED_EDGE ( 'NONE', *, *, #9124, .T. );
#3178=ADVANCED_FACE ( 'NONE', ( #10201 ), #740, .T. );
#3179=ORIENTED_EDGE ( 'NONE', *, *, #3550, .F. );
#3180=DIRECTION ( 'NONE',  ( 2.385244779468105000E-014, -3.081487911019577400E-033, 1.000000000000000000 ) );
#3181=CARTESIAN_POINT ( 'NONE',  ( 2.999999999999988900, 0.05000000000000007900, 8.000000000000021300 ) );
#3182=DIRECTION ( 'NONE',  ( 7.804049169037448600E-036, 0.0000000000000000000, 1.000000000000000000 ) );
#3183=FACE_OUTER_BOUND ( 'NONE', #11890, .T. );
#3184=ORIENTED_EDGE ( 'NONE', *, *, #5396, .T. );
#3185=VECTOR ( 'NONE', #177, 1000.000000000000000 );
#3186=VERTEX_POINT ( 'NONE', #1301 );
#3187=( GEOMETRIC_REPRESENTATION_CONTEXT ( 3 ) GLOBAL_UNCERTAINTY_ASSIGNED_CONTEXT ( ( #221 ) ) GLOBAL_UNIT_ASSIGNED_CONTEXT ( ( #324, #94, #251 ) ) REPRESENTATION_CONTEXT ( 'NONE', 'WORKASPACE' ) );
#3188=FACE_OUTER_BOUND ( 'NONE', #11744, .T. );
#3189=ORIENTED_EDGE ( 'NONE', *, *, #9809, .F. );
#3190=ORIENTED_EDGE ( 'NONE', *, *, #14320, .F. );
#3191=DIRECTION ( 'NONE',  ( -1.000000000000000000, -0.0000000000000000000, -5.421010862427907700E-016 ) );
#3192=EDGE_LOOP ( 'NONE', ( #10391, #11320, #4899, #9560 ) );
#3193=CARTESIAN_POINT ( 'NONE',  ( 4.200000000000000200, 0.7499999999999995600, -4.699999999999997500 ) );
#3194=ORIENTED_EDGE ( 'NONE', *, *, #1329, .T. );
#3195=CARTESIAN_POINT ( 'NONE',  ( -5.500000000000007100, 0.05000000000000007900, 3.299999999999987800 ) );
#3196=ADVANCED_FACE ( 'NONE', ( #13322 ), #10337, .F. );
#3197=AXIS2_PLACEMENT_3D ( 'NONE', #2016, #5170, #12792 );
#3198=CARTESIAN_POINT ( 'NONE',  ( 4.200000000000002000, 0.05000000000000007900, 8.000000000000021300 ) );
#3199=CARTESIAN_POINT ( 'NONE',  ( -5.974999999999999600, 2.299999999999999800, -2.019999999999998700 ) );
#3200=DIRECTION ( 'NONE',  ( 9.974659986866918500E-014, -0.0000000000000000000, 1.000000000000000000 ) );
#3201=LINE ( 'NONE', #2456, #350 );
#3202=VERTEX_POINT ( 'NONE', #767 );
#3203=EDGE_CURVE ( 'NONE', #14705, #12417, #3539, .T. );
#3204=CARTESIAN_POINT ( 'NONE',  ( -1.800000000000000500, 0.05000000000000005100, 8.000000000000021300 ) );
#3205=LINE ( 'NONE', #6092, #52 );
#3206=CARTESIAN_POINT ( 'NONE',  ( 6.299999999999992700, 0.05000000000000005100, -0.7000000000000022900 ) );
#3207=FACE_OUTER_BOUND ( 'NONE', #14231, .T. );
#3208=VERTEX_POINT ( 'NONE', #612 );
#3209=FACE_OUTER_BOUND ( 'NONE', #12979, .T. );
#3210=VECTOR ( 'NONE', #1162, 1000.000000000000000 );
#3211=CARTESIAN_POINT ( 'NONE',  ( 6.300000000000002500, 0.0000000000000000000, -1.100000000000001600 ) );
#3212=DIRECTION ( 'NONE',  ( 6.938514061341704300E-035, 0.0000000000000000000, 1.000000000000000000 ) );
#3213=FACE_OUTER_BOUND ( 'NONE', #7533, .T. );
#3214=ORIENTED_EDGE ( 'NONE', *, *, #566, .F. );
#3215=AXIS2_PLACEMENT_3D ( 'NONE', #191, #6070, #8704 );
#3216=SURFACE_SIDE_STYLE ('',( #1522 ) );
#3217=ORIENTED_EDGE ( 'NONE', *, *, #7303, .T. );
#3218=EDGE_CURVE ( 'NONE', #5118, #13591, #1242, .T. );
#3219=EDGE_CURVE ( 'NONE', #8389, #2715, #8001, .T. );
#3220=CARTESIAN_POINT ( 'NONE',  ( 0.6000000000000128600, 0.0000000000000000000, -1.800000000000001200 ) );
#3221=ADVANCED_FACE ( 'NONE', ( #14626 ), #14252, .T. );
#3222=ORIENTED_EDGE ( 'NONE', *, *, #6302, .T. );
#3223=CARTESIAN_POINT ( 'NONE',  ( 2.999999999999988900, 0.05000000000000005100, 7.199999999999996600 ) );
#3224=PRESENTATION_LAYER_ASSIGNMENT (  '', '', ( #13101 ) );
#3225=LINE ( 'NONE', #9708, #52 );
#3226=FACE_OUTER_BOUND ( 'NONE', #12337, .T. );
#3227=ORIENTED_EDGE ( 'NONE', *, *, #9335, .T. );
#3228=FACE_OUTER_BOUND ( 'NONE', #4791, .T. );
#3229=LINE ( 'NONE', #510, #2173 );
#3230=LINE ( 'NONE', #1534, #95 );
#3231=ORIENTED_EDGE ( 'NONE', *, *, #7911, .F. );
#3232=EDGE_CURVE ( 'NONE', #11624, #11155, #9778, .T. );
#3233=ORIENTED_EDGE ( 'NONE', *, *, #8740, .T. );
#3234=ORIENTED_EDGE ( 'NONE', *, *, #7371, .T. );
#3235=PLANE ( 'NONE',  #8599 );
#3236=EDGE_CURVE ( 'NONE', #9345, #12053, #6065, .T. );
#3237=CARTESIAN_POINT ( 'NONE',  ( -5.500000000000009800, 0.05000000000000007900, -1.100000000000004500 ) );
#3238=CARTESIAN_POINT ( 'NONE',  ( -5.974999999999999600, 20.65008038564430800, -2.269999999999998700 ) );
#3239=ORIENTED_EDGE ( 'NONE', *, *, #10787, .F. );
#3240=LINE ( 'NONE', #12370, #52 );
#3241=EDGE_CURVE ( 'NONE', #11214, #4274, #13300, .T. );
#3242=LINE ( 'NONE', #5359, #124 );
#3243=ADVANCED_FACE ( 'NONE', ( #8119 ), #11357, .T. );
#3244=CARTESIAN_POINT ( 'NONE',  ( 6.299999999999972300, 0.05000000000000005100, 0.1000000000000028600 ) );
#3245=CARTESIAN_POINT ( 'NONE',  ( 6.299999999999971400, 0.05000000000000005100, 2.100000000000008500 ) );
#3246=ORIENTED_EDGE ( 'NONE', *, *, #8372, .F. );
#3247=PLANE ( 'NONE',  #7436 );
#3248=LINE ( 'NONE', #1678, #6559 );
#3249=CARTESIAN_POINT ( 'NONE',  ( 5.974999999999999600, 0.7999999999999999300, 7.430000000000001500 ) );
#3250=CARTESIAN_POINT ( 'NONE',  ( 3.400000000000001200, 0.0000000000000000000, 7.199999999999998400 ) );
#3251=DIRECTION ( 'NONE',  ( 2.973811673103064800E-014, 0.0000000000000000000, -1.000000000000000000 ) );
#3252=VECTOR ( 'NONE', #2299, 1000.000000000000000 );
#3253=EDGE_LOOP ( 'NONE', ( #10953, #3712, #6143, #14353 ) );
#3254=ORIENTED_EDGE ( 'NONE', *, *, #4779, .T. );
#3255=VERTEX_POINT ( 'NONE', #183 );
#3256=CARTESIAN_POINT ( 'NONE',  ( 5.500000000000028400, 0.05000000000000005100, 4.099999999999989900 ) );
#3257=VERTEX_POINT ( 'NONE', #1528 );
#3258=EDGE_CURVE ( 'NONE', #10355, #9219, #331, .T. );
#3259=CIRCLE ( 'NONE', #13076, 0.2500000000000000000 );
#3260=CARTESIAN_POINT ( 'NONE',  ( 3.400000000000002100, 0.05000000000000007900, -1.800000000000001400 ) );
#3261=ORIENTED_EDGE ( 'NONE', *, *, #8956, .T. );
#3262=FACE_OUTER_BOUND ( 'NONE', #13057, .T. );
#3263=EDGE_CURVE ( 'NONE', #13830, #4248, #2520, .T. );
#3264=DIRECTION ( 'NONE',  ( -9.969675149291987100E-017, 1.246209393661498400E-016, -1.000000000000000000 ) );
#3265=AXIS2_PLACEMENT_3D ( 'NONE', #285, #9483, #11273 );
#3266=LINE ( 'NONE', #5053, #4741 );
#3267=EDGE_LOOP ( 'NONE', ( #7892, #11076, #12150, #10960 ) );
#3268=EDGE_CURVE ( 'NONE', #7227, #2057, #1449, .T. );
#3269=ADVANCED_FACE ( 'NONE', ( #13614 ), #11558, .T. );
#3270=ORIENTED_EDGE ( 'NONE', *, *, #12935, .T. );
#3271=ORIENTED_EDGE ( 'NONE', *, *, #8231, .T. );
#3272=ORIENTED_EDGE ( 'NONE', *, *, #8104, .F. );
#3273=ORIENTED_EDGE ( 'NONE', *, *, #523, .T. );
#3274=PLANE ( 'NONE',  #1402 );
#3275=ORIENTED_EDGE ( 'NONE', *, *, #219, .F. );
#3276=LINE ( 'NONE', #1926, #186 );
#3277=LINE ( 'NONE', #4717, #6001 );
#3278=EDGE_LOOP ( 'NONE', ( #13362, #396, #11432, #8992 ) );
#3279=VERTEX_POINT ( 'NONE', #1852 );
#3280=ADVANCED_FACE ( 'NONE', ( #5841 ), #7382, .F. );
#3281=EDGE_CURVE ( 'NONE', #10581, #575, #13005, .T. );
#3282=EDGE_LOOP ( 'NONE', ( #2439, #6516, #9902, #869 ) );
#3283=PLANE ( 'NONE',  #10760 );
#3284=ADVANCED_FACE ( 'NONE', ( #8342 ), #9471, .F. );
#3285=PLANE ( 'NONE',  #4587 );
#3286=VERTEX_POINT ( 'NONE', #991 );
#3287=CARTESIAN_POINT ( 'NONE',  ( 5.725000000000002300, 2.299999999999999800, -2.019999999999998700 ) );
#3288=DIRECTION ( 'NONE',  ( 2.168404344971165900E-015, 0.0000000000000000000, 1.000000000000000000 ) );
#3289=EDGE_LOOP ( 'NONE', ( #12386, #6024, #9198, #11867 ) );
#3290=VERTEX_POINT ( 'NONE', #2400 );
#3291=AXIS2_PLACEMENT_3D ( 'NONE', #67, #1224, #9684 );
#3292=ORIENTED_EDGE ( 'NONE', *, *, #8071, .T. );
#3293=FACE_OUTER_BOUND ( 'NONE', #220, .T. );
#3294=VECTOR ( 'NONE', #7476, 1000.000000000000000 );
#3295=ORIENTED_EDGE ( 'NONE', *, *, #5866, .F. );
#3296=DIRECTION ( 'NONE',  ( -8.673617379884125400E-015, 0.0000000000000000000, -1.000000000000000000 ) );
#3297=ORIENTED_EDGE ( 'NONE', *, *, #10699, .T. );
#3298=CARTESIAN_POINT ( 'NONE',  ( -1.000000000000000900, -3.388131789017201400E-018, 7.999999999999998200 ) );
#3299=CARTESIAN_POINT ( 'NONE',  ( 6.300000000000008700, 0.05000000000000005100, -2.599999999999981000 ) );
#3300=AXIS2_PLACEMENT_3D ( 'NONE', #635, #8582, #8601 );
#3301=CARTESIAN_POINT ( 'NONE',  ( -2.600000000000000500, 0.05000000000000005100, -2.600000000000024100 ) );
#3302=EDGE_LOOP ( 'NONE', ( #13784, #6362, #7959, #8468 ) );
#3303=VERTEX_POINT ( 'NONE', #2497 );
#3304=ADVANCED_FACE ( 'NONE', ( #3737 ), #8324, .F. );
#3305=ORIENTED_EDGE ( 'NONE', *, *, #7326, .T. );
#3306=EDGE_CURVE ( 'NONE', #11090, #10942, #13900, .T. );
#3307=VECTOR ( 'NONE', #84, 1000.000000000000000 );
#3308=ORIENTED_EDGE ( 'NONE', *, *, #4394, .F. );
#3309=AXIS2_PLACEMENT_3D ( 'NONE', #1382, #1568, #4989 );
#3310=EDGE_LOOP ( 'NONE', ( #1691, #2974, #8579, #3584 ) );
#3311=ORIENTED_EDGE ( 'NONE', *, *, #11761, .T. );
#3312=EDGE_CURVE ( 'NONE', #13221, #2965, #10496, .T. );
#3313=EDGE_CURVE ( 'NONE', #13489, #10392, #12849, .T. );
#3314=CARTESIAN_POINT ( 'NONE',  ( -2.700000000000000600, 0.05000000000000005100, 1.974999999999998500 ) );
#3315=VERTEX_POINT ( 'NONE', #2361 );
#3316=ORIENTED_EDGE ( 'NONE', *, *, #3334, .F. );
#3317=LINE ( 'NONE', #5033, #5942 );
#3318=ORIENTED_EDGE ( 'NONE', *, *, #2212, .F. );
#3319=DIRECTION ( 'NONE',  ( 2.667137344314108700E-013, 0.0000000000000000000, 1.000000000000000000 ) );
#3320=ADVANCED_FACE ( 'NONE', ( #11291 ), #12494, .F. );
#3321=AXIS2_PLACEMENT_3D ( 'NONE', #202, #1162, #5355 );
#3322=ORIENTED_EDGE ( 'NONE', *, *, #6715, .T. );
#3323=ORIENTED_EDGE ( 'NONE', *, *, #1005, .F. );
#3324=EDGE_CURVE ( 'NONE', #10705, #12401, #5453, .T. );
#3325=ORIENTED_EDGE ( 'NONE', *, *, #11673, .F. );
#3326=CARTESIAN_POINT ( 'NONE',  ( 2.200000000000001500, 0.7999999999999997100, -5.349999999999997900 ) );
#3327=LINE ( 'NONE', #816, #22 );
#3328=LINE ( 'NONE', #5071, #22 );
#3329=ORIENTED_EDGE ( 'NONE', *, *, #6380, .T. );
#3330=ORIENTED_EDGE ( 'NONE', *, *, #578, .T. );
#3331=FACE_OUTER_BOUND ( 'NONE', #10877, .T. );
#3332=CARTESIAN_POINT ( 'NONE',  ( -5.599999999999999600, 0.05000000000000007900, 7.999999999999998200 ) );
#3333=CARTESIAN_POINT ( 'NONE',  ( -0.6000000000000128600, 0.05000000000000007900, 8.000000000000000000 ) );
#3334=EDGE_CURVE ( 'NONE', #3902, #9494, #10652, .T. );
#3335=DIRECTION ( 'NONE',  ( 3.717264591378872000E-015, 0.0000000000000000000, -1.000000000000000000 ) );
#3336=DIRECTION ( 'NONE',  ( -1.084202172485580600E-015, 0.0000000000000000000, 1.000000000000000000 ) );
#3337=ORIENTED_EDGE ( 'NONE', *, *, #7108, .F. );
#3338=EDGE_CURVE ( 'NONE', #1056, #10886, #7826, .T. );
#3339=ORIENTED_EDGE ( 'NONE', *, *, #11285, .T. );
#3340=PLANE ( 'NONE',  #11158 );
#3341=ORIENTED_EDGE ( 'NONE', *, *, #1580, .F. );
#3342=ORIENTED_EDGE ( 'NONE', *, *, #1308, .F. );
#3343=ADVANCED_FACE ( 'NONE', ( #5652 ), #30, .T. );
#3344=FACE_OUTER_BOUND ( 'NONE', #11219, .T. );
#3345=ORIENTED_EDGE ( 'NONE', *, *, #8332, .T. );
#3346=VECTOR ( 'NONE', #2269, 1000.000000000000000 );
#3347=ORIENTED_EDGE ( 'NONE', *, *, #2465, .F. );
#3348=DIRECTION ( 'NONE',  ( 1.000000000000000000, -0.0000000000000000000, 8.673617379884079600E-015 ) );
#3349=EDGE_CURVE ( 'NONE', #13035, #11607, #8168, .T. );
#3350=VECTOR ( 'NONE', #2710, 1000.000000000000000 );
#3351=PLANE ( 'NONE',  #8192 );
#3352=CARTESIAN_POINT ( 'NONE',  ( -2.199999999999986900, 0.0000000000000000000, -2.600000000000024100 ) );
#3353=EDGE_CURVE ( 'NONE', #832, #9897, #8009, .T. );
#3354=LINE ( 'NONE', #8782, #8847 );
#3355=LINE ( 'NONE', #1210, #52 );
#3356=ORIENTED_EDGE ( 'NONE', *, *, #7359, .F. );
#3357=ORIENTED_EDGE ( 'NONE', *, *, #2481, .F. );
#3358=MECHANICAL_DESIGN_GEOMETRIC_PRESENTATION_REPRESENTATION (  '', ( #13839 ), #14308 );
#3359=PLANE ( 'NONE',  #12876 );
#3360=ORIENTED_EDGE ( 'NONE', *, *, #3880, .T. );
#3361=ORIENTED_EDGE ( 'NONE', *, *, #4307, .T. );
#3362=CARTESIAN_POINT ( 'NONE',  ( -6.299999999999951000, 0.05000000000000007900, 1.300000000000002900 ) );
#3363=EDGE_CURVE ( 'NONE', #2528, #6114, #6210, .T. );
#3364=LINE ( 'NONE', #836, #8013 );
#3365=ADVANCED_FACE ( 'NONE', ( #7663, #14194 ), #8655, .T. );
#3366=VERTEX_POINT ( 'NONE', #1828 );
#3367=FACE_OUTER_BOUND ( 'NONE', #3867, .T. );
#3368=ORIENTED_EDGE ( 'NONE', *, *, #1746, .F. );
#3369=ADVANCED_FACE ( 'NONE', ( #11141 ), #1289, .F. );
#3370=FACE_OUTER_BOUND ( 'NONE', #14024, .T. );
#3371=CARTESIAN_POINT ( 'NONE',  ( -0.1999999999999866300, 0.05000000000000005100, -1.800000000000001200 ) );
#3372=ORIENTED_EDGE ( 'NONE', *, *, #6606, .F. );
#3373=LINE ( 'NONE', #13968, #22 );
#3374=FACE_OUTER_BOUND ( 'NONE', #7455, .T. );
#3375=ORIENTED_EDGE ( 'NONE', *, *, #4156, .F. );
#3376=PLANE ( 'NONE',  #8566 );
#3377=VERTEX_POINT ( 'NONE', #1358 );
#3378=( GEOMETRIC_REPRESENTATION_CONTEXT ( 3 ) GLOBAL_UNCERTAINTY_ASSIGNED_CONTEXT ( ( #221 ) ) GLOBAL_UNIT_ASSIGNED_CONTEXT ( ( #324, #94, #251 ) ) REPRESENTATION_CONTEXT ( 'NONE', 'WORKASPACE' ) );
#3379=CARTESIAN_POINT ( 'NONE',  ( 0.7249999999999999800, 0.05000000000000005100, -1.734723475976807100E-015 ) );
#3380=ORIENTED_EDGE ( 'NONE', *, *, #10699, .F. );
#3381=EDGE_CURVE ( 'NONE', #2459, #5528, #7486, .T. );
#3382=VECTOR ( 'NONE', #1918, 1000.000000000000000 );
#3383=VERTEX_POINT ( 'NONE', #2618 );
#3384=ORIENTED_EDGE ( 'NONE', *, *, #9926, .T. );
#3385=EDGE_CURVE ( 'NONE', #546, #9315, #13305, .T. );
#3386=EDGE_LOOP ( 'NONE', ( #13349, #11681, #9693, #7446 ) );
#3387=ADVANCED_FACE ( 'NONE', ( #9531 ), #5304, .F. );
#3388=AXIS2_PLACEMENT_3D ( 'NONE', #5510, #6653, #600 );
#3389=VECTOR ( 'NONE', #1794, 1000.000000000000000 );
#3390=VERTEX_POINT ( 'NONE', #3022 );
#3391=EDGE_LOOP ( 'NONE', ( #14121, #6960, #6872, #13513 ) );
#3392=PLANE ( 'NONE',  #3585 );
#3393=LINE ( 'NONE', #1971, #124 );
#3394=EDGE_LOOP ( 'NONE', ( #1166, #7162, #5420, #13410 ) );
#3395=ORIENTED_EDGE ( 'NONE', *, *, #8571, .T. );
#3396=ORIENTED_EDGE ( 'NONE', *, *, #5983, .T. );
#3397=ORIENTED_EDGE ( 'NONE', *, *, #12774, .T. );
#3398=CARTESIAN_POINT ( 'NONE',  ( 2.700000000000001100, 0.05000000000000007900, -1.734723475976807100E-015 ) );
#3399=ORIENTED_EDGE ( 'NONE', *, *, #8381, .T. );
#3400=PLANE ( 'NONE',  #13276 );
#3401=FACE_OUTER_BOUND ( 'NONE', #10738, .T. );
#3402=ORIENTED_EDGE ( 'NONE', *, *, #8396, .T. );
#3403=EDGE_CURVE ( 'NONE', #5108, #2479, #1031, .T. );
#3404=FACE_OUTER_BOUND ( 'NONE', #822, .T. );
#3405=CIRCLE ( 'NONE', #12939, 0.2499999999999997800 );
#3406=ORIENTED_EDGE ( 'NONE', *, *, #1531, .T. );
#3407=ADVANCED_FACE ( 'NONE', ( #2729 ), #12700, .T. );
#3408=CARTESIAN_POINT ( 'NONE',  ( -2.199999999999986000, 0.05000000000000007900, 7.199999999999996600 ) );
#3409=VERTEX_POINT ( 'NONE', #2734 );
#3410=ORIENTED_EDGE ( 'NONE', *, *, #4453, .T. );
#3411=AXIS2_PLACEMENT_3D ( 'NONE', #293, #1880, #553 );
#3412=EDGE_CURVE ( 'NONE', #9327, #10705, #11452, .T. );
#3413=CARTESIAN_POINT ( 'NONE',  ( -0.6000000000000128600, 0.05000000000000007900, 7.199999999999998400 ) );
#3414=ORIENTED_EDGE ( 'NONE', *, *, #2365, .F. );
#3415=CARTESIAN_POINT ( 'NONE',  ( -5.599999999999997900, 0.0000000000000000000, -1.900000000000001700 ) );
#3416=LINE ( 'NONE', #6925, #22 );
#3417=VERTEX_POINT ( 'NONE', #11473 );
#3418=VECTOR ( 'NONE', #254, 1000.000000000000000 );
#3419=ORIENTED_EDGE ( 'NONE', *, *, #5227, .F. );
#3420=AXIS2_PLACEMENT_3D ( 'NONE', #426, #711, #280 );
#3421=EDGE_LOOP ( 'NONE', ( #10668, #733, #10283, #10656 ) );
#3422=ORIENTED_EDGE ( 'NONE', *, *, #2131, .F. );
#3423=PLANE ( 'NONE',  #4296 );
#3424=DIRECTION ( 'NONE',  ( 3.841173411091377500E-014, 0.0000000000000000000, -1.000000000000000000 ) );
#3425=EDGE_CURVE ( 'NONE', #1405, #11553, #5092, .T. );
#3426=ADVANCED_FACE ( 'NONE', ( #8689 ), #11071, .F. );
#3427=ORIENTED_EDGE ( 'NONE', *, *, #14612, .T. );
#3428=CARTESIAN_POINT ( 'NONE',  ( 1.250000000000000700, 0.05000000000000005100, 1.449999999999998200 ) );
#3429=LINE ( 'NONE', #2357, #641 );
#3430=FACE_OUTER_BOUND ( 'NONE', #6220, .T. );
#3431=ORIENTED_EDGE ( 'NONE', *, *, #14159, .F. );
#3432=LINE ( 'NONE', #960, #52 );
#3433=ORIENTED_EDGE ( 'NONE', *, *, #2131, .T. );
#3434=EDGE_CURVE ( 'NONE', #13671, #10236, #11592, .T. );
#3435=ORIENTED_EDGE ( 'NONE', *, *, #11256, .T. );
#3436=EDGE_CURVE ( 'NONE', #8441, #1056, #4524, .T. );
#3437=AXIS2_PLACEMENT_3D ( 'NONE', #4120, #128, #711 );
#3438=CARTESIAN_POINT ( 'NONE',  ( 6.299999999999971400, 0.05000000000000007900, 4.499999999999992000 ) );
#3439=DIRECTION ( 'NONE',  ( 1.000000000000000000, 0.0000000000000000000, 4.878909776184620100E-015 ) );
#3440=CARTESIAN_POINT ( 'NONE',  ( 5.550000000000001600, 8.944667923005411600E-016, -7.250000000000002700 ) );
#3441=ORIENTED_EDGE ( 'NONE', *, *, #2553, .T. );
#3442=LINE ( 'NONE', #4920, #52 );
#3443=ADVANCED_FACE ( 'NONE', ( #13760 ), #12700, .F. );
#3444=LINE ( 'NONE', #2810, #119 );
#3445=LINE ( 'NONE', #1830, #22 );
#3446=ORIENTED_EDGE ( 'NONE', *, *, #8390, .T. );
#3447=EDGE_CURVE ( 'NONE', #2847, #4777, #547, .T. );
#3448=DIRECTION ( 'NONE',  ( -1.000000000000000000, -0.0000000000000000000, 0.0000000000000000000 ) );
#3449=EDGE_CURVE ( 'NONE', #10392, #13223, #12233, .T. );
#3450=LINE ( 'NONE', #1209, #144 );
#3451=ORIENTED_EDGE ( 'NONE', *, *, #7735, .T. );
#3452=FACE_OUTER_BOUND ( 'NONE', #8506, .T. );
#3453=MANIFOLD_SOLID_BREP ( 'Pin 49_2', #12875 );
#3454=AXIS2_PLACEMENT_3D ( 'NONE', #8726, #6851, #1347 );
#3455=VERTEX_POINT ( 'NONE', #4286 );
#3456=EDGE_CURVE ( 'NONE', #13461, #14592, #8830, .T. );
#3457=ORIENTED_EDGE ( 'NONE', *, *, #9809, .T. );
#3458=AXIS2_PLACEMENT_3D ( 'NONE', #688, #5128, #23 );
#3459=CARTESIAN_POINT ( 'NONE',  ( 5.724999999999998800, 2.299999999999999800, 7.430000000000001500 ) );
#3460=DIRECTION ( 'NONE',  ( -1.000000000000000000, -0.0000000000000000000, -5.421010862427684900E-016 ) );
#3461=LINE ( 'NONE', #1697, #2015 );
#3462=LINE ( 'NONE', #7317, #6559 );
#3463=VERTEX_POINT ( 'NONE', #6695 );
#3464=VECTOR ( 'NONE', #8446, 1000.000000000000000 );
#3465=ADVANCED_FACE ( 'NONE', ( #12695 ), #2962, .F. );
#3466=VECTOR ( 'NONE', #3958, 1000.000000000000000 );
#3467=VERTEX_POINT ( 'NONE', #1319 );
#3468=FACE_OUTER_BOUND ( 'NONE', #8639, .T. );
#3469=PLANE ( 'NONE',  #3291 );
#3470=DIRECTION ( 'NONE',  ( -7.804049169037448600E-036, 0.0000000000000000000, 1.000000000000000000 ) );
#3471=EDGE_CURVE ( 'NONE', #14074, #4442, #3720, .T. );
#3472=ORIENTED_EDGE ( 'NONE', *, *, #1895, .T. );
#3473=VERTEX_POINT ( 'NONE', #3301 );
#3474=PLANE ( 'NONE',  #2138 );
#3475=ORIENTED_EDGE ( 'NONE', *, *, #7065, .T. );
#3476=ORIENTED_EDGE ( 'NONE', *, *, #2410, .T. );
#3477=EDGE_LOOP ( 'NONE', ( #4306, #8817, #12498, #6650 ) );
#3478=VECTOR ( 'NONE', #8845, 1000.000000000000000 );
#3479=LINE ( 'NONE', #2895, #350 );
#3480=ORIENTED_EDGE ( 'NONE', *, *, #12527, .T. );
#3481=LINE ( 'NONE', #2196, #52 );
#3482=PLANE ( 'NONE',  #7948 );
#3483=EDGE_CURVE ( 'NONE', #13282, #6954, #527, .T. );
#3484=LINE ( 'NONE', #5102, #95 );
#3485=ORIENTED_EDGE ( 'NONE', *, *, #10827, .F. );
#3486=ADVANCED_FACE ( 'NONE', ( #5267 ), #6746, .F. );
#3487=ORIENTED_EDGE ( 'NONE', *, *, #10914, .T. );
#3488=PLANE ( 'NONE',  #14051 );
#3489=ORIENTED_EDGE ( 'NONE', *, *, #3569, .F. );
#3490=AXIS2_PLACEMENT_3D ( 'NONE', #67, #88, #1049 );
#3491=FACE_OUTER_BOUND ( 'NONE', #5958, .T. );
#3492=VERTEX_POINT ( 'NONE', #262 );
#3493=PLANE ( 'NONE',  #14419 );
#3494=LINE ( 'NONE', #2835, #22 );
#3495=PLANE ( 'NONE',  #14391 );
#3496=PLANE ( 'NONE',  #2100 );
#3497=DIRECTION ( 'NONE',  ( -1.000000000000000000, 3.851859888774471700E-034, -1.084202172485581500E-015 ) );
#3498=DIRECTION ( 'NONE',  ( 1.000000000000000000, -0.0000000000000000000, 2.168404344970947300E-015 ) );
#3499=DIRECTION ( 'NONE',  ( -1.000000000000000000, -0.0000000000000000000, 1.084202172485580400E-015 ) );
#3500=ORIENTED_EDGE ( 'NONE', *, *, #6886, .T. );
#3501=ORIENTED_EDGE ( 'NONE', *, *, #13470, .F. );
#3502=DIRECTION ( 'NONE',  ( -1.579588388143034000E-033, 0.0000000000000000000, -1.000000000000000000 ) );
#3503=AXIS2_PLACEMENT_3D ( 'NONE', #7327, #18, #511 );
#3504=ORIENTED_EDGE ( 'NONE', *, *, #10464, .F. );
#3505=ORIENTED_EDGE ( 'NONE', *, *, #157, .F. );
#3506=FACE_OUTER_BOUND ( 'NONE', #9062, .T. );
#3507=VECTOR ( 'NONE', #6917, 1000.000000000000000 );
#3508=CARTESIAN_POINT ( 'NONE',  ( 6.299999999999971400, 0.0000000000000000000, 3.299999999999988300 ) );
#3509=LINE ( 'NONE', #2396, #8146 );
#3510=ORIENTED_EDGE ( 'NONE', *, *, #11305, .F. );
#3511=AXIS2_PLACEMENT_3D ( 'NONE', #2040, #6653, #600 );
#3512=VERTEX_POINT ( 'NONE', #7257 );
#3513=CARTESIAN_POINT ( 'NONE',  ( 2.600000000000003200, 0.0000000000000000000, 8.000000000000021300 ) );
#3514=LINE ( 'NONE', #4781, #241 );
#3515=EDGE_CURVE ( 'NONE', #13179, #1879, #6385, .T. );
#3516=ORIENTED_EDGE ( 'NONE', *, *, #7931, .F. );
#3517=LINE ( 'NONE', #5061, #22 );
#3518=LINE ( 'NONE', #796, #6738 );
#3519=ORIENTED_EDGE ( 'NONE', *, *, #451, .T. );
#3520=ADVANCED_FACE ( 'NONE', ( #6750 ), #519, .T. );
#3521=PRESENTATION_LAYER_ASSIGNMENT (  '', '', ( #8809 ) );
#3522=FACE_OUTER_BOUND ( 'NONE', #2072, .T. );
#3523=CARTESIAN_POINT ( 'NONE',  ( 4.999999999999970700, 0.05000000000000005100, -1.800000000000001400 ) );
#3524=CARTESIAN_POINT ( 'NONE',  ( -2.999999999999985300, 0.0000000000000000000, 7.199999999999996600 ) );
#3525=DIRECTION ( 'NONE',  ( 0.7071067811865462400, -0.0000000000000000000, -0.7071067811865489100 ) );
#3526=CLOSED_SHELL ( 'NONE', ( #9965, #10057, #7042, #12336, #4472, #9976 ) );
#3527=ORIENTED_EDGE ( 'NONE', *, *, #3403, .T. );
#3528=DIRECTION ( 'NONE',  ( -1.000000000000000000, 0.0000000000000000000, 1.386294004634012100E-035 ) );
#3529=EDGE_CURVE ( 'NONE', #9265, #7466, #5827, .T. );
#3530=ORIENTED_EDGE ( 'NONE', *, *, #13121, .T. );
#3531=EDGE_CURVE ( 'NONE', #6129, #14247, #2714, .T. );
#3532=LINE ( 'NONE', #624, #95 );
#3533=CARTESIAN_POINT ( 'NONE',  ( -2.700000000000000600, 0.0000000000000000000, 5.399999999999998600 ) );
#3534=VERTEX_POINT ( 'NONE', #2031 );
#3535=MECHANICAL_DESIGN_GEOMETRIC_PRESENTATION_REPRESENTATION (  '', ( #13980 ), #4381 );
#3536=LINE ( 'NONE', #4843, #429 );
#3537=EDGE_LOOP ( 'NONE', ( #11171, #9683, #6063, #9073 ) );
#3538=EDGE_CURVE ( 'NONE', #6288, #1809, #1887, .T. );
#3539=LINE ( 'NONE', #4610, #188 );
#3540=VERTEX_POINT ( 'NONE', #377 );
#3541=EDGE_CURVE ( 'NONE', #5624, #1373, #2889, .T. );
#3542=VERTEX_POINT ( 'NONE', #1599 );
#3543=ADVANCED_FACE ( 'NONE', ( #11894 ), #12132, .F. );
#3544=MANIFOLD_SOLID_BREP ( 'Pin 31', #14500 );
#3545=VERTEX_POINT ( 'NONE', #3711 );
#3546=PRESENTATION_LAYER_ASSIGNMENT (  '', '', ( #14374 ) );
#3547=LINE ( 'NONE', #4827, #6575 );
#3548=CARTESIAN_POINT ( 'NONE',  ( 4.200000000000001100, 0.7999999999999999300, -7.250000000000000000 ) );
#3549=ORIENTED_EDGE ( 'NONE', *, *, #12088, .T. );
#3550=EDGE_CURVE ( 'NONE', #9162, #9136, #4322, .T. );
#3551=ORIENTED_EDGE ( 'NONE', *, *, #7106, .T. );
#3552=FACE_OUTER_BOUND ( 'NONE', #13654, .T. );
#3553=ORIENTED_EDGE ( 'NONE', *, *, #2442, .T. );
#3554=LINE ( 'NONE', #5310, #2136 );
#3555=EDGE_CURVE ( 'NONE', #9427, #9406, #7315, .T. );
#3556=CARTESIAN_POINT ( 'NONE',  ( 5.724999999999998800, 2.299999999999999800, 7.680000000000000600 ) );
#3557=FACE_BOUND ( 'NONE', #9514, .T. );
#3558=AXIS2_PLACEMENT_3D ( 'NONE', #67, #1162, #3912 );
#3559=VERTEX_POINT ( 'NONE', #1082 );
#3560=ORIENTED_EDGE ( 'NONE', *, *, #9114, .T. );
#3561=EDGE_LOOP ( 'NONE', ( #2983, #11290, #14390, #517 ) );
#3562=EDGE_LOOP ( 'NONE', ( #13805, #7459, #7599, #5595 ) );
#3563=ADVANCED_FACE ( 'NONE', ( #11748 ), #6802, .F. );
#3564=EDGE_CURVE ( 'NONE', #3315, #13720, #6016, .T. );
#3565=CARTESIAN_POINT ( 'NONE',  ( -6.199999999999997500, 0.7500000000000000000, -7.900000000000000400 ) );
#3566=EDGE_LOOP ( 'NONE', ( #7578, #11913, #2156, #7890 ) );
#3567=EDGE_CURVE ( 'NONE', #6259, #5906, #4103, .T. );
#3568=VERTEX_POINT ( 'NONE', #9925 );
#3569=EDGE_CURVE ( 'NONE', #2653, #4326, #12391, .T. );
#3570=ORIENTED_EDGE ( 'NONE', *, *, #6084, .F. );
#3571=AXIS2_PLACEMENT_3D ( 'NONE', #202, #1162, #4301 );
#3572=FACE_BOUND ( 'NONE', #4955, .T. );
#3573=ORIENTED_EDGE ( 'NONE', *, *, #1428, .F. );
#3574=LINE ( 'NONE', #4781, #188 );
#3575=ORIENTED_EDGE ( 'NONE', *, *, #5919, .F. );
#3576=LINE ( 'NONE', #4110, #10074 );
#3577=VERTEX_POINT ( 'NONE', #5931 );
#3578=EDGE_CURVE ( 'NONE', #3112, #6583, #6372, .T. );
#3579=ORIENTED_EDGE ( 'NONE', *, *, #5070, .T. );
#3580=DIRECTION ( 'NONE',  ( 1.084202172485537000E-015, 0.0000000000000000000, -1.000000000000000000 ) );
#3581=DIRECTION ( 'NONE',  ( 1.000000000000000000, 0.0000000000000000000, -2.385244779468105300E-014 ) );
#3582=ORIENTED_EDGE ( 'NONE', *, *, #916, .F. );
#3583=ADVANCED_FACE ( 'NONE', ( #12997 ), #770, .T. );
#3584=ORIENTED_EDGE ( 'NONE', *, *, #5726, .T. );
#3585=AXIS2_PLACEMENT_3D ( 'NONE', #2187, #128, #711 );
#3586=LINE ( 'NONE', #6598, #13651 );
#3587=ORIENTED_EDGE ( 'NONE', *, *, #5111, .F. );
#3588=DIRECTION ( 'NONE',  ( 1.000000000000000000, -0.0000000000000000000, -5.421010862427901800E-016 ) );
#3589=VECTOR ( 'NONE', #1107, 1000.000000000000000 );
#3590=ORIENTED_EDGE ( 'NONE', *, *, #8152, .F. );
#3591=LINE ( 'NONE', #608, #4774 );
#3592=ORIENTED_EDGE ( 'NONE', *, *, #4793, .F. );
#3593=ORIENTED_EDGE ( 'NONE', *, *, #181, .F. );
#3594=EDGE_CURVE ( 'NONE', #12215, #6556, #13532, .T. );
#3595=CARTESIAN_POINT ( 'NONE',  ( 6.299999999999998900, 0.05000000000000005100, 7.299999999999998000 ) );
#3596=CARTESIAN_POINT ( 'NONE',  ( 4.200000000000001100, 0.7499999999999995600, -4.699999999999997500 ) );
#3597=EDGE_CURVE ( 'NONE', #8210, #1754, #10473, .T. );
#3598=AXIS2_PLACEMENT_3D ( 'NONE', #1834, #2943, #971 );
#3599=ORIENTED_EDGE ( 'NONE', *, *, #5301, .T. );
#3600=AXIS2_PLACEMENT_3D ( 'NONE', #5868, #201, #8854 );
#3601=VECTOR ( 'NONE', #12975, 1000.000000000000000 );
#3602=LINE ( 'NONE', #3730, #22 );
#3603=ORIENTED_EDGE ( 'NONE', *, *, #6815, .T. );
#3604=LINE ( 'NONE', #91, #350 );
#3605=CARTESIAN_POINT ( 'NONE',  ( -5.500000000000007100, 0.05000000000000007900, 0.9000000000000032400 ) );
#3606=ORIENTED_EDGE ( 'NONE', *, *, #3281, .F. );
#3607=ADVANCED_FACE ( 'NONE', ( #265 ), #11467, .F. );
#3608=AXIS2_PLACEMENT_3D ( 'NONE', #1006, #128, #711 );
#3609=ORIENTED_EDGE ( 'NONE', *, *, #4806, .F. );
#3610=EDGE_CURVE ( 'NONE', #4388, #14334, #7118, .T. );
#3611=LINE ( 'NONE', #3167, #11430 );
#3612=EDGE_LOOP ( 'NONE', ( #9085, #13776, #11084, #9515 ) );
#3613=VECTOR ( 'NONE', #2352, 1000.000000000000000 );
#3614=ORIENTED_EDGE ( 'NONE', *, *, #2150, .T. );
#3615=CARTESIAN_POINT ( 'NONE',  ( 3.550000000000001200, 0.8000000000000000400, -7.900000000000000400 ) );
#3616=ORIENTED_EDGE ( 'NONE', *, *, #10373, .T. );
#3617=EDGE_CURVE ( 'NONE', #546, #9315, #12058, .T. );
#3618=ADVANCED_FACE ( 'NONE', ( #7299 ), #13450, .F. );
#3619=EDGE_CURVE ( 'NONE', #10298, #3938, #12687, .T. );
#3620=CARTESIAN_POINT ( 'NONE',  ( -6.299999999999990900, 0.0000000000000000000, -2.600000000000025000 ) );
#3621=VERTEX_POINT ( 'NONE', #4835 );
#3622=LINE ( 'NONE', #132, #52 );
#3623=LINE ( 'NONE', #2281, #2259 );
#3624=LINE ( 'NONE', #1006, #119 );
#3625=DIRECTION ( 'NONE',  ( -0.0000000000000000000, -1.221636250687890500E-016, 1.000000000000000000 ) );
#3626=ORIENTED_EDGE ( 'NONE', *, *, #7203, .T. );
#3627=FACE_OUTER_BOUND ( 'NONE', #5222, .T. );
#3628=EDGE_CURVE ( 'NONE', #3545, #2712, #11736, .T. );
#3629=ORIENTED_EDGE ( 'NONE', *, *, #11421, .T. );
#3630=ORIENTED_EDGE ( 'NONE', *, *, #13881, .T. );
#3631=CARTESIAN_POINT ( 'NONE',  ( -1.799999999999998700, 0.05000000000000007900, 7.199999999999998400 ) );
#3632=EDGE_CURVE ( 'NONE', #2898, #2338, #13599, .T. );
#3633=ORIENTED_EDGE ( 'NONE', *, *, #8740, .F. );
#3634=AXIS2_PLACEMENT_3D ( 'NONE', #67, #1224, #1815 );
#3635=ADVANCED_FACE ( 'NONE', ( #8991 ), #12439, .T. );
#3636=PLANE ( 'NONE',  #10838 );
#3637=ORIENTED_EDGE ( 'NONE', *, *, #12951, .F. );
#3638=ORIENTED_EDGE ( 'NONE', *, *, #10710, .T. );
#3639=PLANE ( 'NONE',  #14684 );
#3640=EDGE_CURVE ( 'NONE', #8066, #10657, #10955, .T. );
#3641=LINE ( 'NONE', #5436, #119 );
#3642=LINE ( 'NONE', #4189, #3589 );
#3643=EDGE_LOOP ( 'NONE', ( #5360, #6836, #9333, #3770 ) );
#3644=EDGE_CURVE ( 'NONE', #7648, #8953, #5084, .T. );
#3645=AXIS2_PLACEMENT_3D ( 'NONE', #5907, #1162, #702 );
#3646=VERTEX_POINT ( 'NONE', #65 );
#3647=ORIENTED_EDGE ( 'NONE', *, *, #10847, .T. );
#3648=ORIENTED_EDGE ( 'NONE', *, *, #12246, .F. );
#3649=PLANE ( 'NONE',  #6196 );
#3650=ORIENTED_EDGE ( 'NONE', *, *, #11014, .T. );
#3651=EDGE_CURVE ( 'NONE', #2735, #7185, #9346, .T. );
#3652=PLANE ( 'NONE',  #959 );
#3653=DIRECTION ( 'NONE',  ( -1.000000000000000000, 3.851859888774471700E-034, -1.626303258728374400E-015 ) );
#3654=ORIENTED_EDGE ( 'NONE', *, *, #7050, .T. );
#3655=FACE_OUTER_BOUND ( 'NONE', #9326, .T. );
#3656=EDGE_CURVE ( 'NONE', #7324, #10125, #10003, .T. );
#3657=LINE ( 'NONE', #4249, #4209 );
#3658=ADVANCED_FACE ( 'NONE', ( #13134 ), #14624, .T. );
#3659=ORIENTED_EDGE ( 'NONE', *, *, #555, .T. );
#3660=FACE_OUTER_BOUND ( 'NONE', #2807, .T. );
#3661=AXIS2_PLACEMENT_3D ( 'NONE', #2357, #579, #14152 );
#3662=VECTOR ( 'NONE', #1457, 1000.000000000000000 );
#3663=EDGE_LOOP ( 'NONE', ( #4166, #9100, #7375, #7135 ) );
#3664=EDGE_CURVE ( 'NONE', #3467, #4160, #3518, .T. );
#3665=ORIENTED_EDGE ( 'NONE', *, *, #3515, .T. );
#3666=DIRECTION ( 'NONE',  ( -2.710505431213863600E-016, 0.0000000000000000000, 1.000000000000000000 ) );
#3667=ORIENTED_EDGE ( 'NONE', *, *, #14310, .T. );
#3668=EDGE_LOOP ( 'NONE', ( #9857, #7618, #9690, #2417 ) );
#3669=ORIENTED_EDGE ( 'NONE', *, *, #5206, .F. );
#3670=LINE ( 'NONE', #6144, #3098 );
#3671=LINE ( 'NONE', #6479, #11207 );
#3672=ORIENTED_EDGE ( 'NONE', *, *, #14738, .T. );
#3673=VECTOR ( 'NONE', #6584, 1000.000000000000000 );
#3674=AXIS2_PLACEMENT_3D ( 'NONE', #687, #2708, #13668 );
#3675=DIRECTION ( 'NONE',  ( -3.717264591378872000E-015, 0.0000000000000000000, 1.000000000000000000 ) );
#3676=PLANE ( 'NONE',  #14119 );
#3677=ORIENTED_EDGE ( 'NONE', *, *, #10596, .F. );
#3678=ADVANCED_FACE ( 'NONE', ( #2703 ), #30, .T. );
#3679=CARTESIAN_POINT ( 'NONE',  ( 1.550000000000001600, 8.944667923005411600E-016, -7.250000000000000000 ) );
#3680=EDGE_CURVE ( 'NONE', #10597, #1440, #11110, .T. );
#3681=ORIENTED_EDGE ( 'NONE', *, *, #6757, .T. );
#3682=CARTESIAN_POINT ( 'NONE',  ( -2.449999999999998000, 0.7499999999999998900, -7.250000000000000000 ) );
#3683=ORIENTED_EDGE ( 'NONE', *, *, #1377, .T. );
#3684=EDGE_CURVE ( 'NONE', #10172, #575, #10324, .T. );
#3685=EDGE_LOOP ( 'NONE', ( #12526, #807, #6301, #8156 ) );
#3686=CARTESIAN_POINT ( 'NONE',  ( -0.1999999999999866300, 0.05000000000000005100, 8.000000000000000000 ) );
#3687=AXIS2_PLACEMENT_3D ( 'NONE', #202, #1224, #9684 );
#3688=LINE ( 'NONE', #4678, #96 );
#3689=ORIENTED_EDGE ( 'NONE', *, *, #9173, .T. );
#3690=VECTOR ( 'NONE', #165, 1000.000000000000000 );
#3691=MECHANICAL_DESIGN_GEOMETRIC_PRESENTATION_REPRESENTATION (  '', ( #9153 ), #13941 );
#3692=LINE ( 'NONE', #2596, #2058 );
#3693=CARTESIAN_POINT ( 'NONE',  ( -0.4499999999999980100, 6.606856988583542600E-016, -5.349999999999997900 ) );
#3694=ORIENTED_EDGE ( 'NONE', *, *, #8598, .F. );
#3695=ORIENTED_EDGE ( 'NONE', *, *, #2791, .T. );
#3696=ORIENTED_EDGE ( 'NONE', *, *, #10520, .T. );
#3697=ADVANCED_FACE ( 'NONE', ( #3910 ), #12976, .T. );
#3698=AXIS2_PLACEMENT_3D ( 'NONE', #5598, #93, #18 );
#3699=PLANE ( 'NONE',  #13995 );
#3700=PLANE ( 'NONE',  #4355 );
#3701=VERTEX_POINT ( 'NONE', #1575 );
#3702=ORIENTED_EDGE ( 'NONE', *, *, #7752, .T. );
#3703=LINE ( 'NONE', #2985, #121 );
#3704=LINE ( 'NONE', #3211, #13464 );
#3705=ORIENTED_EDGE ( 'NONE', *, *, #3656, .F. );
#3706=EDGE_CURVE ( 'NONE', #10583, #1030, #4305, .T. );
#3707=LINE ( 'NONE', #1264, #3690 );
#3708=CARTESIAN_POINT ( 'NONE',  ( 5.599999999999997900, 0.05000000000000005100, -1.900000000000001700 ) );
#3709=VECTOR ( 'NONE', #5117, 1000.000000000000000 );
#3710=ORIENTED_EDGE ( 'NONE', *, *, #5787, .F. );
#3711=CARTESIAN_POINT ( 'NONE',  ( 4.999999999999969800, 0.05000000000000007900, 7.199999999999998400 ) );
#3712=ORIENTED_EDGE ( 'NONE', *, *, #2542, .F. );
#3713=ORIENTED_EDGE ( 'NONE', *, *, #9479, .T. );
#3714=AXIS2_PLACEMENT_3D ( 'NONE', #436, #2189, #14263 );
#3715=VERTEX_POINT ( 'NONE', #1006 );
#3716=CIRCLE ( 'NONE', #11078, 0.2500000000000002200 );
#3717=EDGE_CURVE ( 'NONE', #4997, #10965, #13296, .T. );
#3718=ORIENTED_EDGE ( 'NONE', *, *, #11791, .F. );
#3719=ADVANCED_FACE ( 'NONE', ( #4087 ), #5327, .T. );
#3720=LINE ( 'NONE', #6598, #1206 );
#3721=ORIENTED_EDGE ( 'NONE', *, *, #9940, .T. );
#3722=FACE_OUTER_BOUND ( 'NONE', #8684, .T. );
#3723=EDGE_CURVE ( 'NONE', #525, #4339, #14599, .T. );
#3724=VERTEX_POINT ( 'NONE', #3352 );
#3725=VERTEX_POINT ( 'NONE', #382 );
#3726=DIRECTION ( 'NONE',  ( 1.000000000000000000, 0.0000000000000000000, -1.084202172485582700E-015 ) );
#3727=EDGE_CURVE ( 'NONE', #4001, #5837, #10639, .T. );
#3728=EDGE_LOOP ( 'NONE', ( #8556, #10923, #11960, #5522 ) );
#3729=ORIENTED_EDGE ( 'NONE', *, *, #8380, .F. );
#3730=CARTESIAN_POINT ( 'NONE',  ( 2.600000000000001400, 0.05000000000000005100, 7.199999999999998400 ) );
#3731=CARTESIAN_POINT ( 'NONE',  ( 5.550000000000001600, 0.7999999999999999300, -7.250000000000002700 ) );
#3732=FACE_OUTER_BOUND ( 'NONE', #11692, .T. );
#3733=PLANE ( 'NONE',  #2999 );
#3734=LINE ( 'NONE', #5247, #52 );
#3735=ORIENTED_EDGE ( 'NONE', *, *, #1059, .F. );
#3736=STYLED_ITEM ( 'NONE', ( #853 ), #6557 );
#3737=FACE_OUTER_BOUND ( 'NONE', #11545, .T. );
#3738=ORIENTED_EDGE ( 'NONE', *, *, #10683, .F. );
#3739=CARTESIAN_POINT ( 'NONE',  ( 4.200000000000001100, 0.04999999999999992000, -7.250000000000000000 ) );
#3740=EDGE_CURVE ( 'NONE', #8229, #3290, #11278, .T. );
#3741=ADVANCED_FACE ( 'NONE', ( #751 ), #6511, .F. );
#3742=FACE_OUTER_BOUND ( 'NONE', #6632, .T. );
#3743=LINE ( 'NONE', #6183, #124 );
#3744=EDGE_CURVE ( 'NONE', #11063, #1057, #7811, .T. );
#3745=ORIENTED_EDGE ( 'NONE', *, *, #12941, .T. );
#3746=ORIENTED_EDGE ( 'NONE', *, *, #11390, .T. );
#3747=MANIFOLD_SOLID_BREP ( 'Pin 24', #8746 );
#3748=AXIS2_PLACEMENT_3D ( 'NONE', #5886, #9431, #11403 );
#3749=VERTEX_POINT ( 'NONE', #4800 );
#3750=ORIENTED_EDGE ( 'NONE', *, *, #1882, .F. );
#3751=ORIENTED_EDGE ( 'NONE', *, *, #14633, .F. );
#3752=LINE ( 'NONE', #2128, #3920 );
#3753=ORIENTED_EDGE ( 'NONE', *, *, #10835, .T. );
#3754=FACE_OUTER_BOUND ( 'NONE', #5059, .T. );
#3755=ORIENTED_EDGE ( 'NONE', *, *, #1531, .F. );
#3756=EDGE_CURVE ( 'NONE', #6040, #4413, #9665, .T. );
#3757=FACE_OUTER_BOUND ( 'NONE', #9325, .T. );
#3758=LINE ( 'NONE', #1927, #52 );
#3759=LINE ( 'NONE', #4660, #119 );
#3760=ORIENTED_EDGE ( 'NONE', *, *, #9428, .F. );
#3761=VERTEX_POINT ( 'NONE', #5639 );
#3762=AXIS2_PLACEMENT_3D ( 'NONE', #3686, #9220, #3958 );
#3763=ORIENTED_EDGE ( 'NONE', *, *, #4894, .T. );
#3764=EDGE_CURVE ( 'NONE', #13733, #644, #5808, .T. );
#3765=ADVANCED_FACE ( 'NONE', ( #3506 ), #4471, .T. );
#3766=CARTESIAN_POINT ( 'NONE',  ( 3.550000000000001200, 0.05000000000000000300, -7.900000000000000400 ) );
#3767=( GEOMETRIC_REPRESENTATION_CONTEXT ( 3 ) GLOBAL_UNCERTAINTY_ASSIGNED_CONTEXT ( ( #221 ) ) GLOBAL_UNIT_ASSIGNED_CONTEXT ( ( #324, #94, #251 ) ) REPRESENTATION_CONTEXT ( 'NONE', 'WORKASPACE' ) );
#3768=VERTEX_POINT ( 'NONE', #2806 );
#3769=ORIENTED_EDGE ( 'NONE', *, *, #2716, .F. );
#3770=ORIENTED_EDGE ( 'NONE', *, *, #6401, .T. );
#3771=LINE ( 'NONE', #314, #186 );
#3772=VERTEX_POINT ( 'NONE', #2846 );
#3773=LINE ( 'NONE', #9486, #718 );
#3774=ORIENTED_EDGE ( 'NONE', *, *, #13915, .F. );
#3775=LINE ( 'NONE', #2267, #22 );
#3776=EDGE_LOOP ( 'NONE', ( #37, #9156, #4437, #12711 ) );
#3777=CARTESIAN_POINT ( 'NONE',  ( 2.600000000000001400, 0.0000000000000000000, 7.199999999999998400 ) );
#3778=EDGE_CURVE ( 'NONE', #11765, #25, #11419, .T. );
#3779=ORIENTED_EDGE ( 'NONE', *, *, #13055, .T. );
#3780=EDGE_CURVE ( 'NONE', #4907, #10147, #7801, .T. );
#3781=LINE ( 'NONE', #5203, #96 );
#3782=VERTEX_POINT ( 'NONE', #777 );
#3783=ORIENTED_EDGE ( 'NONE', *, *, #2492, .F. );
#3784=AXIS2_PLACEMENT_3D ( 'NONE', #2764, #2255, #2955 );
#3785=ADVANCED_FACE ( 'NONE', ( #8143 ), #1753, .F. );
#3786=DIRECTION ( 'NONE',  ( 1.301042606982603100E-014, 0.0000000000000000000, 1.000000000000000000 ) );
#3787=EDGE_CURVE ( 'NONE', #9872, #12780, #12534, .T. );
#3788=LINE ( 'NONE', #228, #95 );
#3789=AXIS2_PLACEMENT_3D ( 'NONE', #4746, #7512, #8545 );
#3790=DIRECTION ( 'NONE',  ( 1.000000000000000000, 0.0000000000000000000, -4.210554863359292500E-036 ) );
#3791=VERTEX_POINT ( 'NONE', #8057 );
#3792=LINE ( 'NONE', #5818, #52 );
#3793=VERTEX_POINT ( 'NONE', #6147 );
#3794=PLANE ( 'NONE',  #11255 );
#3795=CLOSED_SHELL ( 'NONE', ( #7089, #9584, #115, #13230, #9598, #6761, #5086 ) );
#3796=ORIENTED_EDGE ( 'NONE', *, *, #3132, .F. );
#3797=DIRECTION ( 'NONE',  ( 2.168404344970947300E-015, 9.629649721936179300E-035, 1.000000000000000000 ) );
#3798=AXIS2_PLACEMENT_3D ( 'NONE', #3198, #2535, #1075 );
#3799=ORIENTED_EDGE ( 'NONE', *, *, #13423, .F. );
#3800=LINE ( 'NONE', #6046, #1977 );
#3801=ADVANCED_FACE ( 'NONE', ( #7099 ), #5523, .T. );
#3802=LINE ( 'NONE', #1762, #334 );
#3803=ORIENTED_EDGE ( 'NONE', *, *, #2430, .T. );
#3804=EDGE_CURVE ( 'NONE', #8070, #8665, #9830, .T. );
#3805=FACE_OUTER_BOUND ( 'NONE', #10092, .T. );
#3806=ORIENTED_EDGE ( 'NONE', *, *, #6329, .F. );
#3807=DIRECTION ( 'NONE',  ( 1.000000000000000000, -1.925929944387235900E-034, 4.336808689941613800E-015 ) );
#3808=ORIENTED_EDGE ( 'NONE', *, *, #12893, .T. );
#3809=ORIENTED_EDGE ( 'NONE', *, *, #14661, .F. );
#3810=CARTESIAN_POINT ( 'NONE',  ( 2.199999999999989100, 0.05000000000000005100, 7.199999999999996600 ) );
#3811=EDGE_CURVE ( 'NONE', #8953, #1840, #1634, .T. );
#3812=PLANE ( 'NONE',  #2327 );
#3813=ORIENTED_EDGE ( 'NONE', *, *, #9031, .F. );
#3814=LINE ( 'NONE', #262, #119 );
#3815=ORIENTED_EDGE ( 'NONE', *, *, #10865, .F. );
#3816=CARTESIAN_POINT ( 'NONE',  ( 5.500000000000030200, 0.0000000000000000000, 0.1000000000000028600 ) );
#3817=LINE ( 'NONE', #5990, #2775 );
#3818=CARTESIAN_POINT ( 'NONE',  ( 5.500000000000029300, 0.05000000000000005100, 4.899999999999993200 ) );
#3819=CARTESIAN_POINT ( 'NONE',  ( -5.000000000000024900, 0.05000000000000007900, -1.799999999999895500 ) );
#3820=EDGE_LOOP ( 'NONE', ( #1888, #1188, #12397, #9623 ) );
#3821=ADVANCED_FACE ( 'NONE', ( #14589 ), #472, .F. );
#3822=ORIENTED_EDGE ( 'NONE', *, *, #9204, .T. );
#3823=CARTESIAN_POINT ( 'NONE',  ( 1.000000000000000900, 0.0000000000000000000, -2.600000000000001400 ) );
#3824=EDGE_CURVE ( 'NONE', #1352, #5306, #12043, .T. );
#3825=ORIENTED_EDGE ( 'NONE', *, *, #2018, .F. );
#3826=DIRECTION ( 'NONE',  ( 1.301042606982603000E-014, 0.0000000000000000000, 1.000000000000000000 ) );
#3827=PLANE ( 'NONE',  #12571 );
#3828=LINE ( 'NONE', #4676, #7741 );
#3829=AXIS2_PLACEMENT_3D ( 'NONE', #3739, #511, #613 );
#3830=FACE_OUTER_BOUND ( 'NONE', #8003, .T. );
#3831=VERTEX_POINT ( 'NONE', #12059 );
#3832=EDGE_CURVE ( 'NONE', #11874, #6325, #8641, .T. );
#3833=LINE ( 'NONE', #258, #3879 );
#3834=CLOSED_SHELL ( 'NONE', ( #11968, #10167, #14280, #5253, #1557, #7692, #1732, #13051, #14088, #2490, #10944, #6570, #1354, #11672, #2701, #8165, #14311, #11096, #8960, #7192, #6779, #6026, #11629, #5966, #8577, #14511, #1685, #10285, #2640, #4291, #11262, #12818, #2555, #2890, #11641, #10148, #10133, #3486, #10832, #6995, #7534, #14598, #358, #4436, #12137, #11916, #2678, #9546, #7028, #12512, #12374, #3607, #5535, #336, #12642, #8964, #9933, #12729, #11184, #9340, #14016, #12625, #2660, #12465, #5416, #3156, #11222, #11332, #14103, #4496, #1060, #9668, #9792, #7640, #11985, #9900, #6704, #7345, #12155, #3678, #8073, #4395, #1756, #5152, #4799, #4762, #13969, #12537, #6179, #2251, #680, #1424, #4203, #10224, #9774, #10567, #13481, #1040, #3369, #4881, #1803, #4941, #13498, #9808, #4960, #1657, #4137, #13243, #12232, #14454, #9513, #2920, #11347, #10885, #13758, #8094, #13873, #12068, #13264, #1332, #231, #12877, #1980, #10422, #1284, #8182, #12570, #13118, #5599, #13734, #10585, #13137, #5764, #5362, #14272, #8266, #10655, #2377, #1494, #1845, #13983, #4691, #8333, #9628, #3343, #4919, #3563, #14048, #9918, #10117, #10250, #8694, #9760, #3280, #13166, #5632, #2414, #2355, #2184, #10814, #7584, #9442, #13719, #4670, #10963, #14050, #6044, #13564, #9212, #3284, #2200, #5398, #5439, #7957, #5650, #11282, #11529, #6384, #7244, #12757, #10700, #4576, #7494, #8435, #12913, #14468, #12955, #9106, #13788, #13542, #2779, #11413, #6361, #5934, #3465, #14663, #83, #11878, #13694, #14409, #7789, #1310, #12743, #10522, #9748, #1218, #10335, #12185, #9457, #9615, #6117, #12496, #6007, #6323, #6589, #3924, #6251, #9035, #60, #888, #11377, #12320, #12057, #10777, #6828, #540, #6637, #970, #12788, #4033, #4049, #13062, #14002, #10001, #14368, #3821, #6100, #2739, #3102, #11513, #4246, #2144, #12660, #6343, #5482, #4451, #9141, #12002, #4374, #6550, #7888, #14158, #11725, #14651, #12265, #12005, #5540, #12481, #2850, #2337, #11488, #7653, #12405, #3320, #12612, #9160, #3304, #6663, #457, #9828, #12296, #1871, #9088, #6955, #4005, #6858, #11741, #799, #3543, #10622, #11042, #8994, #9254, #14395, #3387, #4976, #9430, #13002, #9071, #13103, #11296, #10087, #253, #12251, #8882, #11151, #8539, #13018, #13369, #11441, #14727, #13446, #7444, #10671, #6845, #5674, #8198, #7992, #10313, #13628, #1197, #8927, #10475, #4629, #12931, #9732 ) );
#3835=CLOSED_SHELL ( 'NONE', ( #10725, #7429, #7976, #6160, #9712, #3037 ) );
#3836=EDGE_CURVE ( 'NONE', #4442, #7193, #6353, .T. );
#3837=LINE ( 'NONE', #5104, #144 );
#3838=DIRECTION ( 'NONE',  ( 1.000000000000000000, 0.0000000000000000000, -5.899716722050667400E-035 ) );
#3839=ADVANCED_FACE ( 'NONE', ( #6546 ), #11139, .F. );
#3840=ORIENTED_EDGE ( 'NONE', *, *, #9545, .F. );
#3841=ORIENTED_EDGE ( 'NONE', *, *, #11598, .F. );
#3842=LINE ( 'NONE', #909, #52 );
#3843=LINE ( 'NONE', #3739, #1541 );
#3844=VERTEX_POINT ( 'NONE', #1875 );
#3845=EDGE_CURVE ( 'NONE', #1368, #10291, #3704, .T. );
#3846=CARTESIAN_POINT ( 'NONE',  ( -2.449999999999998000, 5.793705359219414300E-016, -4.699999999999997500 ) );
#3847=EDGE_CURVE ( 'NONE', #1238, #518, #2290, .T. );
#3848=LINE ( 'NONE', #9490, #52 );
#3849=CARTESIAN_POINT ( 'NONE',  ( -5.500000000000008000, 0.05000000000000005100, 2.499999999999996400 ) );
#3850=ORIENTED_EDGE ( 'NONE', *, *, #2657, .T. );
#3851=ORIENTED_EDGE ( 'NONE', *, *, #12460, .T. );
#3852=ORIENTED_EDGE ( 'NONE', *, *, #1083, .T. );
#3853=EDGE_CURVE ( 'NONE', #14134, #5108, #1191, .T. );
#3854=AXIS2_PLACEMENT_3D ( 'NONE', #1677, #11005, #12020 );
#3855=PLANE ( 'NONE',  #2743 );
#3856=ORIENTED_EDGE ( 'NONE', *, *, #1441, .T. );
#3857=EDGE_CURVE ( 'NONE', #6556, #14590, #7012, .T. );
#3858=CARTESIAN_POINT ( 'NONE',  ( 1.249999999999999800, 0.0000000000000000000, 5.399999999999998600 ) );
#3859=ORIENTED_EDGE ( 'NONE', *, *, #3845, .T. );
#3860=LINE ( 'NONE', #949, #22 );
#3861=ADVANCED_FACE ( 'NONE', ( #9985 ), #98, .T. );
#3862=FACE_OUTER_BOUND ( 'NONE', #6635, .T. );
#3863=PLANE ( 'NONE',  #14602 );
#3864=DIRECTION ( 'NONE',  ( 1.000000000000000000, -0.0000000000000000000, 1.025057203597679900E-034 ) );
#3865=FACE_OUTER_BOUND ( 'NONE', #13936, .T. );
#3866=LINE ( 'NONE', #5359, #95 );
#3867=EDGE_LOOP ( 'NONE', ( #5134, #10448, #8895, #1090 ) );
#3868=EDGE_CURVE ( 'NONE', #12419, #2364, #737, .T. );
#3869=ORIENTED_EDGE ( 'NONE', *, *, #185, .F. );
#3870=EDGE_CURVE ( 'NONE', #7127, #1454, #12205, .T. );
#3871=EDGE_CURVE ( 'NONE', #6583, #5776, #11880, .T. );
#3872=PLANE ( 'NONE',  #5911 );
#3873=EDGE_LOOP ( 'NONE', ( #12720, #9532, #11449, #8819 ) );
#3874=EDGE_LOOP ( 'NONE', ( #10026, #2769, #2480, #5730 ) );
#3875=ORIENTED_EDGE ( 'NONE', *, *, #3811, .T. );
#3876=LINE ( 'NONE', #1540, #52 );
#3877=AXIS2_PLACEMENT_3D ( 'NONE', #202, #1162, #1323 );
#3878=ORIENTED_EDGE ( 'NONE', *, *, #409, .F. );
#3879=VECTOR ( 'NONE', #120, 1000.000000000000000 );
#3880=EDGE_CURVE ( 'NONE', #7956, #10392, #7128, .T. );
#3881=ADVANCED_FACE ( 'NONE', ( #12983 ), #178, .T. );
#3882=AXIS2_PLACEMENT_3D ( 'NONE', #6267, #93, #18 );
#3883=FACE_OUTER_BOUND ( 'NONE', #13135, .T. );
#3884=PLANE ( 'NONE',  #9213 );
#3885=CARTESIAN_POINT ( 'NONE',  ( 6.200000000000001100, 0.7499999999999994400, -3.699999999999998000 ) );
#3886=ORIENTED_EDGE ( 'NONE', *, *, #10295, .F. );
#3887=VERTEX_POINT ( 'NONE', #5450 );
#3888=ORIENTED_EDGE ( 'NONE', *, *, #14135, .F. );
#3889=PLANE ( 'NONE',  #2005 );
#3890=VERTEX_POINT ( 'NONE', #2477 );
#3891=DIRECTION ( 'NONE',  ( 1.000000000000000000, -0.0000000000000000000, 1.246361098538497300E-035 ) );
#3892=ORIENTED_EDGE ( 'NONE', *, *, #1694, .T. );
#3893=VERTEX_POINT ( 'NONE', #100 );
#3894=LINE ( 'NONE', #2795, #2545 );
#3895=FACE_OUTER_BOUND ( 'NONE', #8661, .T. );
#3896=ORIENTED_EDGE ( 'NONE', *, *, #11283, .F. );
#3897=EDGE_CURVE ( 'NONE', #7107, #12823, #5988, .T. );
#3898=VERTEX_POINT ( 'NONE', #949 );
#3899=ADVANCED_FACE ( 'NONE', ( #13287 ), #9875, .F. );
#3900=ORIENTED_EDGE ( 'NONE', *, *, #13975, .F. );
#3901=VERTEX_POINT ( 'NONE', #2456 );
#3902=VERTEX_POINT ( 'NONE', #2902 );
#3903=EDGE_CURVE ( 'NONE', #10456, #12042, #504, .T. );
#3904=PLANE ( 'NONE',  #2907 );
#3905=AXIS2_PLACEMENT_3D ( 'NONE', #1304, #2116, #128 );
#3906=LINE ( 'NONE', #1537, #22 );
#3907=AXIS2_PLACEMENT_3D ( 'NONE', #8905, #93, #18 );
#3908=ORIENTED_EDGE ( 'NONE', *, *, #12833, .F. );
#3909=FACE_OUTER_BOUND ( 'NONE', #2223, .T. );
#3910=FACE_OUTER_BOUND ( 'NONE', #6694, .T. );
#3911=VERTEX_POINT ( 'NONE', #2969 );
#3912=DIRECTION ( 'NONE',  ( -5.911569487279503100E-035, 0.0000000000000000000, -1.000000000000000000 ) );
#3913=VECTOR ( 'NONE', #961, 1000.000000000000000 );
#3914=ORIENTED_EDGE ( 'NONE', *, *, #10321, .T. );
#3915=ORIENTED_EDGE ( 'NONE', *, *, #7581, .T. );
#3916=AXIS2_PLACEMENT_3D ( 'NONE', #5690, #10964, #4148 );
#3917=CARTESIAN_POINT ( 'NONE',  ( -6.300000000000027400, 0.0000000000000000000, 7.999999999999976000 ) );
#3918=VERTEX_POINT ( 'NONE', #8894 );
#3919=EDGE_LOOP ( 'NONE', ( #9177, #11103, #4750, #12323 ) );
#3920=VECTOR ( 'NONE', #5128, 1000.000000000000000 );
#3921=EDGE_CURVE ( 'NONE', #8790, #6114, #12678, .T. );
#3922=CARTESIAN_POINT ( 'NONE',  ( 2.200000000000001500, 6.606856988583542600E-016, -5.349999999999997900 ) );
#3923=ORIENTED_EDGE ( 'NONE', *, *, #898, .F. );
#3924=ADVANCED_FACE ( 'NONE', ( #9161 ), #472, .F. );
#3925=ORIENTED_EDGE ( 'NONE', *, *, #11, .F. );
#3926=VECTOR ( 'NONE', #6430, 1000.000000000000000 );
#3927=CARTESIAN_POINT ( 'NONE',  ( -6.299999999999951900, 0.05000000000000005100, 1.700000000000004800 ) );
#3928=LINE ( 'NONE', #1894, #22 );
#3929=ORIENTED_EDGE ( 'NONE', *, *, #10176, .F. );
#3930=EDGE_LOOP ( 'NONE', ( #4709, #10477, #9123, #534 ) );
#3931=PRESENTATION_LAYER_ASSIGNMENT (  '', '', ( #5876 ) );
#3932=PLANE ( 'NONE',  #6008 );
#3933=ORIENTED_EDGE ( 'NONE', *, *, #12088, .F. );
#3934=EDGE_CURVE ( 'NONE', #4034, #4038, #2683, .T. );
#3935=VERTEX_POINT ( 'NONE', #5590 );
#3936=CARTESIAN_POINT ( 'NONE',  ( 6.299999999999973200, 0.05000000000000005100, 0.5000000000000034400 ) );
#3937=DIRECTION ( 'NONE',  ( 1.386294004633885700E-035, 0.0000000000000000000, -1.000000000000000000 ) );
#3938=VERTEX_POINT ( 'NONE', #7853 );
#3939=MECHANICAL_DESIGN_GEOMETRIC_PRESENTATION_REPRESENTATION (  '', ( #1267 ), #908 );
#3940=VECTOR ( 'NONE', #3180, 1000.000000000000000 );
#3941=VERTEX_POINT ( 'NONE', #3093 );
#3942=ADVANCED_FACE ( 'NONE', ( #3895 ), #11951, .T. );
#3943=CARTESIAN_POINT ( 'NONE',  ( -2.100000000000000100, 0.05000000000000005100, -1.734723475976807100E-015 ) );
#3944=FACE_BOUND ( 'NONE', #12051, .T. );
#3945=EDGE_CURVE ( 'NONE', #5166, #4760, #3317, .T. );
#3946=ORIENTED_EDGE ( 'NONE', *, *, #11195, .F. );
#3947=ORIENTED_EDGE ( 'NONE', *, *, #805, .T. );
#3948=ORIENTED_EDGE ( 'NONE', *, *, #12870, .F. );
#3949=PLANE ( 'NONE',  #2928 );
#3950=PRESENTATION_LAYER_ASSIGNMENT (  '', '', ( #3736 ) );
#3951=FACE_OUTER_BOUND ( 'NONE', #686, .T. );
#3952=ORIENTED_EDGE ( 'NONE', *, *, #14508, .F. );
#3953=ORIENTED_EDGE ( 'NONE', *, *, #14431, .F. );
#3954=ORIENTED_EDGE ( 'NONE', *, *, #3447, .F. );
#3955=CARTESIAN_POINT ( 'NONE',  ( -6.299999999999950100, -3.388131789017201400E-018, 0.09999999999999939500 ) );
#3956=CARTESIAN_POINT ( 'NONE',  ( -2.599999999999999200, 0.0000000000000000000, -1.800000000000001400 ) );
#3957=EDGE_CURVE ( 'NONE', #1127, #2935, #2471, .T. );
#3958=DIRECTION ( 'NONE',  ( -2.312838020447142400E-035, 0.0000000000000000000, 1.000000000000000000 ) );
#3959=VERTEX_POINT ( 'NONE', #1478 );
#3960=DIRECTION ( 'NONE',  ( -1.000000000000000000, 0.0000000000000000000, 2.168404344971008100E-015 ) );
#3961=FACE_BOUND ( 'NONE', #9522, .T. );
#3962=VERTEX_POINT ( 'NONE', #8082 );
#3963=( GEOMETRIC_REPRESENTATION_CONTEXT ( 3 ) GLOBAL_UNCERTAINTY_ASSIGNED_CONTEXT ( ( #221 ) ) GLOBAL_UNIT_ASSIGNED_CONTEXT ( ( #324, #94, #251 ) ) REPRESENTATION_CONTEXT ( 'NONE', 'WORKASPACE' ) );
#3964=FACE_OUTER_BOUND ( 'NONE', #7720, .T. );
#3965=ORIENTED_EDGE ( 'NONE', *, *, #6958, .F. );
#3966=ORIENTED_EDGE ( 'NONE', *, *, #1865, .T. );
#3967=ADVANCED_FACE ( 'NONE', ( #4664 ), #13078, .T. );
#3968=EDGE_LOOP ( 'NONE', ( #13001, #4752, #14429, #2468 ) );
#3969=EDGE_CURVE ( 'NONE', #6774, #5166, #10142, .T. );
#3970=CARTESIAN_POINT ( 'NONE',  ( -0.1999999999999866300, 0.05000000000000005100, -2.600000000000001900 ) );
#3971=EDGE_CURVE ( 'NONE', #13251, #13430, #5058, .T. );
#3972=ORIENTED_EDGE ( 'NONE', *, *, #2759, .F. );
#3973=CARTESIAN_POINT ( 'NONE',  ( -5.500000000000007100, 0.05000000000000007900, 6.099999999999997000 ) );
#3974=CARTESIAN_POINT ( 'NONE',  ( -4.599999999999990800, 0.05000000000000007900, -2.599999999999984100 ) );
#3975=ORIENTED_EDGE ( 'NONE', *, *, #5250, .T. );
#3976=ORIENTED_EDGE ( 'NONE', *, *, #10509, .T. );
#3977=DIRECTION ( 'NONE',  ( 2.168404344970946900E-015, 0.0000000000000000000, 1.000000000000000000 ) );
#3978=LINE ( 'NONE', #1481, #22 );
#3979=EDGE_LOOP ( 'NONE', ( #9744, #6508, #10508, #14037 ) );
#3980=ORIENTED_EDGE ( 'NONE', *, *, #8902, .T. );
#3981=EDGE_CURVE ( 'NONE', #3918, #2528, #13864, .T. );
#3982=AXIS2_PLACEMENT_3D ( 'NONE', #7327, #711, #280 );
#3983=ORIENTED_EDGE ( 'NONE', *, *, #10183, .F. );
#3984=PLANE ( 'NONE',  #12672 );
#3985=ADVANCED_FACE ( 'NONE', ( #9151 ), #11122, .T. );
#3986=PLANE ( 'NONE',  #9912 );
#3987=LINE ( 'NONE', #1852, #95 );
#3988=ORIENTED_EDGE ( 'NONE', *, *, #3338, .T. );
#3989=CARTESIAN_POINT ( 'NONE',  ( -1.800000000000001200, 0.05000000000000005100, -2.600000000000024100 ) );
#3990=ORIENTED_EDGE ( 'NONE', *, *, #11462, .T. );
#3991=FACE_OUTER_BOUND ( 'NONE', #1333, .T. );
#3992=AXIS2_PLACEMENT_3D ( 'NONE', #2196, #1932, #2048 );
#3993=LINE ( 'NONE', #1452, #52 );
#3994=ORIENTED_EDGE ( 'NONE', *, *, #9557, .F. );
#3995=EDGE_CURVE ( 'NONE', #8824, #9034, #7625, .T. );
#3996=LINE ( 'NONE', #1011, #2840 );
#3997=DIRECTION ( 'NONE',  ( 3.794707603699317600E-015, -0.0000000000000000000, 1.000000000000000000 ) );
#3998=LINE ( 'NONE', #2110, #22 );
#3999=VERTEX_POINT ( 'NONE', #2334 );
#4000=EDGE_CURVE ( 'NONE', #3455, #9616, #1616, .T. );
#4001=VERTEX_POINT ( 'NONE', #380 );
#4002=EDGE_CURVE ( 'NONE', #13279, #7279, #8302, .T. );
#4003=ORIENTED_EDGE ( 'NONE', *, *, #1029, .T. );
#4004=FACE_OUTER_BOUND ( 'NONE', #11331, .T. );
#4005=ADVANCED_FACE ( 'NONE', ( #1856 ), #1859, .F. );
#4006=EDGE_LOOP ( 'NONE', ( #6370, #5505, #8955, #1414 ) );
#4007=VERTEX_POINT ( 'NONE', #6285 );
#4008=CARTESIAN_POINT ( 'NONE',  ( 2.700000000000000200, 0.05000000000000005100, 3.424999999999998500 ) );
#4009=ORIENTED_EDGE ( 'NONE', *, *, #13638, .F. );
#4010=LINE ( 'NONE', #4717, #12148 );
#4011=LINE ( 'NONE', #3936, #22 );
#4012=ORIENTED_EDGE ( 'NONE', *, *, #7723, .F. );
#4013=FACE_OUTER_BOUND ( 'NONE', #12786, .T. );
#4014=ADVANCED_FACE ( 'NONE', ( #7081 ), #4405, .T. );
#4015=CARTESIAN_POINT ( 'NONE',  ( -2.999999999999986200, 0.05000000000000007900, -2.600000000000024100 ) );
#4016=ORIENTED_EDGE ( 'NONE', *, *, #12785, .F. );
#4017=AXIS2_PLACEMENT_3D ( 'NONE', #2996, #5587, #487 );
#4018=ORIENTED_EDGE ( 'NONE', *, *, #6367, .F. );
#4019=DIRECTION ( 'NONE',  ( -1.000000000000000000, 0.0000000000000000000, -3.093242937352156400E-035 ) );
#4020=ORIENTED_EDGE ( 'NONE', *, *, #9382, .T. );
#4021=EDGE_LOOP ( 'NONE', ( #1837, #12665, #9421, #9794 ) );
#4022=DIRECTION ( 'NONE',  ( 2.168404344971005700E-015, -0.0000000000000000000, -1.000000000000000000 ) );
#4023=LINE ( 'NONE', #4920, #119 );
#4024=AXIS2_PLACEMENT_3D ( 'NONE', #968, #10861, #4126 );
#4025=ORIENTED_EDGE ( 'NONE', *, *, #12552, .F. );
#4026=DIRECTION ( 'NONE',  ( 1.386294004633993400E-035, 0.0000000000000000000, -1.000000000000000000 ) );
#4027=FACE_OUTER_BOUND ( 'NONE', #2256, .T. );
#4028=MANIFOLD_SOLID_BREP ( 'Pin 17', #4683 );
#4029=DIRECTION ( 'NONE',  ( -1.000000000000000000, 0.0000000000000000000, 3.717264591378872000E-015 ) );
#4030=EDGE_CURVE ( 'NONE', #3918, #2528, #7783, .T. );
#4031=VERTEX_POINT ( 'NONE', #4613 );
#4032=VECTOR ( 'NONE', #2856, 1000.000000000000000 );
#4033=ADVANCED_FACE ( 'NONE', ( #480 ), #5822, .F. );
#4034=VERTEX_POINT ( 'NONE', #5862 );
#4035=ORIENTED_EDGE ( 'NONE', *, *, #11126, .T. );
#4036=AXIS2_PLACEMENT_3D ( 'NONE', #6687, #1467, #5299 );
#4037=ORIENTED_EDGE ( 'NONE', *, *, #1761, .F. );
#4038=VERTEX_POINT ( 'NONE', #3620 );
#4039=VERTEX_POINT ( 'NONE', #448 );
#4040=EDGE_CURVE ( 'NONE', #8891, #7026, #8801, .T. );
#4041=ORIENTED_EDGE ( 'NONE', *, *, #59, .F. );
#4042=FACE_OUTER_BOUND ( 'NONE', #11465, .T. );
#4043=EDGE_CURVE ( 'NONE', #8452, #1195, #10304, .T. );
#4044=CARTESIAN_POINT ( 'NONE',  ( 5.975000000000001400, 0.7999999999999999300, -2.020000000000000000 ) );
#4045=AXIS2_PLACEMENT_3D ( 'NONE', #1175, #6013, #829 );
#4046=VERTEX_POINT ( 'NONE', #12091 );
#4047=MECHANICAL_DESIGN_GEOMETRIC_PRESENTATION_REPRESENTATION (  '', ( #13101 ), #4900 );
#4048=ORIENTED_EDGE ( 'NONE', *, *, #7910, .F. );
#4049=ADVANCED_FACE ( 'NONE', ( #12518 ), #472, .F. );
#4050=CARTESIAN_POINT ( 'NONE',  ( 5.725000000000002300, 2.549999999999999800, -2.020000000000000500 ) );
#4051=ORIENTED_EDGE ( 'NONE', *, *, #13522, .F. );
#4052=ORIENTED_EDGE ( 'NONE', *, *, #8193, .T. );
#4053=EDGE_CURVE ( 'NONE', #3202, #4907, #5790, .T. );
#4054=ORIENTED_EDGE ( 'NONE', *, *, #866, .T. );
#4055=EDGE_CURVE ( 'NONE', #5902, #3534, #9812, .T. );
#4056=LINE ( 'NONE', #5214, #119 );
#4057=ORIENTED_EDGE ( 'NONE', *, *, #1329, .F. );
#4058=LINE ( 'NONE', #8651, #22 );
#4059=AXIS2_PLACEMENT_3D ( 'NONE', #3989, #5399, #5307 );
#4060=LINE ( 'NONE', #436, #22 );
#4061=ORIENTED_EDGE ( 'NONE', *, *, #2049, .T. );
#4062=AXIS2_PLACEMENT_3D ( 'NONE', #847, #2116, #128 );
#4063=PRESENTATION_LAYER_ASSIGNMENT (  '', '', ( #6797 ) );
#4064=CARTESIAN_POINT ( 'NONE',  ( 0.6000000000000128600, 0.05000000000000005100, 7.199999999999998400 ) );
#4065=EDGE_LOOP ( 'NONE', ( #8622, #1450, #2809, #10108 ) );
#4066=ORIENTED_EDGE ( 'NONE', *, *, #13638, .T. );
#4067=ORIENTED_EDGE ( 'NONE', *, *, #9015, .F. );
#4068=VECTOR ( 'NONE', #3212, 1000.000000000000000 );
#4069=ORIENTED_EDGE ( 'NONE', *, *, #14120, .T. );
#4070=FACE_OUTER_BOUND ( 'NONE', #7905, .T. );
#4071=DIRECTION ( 'NONE',  ( -8.673617379884032300E-015, 0.0000000000000000000, -1.000000000000000000 ) );
#4072=ADVANCED_FACE ( 'NONE', ( #4480 ), #12443, .T. );
#4073=LINE ( 'NONE', #1988, #95 );
#4074=EDGE_CURVE ( 'NONE', #3725, #13759, #11250, .T. );
#4075=CLOSED_SHELL ( 'NONE', ( #7130, #4597, #11241, #14065, #9530, #4842 ) );
#4076=ORIENTED_EDGE ( 'NONE', *, *, #5361, .F. );
#4077=EDGE_CURVE ( 'NONE', #4559, #8151, #3688, .T. );
#4078=ORIENTED_EDGE ( 'NONE', *, *, #11541, .T. );
#4079=DIRECTION ( 'NONE',  ( -1.000000000000000000, 0.0000000000000000000, -5.204170427930543700E-014 ) );
#4080=AXIS2_PLACEMENT_3D ( 'NONE', #1304, #11993, #8669 );
#4081=VERTEX_POINT ( 'NONE', #8525 );
#4082=LINE ( 'NONE', #197, #52 );
#4083=ORIENTED_EDGE ( 'NONE', *, *, #10857, .T. );
#4084=EDGE_CURVE ( 'NONE', #13090, #2560, #9495, .T. );
#4085=ORIENTED_EDGE ( 'NONE', *, *, #2001, .T. );
#4086=LINE ( 'NONE', #9620, #441 );
#4087=FACE_OUTER_BOUND ( 'NONE', #3685, .T. );
#4088=ORIENTED_EDGE ( 'NONE', *, *, #7287, .F. );
#4089=EDGE_LOOP ( 'NONE', ( #2376, #9189, #8737, #3075 ) );
#4090=ORIENTED_EDGE ( 'NONE', *, *, #2365, .T. );
#4091=CARTESIAN_POINT ( 'NONE',  ( -4.474999999999999600, 2.399999999999999900, 6.299999999999999800 ) );
#4092=EDGE_LOOP ( 'NONE', ( #5642, #6853, #6707, #2968 ) );
#4093=ADVANCED_FACE ( 'NONE', ( #1397 ), #13456, .T. );
#4094=DIRECTION ( 'NONE',  ( -1.000000000000000000, -0.0000000000000000000, 3.252606517456585900E-015 ) );
#4095=ORIENTED_EDGE ( 'NONE', *, *, #1488, .F. );
#4096=ORIENTED_EDGE ( 'NONE', *, *, #12966, .T. );
#4097=CARTESIAN_POINT ( 'NONE',  ( 5.500000000000028400, 0.05000000000000007900, 3.299999999999987800 ) );
#4098=CARTESIAN_POINT ( 'NONE',  ( 6.299999999999992700, 0.05000000000000005100, 6.099999999999999600 ) );
#4099=AXIS2_PLACEMENT_3D ( 'NONE', #134, #9055, #1883 );
#4100=LINE ( 'NONE', #2596, #381 );
#4101=LINE ( 'NONE', #4620, #95 );
#4102=ORIENTED_EDGE ( 'NONE', *, *, #9086, .T. );
#4103=CIRCLE ( 'NONE', #1581, 0.2500000000000002200 );
#4104=EDGE_LOOP ( 'NONE', ( #14081, #780, #7952, #13597 ) );
#4105=EDGE_CURVE ( 'NONE', #5769, #13017, #9971, .T. );
#4106=CARTESIAN_POINT ( 'NONE',  ( 3.799999999999988300, 0.05000000000000007900, 8.000000000000021300 ) );
#4107=ORIENTED_EDGE ( 'NONE', *, *, #10295, .T. );
#4108=EDGE_LOOP ( 'NONE', ( #6554, #13167, #10818, #14493 ) );
#4109=DIRECTION ( 'NONE',  ( 4.210554863359549100E-036, 0.0000000000000000000, -1.000000000000000000 ) );
#4110=CARTESIAN_POINT ( 'NONE',  ( -6.299999999999950100, 0.05000000000000005100, 0.9000000000000019100 ) );
#4111=ORIENTED_EDGE ( 'NONE', *, *, #13841, .T. );
#4112=EDGE_CURVE ( 'NONE', #13894, #9224, #8133, .T. );
#4113=ORIENTED_EDGE ( 'NONE', *, *, #12987, .F. );
#4114=DIRECTION ( 'NONE',  ( 0.0000000000000000000, -1.234776807320388900E-016, 1.000000000000000000 ) );
#4115=ORIENTED_EDGE ( 'NONE', *, *, #6854, .T. );
#4116=CARTESIAN_POINT ( 'NONE',  ( -2.700000000000000200, 0.05000000000000005100, 0.6000000000000003100 ) );
#4117=STYLED_ITEM ( 'NONE', ( #853 ), #9150 );
#4118=ADVANCED_FACE ( 'NONE', ( #5410 ), #3469, .T. );
#4119=ORIENTED_EDGE ( 'NONE', *, *, #7591, .F. );
#4120=CARTESIAN_POINT ( 'NONE',  ( -2.100000000000000100, 0.05000000000000007900, -1.734723475976807100E-015 ) );
#4121=VECTOR ( 'NONE', #920, 1000.000000000000000 );
#4122=ORIENTED_EDGE ( 'NONE', *, *, #6222, .T. );
#4123=AXIS2_PLACEMENT_3D ( 'NONE', #1054, #9055, #12378 );
#4124=LINE ( 'NONE', #305, #99 );
#4125=PLANE ( 'NONE',  #9745 );
#4126=DIRECTION ( 'NONE',  ( 2.168404344971006100E-015, 0.0000000000000000000, -1.000000000000000000 ) );
#4127=VERTEX_POINT ( 'NONE', #7413 );
#4128=ORIENTED_EDGE ( 'NONE', *, *, #12442, .F. );
#4129=CARTESIAN_POINT ( 'NONE',  ( -0.7249999999999984200, 0.0000000000000000000, 3.424999999999998900 ) );
#4130=EDGE_CURVE ( 'NONE', #11212, #2007, #12970, .T. );
#4131=FACE_OUTER_BOUND ( 'NONE', #9719, .T. );
#4132=CARTESIAN_POINT ( 'NONE',  ( 2.999999999999988900, 0.05000000000000005100, 8.000000000000021300 ) );
#4133=ORIENTED_EDGE ( 'NONE', *, *, #3434, .F. );
#4134=LINE ( 'NONE', #1575, #124 );
#4135=CARTESIAN_POINT ( 'NONE',  ( -0.7249999999999999800, 0.05000000000000007900, -1.734723475976807100E-015 ) );
#4136=ORIENTED_EDGE ( 'NONE', *, *, #5087, .T. );
#4137=ADVANCED_FACE ( 'NONE', ( #2274 ), #12657, .F. );
#4138=VERTEX_POINT ( 'NONE', #3730 );
#4139=PLANE ( 'NONE',  #13388 );
#4140=CARTESIAN_POINT ( 'NONE',  ( 2.700000000000001100, 0.0000000000000000000, -1.734723475976807100E-015 ) );
#4141=EDGE_CURVE ( 'NONE', #10449, #12290, #7614, .T. );
#4142=PLANE ( 'NONE',  #10006 );
#4143=FACE_OUTER_BOUND ( 'NONE', #11751, .T. );
#4144=EDGE_CURVE ( 'NONE', #4775, #2900, #8451, .T. );
#4145=ORIENTED_EDGE ( 'NONE', *, *, #15, .T. );
#4146=VECTOR ( 'NONE', #1086, 1000.000000000000000 );
#4147=ORIENTED_EDGE ( 'NONE', *, *, #578, .F. );
#4148=DIRECTION ( 'NONE',  ( -1.000000000000000000, 0.0000000000000000000, 8.335740912701737500E-035 ) );
#4149=VERTEX_POINT ( 'NONE', #6475 );
#4150=CARTESIAN_POINT ( 'NONE',  ( -2.999999999999986200, 0.0000000000000000000, -2.600000000000024100 ) );
#4151=DIRECTION ( 'NONE',  ( 0.0000000000000000000, -1.000000000000000000, -1.204669080539449800E-016 ) );
#4152=FACE_OUTER_BOUND ( 'NONE', #7312, .T. );
#4153=ORIENTED_EDGE ( 'NONE', *, *, #13246, .T. );
#4154=PLANE ( 'NONE',  #10849 );
#4155=EDGE_CURVE ( 'NONE', #12812, #3186, #6519, .T. );
#4156=EDGE_CURVE ( 'NONE', #11477, #802, #4464, .T. );
#4157=ORIENTED_EDGE ( 'NONE', *, *, #1641, .F. );
#4158=CARTESIAN_POINT ( 'NONE',  ( -6.299999999999990100, 0.05000000000000007900, 6.099999999999999600 ) );
#4159=LINE ( 'NONE', #3989, #22 );
#4160=VERTEX_POINT ( 'NONE', #796 );
#4161=LINE ( 'NONE', #397, #186 );
#4162=PLANE ( 'NONE',  #9091 );
#4163=EDGE_LOOP ( 'NONE', ( #7833, #14699, #8685, #3659 ) );
#4164=VERTEX_POINT ( 'NONE', #6183 );
#4165=ADVANCED_FACE ( 'NONE', ( #3491 ), #8497, .T. );
#4166=ORIENTED_EDGE ( 'NONE', *, *, #11970, .T. );
#4167=ORIENTED_EDGE ( 'NONE', *, *, #3483, .T. );
#4168=EDGE_CURVE ( 'NONE', #8475, #2990, #10451, .T. );
#4169=CARTESIAN_POINT ( 'NONE',  ( -3.799999999999985600, 0.05000000000000007900, -2.600000000000024100 ) );
#4170=LINE ( 'NONE', #2487, #52 );
#4171=PLANE ( 'NONE',  #11530 );
#4172=ORIENTED_EDGE ( 'NONE', *, *, #9603, .T. );
#4173=AXIS2_PLACEMENT_3D ( 'NONE', #4827, #6015, #5238 );
#4174=DIRECTION ( 'NONE',  ( -0.0000000000000000000, -1.246209393661498400E-016, 1.000000000000000000 ) );
#4175=( GEOMETRIC_REPRESENTATION_CONTEXT ( 3 ) GLOBAL_UNCERTAINTY_ASSIGNED_CONTEXT ( ( #221 ) ) GLOBAL_UNIT_ASSIGNED_CONTEXT ( ( #324, #94, #251 ) ) REPRESENTATION_CONTEXT ( 'NONE', 'WORKASPACE' ) );
#4176=FACE_OUTER_BOUND ( 'NONE', #831, .T. );
#4177=VERTEX_POINT ( 'NONE', #2016 );
#4178=VECTOR ( 'NONE', #7271, 1000.000000000000000 );
#4179=LINE ( 'NONE', #5832, #8415 );
#4180=LINE ( 'NONE', #8868, #9069 );
#4181=VERTEX_POINT ( 'NONE', #765 );
#4182=EDGE_LOOP ( 'NONE', ( #597, #9206, #13442, #3763 ) );
#4183=EDGE_CURVE ( 'NONE', #11704, #704, #14011, .T. );
#4184=EDGE_LOOP ( 'NONE', ( #9637, #11651, #8215, #12719 ) );
#4185=EDGE_CURVE ( 'NONE', #2215, #5120, #1839, .T. );
#4186=ADVANCED_FACE ( 'NONE', ( #11407 ), #6273, .T. );
#4187=DIRECTION ( 'NONE',  ( -7.804049169039133800E-036, 0.0000000000000000000, 1.000000000000000000 ) );
#4188=CARTESIAN_POINT ( 'NONE',  ( 2.199999999999989100, 0.05000000000000007900, 7.199999999999996600 ) );
#4189=CARTESIAN_POINT ( 'NONE',  ( 6.600000000000000500, 0.7500000000000000000, -8.300000000000000700 ) );
#4190=PLANE ( 'NONE',  #13025 );
#4191=ORIENTED_EDGE ( 'NONE', *, *, #10512, .F. );
#4192=DIRECTION ( 'NONE',  ( -1.000000000000000000, -2.465190328815661900E-032, -4.336808689941613800E-015 ) );
#4193=EDGE_CURVE ( 'NONE', #6716, #546, #8626, .T. );
#4194=CARTESIAN_POINT ( 'NONE',  ( -5.500000000000008000, 0.05000000000000005100, 4.499999999999990200 ) );
#4195=LINE ( 'NONE', #2193, #863 );
#4196=VERTEX_POINT ( 'NONE', #4189 );
#4197=LINE ( 'NONE', #2137, #119 );
#4198=LINE ( 'NONE', #100, #2058 );
#4199=VERTEX_POINT ( 'NONE', #3249 );
#4200=ORIENTED_EDGE ( 'NONE', *, *, #10453, .T. );
#4201=ORIENTED_EDGE ( 'NONE', *, *, #11994, .F. );
#4202=EDGE_CURVE ( 'NONE', #9822, #9635, #9139, .T. );
#4203=ADVANCED_FACE ( 'NONE', ( #7266 ), #1036, .F. );
#4204=AXIS2_PLACEMENT_3D ( 'NONE', #4920, #128, #711 );
#4205=VERTEX_POINT ( 'NONE', #5143 );
#4206=DIRECTION ( 'NONE',  ( -1.000000000000000000, 0.0000000000000000000, 5.899716722051343000E-035 ) );
#4207=FACE_OUTER_BOUND ( 'NONE', #8449, .T. );
#4208=LINE ( 'NONE', #2181, #52 );
#4209=VECTOR ( 'NONE', #4026, 1000.000000000000000 );
#4210=ORIENTED_EDGE ( 'NONE', *, *, #7576, .F. );
#4211=EDGE_CURVE ( 'NONE', #5105, #5306, #14574, .T. );
#4212=LINE ( 'NONE', #6526, #52 );
#4213=ORIENTED_EDGE ( 'NONE', *, *, #7502, .T. );
#4214=EDGE_CURVE ( 'NONE', #5769, #12901, #3671, .T. );
#4215=AXIS2_PLACEMENT_3D ( 'NONE', #67, #1224, #524 );
#4216=CARTESIAN_POINT ( 'NONE',  ( -5.500000000000007100, 0.05000000000000005100, 4.099999999999989900 ) );
#4217=ORIENTED_EDGE ( 'NONE', *, *, #5993, .F. );
#4218=FACE_OUTER_BOUND ( 'NONE', #19, .T. );
#4219=FACE_OUTER_BOUND ( 'NONE', #5305, .T. );
#4220=ADVANCED_FACE ( 'NONE', ( #5775 ), #6382, .T. );
#4221=LINE ( 'NONE', #5209, #1679 );
#4222=VECTOR ( 'NONE', #1075, 1000.000000000000000 );
#4223=ORIENTED_EDGE ( 'NONE', *, *, #5746, .F. );
#4224=PLANE ( 'NONE',  #14723 );
#4225=LINE ( 'NONE', #2997, #52 );
#4226=FACE_OUTER_BOUND ( 'NONE', #10345, .T. );
#4227=DIRECTION ( 'NONE',  ( 1.000000000000000000, -0.0000000000000000000, 3.252606517456618200E-015 ) );
#4228=( GEOMETRIC_REPRESENTATION_CONTEXT ( 3 ) GLOBAL_UNCERTAINTY_ASSIGNED_CONTEXT ( ( #221 ) ) GLOBAL_UNIT_ASSIGNED_CONTEXT ( ( #324, #94, #251 ) ) REPRESENTATION_CONTEXT ( 'NONE', 'WORKASPACE' ) );
#4229=VECTOR ( 'NONE', #6810, 1000.000000000000000 );
#4230=ORIENTED_EDGE ( 'NONE', *, *, #3764, .T. );
#4231=FACE_OUTER_BOUND ( 'NONE', #14041, .T. );
#4232=EDGE_CURVE ( 'NONE', #14592, #7487, #6149, .T. );
#4233=VERTEX_POINT ( 'NONE', #4044 );
#4234=PLANE ( 'NONE',  #1730 );
#4235=CARTESIAN_POINT ( 'NONE',  ( 6.299999999999972300, 0.0000000000000000000, 1.700000000000007900 ) );
#4236=ORIENTED_EDGE ( 'NONE', *, *, #10378, .T. );
#4237=FACE_OUTER_BOUND ( 'NONE', #14225, .T. );
#4238=AXIS2_PLACEMENT_3D ( 'NONE', #67, #1162, #8221 );
#4239=DIRECTION ( 'NONE',  ( 1.000000000000000000, -1.232595164407830900E-032, 2.168404344971107100E-015 ) );
#4240=ORIENTED_EDGE ( 'NONE', *, *, #6364, .F. );
#4241=( GEOMETRIC_REPRESENTATION_CONTEXT ( 3 ) GLOBAL_UNCERTAINTY_ASSIGNED_CONTEXT ( ( #221 ) ) GLOBAL_UNIT_ASSIGNED_CONTEXT ( ( #324, #94, #251 ) ) REPRESENTATION_CONTEXT ( 'NONE', 'WORKASPACE' ) );
#4242=FACE_OUTER_BOUND ( 'NONE', #2650, .T. );
#4243=ORIENTED_EDGE ( 'NONE', *, *, #1068, .F. );
#4244=EDGE_CURVE ( 'NONE', #14539, #6847, #11855, .T. );
#4245=CARTESIAN_POINT ( 'NONE',  ( -2.999999999999985300, 0.05000000000000007900, 7.199999999999996600 ) );
#4246=ADVANCED_FACE ( 'NONE', ( #9317 ), #30, .T. );
#4247=ORIENTED_EDGE ( 'NONE', *, *, #7611, .T. );
#4248=VERTEX_POINT ( 'NONE', #6661 );
#4249=CARTESIAN_POINT ( 'NONE',  ( 3.799999999999989200, 0.0000000000000000000, -2.600000000000024100 ) );
#4250=PLANE ( 'NONE',  #8183 );
#4251=AXIS2_PLACEMENT_3D ( 'NONE', #67, #88, #5238 );
#4252=ORIENTED_EDGE ( 'NONE', *, *, #468, .F. );
#4253=ORIENTED_EDGE ( 'NONE', *, *, #6814, .T. );
#4254=ORIENTED_EDGE ( 'NONE', *, *, #14062, .F. );
#4255=LINE ( 'NONE', #6144, #22 );
#4256=DIRECTION ( 'NONE',  ( -1.000000000000000000, 0.0000000000000000000, -1.386294004634012100E-035 ) );
#4257=EDGE_LOOP ( 'NONE', ( #9119, #4364, #7779, #12843 ) );
#4258=EDGE_CURVE ( 'NONE', #8815, #3724, #11083, .T. );
#4259=FACE_OUTER_BOUND ( 'NONE', #229, .T. );
#4260=LINE ( 'NONE', #5496, #96 );
#4261=DIRECTION ( 'NONE',  ( -1.000000000000000000, -1.540743955509788700E-033, 3.252606517456159900E-015 ) );
#4262=VERTEX_POINT ( 'NONE', #3113 );
#4263=AXIS2_PLACEMENT_3D ( 'NONE', #4740, #5711, #1607 );
#4264=VERTEX_POINT ( 'NONE', #5196 );
#4265=EDGE_CURVE ( 'NONE', #10965, #8122, #935, .T. );
#4266=ADVANCED_FACE ( 'NONE', ( #8972 ), #10887, .T. );
#4267=EDGE_CURVE ( 'NONE', #5376, #9458, #14145, .T. );
#4268=EDGE_LOOP ( 'NONE', ( #928, #10480, #14504, #8450 ) );
#4269=ORIENTED_EDGE ( 'NONE', *, *, #806, .F. );
#4270=ORIENTED_EDGE ( 'NONE', *, *, #12739, .F. );
#4271=DIRECTION ( 'NONE',  ( -4.405848312733592300E-036, 0.0000000000000000000, -1.000000000000000000 ) );
#4272=ORIENTED_EDGE ( 'NONE', *, *, #8134, .T. );
#4273=FACE_OUTER_BOUND ( 'NONE', #2698, .T. );
#4274=VERTEX_POINT ( 'NONE', #3922 );
#4275=AXIS2_PLACEMENT_3D ( 'NONE', #3007, #8123, #3174 );
#4276=LINE ( 'NONE', #278, #119 );
#4277=ORIENTED_EDGE ( 'NONE', *, *, #4112, .T. );
#4278=ORIENTED_EDGE ( 'NONE', *, *, #5194, .T. );
#4279=EDGE_CURVE ( 'NONE', #2560, #421, #12505, .T. );
#4280=CARTESIAN_POINT ( 'NONE',  ( 5.500000000000032900, 0.0000000000000000000, -1.100000000000001900 ) );
#4281=VERTEX_POINT ( 'NONE', #4097 );
#4282=PLANE ( 'NONE',  #3634 );
#4283=VERTEX_POINT ( 'NONE', #4098 );
#4284=EDGE_CURVE ( 'NONE', #2536, #10209, #2669, .T. );
#4285=LINE ( 'NONE', #72, #9441 );
#4286=CARTESIAN_POINT ( 'NONE',  ( 5.500000000000032900, 0.05000000000000005100, -1.100000000000001900 ) );
#4287=ORIENTED_EDGE ( 'NONE', *, *, #12691, .T. );
#4288=ORIENTED_EDGE ( 'NONE', *, *, #14362, .T. );
#4289=VECTOR ( 'NONE', #7432, 1000.000000000000000 );
#4290=AXIS2_PLACEMENT_3D ( 'NONE', #7413, #9528, #2458 );
#4291=ADVANCED_FACE ( 'NONE', ( #5973 ), #30, .T. );
#4292=ORIENTED_EDGE ( 'NONE', *, *, #5605, .F. );
#4293=FACE_OUTER_BOUND ( 'NONE', #11562, .T. );
#4294=ORIENTED_EDGE ( 'NONE', *, *, #2182, .F. );
#4295=EDGE_CURVE ( 'NONE', #8213, #1368, #5233, .T. );
#4296=AXIS2_PLACEMENT_3D ( 'NONE', #2810, #128, #711 );
#4297=AXIS2_PLACEMENT_3D ( 'NONE', #3072, #6161, #4911 );
#4298=ORIENTED_EDGE ( 'NONE', *, *, #11027, .T. );
#4299=ORIENTED_EDGE ( 'NONE', *, *, #618, .T. );
#4300=ORIENTED_EDGE ( 'NONE', *, *, #6050, .T. );
#4301=DIRECTION ( 'NONE',  ( -6.538237987644699400E-035, 0.0000000000000000000, -1.000000000000000000 ) );
#4302=ORIENTED_EDGE ( 'NONE', *, *, #12458, .T. );
#4303=EDGE_LOOP ( 'NONE', ( #516, #6223, #11210, #234 ) );
#4304=LINE ( 'NONE', #6695, #22 );
#4305=LINE ( 'NONE', #1957, #22 );
#4306=ORIENTED_EDGE ( 'NONE', *, *, #3836, .F. );
#4307=EDGE_CURVE ( 'NONE', #12217, #10362, #14432, .T. );
#4308=FACE_OUTER_BOUND ( 'NONE', #8432, .T. );
#4309=ADVANCED_FACE ( 'NONE', ( #6893 ), #301, .F. );
#4310=EDGE_CURVE ( 'NONE', #2594, #14608, #13409, .T. );
#4311=DIRECTION ( 'NONE',  ( -3.717264591378872800E-015, 0.0000000000000000000, -1.000000000000000000 ) );
#4312=ORIENTED_EDGE ( 'NONE', *, *, #4962, .T. );
#4313=ORIENTED_EDGE ( 'NONE', *, *, #5488, .T. );
#4314=VERTEX_POINT ( 'NONE', #939 );
#4315=CARTESIAN_POINT ( 'NONE',  ( 6.200000000000002000, 0.7499999999999994400, -3.699999999999998000 ) );
#4316=CARTESIAN_POINT ( 'NONE',  ( -0.1999999999999866300, 0.05000000000000007900, -2.600000000000001900 ) );
#4317=EDGE_CURVE ( 'NONE', #4795, #2859, #2866, .T. );
#4318=AXIS2_PLACEMENT_3D ( 'NONE', #1874, #9281, #10208 );
#4319=CARTESIAN_POINT ( 'NONE',  ( -5.500000000000007100, 0.0000000000000000000, 2.100000000000005900 ) );
#4320=PLANE ( 'NONE',  #500 );
#4321=ORIENTED_EDGE ( 'NONE', *, *, #3232, .T. );
#4322=LINE ( 'NONE', #4920, #1206 );
#4323=ORIENTED_EDGE ( 'NONE', *, *, #10005, .T. );
#4324=FACE_OUTER_BOUND ( 'NONE', #13168, .T. );
#4325=LINE ( 'NONE', #11231, #188 );
#4326=VERTEX_POINT ( 'NONE', #296 );
#4327=VERTEX_POINT ( 'NONE', #6728 );
#4328=PRESENTATION_LAYER_ASSIGNMENT (  '', '', ( #11901 ) );
#4329=PLANE ( 'NONE',  #5501 );
#4330=ORIENTED_EDGE ( 'NONE', *, *, #1759, .T. );
#4331=CARTESIAN_POINT ( 'NONE',  ( -5.500000000000007100, 0.05000000000000005100, 3.699999999999988200 ) );
#4332=ADVANCED_FACE ( 'NONE', ( #8291 ), #13906, .T. );
#4333=LINE ( 'NONE', #8965, #3478 );
#4334=EDGE_CURVE ( 'NONE', #12100, #7490, #8789, .T. );
#4335=EDGE_LOOP ( 'NONE', ( #8387, #11092, #4057, #8241 ) );
#4336=FACE_OUTER_BOUND ( 'NONE', #6028, .T. );
#4337=VERTEX_POINT ( 'NONE', #3206 );
#4338=DIRECTION ( 'NONE',  ( 1.000000000000000000, 0.0000000000000000000, -8.673617379884125400E-015 ) );
#4339=VERTEX_POINT ( 'NONE', #5643 );
#4340=DIRECTION ( 'NONE',  ( 4.336808689941884400E-015, 9.629649721936178200E-035, -1.000000000000000000 ) );
#4341=AXIS2_PLACEMENT_3D ( 'NONE', #1894, #18, #23 );
#4342=FACE_BOUND ( 'NONE', #9795, .T. );
#4343=EDGE_LOOP ( 'NONE', ( #1915, #259, #953, #1928 ) );
#4344=ORIENTED_EDGE ( 'NONE', *, *, #11560, .F. );
#4345=CARTESIAN_POINT ( 'NONE',  ( -3.400000000000000400, -3.388131789017201400E-018, -2.600000000000024100 ) );
#4346=ORIENTED_EDGE ( 'NONE', *, *, #11126, .F. );
#4347=CARTESIAN_POINT ( 'NONE',  ( -6.299999999999951000, 0.05000000000000005100, 1.300000000000002900 ) );
#4348=DIRECTION ( 'NONE',  ( 1.000000000000000000, 0.0000000000000000000, -7.804049169037448600E-036 ) );
#4349=CARTESIAN_POINT ( 'NONE',  ( -6.299999999999951000, -3.388131789017201400E-018, 5.299999999999993600 ) );
#4350=ADVANCED_FACE ( 'NONE', ( #13848 ), #11048, .F. );
#4351=PLANE ( 'NONE',  #2509 );
#4352=FACE_OUTER_BOUND ( 'NONE', #11713, .T. );
#4353=ORIENTED_EDGE ( 'NONE', *, *, #6473, .T. );
#4354=ADVANCED_FACE ( 'NONE', ( #6710 ), #10921, .F. );
#4355=AXIS2_PLACEMENT_3D ( 'NONE', #782, #23, #128 );
#4356=ORIENTED_EDGE ( 'NONE', *, *, #4486, .T. );
#4357=VERTEX_POINT ( 'NONE', #3739 );
#4358=VECTOR ( 'NONE', #2247, 1000.000000000000000 );
#4359=ORIENTED_EDGE ( 'NONE', *, *, #14640, .T. );
#4360=EDGE_CURVE ( 'NONE', #5788, #5941, #2045, .T. );
#4361=FACE_OUTER_BOUND ( 'NONE', #10837, .T. );
#4362=VERTEX_POINT ( 'NONE', #291 );
#4363=FACE_OUTER_BOUND ( 'NONE', #689, .T. );
#4364=ORIENTED_EDGE ( 'NONE', *, *, #6967, .F. );
#4365=PLANE ( 'NONE',  #8051 );
#4366=ORIENTED_EDGE ( 'NONE', *, *, #5424, .F. );
#4367=AXIS2_PLACEMENT_3D ( 'NONE', #3023, #12749, #1366 );
#4368=EDGE_CURVE ( 'NONE', #4788, #3542, #6339, .T. );
#4369=ORIENTED_EDGE ( 'NONE', *, *, #9898, .F. );
#4370=EDGE_CURVE ( 'NONE', #10220, #2007, #5963, .T. );
#4371=DIRECTION ( 'NONE',  ( 5.421639061645084000E-035, 0.0000000000000000000, -1.000000000000000000 ) );
#4372=LINE ( 'NONE', #3679, #350 );
#4373=ORIENTED_EDGE ( 'NONE', *, *, #9780, .T. );
#4374=ADVANCED_FACE ( 'NONE', ( #12789 ), #362, .F. );
#4375=LINE ( 'NONE', #4194, #22 );
#4376=VERTEX_POINT ( 'NONE', #10051 );
#4377=FACE_OUTER_BOUND ( 'NONE', #6131, .T. );
#4378=PLANE ( 'NONE',  #10410 );
#4379=ORIENTED_EDGE ( 'NONE', *, *, #12852, .T. );
#4380=ORIENTED_EDGE ( 'NONE', *, *, #3124, .F. );
#4381=( GEOMETRIC_REPRESENTATION_CONTEXT ( 3 ) GLOBAL_UNCERTAINTY_ASSIGNED_CONTEXT ( ( #221 ) ) GLOBAL_UNIT_ASSIGNED_CONTEXT ( ( #324, #94, #251 ) ) REPRESENTATION_CONTEXT ( 'NONE', 'WORKASPACE' ) );
#4382=ORIENTED_EDGE ( 'NONE', *, *, #9280, .T. );
#4383=EDGE_CURVE ( 'NONE', #9337, #1212, #2551, .T. );
#4384=CARTESIAN_POINT ( 'NONE',  ( -2.700000000000000600, 0.0000000000000000000, 3.424999999999998500 ) );
#4385=CARTESIAN_POINT ( 'NONE',  ( 5.500000000000029300, 0.05000000000000005100, -0.2999999999999990500 ) );
#4386=EDGE_CURVE ( 'NONE', #12121, #11514, #12655, .T. );
#4387=ORIENTED_EDGE ( 'NONE', *, *, #4682, .T. );
#4388=VERTEX_POINT ( 'NONE', #4385 );
#4389=VECTOR ( 'NONE', #3121, 1000.000000000000000 );
#4390=ORIENTED_EDGE ( 'NONE', *, *, #10512, .T. );
#4391=FACE_OUTER_BOUND ( 'NONE', #11877, .T. );
#4392=LINE ( 'NONE', #624, #124 );
#4393=ORIENTED_EDGE ( 'NONE', *, *, #6565, .F. );
#4394=EDGE_CURVE ( 'NONE', #1039, #3621, #4655, .T. );
#4395=ADVANCED_FACE ( 'NONE', ( #13095 ), #12340, .F. );
#4396=AXIS2_PLACEMENT_3D ( 'NONE', #3459, #870, #23 );
#4397=ORIENTED_EDGE ( 'NONE', *, *, #5121, .T. );
#4398=VERTEX_POINT ( 'NONE', #1201 );
#4399=ORIENTED_EDGE ( 'NONE', *, *, #4490, .T. );
#4400=AXIS2_PLACEMENT_3D ( 'NONE', #1926, #1224, #23 );
#4401=DIRECTION ( 'NONE',  ( -1.000000000000000000, 0.0000000000000000000, -3.345538132241030000E-014 ) );
#4402=AXIS2_PLACEMENT_3D ( 'NONE', #1798, #9558, #5565 );
#4403=DIRECTION ( 'NONE',  ( 1.000000000000000000, 0.0000000000000000000, -3.252606517456585900E-015 ) );
#4404=ORIENTED_EDGE ( 'NONE', *, *, #9397, .T. );
#4405=PLANE ( 'NONE',  #12074 );
#4406=LINE ( 'NONE', #8768, #3879 );
#4407=FACE_OUTER_BOUND ( 'NONE', #4952, .T. );
#4408=LINE ( 'NONE', #1295, #3673 );
#4409=VERTEX_POINT ( 'NONE', #8207 );
#4410=VECTOR ( 'NONE', #6878, 1000.000000000000000 );
#4411=EDGE_CURVE ( 'NONE', #11081, #11669, #9301, .T. );
#4412=LINE ( 'NONE', #72, #22 );
#4413=VERTEX_POINT ( 'NONE', #11327 );
#4414=EDGE_CURVE ( 'NONE', #817, #8174, #5582, .T. );
#4415=CARTESIAN_POINT ( 'NONE',  ( 6.299999999999992700, 0.0000000000000000000, -0.7000000000000022900 ) );
#4416=VERTEX_POINT ( 'NONE', #260 );
#4417=CARTESIAN_POINT ( 'NONE',  ( -4.199999999999998400, 0.0000000000000000000, -1.800000000000001400 ) );
#4418=EDGE_CURVE ( 'NONE', #3279, #9496, #7946, .T. );
#4419=ADVANCED_FACE ( 'NONE', ( #11695 ), #3340, .T. );
#4420=MECHANICAL_DESIGN_GEOMETRIC_PRESENTATION_REPRESENTATION (  '', ( #10625 ), #8153 );
#4421=ORIENTED_EDGE ( 'NONE', *, *, #9269, .T. );
#4422=FACE_OUTER_BOUND ( 'NONE', #13781, .T. );
#4423=LINE ( 'NONE', #903, #22 );
#4424=EDGE_LOOP ( 'NONE', ( #5048, #7967, #3840, #4172 ) );
#4425=LINE ( 'NONE', #5102, #124 );
#4426=CARTESIAN_POINT ( 'NONE',  ( -0.6000000000000128600, 0.0000000000000000000, -2.600000000000001900 ) );
#4427=ORIENTED_EDGE ( 'NONE', *, *, #8268, .T. );
#4428=PLANE ( 'NONE',  #10633 );
#4429=STYLED_ITEM ( 'NONE', ( #853 ), #11771 );
#4430=ORIENTED_EDGE ( 'NONE', *, *, #9031, .T. );
#4431=ORIENTED_EDGE ( 'NONE', *, *, #10538, .T. );
#4432=ADVANCED_FACE ( 'NONE', ( #8121 ), #4544, .T. );
#4433=EDGE_CURVE ( 'NONE', #10583, #4388, #10743, .T. );
#4434=PLANE ( 'NONE',  #2455 );
#4435=LINE ( 'NONE', #9258, #5364 );
#4436=ADVANCED_FACE ( 'NONE', ( #13998 ), #4491, .F. );
#4437=ORIENTED_EDGE ( 'NONE', *, *, #14540, .F. );
#4438=EDGE_CURVE ( 'NONE', #5706, #4274, #4557, .T. );
#4439=AXIS2_PLACEMENT_3D ( 'NONE', #5045, #128, #711 );
#4440=LINE ( 'NONE', #3326, #95 );
#4441=PLANE ( 'NONE',  #9196 );
#4442=VERTEX_POINT ( 'NONE', #694 );
#4443=ORIENTED_EDGE ( 'NONE', *, *, #1409, .T. );
#4444=EDGE_LOOP ( 'NONE', ( #2374, #2025, #1148, #90 ) );
#4445=PLANE ( 'NONE',  #7958 );
#4446=PLANE ( 'NONE',  #1176 );
#4447=ORIENTED_EDGE ( 'NONE', *, *, #13176, .F. );
#4448=FACE_OUTER_BOUND ( 'NONE', #5897, .T. );
#4449=ORIENTED_EDGE ( 'NONE', *, *, #11221, .F. );
#4450=LINE ( 'NONE', #1011, #188 );
#4451=ADVANCED_FACE ( 'NONE', ( #5218 ), #30, .T. );
#4452=LINE ( 'NONE', #796, #119 );
#4453=EDGE_CURVE ( 'NONE', #2967, #8753, #6874, .T. );
#4454=ORIENTED_EDGE ( 'NONE', *, *, #6293, .F. );
#4455=VERTEX_POINT ( 'NONE', #4574 );
#4456=CARTESIAN_POINT ( 'NONE',  ( 0.2000000000000020400, 0.04999999999999992000, -7.250000000000000000 ) );
#4457=AXIS2_PLACEMENT_3D ( 'NONE', #5104, #51, #3108 );
#4458=VERTEX_POINT ( 'NONE', #1228 );
#4459=VERTEX_POINT ( 'NONE', #1520 );
#4460=VERTEX_POINT ( 'NONE', #2126 );
#4461=ORIENTED_EDGE ( 'NONE', *, *, #4053, .T. );
#4462=EDGE_CURVE ( 'NONE', #1023, #13445, #9964, .T. );
#4463=VECTOR ( 'NONE', #2916, 1000.000000000000000 );
#4464=LINE ( 'NONE', #9620, #334 );
#4465=ORIENTED_EDGE ( 'NONE', *, *, #13693, .T. );
#4466=LINE ( 'NONE', #2895, #2259 );
#4467=EDGE_CURVE ( 'NONE', #9155, #4559, #2260, .T. );
#4468=LINE ( 'NONE', #1739, #10134 );
#4469=PLANE ( 'NONE',  #4967 );
#4470=ORIENTED_EDGE ( 'NONE', *, *, #5212, .T. );
#4471=PLANE ( 'NONE',  #5633 );
#4472=ADVANCED_FACE ( 'NONE', ( #12175 ), #3235, .T. );
#4473=ORIENTED_EDGE ( 'NONE', *, *, #5478, .T. );
#4474=VERTEX_POINT ( 'NONE', #1972 );
#4475=EDGE_CURVE ( 'NONE', #5982, #12628, #13256, .T. );
#4476=CARTESIAN_POINT ( 'NONE',  ( -0.6000000000000128600, 0.05000000000000007900, -1.800000000000001200 ) );
#4477=VERTEX_POINT ( 'NONE', #1012 );
#4478=EDGE_CURVE ( 'NONE', #4586, #1356, #11399, .T. );
#4479=VECTOR ( 'NONE', #3001, 1000.000000000000000 );
#4480=FACE_OUTER_BOUND ( 'NONE', #9016, .T. );
#4481=EDGE_LOOP ( 'NONE', ( #5286, #8933, #5588, #3689 ) );
#4482=CARTESIAN_POINT ( 'NONE',  ( -6.599999999999997000, 0.05000000000000005100, -8.300000000000000700 ) );
#4483=FACE_OUTER_BOUND ( 'NONE', #8275, .T. );
#4484=PLANE ( 'NONE',  #7485 );
#4485=ORIENTED_EDGE ( 'NONE', *, *, #5145, .F. );
#4486=EDGE_CURVE ( 'NONE', #13282, #6954, #10434, .T. );
#4487=DIRECTION ( 'NONE',  ( 1.000000000000000000, 0.0000000000000000000, 3.717264591378872000E-015 ) );
#4488=VERTEX_POINT ( 'NONE', #4843 );
#4489=ORIENTED_EDGE ( 'NONE', *, *, #8460, .F. );
#4490=EDGE_CURVE ( 'NONE', #1127, #7487, #11069, .T. );
#4491=PLANE ( 'NONE',  #6338 );
#4492=LINE ( 'NONE', #4571, #5422 );
#4493=AXIS2_PLACEMENT_3D ( 'NONE', #1384, #93, #18 );
#4494=EDGE_LOOP ( 'NONE', ( #14614, #1664, #7590, #10143 ) );
#4495=VERTEX_POINT ( 'NONE', #6110 );
#4496=ADVANCED_FACE ( 'NONE', ( #13396 ), #30, .T. );
#4497=VERTEX_POINT ( 'NONE', #9258 );
#4498=CARTESIAN_POINT ( 'NONE',  ( -0.6000000000000128600, 0.0000000000000000000, -1.800000000000001200 ) );
#4499=EDGE_CURVE ( 'NONE', #4337, #10583, #14711, .T. );
#4500=CLOSED_SHELL ( 'NONE', ( #5456, #300, #11815, #11077, #13645, #6920, #13154, #12581, #12895, #5732, #2826, #3899, #4350, #5751, #13169, #5500, #13705, #2094, #5126, #8821, #6198, #8523, #7828, #14193, #10549, #9051, #3839, #14583, #12281, #2023 ) );
#4501=EDGE_CURVE ( 'NONE', #8513, #8066, #1823, .T. );
#4502=ORIENTED_EDGE ( 'NONE', *, *, #12223, .T. );
#4503=ORIENTED_EDGE ( 'NONE', *, *, #4846, .T. );
#4504=ORIENTED_EDGE ( 'NONE', *, *, #8910, .F. );
#4505=DIRECTION ( 'NONE',  ( 7.804049169039133800E-036, 0.0000000000000000000, 1.000000000000000000 ) );
#4506=EDGE_CURVE ( 'NONE', #3959, #12953, #7251, .T. );
#4507=ORIENTED_EDGE ( 'NONE', *, *, #14116, .T. );
#4508=ORIENTED_EDGE ( 'NONE', *, *, #13985, .T. );
#4509=ADVANCED_FACE ( 'NONE', ( #12961 ), #8392, .T. );
#4510=ADVANCED_FACE ( 'NONE', ( #1595 ), #6164, .T. );
#4511=ADVANCED_FACE ( 'NONE', ( #7063 ), #12343, .T. );
#4512=FACE_OUTER_BOUND ( 'NONE', #5055, .T. );
#4513=ORIENTED_EDGE ( 'NONE', *, *, #9339, .T. );
#4514=LINE ( 'NONE', #968, #52 );
#4515=DIRECTION ( 'NONE',  ( -4.336808689941611500E-015, 0.0000000000000000000, -1.000000000000000000 ) );
#4516=ORIENTED_EDGE ( 'NONE', *, *, #6208, .T. );
#4517=ORIENTED_EDGE ( 'NONE', *, *, #3756, .F. );
#4518=VERTEX_POINT ( 'NONE', #2616 );
#4519=EDGE_LOOP ( 'NONE', ( #2469, #10528, #8928, #2892 ) );
#4520=PLANE ( 'NONE',  #4926 );
#4521=STYLED_ITEM ( 'NONE', ( #853 ), #11402 );
#4522=VECTOR ( 'NONE', #4192, 1000.000000000000000 );
#4523=ORIENTED_EDGE ( 'NONE', *, *, #12653, .T. );
#4524=LINE ( 'NONE', #9869, #366 );
#4525=ORIENTED_EDGE ( 'NONE', *, *, #13125, .F. );
#4526=EDGE_CURVE ( 'NONE', #1213, #13879, #7769, .T. );
#4527=CARTESIAN_POINT ( 'NONE',  ( 6.299999999999971400, 0.05000000000000005100, 3.299999999999988300 ) );
#4528=PLANE ( 'NONE',  #13008 );
#4529=FACE_BOUND ( 'NONE', #6189, .T. );
#4530=ORIENTED_EDGE ( 'NONE', *, *, #8752, .F. );
#4531=DIRECTION ( 'NONE',  ( 2.168404344971003300E-015, 0.0000000000000000000, 1.000000000000000000 ) );
#4532=EDGE_CURVE ( 'NONE', #8513, #3545, #914, .T. );
#4533=ADVANCED_FACE ( 'NONE', ( #699 ), #2198, .T. );
#4534=STYLED_ITEM ( 'NONE', ( #853 ), #3747 );
#4535=ORIENTED_EDGE ( 'NONE', *, *, #11628, .F. );
#4536=CARTESIAN_POINT ( 'NONE',  ( 2.999999999999988900, 0.0000000000000000000, 7.199999999999996600 ) );
#4537=STYLED_ITEM ( 'NONE', ( #853 ), #8971 );
#4538=FACE_OUTER_BOUND ( 'NONE', #11334, .T. );
#4539=DIRECTION ( 'NONE',  ( 1.000000000000000000, 0.0000000000000000000, -7.299920059573109600E-037 ) );
#4540=ORIENTED_EDGE ( 'NONE', *, *, #5297, .F. );
#4541=ORIENTED_EDGE ( 'NONE', *, *, #488, .T. );
#4542=ORIENTED_EDGE ( 'NONE', *, *, #927, .T. );
#4543=LINE ( 'NONE', #260, #52 );
#4544=PLANE ( 'NONE',  #12247 );
#4545=LINE ( 'NONE', #1574, #52 );
#4546=ORIENTED_EDGE ( 'NONE', *, *, #10658, .T. );
#4547=LINE ( 'NONE', #3148, #22 );
#4548=EDGE_CURVE ( 'NONE', #5473, #7881, #3479, .T. );
#4549=ORIENTED_EDGE ( 'NONE', *, *, #14133, .T. );
#4550=ADVANCED_FACE ( 'NONE', ( #3862 ), #5077, .T. );
#4551=PLANE ( 'NONE',  #14128 );
#4552=CARTESIAN_POINT ( 'NONE',  ( 6.299999999999992700, 0.0000000000000000000, 2.499999999999997800 ) );
#4553=DIRECTION ( 'NONE',  ( 1.927470528863118600E-015, -1.204669080539449800E-016, 1.000000000000000000 ) );
#4554=CARTESIAN_POINT ( 'NONE',  ( 0.0000000000000000000, 2.549999999999999800, 0.0000000000000000000 ) );
#4555=PLANE ( 'NONE',  #12321 );
#4556=PLANE ( 'NONE',  #14673 );
#4557=LINE ( 'NONE', #2017, #1541 );
#4558=ORIENTED_EDGE ( 'NONE', *, *, #12896, .T. );
#4559=VERTEX_POINT ( 'NONE', #4874 );
#4560=CARTESIAN_POINT ( 'NONE',  ( 6.299999999999999800, 0.0000000000000000000, -1.900000000000001700 ) );
#4561=ORIENTED_EDGE ( 'NONE', *, *, #7450, .F. );
#4562=LINE ( 'NONE', #1842, #4479 );
#4563=EDGE_CURVE ( 'NONE', #13425, #1212, #12017, .T. );
#4564=ORIENTED_EDGE ( 'NONE', *, *, #14392, .F. );
#4565=FACE_OUTER_BOUND ( 'NONE', #7541, .T. );
#4566=ORIENTED_EDGE ( 'NONE', *, *, #14320, .T. );
#4567=EDGE_LOOP ( 'NONE', ( #10073, #12921, #9837, #9168 ) );
#4568=PLANE ( 'NONE',  #11359 );
#4569=AXIS2_PLACEMENT_3D ( 'NONE', #1807, #4114, #724 );
#4570=CARTESIAN_POINT ( 'NONE',  ( 5.599999999999997000, 0.05000000000000005100, 7.299999999999998000 ) );
#4571=CARTESIAN_POINT ( 'NONE',  ( 0.7250000000000101900, 0.05000000000000005100, 3.424999999999998900 ) );
#4572=CARTESIAN_POINT ( 'NONE',  ( -2.999999999999986200, 3.388131789017201400E-018, -1.799999999999999600 ) );
#4573=ORIENTED_EDGE ( 'NONE', *, *, #11104, .F. );
#4574=CARTESIAN_POINT ( 'NONE',  ( 1.400000000000013200, 0.05000000000000007900, -1.800000000000001200 ) );
#4575=EDGE_CURVE ( 'NONE', #528, #5118, #13548, .T. );
#4576=ADVANCED_FACE ( 'NONE', ( #12949 ), #3984, .F. );
#4577=ORIENTED_EDGE ( 'NONE', *, *, #1488, .T. );
#4578=CARTESIAN_POINT ( 'NONE',  ( -6.299999999999998900, 0.05000000000000007900, 6.499999999999999100 ) );
#4579=EDGE_LOOP ( 'NONE', ( #6135, #1700, #8136, #11918 ) );
#4580=EDGE_LOOP ( 'NONE', ( #3654, #8901, #12146, #11763 ) );
#4581=CARTESIAN_POINT ( 'NONE',  ( -5.000000000000027500, 0.0000000000000000000, -2.599999999999982300 ) );
#4582=ORIENTED_EDGE ( 'NONE', *, *, #4334, .F. );
#4583=EDGE_CURVE ( 'NONE', #3938, #351, #5384, .T. );
#4584=EDGE_CURVE ( 'NONE', #10672, #11607, #13836, .T. );
#4585=VERTEX_POINT ( 'NONE', #6032 );
#4586=VERTEX_POINT ( 'NONE', #2464 );
#4587=AXIS2_PLACEMENT_3D ( 'NONE', #3046, #93, #18 );
#4588=CARTESIAN_POINT ( 'NONE',  ( 5.725000000000000500, 2.299999999999999800, -2.269999999999998700 ) );
#4589=PLANE ( 'NONE',  #8718 );
#4590=AXIS2_PLACEMENT_3D ( 'NONE', #926, #93, #18 );
#4591=LINE ( 'NONE', #10214, #144 );
#4592=ORIENTED_EDGE ( 'NONE', *, *, #4265, .F. );
#4593=LINE ( 'NONE', #895, #2259 );
#4594=LINE ( 'NONE', #454, #22 );
#4595=LINE ( 'NONE', #2008, #22 );
#4596=EDGE_LOOP ( 'NONE', ( #12934, #4330, #14369, #3475 ) );
#4597=ADVANCED_FACE ( 'NONE', ( #13385 ), #1314, .T. );
#4598=EDGE_CURVE ( 'NONE', #9524, #9897, #5025, .T. );
#4599=PLANE ( 'NONE',  #9589 );
#4600=ORIENTED_EDGE ( 'NONE', *, *, #1470, .T. );
#4601=EDGE_CURVE ( 'NONE', #6611, #1160, #12643, .T. );
#4602=ORIENTED_EDGE ( 'NONE', *, *, #13338, .T. );
#4603=EDGE_CURVE ( 'NONE', #4357, #1550, #3843, .T. );
#4604=LINE ( 'NONE', #1591, #52 );
#4605=DIRECTION ( 'NONE',  ( 1.000000000000000000, 1.540743955509788700E-033, -3.252606517456547200E-015 ) );
#4606=VECTOR ( 'NONE', #7793, 1000.000000000000000 );
#4607=LINE ( 'NONE', #1404, #2259 );
#4608=ORIENTED_EDGE ( 'NONE', *, *, #10223, .T. );
#4609=PLANE ( 'NONE',  #7898 );
#4610=CARTESIAN_POINT ( 'NONE',  ( 2.199999999999990000, 0.05000000000000007900, -2.600000000000024100 ) );
#4611=ORIENTED_EDGE ( 'NONE', *, *, #8765, .T. );
#4612=ADVANCED_FACE ( 'NONE', ( #14553 ), #6213, .T. );
#4613=CARTESIAN_POINT ( 'NONE',  ( -0.4499999999999980100, 0.7999999999999997100, -5.349999999999997900 ) );
#4614=EDGE_LOOP ( 'NONE', ( #1644, #8549, #10706, #8200 ) );
#4615=EDGE_CURVE ( 'NONE', #7366, #3079, #10278, .T. );
#4616=LINE ( 'NONE', #10539, #10107 );
#4617=DIRECTION ( 'NONE',  ( 1.000000000000000000, 0.0000000000000000000, -1.386294004633993400E-035 ) );
#4618=PLANE ( 'NONE',  #10934 );
#4619=ORIENTED_EDGE ( 'NONE', *, *, #1285, .T. );
#4620=CARTESIAN_POINT ( 'NONE',  ( -4.199999999999999300, 0.05000000000000007900, 8.000000000000021300 ) );
#4621=LINE ( 'NONE', #5598, #52 );
#4622=EDGE_CURVE ( 'NONE', #6386, #3290, #8102, .T. );
#4623=LINE ( 'NONE', #267, #9827 );
#4624=VERTEX_POINT ( 'NONE', #9489 );
#4625=VECTOR ( 'NONE', #1622, 1000.000000000000000 );
#4626=EDGE_CURVE ( 'NONE', #9039, #13185, #9466, .T. );
#4627=AXIS2_PLACEMENT_3D ( 'NONE', #5639, #93, #18 );
#4628=ORIENTED_EDGE ( 'NONE', *, *, #11813, .F. );
#4629=ADVANCED_FACE ( 'NONE', ( #10587 ), #9672, .F. );
#4630=CARTESIAN_POINT ( 'NONE',  ( 2.700000000000000200, 0.0000000000000000000, 3.949999999999998800 ) );
#4631=ORIENTED_EDGE ( 'NONE', *, *, #10276, .F. );
#4632=ORIENTED_EDGE ( 'NONE', *, *, #11343, .T. );
#4633=VECTOR ( 'NONE', #1743, 1000.000000000000000 );
#4634=LINE ( 'NONE', #687, #119 );
#4635=LINE ( 'NONE', #5693, #52 );
#4636=ORIENTED_EDGE ( 'NONE', *, *, #13463, .T. );
#4637=LINE ( 'NONE', #1548, #144 );
#4638=AXIS2_PLACEMENT_3D ( 'NONE', #940, #2513, #6625 );
#4639=VECTOR ( 'NONE', #11602, 1000.000000000000000 );
#4640=CARTESIAN_POINT ( 'NONE',  ( 0.2000000000000019300, 5.793705359219414300E-016, -4.699999999999997500 ) );
#4641=CARTESIAN_POINT ( 'NONE',  ( 2.600000000000002300, 0.05000000000000005100, -1.800000000000001400 ) );
#4642=ORIENTED_EDGE ( 'NONE', *, *, #8358, .T. );
#4643=LINE ( 'NONE', #4797, #124 );
#4644=CARTESIAN_POINT ( 'NONE',  ( -5.549999999999998900, 0.7999999999999999300, -7.250000000000000900 ) );
#4645=EDGE_CURVE ( 'NONE', #9010, #7218, #11841, .T. );
#4646=VERTEX_POINT ( 'NONE', #3151 );
#4647=EDGE_LOOP ( 'NONE', ( #5255, #184, #10442, #14234 ) );
#4648=ORIENTED_EDGE ( 'NONE', *, *, #7880, .T. );
#4649=CARTESIAN_POINT ( 'NONE',  ( 0.2000000000000019300, 0.04999999999999992000, -7.250000000000000000 ) );
#4650=ORIENTED_EDGE ( 'NONE', *, *, #13444, .F. );
#4651=ORIENTED_EDGE ( 'NONE', *, *, #6658, .T. );
#4652=EDGE_CURVE ( 'NONE', #6633, #9028, #7422, .T. );
#4653=LINE ( 'NONE', #5089, #144 );
#4654=PRESENTATION_LAYER_ASSIGNMENT (  '', '', ( #8516 ) );
#4655=LINE ( 'NONE', #4835, #144 );
#4656=EDGE_LOOP ( 'NONE', ( #8191, #12916, #7559, #207 ) );
#4657=ADVANCED_FACE ( 'NONE', ( #11680 ), #301, .F. );
#4658=ORIENTED_EDGE ( 'NONE', *, *, #14431, .T. );
#4659=ORIENTED_EDGE ( 'NONE', *, *, #6622, .F. );
#4660=CARTESIAN_POINT ( 'NONE',  ( 6.299999999999972300, 0.0000000000000000000, 0.1000000000000028600 ) );
#4661=PRESENTATION_LAYER_ASSIGNMENT (  '', '', ( #7803 ) );
#4662=ORIENTED_EDGE ( 'NONE', *, *, #7715, .T. );
#4663=ORIENTED_EDGE ( 'NONE', *, *, #4202, .T. );
#4664=FACE_OUTER_BOUND ( 'NONE', #13641, .T. );
#4665=EDGE_LOOP ( 'NONE', ( #8098, #795, #14163, #3702 ) );
#4666=EDGE_CURVE ( 'NONE', #10606, #728, #8437, .T. );
#4667=LINE ( 'NONE', #9642, #22 );
#4668=DIRECTION ( 'NONE',  ( 1.000000000000000000, 0.0000000000000000000, -7.047314121156523500E-015 ) );
#4669=LINE ( 'NONE', #2334, #6907 );
#4670=ADVANCED_FACE ( 'NONE', ( #9622 ), #5452, .F. );
#4671=DIRECTION ( 'NONE',  ( 1.000000000000000000, -0.0000000000000000000, 2.168404344971008500E-015 ) );
#4672=EDGE_LOOP ( 'NONE', ( #2738, #11631, #14375, #9179 ) );
#4673=PLANE ( 'NONE',  #193 );
#4674=ADVANCED_FACE ( 'NONE', ( #13240 ), #6604, .F. );
#4675=PRESENTATION_LAYER_ASSIGNMENT (  '', '', ( #13576 ) );
#4676=CARTESIAN_POINT ( 'NONE',  ( -6.299999999999998900, 0.0000000000000000000, -1.100000000000001600 ) );
#4677=ORIENTED_EDGE ( 'NONE', *, *, #13507, .F. );
#4678=CARTESIAN_POINT ( 'NONE',  ( 0.7249999999999999800, 0.0000000000000000000, 1.449999999999998200 ) );
#4679=ORIENTED_EDGE ( 'NONE', *, *, #8578, .F. );
#4680=EDGE_CURVE ( 'NONE', #12705, #6048, #4635, .T. );
#4681=CARTESIAN_POINT ( 'NONE',  ( -5.500000000000007100, 0.05000000000000005100, 3.299999999999987800 ) );
#4682=EDGE_CURVE ( 'NONE', #3377, #8066, #10730, .T. );
#4683=CLOSED_SHELL ( 'NONE', ( #3801, #3011, #13200, #11281, #6, #8806 ) );
#4684=ORIENTED_EDGE ( 'NONE', *, *, #7571, .F. );
#4685=ORIENTED_EDGE ( 'NONE', *, *, #13673, .T. );
#4686=AXIS2_PLACEMENT_3D ( 'NONE', #4216, #2970, #455 );
#4687=ORIENTED_EDGE ( 'NONE', *, *, #13227, .F. );
#4688=ORIENTED_EDGE ( 'NONE', *, *, #5940, .T. );
#4689=EDGE_CURVE ( 'NONE', #12415, #1189, #3462, .T. );
#4690=EDGE_CURVE ( 'NONE', #10045, #3999, #9953, .T. );
#4691=ADVANCED_FACE ( 'NONE', ( #676 ), #10858, .F. );
#4692=ORIENTED_EDGE ( 'NONE', *, *, #12632, .T. );
#4693=FACE_OUTER_BOUND ( 'NONE', #4656, .T. );
#4694=DIRECTION ( 'NONE',  ( -1.301042606982607500E-014, 1.925929944387235900E-034, 1.000000000000000000 ) );
#4695=ORIENTED_EDGE ( 'NONE', *, *, #1199, .T. );
#4696=AXIS2_PLACEMENT_3D ( 'NONE', #5033, #3251, #5713 );
#4697=ORIENTED_EDGE ( 'NONE', *, *, #14516, .F. );
#4698=FACE_OUTER_BOUND ( 'NONE', #8258, .T. );
#4699=CARTESIAN_POINT ( 'NONE',  ( 0.2000000000000014000, 0.0000000000000000000, -1.800000000000001400 ) );
#4700=EDGE_CURVE ( 'NONE', #2346, #7451, #6307, .T. );
#4701=FACE_OUTER_BOUND ( 'NONE', #14465, .T. );
#4702=EDGE_CURVE ( 'NONE', #11021, #6646, #9286, .T. );
#4703=EDGE_LOOP ( 'NONE', ( #7228, #12258, #2042, #10851 ) );
#4704=VERTEX_POINT ( 'NONE', #6778 );
#4705=AXIS2_PLACEMENT_3D ( 'NONE', #2324, #10144, #3154 );
#4706=ORIENTED_EDGE ( 'NONE', *, *, #6816, .F. );
#4707=EDGE_LOOP ( 'NONE', ( #4965, #8921, #1919, #4223 ) );
#4708=FACE_OUTER_BOUND ( 'NONE', #9867, .T. );
#4709=ORIENTED_EDGE ( 'NONE', *, *, #14475, .F. );
#4710=ADVANCED_FACE ( 'NONE', ( #6503 ), #4234, .T. );
#4711=PLANE ( 'NONE',  #9115 );
#4712=VECTOR ( 'NONE', #1229, 1000.000000000000000 );
#4713=VERTEX_POINT ( 'NONE', #1203 );
#4714=CARTESIAN_POINT ( 'NONE',  ( -3.799999999999984700, 0.0000000000000000000, 8.000000000000021300 ) );
#4715=EDGE_CURVE ( 'NONE', #13958, #13515, #14420, .T. );
#4716=FACE_OUTER_BOUND ( 'NONE', #13800, .T. );
#4717=CARTESIAN_POINT ( 'NONE',  ( 5.000000000000050600, 0.05000000000000007900, -2.599999999999979200 ) );
#4718=PLANE ( 'NONE',  #7874 );
#4719=PLANE ( 'NONE',  #13818 );
#4720=EDGE_CURVE ( 'NONE', #4039, #9543, #8594, .T. );
#4721=LINE ( 'NONE', #7229, #22 );
#4722=EDGE_CURVE ( 'NONE', #2691, #4458, #2852, .T. );
#4723=ORIENTED_EDGE ( 'NONE', *, *, #1601, .T. );
#4724=ORIENTED_EDGE ( 'NONE', *, *, #7854, .F. );
#4725=AXIS2_PLACEMENT_3D ( 'NONE', #2089, #93, #18 );
#4726=DIRECTION ( 'NONE',  ( -1.000000000000000000, 0.0000000000000000000, 2.168404344971008500E-015 ) );
#4727=ORIENTED_EDGE ( 'NONE', *, *, #9752, .T. );
#4728=ORIENTED_EDGE ( 'NONE', *, *, #9570, .T. );
#4729=EDGE_CURVE ( 'NONE', #12261, #12850, #5567, .T. );
#4730=EDGE_LOOP ( 'NONE', ( #9390, #13899, #4299, #5970 ) );
#4731=VERTEX_POINT ( 'NONE', #2461 );
#4732=LINE ( 'NONE', #938, #1155 );
#4733=DIRECTION ( 'NONE',  ( 1.829591166069420900E-015, 0.0000000000000000000, -1.000000000000000000 ) );
#4734=EDGE_LOOP ( 'NONE', ( #2756, #8343, #634, #11946 ) );
#4735=VECTOR ( 'NONE', #2241, 1000.000000000000000 );
#4736=PLANE ( 'NONE',  #13127 );
#4737=FACE_BOUND ( 'NONE', #8190, .T. );
#4738=VECTOR ( 'NONE', #4883, 1000.000000000000000 );
#4739=ORIENTED_EDGE ( 'NONE', *, *, #12310, .F. );
#4740=CARTESIAN_POINT ( 'NONE',  ( 1.000000000000000900, 0.05000000000000007900, -1.800000000000001400 ) );
#4741=VECTOR ( 'NONE', #766, 1000.000000000000000 );
#4742=ORIENTED_EDGE ( 'NONE', *, *, #4360, .F. );
#4743=ADVANCED_FACE ( 'NONE', ( #8264 ), #8794, .T. );
#4744=PRESENTATION_LAYER_ASSIGNMENT (  '', '', ( #7415 ) );
#4745=PLANE ( 'NONE',  #11410 );
#4746=CARTESIAN_POINT ( 'NONE',  ( 6.299999999999972300, 0.05000000000000005100, 0.9000000000000053500 ) );
#4747=EDGE_LOOP ( 'NONE', ( #6274, #11500, #11342, #7145 ) );
#4748=PLANE ( 'NONE',  #1650 );
#4749=EDGE_CURVE ( 'NONE', #7879, #6259, #11535, .T. );
#4750=ORIENTED_EDGE ( 'NONE', *, *, #12787, .F. );
#4751=CARTESIAN_POINT ( 'NONE',  ( 2.700000000000000200, 0.05000000000000007900, 3.424999999999998500 ) );
#4752=ORIENTED_EDGE ( 'NONE', *, *, #5922, .F. );
#4753=EDGE_CURVE ( 'NONE', #3725, #3999, #8779, .T. );
#4754=EDGE_LOOP ( 'NONE', ( #564, #75, #13600, #497 ) );
#4755=MANIFOLD_SOLID_BREP ( 'Pin 32', #7586 );
#4756=ORIENTED_EDGE ( 'NONE', *, *, #792, .T. );
#4757=LINE ( 'NONE', #2381, #7177 );
#4758=ORIENTED_EDGE ( 'NONE', *, *, #14633, .T. );
#4759=LINE ( 'NONE', #3249, #350 );
#4760=VERTEX_POINT ( 'NONE', #5033 );
#4761=ORIENTED_EDGE ( 'NONE', *, *, #422, .F. );
#4762=ADVANCED_FACE ( 'NONE', ( #1139 ), #1673, .F. );
#4763=LINE ( 'NONE', #1278, #739 );
#4764=ORIENTED_EDGE ( 'NONE', *, *, #10519, .F. );
#4765=CARTESIAN_POINT ( 'NONE',  ( 5.725000000000000500, 2.399999999999999900, -2.020000000000000000 ) );
#4766=ORIENTED_EDGE ( 'NONE', *, *, #8104, .T. );
#4767=LINE ( 'NONE', #1203, #52 );
#4768=ORIENTED_EDGE ( 'NONE', *, *, #11852, .T. );
#4769=EDGE_CURVE ( 'NONE', #12261, #3383, #3259, .T. );
#4770=LINE ( 'NONE', #4581, #3418 );
#4771=ORIENTED_EDGE ( 'NONE', *, *, #950, .T. );
#4772=PLANE ( 'NONE',  #12035 );
#4773=MANIFOLD_SOLID_BREP ( 'Pin 50', #6047 );
#4774=VECTOR ( 'NONE', #6448, 1000.000000000000000 );
#4775=VERTEX_POINT ( 'NONE', #450 );
#4776=ORIENTED_EDGE ( 'NONE', *, *, #12794, .F. );
#4777=VERTEX_POINT ( 'NONE', #2891 );
#4778=CARTESIAN_POINT ( 'NONE',  ( 1.000000000000000900, 0.0000000000000000000, 7.199999999999998400 ) );
#4779=EDGE_CURVE ( 'NONE', #2546, #2020, #13034, .T. );
#4780=ADVANCED_FACE ( 'NONE', ( #6665 ), #10145, .F. );
#4781=CARTESIAN_POINT ( 'NONE',  ( -0.1999999999999866300, 0.0000000000000000000, -2.600000000000001900 ) );
#4782=ORIENTED_EDGE ( 'NONE', *, *, #11584, .F. );
#4783=EDGE_CURVE ( 'NONE', #10862, #2557, #6122, .T. );
#4784=LINE ( 'NONE', #1777, #2961 );
#4785=ORIENTED_EDGE ( 'NONE', *, *, #594, .T. );
#4786=LINE ( 'NONE', #1956, #22 );
#4787=LINE ( 'NONE', #113, #144 );
#4788=VERTEX_POINT ( 'NONE', #3005 );
#4789=AXIS2_PLACEMENT_3D ( 'NONE', #2986, #18, #511 );
#4790=DIRECTION ( 'NONE',  ( -5.907032525955508200E-015, 0.0000000000000000000, -1.000000000000000000 ) );
#4791=EDGE_LOOP ( 'NONE', ( #4253, #11847, #2606, #5828 ) );
#4792=CARTESIAN_POINT ( 'NONE',  ( 2.999999999999989800, 0.0000000000000000000, -1.799999999999999600 ) );
#4793=EDGE_CURVE ( 'NONE', #12078, #3902, #12477, .T. );
#4794=CARTESIAN_POINT ( 'NONE',  ( 0.2000000000000014000, 0.0000000000000000000, 7.999999999999998200 ) );
#4795=VERTEX_POINT ( 'NONE', #3256 );
#4796=EDGE_LOOP ( 'NONE', ( #1984, #13211, #2433, #440 ) );
#4797=CARTESIAN_POINT ( 'NONE',  ( -5.974999999999999600, 2.299999999999999800, 7.680000000000000600 ) );
#4798=LINE ( 'NONE', #4649, #1541 );
#4799=ADVANCED_FACE ( 'NONE', ( #13823 ), #998, .T. );
#4800=CARTESIAN_POINT ( 'NONE',  ( -4.449999999999997500, 0.7499999999999998900, -7.250000000000000900 ) );
#4801=FACE_OUTER_BOUND ( 'NONE', #12092, .T. );
#4802=LINE ( 'NONE', #1582, #6936 );
#4803=ORIENTED_EDGE ( 'NONE', *, *, #12310, .T. );
#4804=FACE_OUTER_BOUND ( 'NONE', #7511, .T. );
#4805=ORIENTED_EDGE ( 'NONE', *, *, #1270, .F. );
#4806=EDGE_CURVE ( 'NONE', #1416, #13897, #2830, .T. );
#4807=ORIENTED_EDGE ( 'NONE', *, *, #8390, .F. );
#4808=EDGE_CURVE ( 'NONE', #432, #14562, #661, .T. );
#4809=PLANE ( 'NONE',  #708 );
#4810=AXIS2_PLACEMENT_3D ( 'NONE', #842, #93, #18 );
#4811=DIRECTION ( 'NONE',  ( 1.000000000000000000, 0.0000000000000000000, 2.973811673103064200E-014 ) );
#4812=VERTEX_POINT ( 'NONE', #4129 );
#4813=CARTESIAN_POINT ( 'NONE',  ( -6.299999999999950100, 0.0000000000000000000, 0.09999999999999939500 ) );
#4814=CARTESIAN_POINT ( 'NONE',  ( 0.7249999999999999800, 0.05000000000000007900, 5.399999999999998600 ) );
#4815=LINE ( 'NONE', #1677, #2259 );
#4816=DIRECTION ( 'NONE',  ( 1.713039432527285800E-013, 0.0000000000000000000, -1.000000000000000000 ) );
#4817=LINE ( 'NONE', #356, #22 );
#4818=VERTEX_POINT ( 'NONE', #413 );
#4819=EDGE_CURVE ( 'NONE', #3409, #518, #2012, .T. );
#4820=LINE ( 'NONE', #2986, #52 );
#4821=EDGE_CURVE ( 'NONE', #5479, #8696, #11828, .T. );
#4822=ADVANCED_FACE ( 'NONE', ( #7929 ), #526, .T. );
#4823=VERTEX_POINT ( 'NONE', #10193 );
#4824=AXIS2_PLACEMENT_3D ( 'NONE', #202, #88, #102 );
#4825=ORIENTED_EDGE ( 'NONE', *, *, #9646, .F. );
#4826=EDGE_CURVE ( 'NONE', #14286, #1440, #420, .T. );
#4827=CARTESIAN_POINT ( 'NONE',  ( -3.799999999999985600, 0.05000000000000005100, -2.600000000000024100 ) );
#4828=ORIENTED_EDGE ( 'NONE', *, *, #1441, .F. );
#4829=ORIENTED_EDGE ( 'NONE', *, *, #10732, .T. );
#4830=PLANE ( 'NONE',  #13395 );
#4831=CARTESIAN_POINT ( 'NONE',  ( -6.299999999999998900, 0.0000000000000000000, 6.499999999999999100 ) );
#4832=AXIS2_PLACEMENT_3D ( 'NONE', #903, #2668, #3797 );
#4833=CARTESIAN_POINT ( 'NONE',  ( 5.500000000000028400, 0.0000000000000000000, 6.099999999999997000 ) );
#4834=ORIENTED_EDGE ( 'NONE', *, *, #8277, .T. );
#4835=CARTESIAN_POINT ( 'NONE',  ( -1.250000000000000200, 0.05000000000000007900, 3.424999999999998500 ) );
#4836=DIRECTION ( 'NONE',  ( -2.168404344970947300E-015, -9.629649721936179300E-035, -1.000000000000000000 ) );
#4837=LINE ( 'NONE', #1382, #2058 );
#4838=ORIENTED_EDGE ( 'NONE', *, *, #10599, .T. );
#4839=AXIS2_PLACEMENT_3D ( 'NONE', #1574, #128, #711 );
#4840=EDGE_LOOP ( 'NONE', ( #4523, #11533, #14277, #12220 ) );
#4841=ORIENTED_EDGE ( 'NONE', *, *, #5569, .T. );
#4842=ADVANCED_FACE ( 'NONE', ( #9111 ), #9322, .F. );
#4843=CARTESIAN_POINT ( 'NONE',  ( 3.550000000000001200, 6.606856988583542600E-016, -5.349999999999997900 ) );
#4844=VERTEX_POINT ( 'NONE', #979 );
#4845=PLANE ( 'NONE',  #2973 );
#4846=EDGE_CURVE ( 'NONE', #10067, #2765, #9612, .T. );
#4847=ORIENTED_EDGE ( 'NONE', *, *, #8537, .F. );
#4848=FACE_OUTER_BOUND ( 'NONE', #3142, .T. );
#4849=DIRECTION ( 'NONE',  ( 1.000000000000000000, 0.0000000000000000000, 4.336808689942147900E-015 ) );
#4850=LINE ( 'NONE', #2846, #22 );
#4851=ORIENTED_EDGE ( 'NONE', *, *, #3268, .T. );
#4852=EDGE_CURVE ( 'NONE', #596, #507, #6667, .T. );
#4853=PLANE ( 'NONE',  #14314 );
#4854=AXIS2_PLACEMENT_3D ( 'NONE', #122, #203, #13890 );
#4855=FACE_OUTER_BOUND ( 'NONE', #13814, .T. );
#4856=ORIENTED_EDGE ( 'NONE', *, *, #11105, .T. );
#4857=ORIENTED_EDGE ( 'NONE', *, *, #3945, .F. );
#4858=CARTESIAN_POINT ( 'NONE',  ( -3.799999999999985600, 0.0000000000000000000, -1.799999999999999600 ) );
#4859=EDGE_LOOP ( 'NONE', ( #11106, #10339, #64, #952 ) );
#4860=PLANE ( 'NONE',  #2060 );
#4861=ORIENTED_EDGE ( 'NONE', *, *, #8812, .T. );
#4862=VERTEX_POINT ( 'NONE', #6911 );
#4863=ORIENTED_EDGE ( 'NONE', *, *, #12324, .F. );
#4864=ADVANCED_FACE ( 'NONE', ( #9938 ), #2214, .T. );
#4865=AXIS2_PLACEMENT_3D ( 'NONE', #470, #2116, #128 );
#4866=EDGE_LOOP ( 'NONE', ( #11405, #7797, #13026, #14249 ) );
#4867=PLANE ( 'NONE',  #13966 );
#4868=VECTOR ( 'NONE', #6889, 1000.000000000000000 );
#4869=SURFACE_SIDE_STYLE ('',( #1484 ) );
#4870=EDGE_LOOP ( 'NONE', ( #10152, #11264, #5546, #12226 ) );
#4871=EDGE_LOOP ( 'NONE', ( #6915, #10160, #10689, #11111 ) );
#4872=CARTESIAN_POINT ( 'NONE',  ( -2.700000000000000600, 0.05000000000000007900, 3.424999999999998500 ) );
#4873=ORIENTED_EDGE ( 'NONE', *, *, #4467, .F. );
#4874=CARTESIAN_POINT ( 'NONE',  ( 0.7249999999999999800, 0.0000000000000000000, -1.734723475976807100E-015 ) );
#4875=AXIS2_PLACEMENT_3D ( 'NONE', #2464, #93, #18 );
#4876=ORIENTED_EDGE ( 'NONE', *, *, #10332, .T. );
#4877=ORIENTED_EDGE ( 'NONE', *, *, #11156, .T. );
#4878=LINE ( 'NONE', #7814, #4479 );
#4879=ORIENTED_EDGE ( 'NONE', *, *, #7868, .F. );
#4880=CARTESIAN_POINT ( 'NONE',  ( -1.400000000000013200, 0.05000000000000005100, -2.600000000000001900 ) );
#4881=ADVANCED_FACE ( 'NONE', ( #8087 ), #30, .T. );
#4882=VERTEX_POINT ( 'NONE', #5310 );
#4883=DIRECTION ( 'NONE',  ( 6.704480736117999600E-034, 0.0000000000000000000, 1.000000000000000000 ) );
#4884=AXIS2_PLACEMENT_3D ( 'NONE', #1301, #7804, #6706 );
#4885=DIRECTION ( 'NONE',  ( 2.168404344970947300E-015, 0.0000000000000000000, 1.000000000000000000 ) );
#4886=EDGE_LOOP ( 'NONE', ( #5157, #5944, #12404, #14622 ) );
#4887=EDGE_CURVE ( 'NONE', #12547, #1111, #9775, .T. );
#4888=ORIENTED_EDGE ( 'NONE', *, *, #6658, .F. );
#4889=ORIENTED_EDGE ( 'NONE', *, *, #8348, .T. );
#4890=CARTESIAN_POINT ( 'NONE',  ( -5.500000000000008000, 0.05000000000000005100, 2.899999999999997200 ) );
#4891=ORIENTED_EDGE ( 'NONE', *, *, #8843, .T. );
#4892=ORIENTED_EDGE ( 'NONE', *, *, #10183, .T. );
#4893=ORIENTED_EDGE ( 'NONE', *, *, #14385, .F. );
#4894=EDGE_CURVE ( 'NONE', #1970, #2528, #3445, .T. );
#4895=ADVANCED_FACE ( 'NONE', ( #5006 ), #14203, .T. );
#4896=ORIENTED_EDGE ( 'NONE', *, *, #6006, .T. );
#4897=EDGE_CURVE ( 'NONE', #5825, #910, #7743, .T. );
#4898=DIRECTION ( 'NONE',  ( 1.000000000000000000, 0.0000000000000000000, 1.355252715606977000E-015 ) );
#4899=ORIENTED_EDGE ( 'NONE', *, *, #12751, .T. );
#4900=( GEOMETRIC_REPRESENTATION_CONTEXT ( 3 ) GLOBAL_UNCERTAINTY_ASSIGNED_CONTEXT ( ( #221 ) ) GLOBAL_UNIT_ASSIGNED_CONTEXT ( ( #324, #94, #251 ) ) REPRESENTATION_CONTEXT ( 'NONE', 'WORKASPACE' ) );
#4901=VECTOR ( 'NONE', #2954, 1000.000000000000000 );
#4902=EDGE_LOOP ( 'NONE', ( #9865, #2076, #9995, #14113 ) );
#4903=LINE ( 'NONE', #4235, #5243 );
#4904=LINE ( 'NONE', #3148, #96 );
#4905=EDGE_CURVE ( 'NONE', #5132, #4196, #3642, .T. );
#4906=FACE_OUTER_BOUND ( 'NONE', #2820, .T. );
#4907=VERTEX_POINT ( 'NONE', #3766 );
#4908=DIRECTION ( 'NONE',  ( -4.878909776184620900E-015, 0.0000000000000000000, 1.000000000000000000 ) );
#4909=EDGE_CURVE ( 'NONE', #10748, #8948, #9763, .T. );
#4910=VERTEX_POINT ( 'NONE', #1489 );
#4911=DIRECTION ( 'NONE',  ( 5.899716722050667400E-035, 0.0000000000000000000, -1.000000000000000000 ) );
#4912=ORIENTED_EDGE ( 'NONE', *, *, #9076, .T. );
#4913=CARTESIAN_POINT ( 'NONE',  ( 5.500000000000030200, 0.05000000000000007900, 0.9000000000000062400 ) );
#4914=AXIS2_PLACEMENT_3D ( 'NONE', #3556, #5128, #23 );
#4915=FACE_OUTER_BOUND ( 'NONE', #1135, .T. );
#4916=PRODUCT_DEFINITION_CONTEXT ( 'detailed design', #2033, 'design' );
#4917=EDGE_CURVE ( 'NONE', #3512, #3715, #3624, .T. );
#4918=ORIENTED_EDGE ( 'NONE', *, *, #7230, .F. );
#4919=ADVANCED_FACE ( 'NONE', ( #6106 ), #6186, .F. );
#4920=CARTESIAN_POINT ( 'NONE',  ( 2.600000000000004100, 0.05000000000000007900, -2.600000000000024100 ) );
#4921=AXIS2_PLACEMENT_3D ( 'NONE', #8805, #128, #711 );
#4922=LINE ( 'NONE', #976, #124 );
#4923=EDGE_LOOP ( 'NONE', ( #1833, #11717, #4687, #6737 ) );
#4924=LINE ( 'NONE', #5945, #52 );
#4925=FACE_BOUND ( 'NONE', #10483, .T. );
#4926=AXIS2_PLACEMENT_3D ( 'NONE', #2674, #1910, #6820 );
#4927=VERTEX_POINT ( 'NONE', #2487 );
#4928=EDGE_LOOP ( 'NONE', ( #12991, #14346, #11188, #5197 ) );
#4929=ORIENTED_EDGE ( 'NONE', *, *, #12188, .T. );
#4930=DIRECTION ( 'NONE',  ( 1.937233338377381900E-035, 0.0000000000000000000, -1.000000000000000000 ) );
#4931=LINE ( 'NONE', #7105, #144 );
#4932=CARTESIAN_POINT ( 'NONE',  ( -5.824999999999999300, 2.300000000000006900, 7.680000000000000600 ) );
#4933=EDGE_CURVE ( 'NONE', #14021, #1009, #1327, .T. );
#4934=VERTEX_POINT ( 'NONE', #3237 );
#4935=CARTESIAN_POINT ( 'NONE',  ( 1.249999999999999800, 0.0000000000000000000, 1.974999999999998500 ) );
#4936=LINE ( 'NONE', #842, #124 );
#4937=VERTEX_POINT ( 'NONE', #4890 );
#4938=ORIENTED_EDGE ( 'NONE', *, *, #10666, .T. );
#4939=EDGE_CURVE ( 'NONE', #9347, #2831, #14265, .T. );
#4940=AXIS2_PLACEMENT_3D ( 'NONE', #6252, #2225, #18 );
#4941=ADVANCED_FACE ( 'NONE', ( #12149 ), #13457, .F. );
#4942=ORIENTED_EDGE ( 'NONE', *, *, #9289, .T. );
#4943=LINE ( 'NONE', #608, #52 );
#4944=ORIENTED_EDGE ( 'NONE', *, *, #13860, .F. );
#4945=EDGE_CURVE ( 'NONE', #2765, #4398, #14687, .T. );
#4946=PLANE ( 'NONE',  #12654 );
#4947=AXIS2_PLACEMENT_3D ( 'NONE', #5945, #14520, #7233 );
#4948=VERTEX_POINT ( 'NONE', #976 );
#4949=PLANE ( 'NONE',  #10403 );
#4950=LINE ( 'NONE', #5371, #5366 );
#4951=ORIENTED_EDGE ( 'NONE', *, *, #2817, .F. );
#4952=EDGE_LOOP ( 'NONE', ( #4397, #6253, #3316, #5088 ) );
#4953=AXIS2_PLACEMENT_3D ( 'NONE', #2510, #340, #511 );
#4954=MANIFOLD_SOLID_BREP ( 'Pin 15', #5076 );
#4955=EDGE_LOOP ( 'NONE', ( #5736, #2956, #1051, #7526 ) );
#4956=FACE_OUTER_BOUND ( 'NONE', #10842, .T. );
#4957=ORIENTED_EDGE ( 'NONE', *, *, #2922, .F. );
#4958=FACE_OUTER_BOUND ( 'NONE', #2436, .T. );
#4959=ORIENTED_EDGE ( 'NONE', *, *, #3456, .T. );
#4960=ADVANCED_FACE ( 'NONE', ( #13073 ), #30, .T. );
#4961=ORIENTED_EDGE ( 'NONE', *, *, #13003, .T. );
#4962=EDGE_CURVE ( 'NONE', #3999, #3831, #5937, .T. );
#4963=EDGE_LOOP ( 'NONE', ( #3570, #10872, #5110, #4018 ) );
#4964=EDGE_CURVE ( 'NONE', #8701, #6017, #8758, .T. );
#4965=ORIENTED_EDGE ( 'NONE', *, *, #10022, .F. );
#4966=DIRECTION ( 'NONE',  ( 0.0000000000000000000, 1.734723475976808700E-015, -1.000000000000000000 ) );
#4967=AXIS2_PLACEMENT_3D ( 'NONE', #7997, #2116, #128 );
#4968=LINE ( 'NONE', #8082, #10308 );
#4969=LINE ( 'NONE', #1046, #7062 );
#4970=FACE_OUTER_BOUND ( 'NONE', #4902, .T. );
#4971=PLANE ( 'NONE',  #1916 );
#4972=FACE_OUTER_BOUND ( 'NONE', #12857, .T. );
#4973=ORIENTED_EDGE ( 'NONE', *, *, #10501, .T. );
#4974=ORIENTED_EDGE ( 'NONE', *, *, #12691, .F. );
#4975=ORIENTED_EDGE ( 'NONE', *, *, #10619, .T. );
#4976=ADVANCED_FACE ( 'NONE', ( #1542 ), #472, .F. );
#4977=EDGE_LOOP ( 'NONE', ( #7821, #1776, #13014, #10975 ) );
#4978=EDGE_LOOP ( 'NONE', ( #206, #2376, #10959, #1316 ) );
#4979=EDGE_CURVE ( 'NONE', #10367, #9444, #10720, .T. );
#4980=LINE ( 'NONE', #5514, #144 );
#4981=LINE ( 'NONE', #3513, #9441 );
#4982=ORIENTED_EDGE ( 'NONE', *, *, #5212, .F. );
#4983=LINE ( 'NONE', #12091, #22 );
#4984=LINE ( 'NONE', #966, #1578 );
#4985=LINE ( 'NONE', #5113, #429 );
#4986=ORIENTED_EDGE ( 'NONE', *, *, #3680, .F. );
#4987=ORIENTED_EDGE ( 'NONE', *, *, #10603, .F. );
#4988=EDGE_CURVE ( 'NONE', #1750, #8973, #5548, .T. );
#4989=DIRECTION ( 'NONE',  ( -1.000000000000000000, 0.0000000000000000000, 4.336808689941884400E-015 ) );
#4990=EDGE_CURVE ( 'NONE', #7314, #14274, #6470, .T. );
#4991=ORIENTED_EDGE ( 'NONE', *, *, #4682, .F. );
#4992=DIRECTION ( 'NONE',  ( 1.000000000000000000, 0.0000000000000000000, 1.084202172485541500E-015 ) );
#4993=ADVANCED_FACE ( 'NONE', ( #8412 ), #8640, .T. );
#4994=EDGE_LOOP ( 'NONE', ( #2627, #7341, #8589, #10781 ) );
#4995=FACE_OUTER_BOUND ( 'NONE', #82, .T. );
#4996=EDGE_CURVE ( 'NONE', #4777, #13666, #2221, .T. );
#4997=VERTEX_POINT ( 'NONE', #1236 );
#4998=EDGE_CURVE ( 'NONE', #3166, #5863, #1789, .T. );
#4999=AXIS2_PLACEMENT_3D ( 'NONE', #3730, #4340, #5553 );
#5000=VERTEX_POINT ( 'NONE', #5046 );
#5001=LINE ( 'NONE', #6524, #591 );
#5002=EDGE_CURVE ( 'NONE', #10246, #2496, #11817, .T. );
#5003=FACE_OUTER_BOUND ( 'NONE', #473, .T. );
#5004=PRESENTATION_LAYER_ASSIGNMENT (  '', '', ( #11608 ) );
#5005=DIRECTION ( 'NONE',  ( -4.210554863359549100E-036, 0.0000000000000000000, 1.000000000000000000 ) );
#5006=FACE_OUTER_BOUND ( 'NONE', #1253, .T. );
#5007=VERTEX_POINT ( 'NONE', #9943 );
#5008=FACE_OUTER_BOUND ( 'NONE', #8158, .T. );
#5009=LINE ( 'NONE', #392, #7032 );
#5010=AXIS2_PLACEMENT_3D ( 'NONE', #407, #2255, #2955 );
#5011=ADVANCED_FACE ( 'NONE', ( #10880 ), #13716, .F. );
#5012=DIRECTION ( 'NONE',  ( 1.000000000000000000, 0.0000000000000000000, -1.965912317380352600E-034 ) );
#5013=AXIS2_PLACEMENT_3D ( 'NONE', #1451, #342, #4151 );
#5014=ORIENTED_EDGE ( 'NONE', *, *, #2673, .T. );
#5015=AXIS2_PLACEMENT_3D ( 'NONE', #6547, #93, #18 );
#5016=ORIENTED_EDGE ( 'NONE', *, *, #8747, .F. );
#5017=PLANE ( 'NONE',  #9575 );
#5018=ORIENTED_EDGE ( 'NONE', *, *, #13777, .T. );
#5019=VERTEX_POINT ( 'NONE', #4630 );
#5020=EDGE_CURVE ( 'NONE', #4205, #4934, #402, .T. );
#5021=ORIENTED_EDGE ( 'NONE', *, *, #11932, .T. );
#5022=LINE ( 'NONE', #5931, #3088 );
#5023=EDGE_CURVE ( 'NONE', #2349, #10702, #7573, .T. );
#5024=FACE_OUTER_BOUND ( 'NONE', #14586, .T. );
#5025=LINE ( 'NONE', #5779, #22 );
#5026=ORIENTED_EDGE ( 'NONE', *, *, #692, .T. );
#5027=LINE ( 'NONE', #86, #124 );
#5028=FACE_OUTER_BOUND ( 'NONE', #13669, .T. );
#5029=ORIENTED_EDGE ( 'NONE', *, *, #4700, .F. );
#5030=EDGE_CURVE ( 'NONE', #2007, #10123, #3051, .T. );
#5031=ADVANCED_FACE ( 'NONE', ( #7916 ), #12770, .T. );
#5032=AXIS2_PLACEMENT_3D ( 'NONE', #10, #2943, #971 );
#5033=CARTESIAN_POINT ( 'NONE',  ( 6.300000000000008700, 0.05000000000000007900, -2.599999999999981000 ) );
#5034=ORIENTED_EDGE ( 'NONE', *, *, #7206, .F. );
#5035=PLANE ( 'NONE',  #11879 );
#5036=ORIENTED_EDGE ( 'NONE', *, *, #5096, .T. );
#5037=ORIENTED_EDGE ( 'NONE', *, *, #12543, .T. );
#5038=VERTEX_POINT ( 'NONE', #2596 );
#5039=EDGE_CURVE ( 'NONE', #1160, #5888, #9093, .T. );
#5040=ORIENTED_EDGE ( 'NONE', *, *, #6910, .F. );
#5041=ORIENTED_EDGE ( 'NONE', *, *, #10501, .F. );
#5042=FACE_OUTER_BOUND ( 'NONE', #7835, .T. );
#5043=ORIENTED_EDGE ( 'NONE', *, *, #3541, .T. );
#5044=LINE ( 'NONE', #1154, #22 );
#5045=CARTESIAN_POINT ( 'NONE',  ( 1.800000000000002000, 0.05000000000000007900, 7.199999999999998400 ) );
#5046=CARTESIAN_POINT ( 'NONE',  ( -6.299999999999951000, 0.0000000000000000000, 2.100000000000005400 ) );
#5047=LINE ( 'NONE', #4106, #52 );
#5048=ORIENTED_EDGE ( 'NONE', *, *, #10765, .T. );
#5049=EDGE_CURVE ( 'NONE', #12601, #8738, #4423, .T. );
#5050=ORIENTED_EDGE ( 'NONE', *, *, #983, .T. );
#5051=ORIENTED_EDGE ( 'NONE', *, *, #11027, .F. );
#5052=ADVANCED_FACE ( 'NONE', ( #13374 ), #12730, .T. );
#5053=CARTESIAN_POINT ( 'NONE',  ( 6.299999999999972300, 0.0000000000000000000, 8.000000000000021300 ) );
#5054=VERTEX_POINT ( 'NONE', #7932 );
#5055=EDGE_LOOP ( 'NONE', ( #13432, #10196, #7982, #4877 ) );
#5056=EDGE_CURVE ( 'NONE', #8670, #6716, #13813, .T. );
#5057=ORIENTED_EDGE ( 'NONE', *, *, #12684, .F. );
#5058=LINE ( 'NONE', #8726, #5243 );
#5059=EDGE_LOOP ( 'NONE', ( #743, #3231, #5955, #8485 ) );
#5060=VECTOR ( 'NONE', #2854, 1000.000000000000000 );
#5061=CARTESIAN_POINT ( 'NONE',  ( 4.600000000000013000, 0.05000000000000005100, -2.599999999999981000 ) );
#5062=CARTESIAN_POINT ( 'NONE',  ( 5.500000000000028400, 0.05000000000000007900, 3.699999999999988200 ) );
#5063=ORIENTED_EDGE ( 'NONE', *, *, #719, .F. );
#5064=EDGE_LOOP ( 'NONE', ( #2170, #13155, #2107, #5177 ) );
#5065=LINE ( 'NONE', #2832, #1627 );
#5066=CARTESIAN_POINT ( 'NONE',  ( 5.500000000000027500, 0.05000000000000007900, -1.500000000000002700 ) );
#5067=ORIENTED_EDGE ( 'NONE', *, *, #11690, .F. );
#5068=ORIENTED_EDGE ( 'NONE', *, *, #9583, .T. );
#5069=ORIENTED_EDGE ( 'NONE', *, *, #10499, .T. );
#5070=EDGE_CURVE ( 'NONE', #14205, #13704, #11199, .T. );
#5071=CARTESIAN_POINT ( 'NONE',  ( 4.600000000000013000, 0.05000000000000005100, -1.799999999999998700 ) );
#5072=ORIENTED_EDGE ( 'NONE', *, *, #9044, .F. );
#5073=ADVANCED_FACE ( 'NONE', ( #14396 ), #12858, .F. );
#5074=CARTESIAN_POINT ( 'NONE',  ( -5.500000000000007100, 0.05000000000000007900, 2.100000000000005900 ) );
#5075=CARTESIAN_POINT ( 'NONE',  ( -6.299999999999951000, 0.05000000000000007900, 0.5000000000000004400 ) );
#5076=CLOSED_SHELL ( 'NONE', ( #5936, #14038, #773, #3178, #5011, #8044 ) );
#5077=PLANE ( 'NONE',  #14564 );
#5078=AXIS2_PLACEMENT_3D ( 'NONE', #67, #1162, #4271 );
#5079=VERTEX_POINT ( 'NONE', #11804 );
#5080=FACE_OUTER_BOUND ( 'NONE', #13843, .T. );
#5081=EDGE_CURVE ( 'NONE', #1373, #6829, #4408, .T. );
#5082=ORIENTED_EDGE ( 'NONE', *, *, #9364, .T. );
#5083=FACE_OUTER_BOUND ( 'NONE', #6270, .T. );
#5084=LINE ( 'NONE', #136, #7472 );
#5085=ORIENTED_EDGE ( 'NONE', *, *, #4386, .T. );
#5086=ADVANCED_FACE ( 'NONE', ( #864 ), #6640, .F. );
#5087=EDGE_CURVE ( 'NONE', #3315, #4196, #6454, .T. );
#5088=ORIENTED_EDGE ( 'NONE', *, *, #7399, .T. );
#5089=CARTESIAN_POINT ( 'NONE',  ( -2.199999999999986000, 0.0000000000000000000, 8.000000000000021300 ) );
#5090=LINE ( 'NONE', #7814, #186 );
#5091=EDGE_LOOP ( 'NONE', ( #1448, #11905, #1106, #3629 ) );
#5092=LINE ( 'NONE', #1953, #22 );
#5093=DIRECTION ( 'NONE',  ( -9.974659986866919700E-014, 0.0000000000000000000, 1.000000000000000000 ) );
#5094=VERTEX_POINT ( 'NONE', #228 );
#5095=LINE ( 'NONE', #633, #3613 );
#5096=EDGE_CURVE ( 'NONE', #644, #13879, #4802, .T. );
#5097=CARTESIAN_POINT ( 'NONE',  ( 5.500000000000029300, 0.05000000000000007900, -0.7000000000000000700 ) );
#5098=LINE ( 'NONE', #5496, #22 );
#5099=EDGE_CURVE ( 'NONE', #4459, #4788, #2202, .T. );
#5100=ORIENTED_EDGE ( 'NONE', *, *, #12368, .T. );
#5101=ORIENTED_EDGE ( 'NONE', *, *, #1561, .T. );
#5102=CARTESIAN_POINT ( 'NONE',  ( -2.700000000000000200, 0.0000000000000000000, 1.449999999999998200 ) );
#5103=AXIS2_PLACEMENT_3D ( 'NONE', #67, #88, #412 );
#5104=CARTESIAN_POINT ( 'NONE',  ( -6.599999999999997000, 0.8000000000000000400, 8.300000000000000700 ) );
#5105=VERTEX_POINT ( 'NONE', #12882 );
#5106=ADVANCED_FACE ( 'NONE', ( #3226 ), #6480, .F. );
#5107=EDGE_LOOP ( 'NONE', ( #5244, #11505, #13422, #7017 ) );
#5108=VERTEX_POINT ( 'NONE', #2946 );
#5109=FACE_OUTER_BOUND ( 'NONE', #8271, .T. );
#5110=ORIENTED_EDGE ( 'NONE', *, *, #11824, .F. );
#5111=EDGE_CURVE ( 'NONE', #2935, #5706, #4607, .T. );
#5112=CARTESIAN_POINT ( 'NONE',  ( -3.799999999999998000, 0.7999999999999993800, -2.899999999999998100 ) );
#5113=CARTESIAN_POINT ( 'NONE',  ( 5.550000000000001600, 4.573977915173221800E-016, -3.699999999999997500 ) );
#5114=EDGE_CURVE ( 'NONE', #12427, #1436, #6089, .T. );
#5115=FACE_BOUND ( 'NONE', #13126, .T. );
#5116=PLANE ( 'NONE',  #5502 );
#5117=DIRECTION ( 'NONE',  ( -1.000000000000000000, 0.0000000000000000000, -5.220124945131412600E-036 ) );
#5118=VERTEX_POINT ( 'NONE', #2917 );
#5119=ORIENTED_EDGE ( 'NONE', *, *, #8647, .T. );
#5120=VERTEX_POINT ( 'NONE', #5484 );
#5121=EDGE_CURVE ( 'NONE', #3844, #7324, #7354, .T. );
#5122=PLANE ( 'NONE',  #5032 );
#5123=( GEOMETRIC_REPRESENTATION_CONTEXT ( 3 ) GLOBAL_UNCERTAINTY_ASSIGNED_CONTEXT ( ( #221 ) ) GLOBAL_UNIT_ASSIGNED_CONTEXT ( ( #324, #94, #251 ) ) REPRESENTATION_CONTEXT ( 'NONE', 'WORKASPACE' ) );
#5124=LINE ( 'NONE', #903, #3382 );
#5125=EDGE_LOOP ( 'NONE', ( #13786, #373, #8505, #14304 ) );
#5126=ADVANCED_FACE ( 'NONE', ( #14533 ), #3008, .F. );
#5127=EDGE_LOOP ( 'NONE', ( #11638, #9751, #1280, #12689 ) );
#5128=DIRECTION ( 'NONE',  ( -8.717203396868381500E-017, 0.0000000000000000000, 1.000000000000000000 ) );
#5129=ORIENTED_EDGE ( 'NONE', *, *, #10373, .F. );
#5130=EDGE_LOOP ( 'NONE', ( #9235, #7114, #6390, #8552 ) );
#5131=LINE ( 'NONE', #3927, #2504 );
#5132=VERTEX_POINT ( 'NONE', #1909 );
#5133=LINE ( 'NONE', #3301, #11325 );
#5134=ORIENTED_EDGE ( 'NONE', *, *, #3832, .F. );
#5135=EDGE_CURVE ( 'NONE', #7124, #9822, #13364, .T. );
#5136=PLANE ( 'NONE',  #4402 );
#5137=ORIENTED_EDGE ( 'NONE', *, *, #929, .F. );
#5138=CARTESIAN_POINT ( 'NONE',  ( -6.299999999999951900, 0.0000000000000000000, 3.699999999999989100 ) );
#5139=PLANE ( 'NONE',  #10701 );
#5140=EDGE_CURVE ( 'NONE', #4283, #1373, #2609, .T. );
#5141=LINE ( 'NONE', #2616, #7177 );
#5142=ORIENTED_EDGE ( 'NONE', *, *, #9753, .F. );
#5143=CARTESIAN_POINT ( 'NONE',  ( -5.500000000000006200, 0.05000000000000007900, -1.500000000000002700 ) );
#5144=MANIFOLD_SOLID_BREP ( 'Pin 33', #10444 );
#5145=EDGE_CURVE ( 'NONE', #13263, #7366, #142, .T. );
#5146=AXIS2_PLACEMENT_3D ( 'NONE', #3936, #13553, #3154 );
#5147=FACE_OUTER_BOUND ( 'NONE', #200, .T. );
#5148=VERTEX_POINT ( 'NONE', #3974 );
#5149=LINE ( 'NONE', #284, #1363 );
#5150=ORIENTED_EDGE ( 'NONE', *, *, #12722, .T. );
#5151=ORIENTED_EDGE ( 'NONE', *, *, #10247, .T. );
#5152=ADVANCED_FACE ( 'NONE', ( #1769 ), #13111, .F. );
#5153=EDGE_LOOP ( 'NONE', ( #11802, #14507, #537, #12364 ) );
#5154=VERTEX_POINT ( 'NONE', #2563 );
#5155=PLANE ( 'NONE',  #4036 );
#5156=AXIS2_PLACEMENT_3D ( 'NONE', #8618, #128, #711 );
#5157=ORIENTED_EDGE ( 'NONE', *, *, #8843, .F. );
#5158=CARTESIAN_POINT ( 'NONE',  ( -0.7249999999999897600, 0.05000000000000007900, 1.974999999999999000 ) );
#5159=DIRECTION ( 'NONE',  ( -4.210554863359292500E-036, 0.0000000000000000000, 1.000000000000000000 ) );
#5160=ORIENTED_EDGE ( 'NONE', *, *, #11620, .F. );
#5161=LINE ( 'NONE', #183, #12098 );
#5162=EDGE_CURVE ( 'NONE', #5054, #14221, #11806, .T. );
#5163=LINE ( 'NONE', #65, #22 );
#5164=ORIENTED_EDGE ( 'NONE', *, *, #13943, .F. );
#5165=ORIENTED_EDGE ( 'NONE', *, *, #5372, .T. );
#5166=VERTEX_POINT ( 'NONE', #1784 );
#5167=ORIENTED_EDGE ( 'NONE', *, *, #13096, .F. );
#5168=ADVANCED_FACE ( 'NONE', ( #12299 ), #7980, .F. );
#5169=MECHANICAL_DESIGN_GEOMETRIC_PRESENTATION_REPRESENTATION (  '', ( #14731 ), #1013 );
#5170=DIRECTION ( 'NONE',  ( -4.336808689941885200E-015, 0.0000000000000000000, -1.000000000000000000 ) );
#5171=ORIENTED_EDGE ( 'NONE', *, *, #14068, .T. );
#5172=DIRECTION ( 'NONE',  ( 1.019150042136311800E-013, 0.0000000000000000000, -1.000000000000000000 ) );
#5173=VECTOR ( 'NONE', #5005, 1000.000000000000000 );
#5174=CARTESIAN_POINT ( 'NONE',  ( -6.299999999999951900, 0.05000000000000007900, 1.700000000000004800 ) );
#5175=LINE ( 'NONE', #3103, #6466 );
#5176=FACE_OUTER_BOUND ( 'NONE', #9595, .T. );
#5177=ORIENTED_EDGE ( 'NONE', *, *, #7010, .T. );
#5178=MECHANICAL_DESIGN_GEOMETRIC_PRESENTATION_REPRESENTATION (  '', ( #10901 ), #769 );
#5179=DIRECTION ( 'NONE',  ( 1.000000000000000000, 0.0000000000000000000, -2.168404344971059700E-015 ) );
#5180=ORIENTED_EDGE ( 'NONE', *, *, #3610, .F. );
#5181=EDGE_CURVE ( 'NONE', #6239, #5902, #9078, .T. );
#5182=ADVANCED_FACE ( 'NONE', ( #9262 ), #7885, .T. );
#5183=EDGE_LOOP ( 'NONE', ( #5602, #14509, #7784, #992 ) );
#5184=PLANE ( 'NONE',  #3982 );
#5185=DIRECTION ( 'NONE',  ( -2.385244779468105300E-014, 0.0000000000000000000, 1.000000000000000000 ) );
#5186=FACE_OUTER_BOUND ( 'NONE', #4108, .T. );
#5187=FACE_OUTER_BOUND ( 'NONE', #9037, .T. );
#5188=VERTEX_POINT ( 'NONE', #3513 );
#5189=LINE ( 'NONE', #727, #366 );
#5190=LINE ( 'NONE', #2152, #2226 );
#5191=EDGE_CURVE ( 'NONE', #4934, #1712, #11977, .T. );
#5192=ORIENTED_EDGE ( 'NONE', *, *, #9717, .F. );
#5193=ORIENTED_EDGE ( 'NONE', *, *, #14323, .T. );
#5194=EDGE_CURVE ( 'NONE', #11684, #6977, #12928, .T. );
#5195=ORIENTED_EDGE ( 'NONE', *, *, #13617, .F. );
#5196=CARTESIAN_POINT ( 'NONE',  ( 6.200000000000001100, 0.8000000000000000400, -7.900000000000000400 ) );
#5197=ORIENTED_EDGE ( 'NONE', *, *, #4310, .T. );
#5198=EDGE_LOOP ( 'NONE', ( #8164, #9313, #7528, #5392 ) );
#5199=LINE ( 'NONE', #3917, #3294 );
#5200=LINE ( 'NONE', #6551, #188 );
#5201=ADVANCED_FACE ( 'NONE', ( #9600 ), #11049, .F. );
#5202=EDGE_LOOP ( 'NONE', ( #13827, #2552, #6165, #4502 ) );
#5203=CARTESIAN_POINT ( 'NONE',  ( -1.400000000000013200, 0.05000000000000007900, -2.600000000000001900 ) );
#5204=EDGE_CURVE ( 'NONE', #3890, #1754, #5925, .T. );
#5205=DIRECTION ( 'NONE',  ( 5.421010862427661200E-016, -0.0000000000000000000, 1.000000000000000000 ) );
#5206=EDGE_CURVE ( 'NONE', #12500, #8229, #12753, .T. );
#5207=CARTESIAN_POINT ( 'NONE',  ( 1.550000000000001600, 0.7499999999999995600, -4.699999999999997500 ) );
#5208=EDGE_LOOP ( 'NONE', ( #10779, #3295, #12365, #6320 ) );
#5209=CARTESIAN_POINT ( 'NONE',  ( 5.500000000000028400, 0.0000000000000000000, 3.299999999999987800 ) );
#5210=FACE_OUTER_BOUND ( 'NONE', #9195, .T. );
#5211=ORIENTED_EDGE ( 'NONE', *, *, #13061, .T. );
#5212=EDGE_CURVE ( 'NONE', #8733, #9969, #13679, .T. );
#5213=ORIENTED_EDGE ( 'NONE', *, *, #11272, .T. );
#5214=CARTESIAN_POINT ( 'NONE',  ( -3.799999999999998000, 0.7499999999999993300, -2.899999999999998100 ) );
#5215=VERTEX_POINT ( 'NONE', #2658 );
#5216=FACE_OUTER_BOUND ( 'NONE', #7596, .T. );
#5217=LINE ( 'NONE', #6743, #3478 );
#5218=FACE_OUTER_BOUND ( 'NONE', #7701, .T. );
#5219=CLOSED_SHELL ( 'NONE', ( #2166, #11610, #756, #7810, #14241, #10761, #11075, #9863, #4780, #378, #452, #13588, #5899, #3120, #6452, #13857, #12945, #11498, #5201, #4674, #3443, #5920, #6079, #5838, #8350, #1153 ) );
#5220=CARTESIAN_POINT ( 'NONE',  ( 5.500000000000026600, 0.05000000000000005100, 6.899999999999998600 ) );
#5221=AXIS2_PLACEMENT_3D ( 'NONE', #65, #14607, #11702 );
#5222=EDGE_LOOP ( 'NONE', ( #11425, #7870, #6257, #12775 ) );
#5223=ADVANCED_FACE ( 'NONE', ( #7211 ), #13942, .T. );
#5224=EDGE_CURVE ( 'NONE', #8122, #5752, #7558, .T. );
#5225=ORIENTED_EDGE ( 'NONE', *, *, #10223, .F. );
#5226=DIRECTION ( 'NONE',  ( -1.000000000000000000, -7.703719777548943400E-034, -2.168404344971165500E-015 ) );
#5227=EDGE_CURVE ( 'NONE', #4788, #12971, #14256, .T. );
#5228=EDGE_CURVE ( 'NONE', #8953, #1840, #3029, .T. );
#5229=ORIENTED_EDGE ( 'NONE', *, *, #11094, .T. );
#5230=ORIENTED_EDGE ( 'NONE', *, *, #12288, .T. );
#5231=ORIENTED_EDGE ( 'NONE', *, *, #12400, .F. );
#5232=MANIFOLD_SOLID_BREP ( 'Pin 28', #9647 );
#5233=LINE ( 'NONE', #1455, #464 );
#5234=ORIENTED_EDGE ( 'NONE', *, *, #12117, .T. );
#5235=EDGE_CURVE ( 'NONE', #2287, #6081, #5735, .T. );
#5236=EDGE_LOOP ( 'NONE', ( #10202, #1925, #3431, #14627 ) );
#5237=EDGE_LOOP ( 'NONE', ( #5240, #695, #12009, #13809 ) );
#5238=DIRECTION ( 'NONE',  ( 4.210554863359292500E-036, 0.0000000000000000000, -1.000000000000000000 ) );
#5239=ADVANCED_FACE ( 'NONE', ( #6112 ), #10560, .T. );
#5240=ORIENTED_EDGE ( 'NONE', *, *, #12330, .F. );
#5241=ORIENTED_EDGE ( 'NONE', *, *, #11289, .F. );
#5242=VECTOR ( 'NONE', #3154, 1000.000000000000000 );
#5243=VECTOR ( 'NONE', #8963, 1000.000000000000000 );
#5244=ORIENTED_EDGE ( 'NONE', *, *, #2748, .F. );
#5245=EDGE_CURVE ( 'NONE', #9680, #2104, #8761, .T. );
#5246=VERTEX_POINT ( 'NONE', #1678 );
#5247=CARTESIAN_POINT ( 'NONE',  ( 6.600000000000000500, -6.674619624363886700E-016, -2.900000000000001700 ) );
#5248=DIRECTION ( 'NONE',  ( -1.000000000000000000, -2.853229547240348600E-031, 1.927470528863118600E-015 ) );
#5249=ORIENTED_EDGE ( 'NONE', *, *, #11792, .T. );
#5250=EDGE_CURVE ( 'NONE', #2088, #8272, #2401, .T. );
#5251=ORIENTED_EDGE ( 'NONE', *, *, #6157, .T. );
#5252=ORIENTED_EDGE ( 'NONE', *, *, #12360, .T. );
#5253=ADVANCED_FACE ( 'NONE', ( #11191 ), #7725, .F. );
#5254=VECTOR ( 'NONE', #7498, 1000.000000000000000 );
#5255=ORIENTED_EDGE ( 'NONE', *, *, #14045, .F. );
#5256=CARTESIAN_POINT ( 'NONE',  ( 4.200000000000002000, 0.0000000000000000000, 8.000000000000021300 ) );
#5257=CARTESIAN_POINT ( 'NONE',  ( -1.400000000000013200, -3.388131789017201400E-018, 7.199999999999998400 ) );
#5258=ORIENTED_EDGE ( 'NONE', *, *, #9163, .F. );
#5259=ORIENTED_EDGE ( 'NONE', *, *, #316, .T. );
#5260=STYLED_ITEM ( 'NONE', ( #853 ), #12741 );
#5261=CARTESIAN_POINT ( 'NONE',  ( 4.600000000000013000, 0.05000000000000007900, -2.599999999999981000 ) );
#5262=ORIENTED_EDGE ( 'NONE', *, *, #1663, .T. );
#5263=CARTESIAN_POINT ( 'NONE',  ( -6.299999999999950100, 0.0000000000000000000, 0.9000000000000019100 ) );
#5264=ORIENTED_EDGE ( 'NONE', *, *, #5953, .T. );
#5265=EDGE_CURVE ( 'NONE', #9136, #14705, #9766, .T. );
#5266=VERTEX_POINT ( 'NONE', #132 );
#5267=FACE_OUTER_BOUND ( 'NONE', #13658, .T. );
#5268=ORIENTED_EDGE ( 'NONE', *, *, #3436, .F. );
#5269=LINE ( 'NONE', #4384, #124 );
#5270=CARTESIAN_POINT ( 'NONE',  ( -4.599999999999990800, 0.05000000000000007900, -1.800000000000002000 ) );
#5271=DIRECTION ( 'NONE',  ( -1.000000000000000000, 0.0000000000000000000, -6.538237987644699400E-035 ) );
#5272=AXIS2_PLACEMENT_3D ( 'NONE', #235, #3, #3174 );
#5273=ADVANCED_FACE ( 'NONE', ( #13225 ), #8060, .T. );
#5274=ORIENTED_EDGE ( 'NONE', *, *, #2049, .F. );
#5275=VECTOR ( 'NONE', #7204, 1000.000000000000000 );
#5276=VERTEX_POINT ( 'NONE', #4319 );
#5277=EDGE_LOOP ( 'NONE', ( #1793, #4879, #4298, #8195 ) );
#5278=EDGE_CURVE ( 'NONE', #2055, #1758, #6852, .T. );
#5279=ORIENTED_EDGE ( 'NONE', *, *, #12242, .F. );
#5280=EDGE_CURVE ( 'NONE', #14161, #14608, #8078, .T. );
#5281=FACE_OUTER_BOUND ( 'NONE', #8904, .T. );
#5282=CARTESIAN_POINT ( 'NONE',  ( -5.500000000000008000, 0.05000000000000005100, 5.299999999999993600 ) );
#5283=PLANE ( 'NONE',  #5821 );
#5284=DIRECTION ( 'NONE',  ( 1.579588388143034000E-033, 0.0000000000000000000, 1.000000000000000000 ) );
#5285=LINE ( 'NONE', #250, #13460 );
#5286=ORIENTED_EDGE ( 'NONE', *, *, #12561, .T. );
#5287=AXIS2_PLACEMENT_3D ( 'NONE', #1739, #153, #1461 );
#5288=VECTOR ( 'NONE', #892, 1000.000000000000000 );
#5289=LINE ( 'NONE', #4681, #7684 );
#5290=EDGE_CURVE ( 'NONE', #832, #9897, #5356, .T. );
#5291=EDGE_LOOP ( 'NONE', ( #3822, #12890, #12894, #619 ) );
#5292=EDGE_CURVE ( 'NONE', #10937, #13208, #9096, .T. );
#5293=ORIENTED_EDGE ( 'NONE', *, *, #6579, .F. );
#5294=ADVANCED_FACE ( 'NONE', ( #12915 ), #8101, .T. );
#5295=DIRECTION ( 'NONE',  ( 1.000000000000000000, 0.0000000000000000000, -4.336808689941884400E-015 ) );
#5296=ORIENTED_EDGE ( 'NONE', *, *, #12987, .T. );
#5297=EDGE_CURVE ( 'NONE', #7487, #5706, #5719, .T. );
#5298=ORIENTED_EDGE ( 'NONE', *, *, #11447, .T. );
#5299=DIRECTION ( 'NONE',  ( 4.817324869196712800E-035, 0.0000000000000000000, -1.000000000000000000 ) );
#5300=ORIENTED_EDGE ( 'NONE', *, *, #14058, .F. );
#5301=EDGE_CURVE ( 'NONE', #1744, #1426, #4440, .T. );
#5302=VECTOR ( 'NONE', #7530, 1000.000000000000000 );
#5303=AXIS2_PLACEMENT_3D ( 'NONE', #202, #778, #797 );
#5304=PLANE ( 'NONE',  #10876 );
#5305=EDGE_LOOP ( 'NONE', ( #1506, #5748, #3614, #13722 ) );
#5306=VERTEX_POINT ( 'NONE', #5927 );
#5307=DIRECTION ( 'NONE',  ( -1.000000000000000000, 0.0000000000000000000, -5.529431079676237300E-014 ) );
#5308=ORIENTED_EDGE ( 'NONE', *, *, #5396, .F. );
#5309=EDGE_CURVE ( 'NONE', #1440, #2847, #4197, .T. );
#5310=CARTESIAN_POINT ( 'NONE',  ( 6.299999999999992700, 0.05000000000000007900, 2.499999999999997800 ) );
#5311=DIRECTION ( 'NONE',  ( -1.000000000000000000, 0.0000000000000000000, 2.710505431213883800E-015 ) );
#5312=EDGE_CURVE ( 'NONE', #3290, #12121, #14692, .T. );
#5313=ORIENTED_EDGE ( 'NONE', *, *, #8166, .T. );
#5314=ADVANCED_FACE ( 'NONE', ( #3627 ), #4528, .T. );
#5315=DIRECTION ( 'NONE',  ( 2.710505431213853800E-016, 0.0000000000000000000, -1.000000000000000000 ) );
#5316=LINE ( 'NONE', #5400, #3185 );
#5317=ORIENTED_EDGE ( 'NONE', *, *, #10481, .F. );
#5318=ORIENTED_EDGE ( 'NONE', *, *, #14728, .T. );
#5319=ORIENTED_EDGE ( 'NONE', *, *, #1687, .T. );
#5320=LINE ( 'NONE', #191, #22 );
#5321=ORIENTED_EDGE ( 'NONE', *, *, #5265, .T. );
#5322=EDGE_CURVE ( 'NONE', #3383, #6259, #4591, .T. );
#5323=AXIS2_PLACEMENT_3D ( 'NONE', #3193, #342, #4151 );
#5324=EDGE_LOOP ( 'NONE', ( #12907, #5373, #11876, #5050 ) );
#5325=ORIENTED_EDGE ( 'NONE', *, *, #1463, .T. );
#5326=ORIENTED_EDGE ( 'NONE', *, *, #1204, .F. );
#5327=PLANE ( 'NONE',  #13715 );
#5328=VERTEX_POINT ( 'NONE', #5634 );
#5329=ADVANCED_FACE ( 'NONE', ( #10884 ), #301, .F. );
#5330=MECHANICAL_DESIGN_GEOMETRIC_PRESENTATION_REPRESENTATION (  '', ( #9849 ), #9331 );
#5331=VECTOR ( 'NONE', #1266, 1000.000000000000000 );
#5332=ORIENTED_EDGE ( 'NONE', *, *, #13258, .T. );
#5333=FACE_OUTER_BOUND ( 'NONE', #11376, .T. );
#5334=DIRECTION ( 'NONE',  ( 1.000000000000000000, -0.0000000000000000000, 5.899716722051343000E-035 ) );
#5335=PLANE ( 'NONE',  #6844 );
#5336=ORIENTED_EDGE ( 'NONE', *, *, #11845, .T. );
#5337=ORIENTED_EDGE ( 'NONE', *, *, #10443, .F. );
#5338=EDGE_CURVE ( 'NONE', #525, #4812, #14102, .T. );
#5339=EDGE_LOOP ( 'NONE', ( #9455, #13386, #9026, #8764 ) );
#5340=EDGE_CURVE ( 'NONE', #7064, #7292, #6950, .T. );
#5341=EDGE_LOOP ( 'NONE', ( #2330, #6929, #11688, #9298 ) );
#5342=AXIS2_PLACEMENT_3D ( 'NONE', #3885, #2885, #2823 );
#5343=ORIENTED_EDGE ( 'NONE', *, *, #11004, .T. );
#5344=FACE_OUTER_BOUND ( 'NONE', #7501, .T. );
#5345=ORIENTED_EDGE ( 'NONE', *, *, #13902, .F. );
#5346=ADVANCED_FACE ( 'NONE', ( #8400 ), #10255, .F. );
#5347=ORIENTED_EDGE ( 'NONE', *, *, #4383, .F. );
#5348=CLOSED_SHELL ( 'NONE', ( #9880, #14632, #7265, #12420, #7619, #7939 ) );
#5349=AXIS2_PLACEMENT_3D ( 'NONE', #3237, #3348, #12211 );
#5350=VERTEX_POINT ( 'NONE', #4135 );
#5351=EDGE_CURVE ( 'NONE', #5188, #11351, #4981, .T. );
#5352=LINE ( 'NONE', #2808, #996 );
#5353=LINE ( 'NONE', #2187, #52 );
#5354=EDGE_LOOP ( 'NONE', ( #10234, #10833, #6167, #321 ) );
#5355=DIRECTION ( 'NONE',  ( -6.704480736117999600E-034, 0.0000000000000000000, -1.000000000000000000 ) );
#5356=LINE ( 'NONE', #1351, #144 );
#5357=CARTESIAN_POINT ( 'NONE',  ( -5.500000000000007100, 0.05000000000000007900, 1.700000000000005500 ) );
#5358=ORIENTED_EDGE ( 'NONE', *, *, #12480, .F. );
#5359=CARTESIAN_POINT ( 'NONE',  ( 1.250000000000000700, 0.0000000000000000000, 1.449999999999998200 ) );
#5360=ORIENTED_EDGE ( 'NONE', *, *, #9204, .F. );
#5361=EDGE_CURVE ( 'NONE', #1543, #10672, #7383, .T. );
#5362=ADVANCED_FACE ( 'NONE', ( #117 ), #14332, .F. );
#5363=EDGE_LOOP ( 'NONE', ( #2998, #5737, #11711, #13045 ) );
#5364=VECTOR ( 'NONE', #6030, 1000.000000000000000 );
#5365=EDGE_CURVE ( 'NONE', #2419, #3540, #12608, .T. );
#5366=VECTOR ( 'NONE', #3977, 1000.000000000000000 );
#5367=ORIENTED_EDGE ( 'NONE', *, *, #2533, .T. );
#5368=LINE ( 'NONE', #6778, #96 );
#5369=CARTESIAN_POINT ( 'NONE',  ( 0.2000000000000019300, 8.944667923005411600E-016, -7.250000000000000000 ) );
#5370=LINE ( 'NONE', #284, #287 );
#5371=CARTESIAN_POINT ( 'NONE',  ( 3.400000000000003000, 0.05000000000000005100, 8.000000000000021300 ) );
#5372=EDGE_CURVE ( 'NONE', #2209, #7480, #6472, .T. );
#5373=ORIENTED_EDGE ( 'NONE', *, *, #13280, .F. );
#5374=FILL_AREA_STYLE_COLOUR ( '', #1378 );
#5375=CARTESIAN_POINT ( 'NONE',  ( 0.6000000000000128600, -3.388131789017201400E-018, 7.199999999999998400 ) );
#5376=VERTEX_POINT ( 'NONE', #2181 );
#5377=CARTESIAN_POINT ( 'NONE',  ( -1.799999999999999600, 0.05000000000000007900, -1.800000000000001400 ) );
#5378=AXIS2_PLACEMENT_3D ( 'NONE', #2445, #2255, #2955 );
#5379=ORIENTED_EDGE ( 'NONE', *, *, #12552, .T. );
#5380=ORIENTED_EDGE ( 'NONE', *, *, #9993, .T. );
#5381=EDGE_CURVE ( 'NONE', #13720, #13268, #10242, .T. );
#5382=FACE_OUTER_BOUND ( 'NONE', #3017, .T. );
#5383=ADVANCED_FACE ( 'NONE', ( #14399 ), #11445, .T. );
#5384=LINE ( 'NONE', #1249, #1578 );
#5385=EDGE_LOOP ( 'NONE', ( #5142, #11635, #1642, #7818 ) );
#5386=EDGE_CURVE ( 'NONE', #13418, #2594, #8240, .T. );
#5387=DIRECTION ( 'NONE',  ( -0.7071067811865463500, 0.0000000000000000000, 0.7071067811865487900 ) );
#5388=FACE_OUTER_BOUND ( 'NONE', #11494, .T. );
#5389=ORIENTED_EDGE ( 'NONE', *, *, #7180, .F. );
#5390=AXIS2_PLACEMENT_3D ( 'NONE', #7157, #128, #93 );
#5391=ORIENTED_EDGE ( 'NONE', *, *, #12870, .T. );
#5392=ORIENTED_EDGE ( 'NONE', *, *, #11150, .F. );
#5393=EDGE_CURVE ( 'NONE', #8724, #5188, #4412, .T. );
#5394=ORIENTED_EDGE ( 'NONE', *, *, #9583, .F. );
#5395=LINE ( 'NONE', #4015, #96 );
#5396=EDGE_CURVE ( 'NONE', #1655, #7896, #10712, .T. );
#5397=EDGE_LOOP ( 'NONE', ( #11233, #12736, #10323, #14426 ) );
#5398=ADVANCED_FACE ( 'NONE', ( #868 ), #3488, .F. );
#5399=DIRECTION ( 'NONE',  ( 5.529431079676237300E-014, 0.0000000000000000000, -1.000000000000000000 ) );
#5400=CARTESIAN_POINT ( 'NONE',  ( -6.299999999999996300, 3.388131789017201400E-018, -1.500000000000002400 ) );
#5401=VERTEX_POINT ( 'NONE', #4831 );
#5402=EDGE_CURVE ( 'NONE', #6239, #13304, #7400, .T. );
#5403=VERTEX_POINT ( 'NONE', #3533 );
#5404=CARTESIAN_POINT ( 'NONE',  ( -2.449999999999998400, 5.793705359219414300E-016, -4.699999999999997500 ) );
#5405=CARTESIAN_POINT ( 'NONE',  ( -4.599999999999990800, 0.0000000000000000000, -2.599999999999984100 ) );
#5406=ORIENTED_EDGE ( 'NONE', *, *, #7483, .F. );
#5407=DIRECTION ( 'NONE',  ( 5.981805089575197000E-015, 0.0000000000000000000, -1.000000000000000000 ) );
#5408=LINE ( 'NONE', #2870, #4068 );
#5409=MANIFOLD_SOLID_BREP ( 'Pin 52', #12591 );
#5410=FACE_OUTER_BOUND ( 'NONE', #13317, .T. );
#5411=ORIENTED_EDGE ( 'NONE', *, *, #7717, .F. );
#5412=CARTESIAN_POINT ( 'NONE',  ( 2.700000000000001100, 0.05000000000000007900, 1.449999999999998200 ) );
#5413=EDGE_CURVE ( 'NONE', #6702, #8365, #7904, .T. );
#5414=ORIENTED_EDGE ( 'NONE', *, *, #3664, .F. );
#5415=PLANE ( 'NONE',  #9631 );
#5416=ADVANCED_FACE ( 'NONE', ( #649 ), #998, .T. );
#5417=ORIENTED_EDGE ( 'NONE', *, *, #10121, .F. );
#5418=EDGE_CURVE ( 'NONE', #1293, #12514, #3035, .T. );
#5419=ORIENTED_EDGE ( 'NONE', *, *, #13954, .T. );
#5420=ORIENTED_EDGE ( 'NONE', *, *, #7078, .F. );
#5421=EDGE_LOOP ( 'NONE', ( #8774, #7637, #1877, #5658 ) );
#5422=VECTOR ( 'NONE', #5675, 1000.000000000000000 );
#5423=VERTEX_POINT ( 'NONE', #4216 );
#5424=EDGE_CURVE ( 'NONE', #7205, #10061, #11659, .T. );
#5425=VERTEX_POINT ( 'NONE', #4814 );
#5426=LINE ( 'NONE', #5256, #2682 );
#5427=AXIS2_PLACEMENT_3D ( 'NONE', #8520, #128, #711 );
#5428=LINE ( 'NONE', #4890, #7301 );
#5429=PLANE ( 'NONE',  #595 );
#5430=VERTEX_POINT ( 'NONE', #2437 );
#5431=LINE ( 'NONE', #2996, #52 );
#5432=ORIENTED_EDGE ( 'NONE', *, *, #4418, .F. );
#5433=ORIENTED_EDGE ( 'NONE', *, *, #9409, .F. );
#5434=EDGE_LOOP ( 'NONE', ( #2132, #13847, #12379, #2176 ) );
#5435=ORIENTED_EDGE ( 'NONE', *, *, #2121, .T. );
#5436=CARTESIAN_POINT ( 'NONE',  ( 0.2000000000000019300, 0.7999999999999996000, -4.699999999999997500 ) );
#5437=VECTOR ( 'NONE', #10075, 1000.000000000000000 );
#5438=ORIENTED_EDGE ( 'NONE', *, *, #6194, .T. );
#5439=ADVANCED_FACE ( 'NONE', ( #5176 ), #9571, .F. );
#5440=LINE ( 'NONE', #2437, #22 );
#5441=ORIENTED_EDGE ( 'NONE', *, *, #12324, .T. );
#5442=EDGE_CURVE ( 'NONE', #596, #1744, #5538, .T. );
#5443=ORIENTED_EDGE ( 'NONE', *, *, #196, .T. );
#5444=ORIENTED_EDGE ( 'NONE', *, *, #5943, .F. );
#5445=EDGE_CURVE ( 'NONE', #4046, #5720, #12307, .T. );
#5446=PLANE ( 'NONE',  #2188 );
#5447=VERTEX_POINT ( 'NONE', #2808 );
#5448=PLANE ( 'NONE',  #13286 );
#5449=FACE_OUTER_BOUND ( 'NONE', #11059, .T. );
#5450=CARTESIAN_POINT ( 'NONE',  ( -5.500000000000007100, 0.05000000000000005100, 6.099999999999997000 ) );
#5451=EDGE_LOOP ( 'NONE', ( #4115, #4380, #5853, #11955 ) );
#5452=PLANE ( 'NONE',  #4875 );
#5453=LINE ( 'NONE', #4699, #4121 );
#5454=ORIENTED_EDGE ( 'NONE', *, *, #309, .T. );
#5455=CARTESIAN_POINT ( 'NONE',  ( 6.299999999999971400, 0.05000000000000007900, 5.299999999999993600 ) );
#5456=ADVANCED_FACE ( 'NONE', ( #1103 ), #3855, .T. );
#5457=( GEOMETRIC_REPRESENTATION_CONTEXT ( 3 ) GLOBAL_UNCERTAINTY_ASSIGNED_CONTEXT ( ( #221 ) ) GLOBAL_UNIT_ASSIGNED_CONTEXT ( ( #324, #94, #251 ) ) REPRESENTATION_CONTEXT ( 'NONE', 'WORKASPACE' ) );
#5458=CARTESIAN_POINT ( 'NONE',  ( -4.200000000000000200, 0.05000000000000007900, -2.600000000000024100 ) );
#5459=LINE ( 'NONE', #5207, #121 );
#5460=ORIENTED_EDGE ( 'NONE', *, *, #14670, .F. );
#5461=ORIENTED_EDGE ( 'NONE', *, *, #14696, .F. );
#5462=EDGE_CURVE ( 'NONE', #8948, #3646, #1775, .T. );
#5463=ORIENTED_EDGE ( 'NONE', *, *, #13331, .T. );
#5464=PLANE ( 'NONE',  #9209 );
#5465=ORIENTED_EDGE ( 'NONE', *, *, #4905, .T. );
#5466=LINE ( 'NONE', #3620, #5288 );
#5467=ORIENTED_EDGE ( 'NONE', *, *, #9464, .F. );
#5468=LINE ( 'NONE', #1054, #6763 );
#5469=CARTESIAN_POINT ( 'NONE',  ( -5.500000000000008000, 0.05000000000000007900, 2.499999999999996400 ) );
#5470=ORIENTED_EDGE ( 'NONE', *, *, #6713, .T. );
#5471=AXIS2_PLACEMENT_3D ( 'NONE', #2126, #5537, #3439 );
#5472=LINE ( 'NONE', #4610, #52 );
#5473=VERTEX_POINT ( 'NONE', #2895 );
#5474=LINE ( 'NONE', #113, #4735 );
#5475=EDGE_CURVE ( 'NONE', #8856, #11491, #7214, .T. );
#5476=DIRECTION ( 'NONE',  ( 1.000000000000000000, -1.540743955509788700E-033, 4.336808689941884400E-015 ) );
#5477=FACE_BOUND ( 'NONE', #1625, .T. );
#5478=EDGE_CURVE ( 'NONE', #2967, #357, #6655, .T. );
#5479=VERTEX_POINT ( 'NONE', #4872 );
#5480=LINE ( 'NONE', #625, #1172 );
#5481=ORIENTED_EDGE ( 'NONE', *, *, #10987, .T. );
#5482=ADVANCED_FACE ( 'NONE', ( #9605 ), #13516, .F. );
#5483=AXIS2_PLACEMENT_3D ( 'NONE', #67, #1162, #182 );
#5484=CARTESIAN_POINT ( 'NONE',  ( 1.249999999999999800, 0.05000000000000005100, 3.424999999999998500 ) );
#5485=DIRECTION ( 'NONE',  ( -1.000000000000000000, -7.703719777548943400E-034, 2.710505431213883800E-015 ) );
#5486=ORIENTED_EDGE ( 'NONE', *, *, #11427, .T. );
#5487=ORIENTED_EDGE ( 'NONE', *, *, #2868, .T. );
#5488=EDGE_CURVE ( 'NONE', #10061, #6954, #11361, .T. );
#5489=DIRECTION ( 'NONE',  ( 1.000000000000000000, -0.0000000000000000000, -6.672013369141570100E-016 ) );
#5490=EDGE_CURVE ( 'NONE', #13389, #8709, #13366, .T. );
#5491=EDGE_LOOP ( 'NONE', ( #3582, #7179, #1741, #6867 ) );
#5492=LINE ( 'NONE', #4120, #186 );
#5493=ORIENTED_EDGE ( 'NONE', *, *, #13508, .F. );
#5494=LINE ( 'NONE', #2009, #367 );
#5495=ORIENTED_EDGE ( 'NONE', *, *, #7291, .T. );
#5496=CARTESIAN_POINT ( 'NONE',  ( 0.7249999999999999800, 0.05000000000000005100, 5.399999999999998600 ) );
#5497=VERTEX_POINT ( 'NONE', #1298 );
#5498=VERTEX_POINT ( 'NONE', #3615 );
#5499=EDGE_CURVE ( 'NONE', #7615, #14286, #9754, .T. );
#5500=ADVANCED_FACE ( 'NONE', ( #6458 ), #13601, .F. );
#5501=AXIS2_PLACEMENT_3D ( 'NONE', #1649, #1589, #5128 );
#5502=AXIS2_PLACEMENT_3D ( 'NONE', #1154, #711, #280 );
#5503=CARTESIAN_POINT ( 'NONE',  ( 5.500000000000028400, 0.05000000000000005100, 5.699999999999995700 ) );
#5504=CARTESIAN_POINT ( 'NONE',  ( -4.474999999999999600, 2.399999999999999900, 6.049999999999999800 ) );
#5505=ORIENTED_EDGE ( 'NONE', *, *, #2237, .F. );
#5506=CARTESIAN_POINT ( 'NONE',  ( -4.999999999999947600, 3.388131789017201400E-018, 7.199999999999927300 ) );
#5507=ORIENTED_EDGE ( 'NONE', *, *, #11363, .F. );
#5508=FACE_OUTER_BOUND ( 'NONE', #5627, .T. );
#5509=VERTEX_POINT ( 'NONE', #14601 );
#5510=CARTESIAN_POINT ( 'NONE',  ( -6.299999999999951000, 0.05000000000000005100, 3.299999999999988300 ) );
#5511=ORIENTED_EDGE ( 'NONE', *, *, #12968, .T. );
#5512=EDGE_CURVE ( 'NONE', #9710, #2088, #11980, .T. );
#5513=EDGE_LOOP ( 'NONE', ( #12677, #4631, #11921, #7669 ) );
#5514=CARTESIAN_POINT ( 'NONE',  ( -3.799999999999984700, 0.05000000000000007900, 8.000000000000021300 ) );
#5515=EDGE_CURVE ( 'NONE', #4997, #11585, #2208, .T. );
#5516=EDGE_CURVE ( 'NONE', #7881, #11132, #6838, .T. );
#5517=AXIS2_PLACEMENT_3D ( 'NONE', #2835, #2438, #13545 );
#5518=EDGE_LOOP ( 'NONE', ( #2538, #12588, #3592, #8214 ) );
#5519=EDGE_CURVE ( 'NONE', #10672, #11607, #14675, .T. );
#5520=ADVANCED_FACE ( 'NONE', ( #14386 ), #14629, .T. );
#5521=AXIS2_PLACEMENT_3D ( 'NONE', #8351, #6851, #1347 );
#5522=ORIENTED_EDGE ( 'NONE', *, *, #13239, .T. );
#5523=PLANE ( 'NONE',  #13863 );
#5524=DIRECTION ( 'NONE',  ( 1.000000000000000000, -0.0000000000000000000, 2.168404344971003300E-015 ) );
#5525=LINE ( 'NONE', #1305, #5331 );
#5526=ORIENTED_EDGE ( 'NONE', *, *, #8307, .F. );
#5527=EDGE_LOOP ( 'NONE', ( #10411, #195, #1680, #276 ) );
#5528=VERTEX_POINT ( 'NONE', #1509 );
#5529=ORIENTED_EDGE ( 'NONE', *, *, #14389, .F. );
#5530=VERTEX_POINT ( 'NONE', #7406 );
#5531=CARTESIAN_POINT ( 'NONE',  ( 6.299999999999971400, -3.388131789017201400E-018, 4.099999999999990800 ) );
#5532=CARTESIAN_POINT ( 'NONE',  ( 2.700000000000001100, 0.05000000000000005100, 1.449999999999998200 ) );
#5533=LINE ( 'NONE', #4581, #5701 );
#5534=CARTESIAN_POINT ( 'NONE',  ( -2.700000000000000600, 0.0000000000000000000, 3.949999999999998800 ) );
#5535=ADVANCED_FACE ( 'NONE', ( #11809 ), #2707, .F. );
#5536=EDGE_CURVE ( 'NONE', #7464, #7490, #13213, .T. );
#5537=DIRECTION ( 'NONE',  ( -4.878909776184620100E-015, 0.0000000000000000000, 1.000000000000000000 ) );
#5538=LINE ( 'NONE', #2450, #121 );
#5539=EDGE_LOOP ( 'NONE', ( #12376, #11003, #8703, #6997 ) );
#5540=ADVANCED_FACE ( 'NONE', ( #10545 ), #6525, .F. );
#5541=PLANE ( 'NONE',  #6793 );
#5542=CARTESIAN_POINT ( 'NONE',  ( 6.200000000000002000, 0.7999999999999994900, -3.699999999999998000 ) );
#5543=VERTEX_POINT ( 'NONE', #1834 );
#5544=EDGE_CURVE ( 'NONE', #7953, #7292, #4595, .T. );
#5545=DIRECTION ( 'NONE',  ( -1.000000000000000000, 0.0000000000000000000, 3.794707603699317600E-015 ) );
#5546=ORIENTED_EDGE ( 'NONE', *, *, #2118, .F. );
#5547=VECTOR ( 'NONE', #11194, 1000.000000000000000 );
#5548=LINE ( 'NONE', #354, #2814 );
#5549=EDGE_LOOP ( 'NONE', ( #6896, #5995, #4975, #6250 ) );
#5550=FACE_OUTER_BOUND ( 'NONE', #5947, .T. );
#5551=LINE ( 'NONE', #8540, #119 );
#5552=PLANE ( 'NONE',  #11762 );
#5553=DIRECTION ( 'NONE',  ( -1.000000000000000000, 1.540743955509788700E-033, -4.336808689941884400E-015 ) );
#5554=LINE ( 'NONE', #10, #591 );
#5555=EDGE_LOOP ( 'NONE', ( #12559, #4684, #2694, #5681 ) );
#5556=ORIENTED_EDGE ( 'NONE', *, *, #9038, .F. );
#5557=LINE ( 'NONE', #204, #96 );
#5558=ADVANCED_FACE ( 'NONE', ( #11649 ), #2874, .T. );
#5559=EDGE_CURVE ( 'NONE', #5888, #12089, #5525, .T. );
#5560=DIRECTION ( 'NONE',  ( -4.336808689941613800E-015, 0.0000000000000000000, -1.000000000000000000 ) );
#5561=DIRECTION ( 'NONE',  ( 2.710505431213856200E-016, 0.0000000000000000000, -1.000000000000000000 ) );
#5562=VERTEX_POINT ( 'NONE', #39 );
#5563=ORIENTED_EDGE ( 'NONE', *, *, #7837, .T. );
#5564=PLANE ( 'NONE',  #4686 );
#5565=DIRECTION ( 'NONE',  ( 1.000000000000000000, 0.0000000000000000000, -1.927470528863118600E-015 ) );
#5566=FACE_OUTER_BOUND ( 'NONE', #13871, .T. );
#5567=LINE ( 'NONE', #8983, #22 );
#5568=ORIENTED_EDGE ( 'NONE', *, *, #8071, .F. );
#5569=EDGE_CURVE ( 'NONE', #12411, #11319, #10394, .T. );
#5570=LINE ( 'NONE', #1614, #591 );
#5571=VERTEX_POINT ( 'NONE', #1324 );
#5572=EDGE_CURVE ( 'NONE', #7983, #2898, #8228, .T. );
#5573=ORIENTED_EDGE ( 'NONE', *, *, #9426, .F. );
#5574=ORIENTED_EDGE ( 'NONE', *, *, #9860, .F. );
#5575=ADVANCED_FACE ( 'NONE', ( #7545 ), #6375, .T. );
#5576=ORIENTED_EDGE ( 'NONE', *, *, #13108, .T. );
#5577=ORIENTED_EDGE ( 'NONE', *, *, #1975, .F. );
#5578=CARTESIAN_POINT ( 'NONE',  ( 0.7250000000000015300, 0.05000000000000007900, 1.974999999999999000 ) );
#5579=EDGE_LOOP ( 'NONE', ( #12670, #3505, #8810, #10782 ) );
#5580=ORIENTED_EDGE ( 'NONE', *, *, #12502, .T. );
#5581=LINE ( 'NONE', #11136, #1462 );
#5582=LINE ( 'NONE', #1872, #124 );
#5583=ORIENTED_EDGE ( 'NONE', *, *, #7649, .F. );
#5584=EDGE_CURVE ( 'NONE', #2557, #2034, #3016, .T. );
#5585=CARTESIAN_POINT ( 'NONE',  ( -0.4499999999999979000, 0.04999999999999968400, -5.349999999999997900 ) );
#5586=ORIENTED_EDGE ( 'NONE', *, *, #1226, .F. );
#5587=DIRECTION ( 'NONE',  ( -1.000000000000000000, 0.0000000000000000000, -4.088991050516891000E-014 ) );
#5588=ORIENTED_EDGE ( 'NONE', *, *, #81, .F. );
#5589=PLANE ( 'NONE',  #9192 );
#5590=CARTESIAN_POINT ( 'NONE',  ( -0.1999999999999866300, 0.0000000000000000000, 7.199999999999998400 ) );
#5591=EDGE_CURVE ( 'NONE', #10061, #2209, #8745, .T. );
#5592=EDGE_CURVE ( 'NONE', #4775, #11074, #1525, .T. );
#5593=ORIENTED_EDGE ( 'NONE', *, *, #2770, .T. );
#5594=ORIENTED_EDGE ( 'NONE', *, *, #8876, .F. );
#5595=ORIENTED_EDGE ( 'NONE', *, *, #4501, .T. );
#5596=VECTOR ( 'NONE', #6464, 1000.000000000000000 );
#5597=ORIENTED_EDGE ( 'NONE', *, *, #7339, .F. );
#5598=CARTESIAN_POINT ( 'NONE',  ( 2.199999999999989100, 0.05000000000000007900, 8.000000000000021300 ) );
#5599=ADVANCED_FACE ( 'NONE', ( #7719 ), #12763, .F. );
#5600=ORIENTED_EDGE ( 'NONE', *, *, #5544, .F. );
#5601=EDGE_CURVE ( 'NONE', #3646, #8365, #5163, .T. );
#5602=ORIENTED_EDGE ( 'NONE', *, *, #1990, .F. );
#5603=CARTESIAN_POINT ( 'NONE',  ( -2.700000000000000600, 0.0000000000000000000, 1.974999999999998500 ) );
#5604=VERTEX_POINT ( 'NONE', #191 );
#5605=EDGE_CURVE ( 'NONE', #11091, #1432, #4985, .T. );
#5606=FACE_OUTER_BOUND ( 'NONE', #13554, .T. );
#5607=MANIFOLD_SOLID_BREP ( 'Pin 51', #8835 );
#5608=ORIENTED_EDGE ( 'NONE', *, *, #11864, .T. );
#5609=EDGE_LOOP ( 'NONE', ( #2151, #12593, #8321, #4096 ) );
#5610=LINE ( 'NONE', #2187, #1206 );
#5611=PRESENTATION_LAYER_ASSIGNMENT (  '', '', ( #13839 ) );
#5612=ORIENTED_EDGE ( 'NONE', *, *, #1083, .F. );
#5613=ORIENTED_EDGE ( 'NONE', *, *, #337, .F. );
#5614=EDGE_CURVE ( 'NONE', #11397, #1750, #631, .T. );
#5615=LINE ( 'NONE', #2267, #666 );
#5616=ORIENTED_EDGE ( 'NONE', *, *, #13233, .T. );
#5617=ADVANCED_FACE ( 'NONE', ( #9252 ), #4378, .F. );
#5618=ORIENTED_EDGE ( 'NONE', *, *, #11040, .F. );
#5619=ORIENTED_EDGE ( 'NONE', *, *, #11314, .T. );
#5620=CARTESIAN_POINT ( 'NONE',  ( 2.999999999999989800, 0.05000000000000007900, -1.799999999999999600 ) );
#5621=ORIENTED_EDGE ( 'NONE', *, *, #11454, .T. );
#5622=ORIENTED_EDGE ( 'NONE', *, *, #5039, .T. );
#5623=ORIENTED_EDGE ( 'NONE', *, *, #3232, .F. );
#5624=VERTEX_POINT ( 'NONE', #2092 );
#5625=LINE ( 'NONE', #4415, #269 );
#5626=ORIENTED_EDGE ( 'NONE', *, *, #11654, .T. );
#5627=EDGE_LOOP ( 'NONE', ( #4602, #1286, #14131, #4003 ) );
#5628=ORIENTED_EDGE ( 'NONE', *, *, #9944, .F. );
#5629=ORIENTED_EDGE ( 'NONE', *, *, #9503, .F. );
#5630=CARTESIAN_POINT ( 'NONE',  ( 5.500000000000029300, 0.0000000000000000000, -0.7000000000000000700 ) );
#5631=EDGE_CURVE ( 'NONE', #5430, #9649, #5914, .T. );
#5632=ADVANCED_FACE ( 'NONE', ( #8403 ), #5429, .F. );
#5633=AXIS2_PLACEMENT_3D ( 'NONE', #398, #342, #4151 );
#5634=CARTESIAN_POINT ( 'NONE',  ( 6.300000000000002500, 0.05000000000000007900, -1.100000000000001600 ) );
#5635=ORIENTED_EDGE ( 'NONE', *, *, #8929, .F. );
#5636=VERTEX_POINT ( 'NONE', #7327 );
#5637=LINE ( 'NONE', #569, #22 );
#5638=CARTESIAN_POINT ( 'NONE',  ( 5.599999999999999600, 0.05000000000000005100, 7.999999999999998200 ) );
#5639=CARTESIAN_POINT ( 'NONE',  ( 4.600000000000012100, 0.05000000000000007900, 7.999999999999977800 ) );
#5640=FACE_OUTER_BOUND ( 'NONE', #9942, .T. );
#5641=EDGE_LOOP ( 'NONE', ( #10140, #12186, #13156, #4306 ) );
#5642=ORIENTED_EDGE ( 'NONE', *, *, #1641, .T. );
#5643=CARTESIAN_POINT ( 'NONE',  ( -0.7249999999999897600, 0.05000000000000005100, 1.974999999999999000 ) );
#5644=ORIENTED_EDGE ( 'NONE', *, *, #4030, .T. );
#5645=AXIS2_PLACEMENT_3D ( 'NONE', #202, #778, #11738 );
#5646=ORIENTED_EDGE ( 'NONE', *, *, #12751, .F. );
#5647=FACE_OUTER_BOUND ( 'NONE', #11542, .T. );
#5648=LINE ( 'NONE', #2450, #591 );
#5649=ORIENTED_EDGE ( 'NONE', *, *, #2692, .F. );
#5650=ADVANCED_FACE ( 'NONE', ( #9916 ), #14027, .F. );
#5651=PLANE ( 'NONE',  #2548 );
#5652=FACE_OUTER_BOUND ( 'NONE', #8222, .T. );
#5653=VERTEX_POINT ( 'NONE', #8868 );
#5654=CARTESIAN_POINT ( 'NONE',  ( -3.799999999999998000, 0.7999999999999993800, -2.900000000000001700 ) );
#5655=LINE ( 'NONE', #5634, #13464 );
#5656=STYLED_ITEM ( 'NONE', ( #853 ), #4755 );
#5657=FACE_BOUND ( 'NONE', #2539, .T. );
#5658=ORIENTED_EDGE ( 'NONE', *, *, #14168, .F. );
#5659=ORIENTED_EDGE ( 'NONE', *, *, #4598, .T. );
#5660=MECHANICAL_DESIGN_GEOMETRIC_PRESENTATION_REPRESENTATION (  '', ( #653 ), #4241 );
#5661=ORIENTED_EDGE ( 'NONE', *, *, #6865, .F. );
#5662=EDGE_LOOP ( 'NONE', ( #1684, #7978, #3590, #1819 ) );
#5663=FACE_OUTER_BOUND ( 'NONE', #8042, .T. );
#5664=VERTEX_POINT ( 'NONE', #5531 );
#5665=EDGE_LOOP ( 'NONE', ( #3519, #5337, #11408, #8383 ) );
#5666=CARTESIAN_POINT ( 'NONE',  ( -5.974999999999999600, 20.65008038564430800, -2.119999999999998800 ) );
#5667=ORIENTED_EDGE ( 'NONE', *, *, #7911, .T. );
#5668=LINE ( 'NONE', #1324, #2058 );
#5669=EDGE_CURVE ( 'NONE', #2691, #4458, #4392, .T. );
#5670=FACE_OUTER_BOUND ( 'NONE', #7160, .T. );
#5671=ORIENTED_EDGE ( 'NONE', *, *, #11769, .F. );
#5672=LINE ( 'NONE', #3595, #22 );
#5673=ORIENTED_EDGE ( 'NONE', *, *, #7735, .F. );
#5674=ADVANCED_FACE ( 'NONE', ( #13955 ), #1993, .F. );
#5675=DIRECTION ( 'NONE',  ( 5.907032525955507400E-015, 0.0000000000000000000, 1.000000000000000000 ) );
#5676=EDGE_LOOP ( 'NONE', ( #2882, #7734, #2493, #10881 ) );
#5677=CARTESIAN_POINT ( 'NONE',  ( 6.299999999999992700, 3.388131789017201400E-018, -0.7000000000000022900 ) );
#5678=AXIS2_PLACEMENT_3D ( 'NONE', #2838, #4553, #5565 );
#5679=LINE ( 'NONE', #755, #9618 );
#5680=EDGE_CURVE ( 'NONE', #5982, #4177, #14523, .T. );
#5681=ORIENTED_EDGE ( 'NONE', *, *, #1788, .T. );
#5682=EDGE_CURVE ( 'NONE', #6975, #10518, #2598, .T. );
#5683=CARTESIAN_POINT ( 'NONE',  ( 1.400000000000013200, -3.388131789017201400E-018, -2.600000000000001900 ) );
#5684=VERTEX_POINT ( 'NONE', #872 );
#5685=ORIENTED_EDGE ( 'NONE', *, *, #12451, .T. );
#5686=DIRECTION ( 'NONE',  ( -1.000000000000000000, 0.0000000000000000000, 5.421010862427664200E-016 ) );
#5687=VERTEX_POINT ( 'NONE', #4746 );
#5688=ORIENTED_EDGE ( 'NONE', *, *, #7627, .F. );
#5689=EDGE_LOOP ( 'NONE', ( #798, #3318, #5298, #14416 ) );
#5690=CARTESIAN_POINT ( 'NONE',  ( 1.800000000000002000, 0.05000000000000005100, 7.199999999999998400 ) );
#5691=ORIENTED_EDGE ( 'NONE', *, *, #5515, .F. );
#5692=ADVANCED_FACE ( 'NONE', ( #3805 ), #6673, .T. );
#5693=CARTESIAN_POINT ( 'NONE',  ( -5.500000000000007100, 0.05000000000000007900, 0.5000000000000015500 ) );
#5694=CARTESIAN_POINT ( 'NONE',  ( 5.500000000000029300, -3.388131789017201400E-018, 5.299999999999993600 ) );
#5695=EDGE_CURVE ( 'NONE', #6809, #2736, #2406, .T. );
#5696=CARTESIAN_POINT ( 'NONE',  ( -6.299999999999951000, 0.05000000000000005100, 4.499999999999992000 ) );
#5697=EDGE_CURVE ( 'NONE', #10346, #4138, #1296, .T. );
#5698=ORIENTED_EDGE ( 'NONE', *, *, #9957, .T. );
#5699=ORIENTED_EDGE ( 'NONE', *, *, #3656, .T. );
#5700=PLANE ( 'NONE',  #12862 );
#5701=VECTOR ( 'NONE', #6395, 1000.000000000000000 );
#5702=STYLED_ITEM ( 'NONE', ( #853 ), #7492 );
#5703=FACE_OUTER_BOUND ( 'NONE', #2704, .T. );
#5704=ORIENTED_EDGE ( 'NONE', *, *, #10696, .F. );
#5705=LINE ( 'NONE', #912, #22 );
#5706=VERTEX_POINT ( 'NONE', #2017 );
#5707=EDGE_CURVE ( 'NONE', #9496, #7956, #11192, .T. );
#5708=VERTEX_POINT ( 'NONE', #3917 );
#5709=EDGE_LOOP ( 'NONE', ( #13977, #8561, #1571, #8627 ) );
#5710=AXIS2_PLACEMENT_3D ( 'NONE', #2186, #723, #3296 );
#5711=DIRECTION ( 'NONE',  ( 5.421010862427684900E-016, -0.0000000000000000000, 1.000000000000000000 ) );
#5712=DIRECTION ( 'NONE',  ( 4.336808689942016200E-015, 0.0000000000000000000, -1.000000000000000000 ) );
#5713=DIRECTION ( 'NONE',  ( -1.000000000000000000, 0.0000000000000000000, -2.973811673103064800E-014 ) );
#5714=AXIS2_PLACEMENT_3D ( 'NONE', #1593, #511, #613 );
#5715=ADVANCED_FACE ( 'NONE', ( #11503 ), #301, .F. );
#5716=ORIENTED_EDGE ( 'NONE', *, *, #5351, .F. );
#5717=FACE_OUTER_BOUND ( 'NONE', #8536, .T. );
#5718=LINE ( 'NONE', #924, #156 );
#5719=LINE ( 'NONE', #1944, #186 );
#5720=VERTEX_POINT ( 'NONE', #1537 );
#5721=EDGE_CURVE ( 'NONE', #12263, #8953, #13504, .T. );
#5722=LINE ( 'NONE', #979, #95 );
#5723=LINE ( 'NONE', #1614, #121 );
#5724=CARTESIAN_POINT ( 'NONE',  ( -6.599999999999997000, 0.0000000000000000000, -8.300000000000000700 ) );
#5725=EDGE_LOOP ( 'NONE', ( #5249, #3104, #12473, #3746 ) );
#5726=EDGE_CURVE ( 'NONE', #2765, #4398, #369, .T. );
#5727=ORIENTED_EDGE ( 'NONE', *, *, #10227, .F. );
#5728=AXIS2_PLACEMENT_3D ( 'NONE', #1546, #3336, #10124 );
#5729=EDGE_CURVE ( 'NONE', #8766, #11351, #12274, .T. );
#5730=ORIENTED_EDGE ( 'NONE', *, *, #6247, .T. );
#5731=CARTESIAN_POINT ( 'NONE',  ( -5.000000000000024900, 0.05000000000000005100, -1.799999999999895500 ) );
#5732=ADVANCED_FACE ( 'NONE', ( #14379 ), #3496, .F. );
#5733=EDGE_LOOP ( 'NONE', ( #7759, #10325, #3489, #5738 ) );
#5734=LINE ( 'NONE', #1384, #124 );
#5735=LINE ( 'NONE', #1593, #121 );
#5736=ORIENTED_EDGE ( 'NONE', *, *, #4211, .F. );
#5737=ORIENTED_EDGE ( 'NONE', *, *, #6976, .F. );
#5738=ORIENTED_EDGE ( 'NONE', *, *, #1694, .F. );
#5739=EDGE_CURVE ( 'NONE', #936, #7466, #6432, .T. );
#5740=PLANE ( 'NONE',  #8394 );
#5741=PLANE ( 'NONE',  #2778 );
#5742=FACE_OUTER_BOUND ( 'NONE', #6434, .T. );
#5743=FACE_OUTER_BOUND ( 'NONE', #11318, .T. );
#5744=ORIENTED_EDGE ( 'NONE', *, *, #12052, .T. );
#5745=LINE ( 'NONE', #946, #2259 );
#5746=EDGE_CURVE ( 'NONE', #6675, #5430, #9901, .T. );
#5747=AXIS2_PLACEMENT_3D ( 'NONE', #4110, #1105, #3653 );
#5748=ORIENTED_EDGE ( 'NONE', *, *, #4729, .F. );
#5749=AXIS2_PLACEMENT_3D ( 'NONE', #5731, #3319, #12372 );
#5750=LINE ( 'NONE', #5256, #2626 );
#5751=ADVANCED_FACE ( 'NONE', ( #10855 ), #13275, .F. );
#5752=VERTEX_POINT ( 'NONE', #7419 );
#5753=VERTEX_POINT ( 'NONE', #958 );
#5754=DIRECTION ( 'NONE',  ( -1.000000000000000000, 3.851859888774471700E-034, 4.878909776184620100E-015 ) );
#5755=ORIENTED_EDGE ( 'NONE', *, *, #2240, .F. );
#5756=ORIENTED_EDGE ( 'NONE', *, *, #5386, .F. );
#5757=LINE ( 'NONE', #2108, #4633 );
#5758=MECHANICAL_DESIGN_GEOMETRIC_PRESENTATION_REPRESENTATION (  '', ( #13159 ), #7357 );
#5759=EDGE_LOOP ( 'NONE', ( #14199, #12646, #5800, #9518 ) );
#5760=DIRECTION ( 'NONE',  ( -2.168404344970947300E-015, 1.540743955509788700E-033, -1.000000000000000000 ) );
#5761=EDGE_CURVE ( 'NONE', #5653, #3887, #4180, .T. );
#5762=PRODUCT_CONTEXT ( 'NONE', #2033, 'mechanical' );
#5763=VERTEX_POINT ( 'NONE', #625 );
#5764=ADVANCED_FACE ( 'NONE', ( #9239 ), #10259, .F. );
#5765=EDGE_LOOP ( 'NONE', ( #9793, #12750, #4825, #6773 ) );
#5766=ADVANCED_FACE ( 'NONE', ( #12447 ), #11225, .T. );
#5767=AXIS2_PLACEMENT_3D ( 'NONE', #6296, #2255, #2955 );
#5768=ORIENTED_EDGE ( 'NONE', *, *, #8358, .F. );
#5769=VERTEX_POINT ( 'NONE', #748 );
#5770=ORIENTED_EDGE ( 'NONE', *, *, #9519, .T. );
#5771=ORIENTED_EDGE ( 'NONE', *, *, #2600, .T. );
#5772=FACE_OUTER_BOUND ( 'NONE', #7188, .T. );
#5773=PLANE ( 'NONE',  #2530 );
#5774=EDGE_CURVE ( 'NONE', #5148, #6040, #2786, .T. );
#5775=FACE_OUTER_BOUND ( 'NONE', #9225, .T. );
#5776=VERTEX_POINT ( 'NONE', #1412 );
#5777=LINE ( 'NONE', #857, #4868 );
#5778=EDGE_CURVE ( 'NONE', #6043, #9244, #2583, .T. );
#5779=CARTESIAN_POINT ( 'NONE',  ( -5.500000000000007100, 0.05000000000000005100, 1.300000000000003800 ) );
#5780=FACE_OUTER_BOUND ( 'NONE', #411, .T. );
#5781=EDGE_LOOP ( 'NONE', ( #2183, #8979 ) );
#5782=CARTESIAN_POINT ( 'NONE',  ( 0.2000000000000014000, 0.05000000000000005100, 7.199999999999998400 ) );
#5783=VERTEX_POINT ( 'NONE', #4880 );
#5784=EDGE_CURVE ( 'NONE', #4314, #9219, #14095, .T. );
#5785=PLANE ( 'NONE',  #14402 );
#5786=ORIENTED_EDGE ( 'NONE', *, *, #4368, .F. );
#5787=EDGE_CURVE ( 'NONE', #14082, #1432, #12905, .T. );
#5788=VERTEX_POINT ( 'NONE', #4913 );
#5789=ADVANCED_FACE ( 'NONE', ( #13946 ), #7294, .T. );
#5790=LINE ( 'NONE', #767, #429 );
#5791=ORIENTED_EDGE ( 'NONE', *, *, #5265, .F. );
#5792=VECTOR ( 'NONE', #9908, 1000.000000000000000 );
#5793=MECHANICAL_DESIGN_GEOMETRIC_PRESENTATION_REPRESENTATION (  '', ( #7926 ), #12282 );
#5794=FACE_OUTER_BOUND ( 'NONE', #9730, .T. );
#5795=PLANE ( 'NONE',  #3136 );
#5796=ORIENTED_EDGE ( 'NONE', *, *, #5512, .T. );
#5797=DIRECTION ( 'NONE',  ( -1.000000000000000000, 0.0000000000000000000, 7.299920059573109600E-037 ) );
#5798=MECHANICAL_DESIGN_GEOMETRIC_PRESENTATION_REPRESENTATION (  '', ( #11608 ), #10932 );
#5799=ORIENTED_EDGE ( 'NONE', *, *, #10431, .F. );
#5800=ORIENTED_EDGE ( 'NONE', *, *, #4583, .T. );
#5801=AXIS2_PLACEMENT_3D ( 'NONE', #2169, #11958, #4239 );
#5802=CARTESIAN_POINT ( 'NONE',  ( -2.199999999999986000, 0.0000000000000000000, 7.199999999999996600 ) );
#5803=MANIFOLD_SOLID_BREP ( 'Pin 47', #9904 );
#5804=ORIENTED_EDGE ( 'NONE', *, *, #3778, .F. );
#5805=ORIENTED_EDGE ( 'NONE', *, *, #7635, .F. );
#5806=FACE_OUTER_BOUND ( 'NONE', #2819, .T. );
#5807=MECHANICAL_DESIGN_GEOMETRIC_PRESENTATION_REPRESENTATION (  '', ( #13687 ), #941 );
#5808=LINE ( 'NONE', #10868, #96 );
#5809=ORIENTED_EDGE ( 'NONE', *, *, #1302, .F. );
#5810=LINE ( 'NONE', #3072, #1193 );
#5811=ADVANCED_FACE ( 'NONE', ( #10533 ), #2306, .T. );
#5812=FACE_OUTER_BOUND ( 'NONE', #9962, .T. );
#5813=DIRECTION ( 'NONE',  ( 1.000000000000000000, 0.0000000000000000000, -3.252606517456547200E-015 ) );
#5814=EDGE_CURVE ( 'NONE', #6417, #11723, #3405, .T. );
#5815=ORIENTED_EDGE ( 'NONE', *, *, #13834, .F. );
#5816=DIRECTION ( 'NONE',  ( -1.993935029858397400E-016, 1.246209393661498400E-016, -1.000000000000000000 ) );
#5817=EDGE_CURVE ( 'NONE', #738, #5509, #9579, .T. );
#5818=CARTESIAN_POINT ( 'NONE',  ( 5.599999999999997000, 0.05000000000000007900, 7.299999999999998000 ) );
#5819=ORIENTED_EDGE ( 'NONE', *, *, #10195, .T. );
#5820=ORIENTED_EDGE ( 'NONE', *, *, #1975, .T. );
#5821=AXIS2_PLACEMENT_3D ( 'NONE', #1516, #2116, #128 );
#5822=PLANE ( 'NONE',  #12923 );
#5823=LINE ( 'NONE', #1301, #2501 );
#5824=EDGE_CURVE ( 'NONE', #4388, #7001, #9423, .T. );
#5825=VERTEX_POINT ( 'NONE', #10 );
#5826=AXIS2_PLACEMENT_3D ( 'NONE', #2531, #128, #711 );
#5827=LINE ( 'NONE', #5990, #52 );
#5828=ORIENTED_EDGE ( 'NONE', *, *, #8892, .T. );
#5829=CARTESIAN_POINT ( 'NONE',  ( -6.299999999999951900, 0.05000000000000005100, 3.699999999999989100 ) );
#5830=LINE ( 'NONE', #4249, #188 );
#5831=LINE ( 'NONE', #2016, #22 );
#5832=CARTESIAN_POINT ( 'NONE',  ( -6.299999999999998900, 0.0000000000000000000, 5.699999999999998400 ) );
#5833=ORIENTED_EDGE ( 'NONE', *, *, #7457, .T. );
#5834=EDGE_CURVE ( 'NONE', #5276, #5000, #13791, .T. );
#5835=EDGE_LOOP ( 'NONE', ( #3395, #5597, #7072, #5771 ) );
#5836=ORIENTED_EDGE ( 'NONE', *, *, #4258, .T. );
#5837=VERTEX_POINT ( 'NONE', #7643 );
#5838=ADVANCED_FACE ( 'NONE', ( #8386 ), #811, .F. );
#5839=LINE ( 'NONE', #3731, #2440 );
#5840=VERTEX_POINT ( 'NONE', #2193 );
#5841=FACE_OUTER_BOUND ( 'NONE', #5835, .T. );
#5842=ORIENTED_EDGE ( 'NONE', *, *, #10683, .T. );
#5843=EDGE_CURVE ( 'NONE', #10543, #10694, #6445, .T. );
#5844=LINE ( 'NONE', #938, #5288 );
#5845=CARTESIAN_POINT ( 'NONE',  ( -6.599999999999997000, 0.04999999999999935700, -2.900000000000001700 ) );
#5846=ORIENTED_EDGE ( 'NONE', *, *, #7588, .T. );
#5847=ORIENTED_EDGE ( 'NONE', *, *, #1628, .T. );
#5848=EDGE_CURVE ( 'NONE', #11704, #11038, #2393, .T. );
#5849=AXIS2_PLACEMENT_3D ( 'NONE', #569, #23, #128 );
#5850=CARTESIAN_POINT ( 'NONE',  ( -0.7250000000000004200, 0.0000000000000000000, 3.949999999999998800 ) );
#5851=ORIENTED_EDGE ( 'NONE', *, *, #4074, .T. );
#5852=DIRECTION ( 'NONE',  ( -2.168404344971165900E-015, 0.0000000000000000000, 1.000000000000000000 ) );
#5853=ORIENTED_EDGE ( 'NONE', *, *, #12131, .F. );
#5854=LINE ( 'NONE', #2705, #22 );
#5855=DIRECTION ( 'NONE',  ( 1.000000000000000000, 0.0000000000000000000, 6.538237987644699400E-035 ) );
#5856=VECTOR ( 'NONE', #7960, 1000.000000000000000 );
#5857=ORIENTED_EDGE ( 'NONE', *, *, #14045, .T. );
#5858=ADVANCED_FACE ( 'NONE', ( #14233 ), #10469, .F. );
#5859=LINE ( 'NONE', #10616, #350 );
#5860=EDGE_LOOP ( 'NONE', ( #1413, #7546, #11997, #4929 ) );
#5861=FACE_BOUND ( 'NONE', #2235, .T. );
#5862=CARTESIAN_POINT ( 'NONE',  ( -6.299999999999999800, 0.0000000000000000000, -1.900000000000001700 ) );
#5863=VERTEX_POINT ( 'NONE', #1278 );
#5864=LINE ( 'NONE', #7045, #3913 );
#5865=ORIENTED_EDGE ( 'NONE', *, *, #7809, .T. );
#5866=EDGE_CURVE ( 'NONE', #2653, #771, #11952, .T. );
#5867=EDGE_LOOP ( 'NONE', ( #8353, #12029, #13407, #6486 ) );
#5868=CARTESIAN_POINT ( 'NONE',  ( 1.400000000000013200, 0.05000000000000005100, 8.000000000000000000 ) );
#5869=LINE ( 'NONE', #5261, #52 );
#5870=PLANE ( 'NONE',  #7674 );
#5871=ORIENTED_EDGE ( 'NONE', *, *, #13691, .F. );
#5872=AXIS2_PLACEMENT_3D ( 'NONE', #2181, #93, #18 );
#5873=EDGE_LOOP ( 'NONE', ( #2395, #247, #12079, #11338 ) );
#5874=DIRECTION ( 'NONE',  ( 1.000000000000000000, 0.0000000000000000000, 4.336808689941884400E-015 ) );
#5875=ORIENTED_EDGE ( 'NONE', *, *, #7733, .F. );
#5876=STYLED_ITEM ( 'NONE', ( #853 ), #1171 );
#5877=ADVANCED_FACE ( 'NONE', ( #14510 ), #2491, .F. );
#5878=FACE_OUTER_BOUND ( 'NONE', #13921, .T. );
#5879=ORIENTED_EDGE ( 'NONE', *, *, #2095, .F. );
#5880=EDGE_CURVE ( 'NONE', #9263, #4262, #3998, .T. );
#5881=EDGE_LOOP ( 'NONE', ( #347, #4918, #9408, #2021 ) );
#5882=VECTOR ( 'NONE', #601, 1000.000000000000000 );
#5883=ORIENTED_EDGE ( 'NONE', *, *, #13581, .F. );
#5884=VERTEX_POINT ( 'NONE', #10718 );
#5885=ORIENTED_EDGE ( 'NONE', *, *, #2645, .F. );
#5886=CARTESIAN_POINT ( 'NONE',  ( 1.000000000000000900, 0.05000000000000005100, 7.199999999999998400 ) );
#5887=PLANE ( 'NONE',  #8676 );
#5888=VERTEX_POINT ( 'NONE', #1305 );
#5889=EDGE_CURVE ( 'NONE', #10180, #9930, #5896, .T. );
#5890=DIRECTION ( 'NONE',  ( 1.000000000000000000, 0.0000000000000000000, 8.673617379884079600E-015 ) );
#5891=LINE ( 'NONE', #1820, #9799 );
#5892=EDGE_LOOP ( 'NONE', ( #6620, #13306, #9629, #5142 ) );
#5893=DIRECTION ( 'NONE',  ( -5.899716722051343000E-035, 0.0000000000000000000, 1.000000000000000000 ) );
#5894=LINE ( 'NONE', #10788, #22 );
#5895=PLANE ( 'NONE',  #6175 );
#5896=LINE ( 'NONE', #3181, #52 );
#5897=EDGE_LOOP ( 'NONE', ( #327, #9118, #14559, #149 ) );
#5898=AXIS2_PLACEMENT_3D ( 'NONE', #5510, #2167, #11350 );
#5899=ADVANCED_FACE ( 'NONE', ( #3213 ), #12675, .F. );
#5900=ORIENTED_EDGE ( 'NONE', *, *, #13184, .T. );
#5901=CARTESIAN_POINT ( 'NONE',  ( -3.399999999999998600, 0.0000000000000000000, -1.800000000000001400 ) );
#5902=VERTEX_POINT ( 'NONE', #8518 );
#5903=EDGE_CURVE ( 'NONE', #2601, #12918, #8039, .T. );
#5904=EDGE_CURVE ( 'NONE', #10965, #4081, #14083, .T. );
#5905=CARTESIAN_POINT ( 'NONE',  ( -1.799999999999997800, 0.7999999999999997100, -5.349999999999997900 ) );
#5906=VERTEX_POINT ( 'NONE', #8567 );
#5907=CARTESIAN_POINT ( 'NONE',  ( 0.0000000000000000000, 3.388131789017201400E-018, 0.0000000000000000000 ) );
#5908=MANIFOLD_SOLID_BREP ( 'Pin 9', #3835 );
#5909=ORIENTED_EDGE ( 'NONE', *, *, #1867, .T. );
#5910=CARTESIAN_POINT ( 'NONE',  ( -6.299999999999990100, 0.0000000000000000000, -0.7000000000000022900 ) );
#5911=AXIS2_PLACEMENT_3D ( 'NONE', #727, #6258, #7445 );
#5912=FACE_OUTER_BOUND ( 'NONE', #10063, .T. );
#5913=LINE ( 'NONE', #5450, #22 );
#5914=LINE ( 'NONE', #1760, #12286 );
#5915=ORIENTED_EDGE ( 'NONE', *, *, #11834, .T. );
#5916=EDGE_CURVE ( 'NONE', #351, #10790, #6067, .T. );
#5917=DIRECTION ( 'NONE',  ( -1.000000000000000000, 0.0000000000000000000, 2.710505431213795100E-016 ) );
#5918=ORIENTED_EDGE ( 'NONE', *, *, #4202, .F. );
#5919=EDGE_CURVE ( 'NONE', #5246, #6747, #12587, .T. );
#5920=ADVANCED_FACE ( 'NONE', ( #13044 ), #11567, .F. );
#5921=EDGE_LOOP ( 'NONE', ( #13112, #8175, #11707, #7381 ) );
#5922=EDGE_CURVE ( 'NONE', #2859, #5664, #11786, .T. );
#5923=AXIS2_PLACEMENT_3D ( 'NONE', #67, #88, #3937 );
#5924=LINE ( 'NONE', #4778, #8411 );
#5925=LINE ( 'NONE', #2477, #2545 );
#5926=VERTEX_POINT ( 'NONE', #662 );
#5927=CARTESIAN_POINT ( 'NONE',  ( -6.299999999999951900, 0.0000000000000000000, 4.899999999999993200 ) );
#5928=LINE ( 'NONE', #782, #96 );
#5929=AXIS2_PLACEMENT_3D ( 'NONE', #625, #8113, #5797 );
#5930=ORIENTED_EDGE ( 'NONE', *, *, #6821, .T. );
#5931=CARTESIAN_POINT ( 'NONE',  ( -4.599999999999990800, -3.388131789017201400E-018, -2.599999999999984100 ) );
#5932=ORIENTED_EDGE ( 'NONE', *, *, #9121, .T. );
#5933=VERTEX_POINT ( 'NONE', #5113 );
#5934=ADVANCED_FACE ( 'NONE', ( #13345 ), #8473, .F. );
#5935=CARTESIAN_POINT ( 'NONE',  ( 5.500000000000029300, -3.388131789017201400E-018, -0.2999999999999990500 ) );
#5936=ADVANCED_FACE ( 'NONE', ( #8377 ), #12933, .T. );
#5937=LINE ( 'NONE', #2334, #124 );
#5938=DIRECTION ( 'NONE',  ( -1.000000000000000000, 0.0000000000000000000, -1.829591166069420900E-015 ) );
#5939=ORIENTED_EDGE ( 'NONE', *, *, #451, .F. );
#5940=EDGE_CURVE ( 'NONE', #5604, #8475, #5320, .T. );
#5941=VERTEX_POINT ( 'NONE', #9046 );
#5942=VECTOR ( 'NONE', #2345, 1000.000000000000000 );
#5943=EDGE_CURVE ( 'NONE', #14562, #5306, #1052, .T. );
#5944=ORIENTED_EDGE ( 'NONE', *, *, #6073, .F. );
#5945=CARTESIAN_POINT ( 'NONE',  ( -6.299999999999990100, 0.05000000000000007900, -0.7000000000000022900 ) );
#5946=CARTESIAN_POINT ( 'NONE',  ( -5.500000000000007100, 0.05000000000000005100, 0.5000000000000015500 ) );
#5947=EDGE_LOOP ( 'NONE', ( #14658, #10366, #4067, #8530, #11941, #14243 ) );
#5948=DIRECTION ( 'NONE',  ( -1.000000000000000000, 1.232595164407830900E-032, -2.168404344971106700E-015 ) );
#5949=LINE ( 'NONE', #1953, #666 );
#5950=EDGE_LOOP ( 'NONE', ( #6831, #9601, #13688, #13537 ) );
#5951=ADVANCED_FACE ( 'NONE', ( #2375 ), #98, .T. );
#5952=ORIENTED_EDGE ( 'NONE', *, *, #6073, .T. );
#5953=EDGE_CURVE ( 'NONE', #1053, #832, #13490, .T. );
#5954=CARTESIAN_POINT ( 'NONE',  ( -2.199999999999986900, 0.0000000000000000000, -1.799999999999999600 ) );
#5955=ORIENTED_EDGE ( 'NONE', *, *, #11363, .T. );
#5956=ORIENTED_EDGE ( 'NONE', *, *, #10357, .T. );
#5957=VERTEX_POINT ( 'NONE', #5359 );
#5958=EDGE_LOOP ( 'NONE', ( #12860, #8587, #13587, #12231 ) );
#5959=EDGE_LOOP ( 'NONE', ( #7035, #10184, #9879, #8099 ) );
#5960=ORIENTED_EDGE ( 'NONE', *, *, #6488, .F. );
#5961=LINE ( 'NONE', #7791, #1362 );
#5962=AXIS2_PLACEMENT_3D ( 'NONE', #2611, #23, #128 );
#5963=LINE ( 'NONE', #3072, #22 );
#5964=VERTEX_POINT ( 'NONE', #387 );
#5965=ORIENTED_EDGE ( 'NONE', *, *, #3043, .T. );
#5966=ADVANCED_FACE ( 'NONE', ( #4958 ), #4190, .F. );
#5967=EDGE_LOOP ( 'NONE', ( #4083, #9305, #1361, #8235 ) );
#5968=AXIS2_PLACEMENT_3D ( 'NONE', #1121, #391, #4885 );
#5969=DIRECTION ( 'NONE',  ( 6.376095092762952700E-035, 0.0000000000000000000, -1.000000000000000000 ) );
#5970=ORIENTED_EDGE ( 'NONE', *, *, #10428, .T. );
#5971=ORIENTED_EDGE ( 'NONE', *, *, #957, .F. );
#5972=ORIENTED_EDGE ( 'NONE', *, *, #10674, .F. );
#5973=FACE_OUTER_BOUND ( 'NONE', #3561, .T. );
#5974=ORIENTED_EDGE ( 'NONE', *, *, #12154, .F. );
#5975=EDGE_CURVE ( 'NONE', #14473, #4586, #10841, .T. );
#5976=LINE ( 'NONE', #3823, #6981 );
#5977=ORIENTED_EDGE ( 'NONE', *, *, #692, .F. );
#5978=AXIS2_PLACEMENT_3D ( 'NONE', #268, #10905, #1483 );
#5979=CARTESIAN_POINT ( 'NONE',  ( -5.824999999999999300, 2.300000000000006900, 7.430000000000001500 ) );
#5980=CARTESIAN_POINT ( 'NONE',  ( 0.0000000000000000000, 0.04999999999999902400, 0.0000000000000000000 ) );
#5981=CARTESIAN_POINT ( 'NONE',  ( -1.250000000000000200, 0.05000000000000007900, 1.974999999999998500 ) );
#5982=VERTEX_POINT ( 'NONE', #2638 );
#5983=EDGE_CURVE ( 'NONE', #1997, #4413, #1492, .T. );
#5984=FACE_OUTER_BOUND ( 'NONE', #10536, .T. );
#5985=EDGE_CURVE ( 'NONE', #4459, #6191, #12734, .T. );
#5986=ORIENTED_EDGE ( 'NONE', *, *, #988, .T. );
#5987=EDGE_LOOP ( 'NONE', ( #7884, #13727, #13907, #8959 ) );
#5988=LINE ( 'NONE', #3068, #52 );
#5989=FACE_OUTER_BOUND ( 'NONE', #5609, .T. );
#5990=CARTESIAN_POINT ( 'NONE',  ( -5.500000000000007100, 0.05000000000000007900, 4.099999999999989900 ) );
#5991=EDGE_LOOP ( 'NONE', ( #3375, #8941, #10229, #155 ) );
#5992=VERTEX_POINT ( 'NONE', #5261 );
#5993=EDGE_CURVE ( 'NONE', #1729, #10967, #3591, .T. );
#5994=EDGE_LOOP ( 'NONE', ( #9630, #46, #2547, #1376 ) );
#5995=ORIENTED_EDGE ( 'NONE', *, *, #9289, .F. );
#5996=EDGE_CURVE ( 'NONE', #4760, #6768, #13655, .T. );
#5997=LINE ( 'NONE', #2089, #52 );
#5998=DIRECTION ( 'NONE',  ( -1.000000000000000000, 0.0000000000000000000, -2.168404344971106700E-015 ) );
#5999=ORIENTED_EDGE ( 'NONE', *, *, #571, .F. );
#6000=VERTEX_POINT ( 'NONE', #946 );
#6001=VECTOR ( 'NONE', #5093, 1000.000000000000000 );
#6002=VECTOR ( 'NONE', #11716, 1000.000000000000000 );
#6003=ORIENTED_EDGE ( 'NONE', *, *, #14144, .T. );
#6004=LINE ( 'NONE', #7302, #6201 );
#6005=DIRECTION ( 'NONE',  ( 7.804049169039133800E-036, 0.0000000000000000000, -1.000000000000000000 ) );
#6006=EDGE_CURVE ( 'NONE', #4731, #11063, #9407, .T. );
#6007=ADVANCED_FACE ( 'NONE', ( #4565 ), #2793, .F. );
#6008=AXIS2_PLACEMENT_3D ( 'NONE', #413, #128, #711 );
#6009=LINE ( 'NONE', #86, #10786 );
#6010=ORIENTED_EDGE ( 'NONE', *, *, #9507, .F. );
#6011=ORIENTED_EDGE ( 'NONE', *, *, #8825, .F. );
#6012=VERTEX_POINT ( 'NONE', #800 );
#6013=DIRECTION ( 'NONE',  ( -5.529431079676190600E-014, 0.0000000000000000000, -1.000000000000000000 ) );
#6014=EDGE_LOOP ( 'NONE', ( #1355, #4113, #4041, #7405 ) );
#6015=DIRECTION ( 'NONE',  ( 1.000000000000000000, -0.0000000000000000000, 4.210554863359292500E-036 ) );
#6016=LINE ( 'NONE', #3167, #52 );
#6017=VERTEX_POINT ( 'NONE', #12093 );
#6018=EDGE_CURVE ( 'NONE', #2284, #11874, #6811, .T. );
#6019=LINE ( 'NONE', #491, #2812 );
#6020=EDGE_CURVE ( 'NONE', #7478, #8759, #11172, .T. );
#6021=LINE ( 'NONE', #8805, #186 );
#6022=LINE ( 'NONE', #1121, #52 );
#6023=EDGE_LOOP ( 'NONE', ( #1757, #11576, #2122, #5419 ) );
#6024=ORIENTED_EDGE ( 'NONE', *, *, #4193, .F. );
#6025=MECHANICAL_DESIGN_GEOMETRIC_PRESENTATION_REPRESENTATION (  '', ( #8131 ), #6610 );
#6026=ADVANCED_FACE ( 'NONE', ( #11336 ), #6817, .F. );
#6027=ORIENTED_EDGE ( 'NONE', *, *, #13121, .F. );
#6028=EDGE_LOOP ( 'NONE', ( #5819, #4742, #4369, #2304 ) );
#6029=EDGE_CURVE ( 'NONE', #42, #4416, #9056, .T. );
#6030=DIRECTION ( 'NONE',  ( -1.000000000000000000, 0.0000000000000000000, 7.047314121156525100E-015 ) );
#6031=LINE ( 'NONE', #3533, #95 );
#6032=CARTESIAN_POINT ( 'NONE',  ( -2.600000000000000500, -3.388131789017201400E-018, -2.600000000000024100 ) );
#6033=FACE_OUTER_BOUND ( 'NONE', #7447, .T. );
#6034=PLANE ( 'NONE',  #8527 );
#6035=ORIENTED_EDGE ( 'NONE', *, *, #3787, .F. );
#6036=PLANE ( 'NONE',  #2906 );
#6037=FACE_BOUND ( 'NONE', #9633, .T. );
#6038=VECTOR ( 'NONE', #4371, 1000.000000000000000 );
#6039=EDGE_LOOP ( 'NONE', ( #10395, #14413, #1390, #12662 ) );
#6040=VERTEX_POINT ( 'NONE', #5270 );
#6041=ORIENTED_EDGE ( 'NONE', *, *, #6409, .F. );
#6042=CARTESIAN_POINT ( 'NONE',  ( 5.500000000000030200, 0.05000000000000007900, 0.1000000000000028600 ) );
#6043=VERTEX_POINT ( 'NONE', #960 );
#6044=ADVANCED_FACE ( 'NONE', ( #1279 ), #8943, .F. );
#6045=EDGE_CURVE ( 'NONE', #6747, #12407, #9223, .T. );
#6046=CARTESIAN_POINT ( 'NONE',  ( 6.299999999999971400, 0.05000000000000007900, 3.299999999999988300 ) );
#6047=CLOSED_SHELL ( 'NONE', ( #9172, #2431, #13311, #706, #14538, #8045 ) );
#6048=VERTEX_POINT ( 'NONE', #8977 );
#6049=ORIENTED_EDGE ( 'NONE', *, *, #8193, .F. );
#6050=EDGE_CURVE ( 'NONE', #10458, #6242, #13775, .T. );
#6051=ORIENTED_EDGE ( 'NONE', *, *, #10871, .T. );
#6052=AXIS2_PLACEMENT_3D ( 'NONE', #1249, #2941, #1781 );
#6053=FACE_OUTER_BOUND ( 'NONE', #4104, .T. );
#6054=LINE ( 'NONE', #239, #7955 );
#6055=ORIENTED_EDGE ( 'NONE', *, *, #10080, .T. );
#6056=AXIS2_PLACEMENT_3D ( 'NONE', #132, #11947, #5179 );
#6057=CLOSED_SHELL ( 'NONE', ( #5383, #11366, #6783, #11428, #3741, #479 ) );
#6058=DIRECTION ( 'NONE',  ( -1.000000000000000000, 0.0000000000000000000, 2.168404344971003300E-015 ) );
#6059=FACE_OUTER_BOUND ( 'NONE', #2270, .T. );
#6060=ORIENTED_EDGE ( 'NONE', *, *, #6367, .T. );
#6061=AXIS2_PLACEMENT_3D ( 'NONE', #3068, #93, #18 );
#6062=ORIENTED_EDGE ( 'NONE', *, *, #844, .F. );
#6063=ORIENTED_EDGE ( 'NONE', *, *, #1199, .F. );
#6064=EDGE_CURVE ( 'NONE', #9472, #6788, #8710, .T. );
#6065=LINE ( 'NONE', #1510, #8056 );
#6066=ORIENTED_EDGE ( 'NONE', *, *, #13978, .F. );
#6067=LINE ( 'NONE', #3198, #2626 );
#6068=ORIENTED_EDGE ( 'NONE', *, *, #14380, .F. );
#6069=ORIENTED_EDGE ( 'NONE', *, *, #1518, .T. );
#6070=DIRECTION ( 'NONE',  ( -1.000000000000000000, 0.0000000000000000000, 1.846881838814537600E-035 ) );
#6071=STYLED_ITEM ( 'NONE', ( #853 ), #5409 );
#6072=LINE ( 'NONE', #968, #334 );
#6073=EDGE_CURVE ( 'NONE', #13639, #10125, #5672, .T. );
#6074=ORIENTED_EDGE ( 'NONE', *, *, #9021, .T. );
#6075=LINE ( 'NONE', #8407, #1901 );
#6076=CLOSED_SHELL ( 'NONE', ( #6493, #14282, #11209, #14175, #8132, #10713 ) );
#6077=LINE ( 'NONE', #2216, #2783 );
#6078=ORIENTED_EDGE ( 'NONE', *, *, #6700, .F. );
#6079=ADVANCED_FACE ( 'NONE', ( #11626 ), #9238, .F. );
#6080=AXIS2_PLACEMENT_3D ( 'NONE', #2089, #18, #511 );
#6081=VERTEX_POINT ( 'NONE', #1357 );
#6082=EDGE_CURVE ( 'NONE', #7338, #10595, #6791, .T. );
#6083=CARTESIAN_POINT ( 'NONE',  ( 1.400000000000013200, 0.0000000000000000000, 8.000000000000000000 ) );
#6084=EDGE_CURVE ( 'NONE', #3473, #8815, #5133, .T. );
#6085=EDGE_LOOP ( 'NONE', ( #7878, #4776, #8576, #834 ) );
#6086=CARTESIAN_POINT ( 'NONE',  ( -2.100000000000000100, 0.0000000000000000000, -1.734723475976807100E-015 ) );
#6087=LINE ( 'NONE', #8768, #52 );
#6088=AXIS2_PLACEMENT_3D ( 'NONE', #4890, #5012, #9821 );
#6089=LINE ( 'NONE', #1481, #186 );
#6090=ORIENTED_EDGE ( 'NONE', *, *, #9993, .F. );
#6091=LINE ( 'NONE', #2993, #52 );
#6092=CARTESIAN_POINT ( 'NONE',  ( 5.500000000000028400, 0.05000000000000007900, 1.700000000000008400 ) );
#6093=LINE ( 'NONE', #3245, #22 );
#6094=ORIENTED_EDGE ( 'NONE', *, *, #8362, .F. );
#6095=EDGE_CURVE ( 'NONE', #3257, #281, #10680, .T. );
#6096=DIRECTION ( 'NONE',  ( -5.220124945131697200E-036, 0.0000000000000000000, 1.000000000000000000 ) );
#6097=ORIENTED_EDGE ( 'NONE', *, *, #14029, .T. );
#6098=ORIENTED_EDGE ( 'NONE', *, *, #5536, .F. );
#6099=EDGE_CURVE ( 'NONE', #10790, #12441, #14647, .T. );
#6100=ADVANCED_FACE ( 'NONE', ( #12262 ), #7860, .F. );
#6101=AXIS2_PLACEMENT_3D ( 'NONE', #1971, #93, #18 );
#6102=AXIS2_PLACEMENT_3D ( 'NONE', #314, #391, #4885 );
#6103=ORIENTED_EDGE ( 'NONE', *, *, #6722, .T. );
#6104=LINE ( 'NONE', #796, #1206 );
#6105=FACE_OUTER_BOUND ( 'NONE', #428, .T. );
#6106=FACE_OUTER_BOUND ( 'NONE', #11909, .T. );
#6107=VERTEX_POINT ( 'NONE', #533 );
#6108=EDGE_CURVE ( 'NONE', #11035, #12519, #3576, .T. );
#6109=FACE_OUTER_BOUND ( 'NONE', #5064, .T. );
#6110=CARTESIAN_POINT ( 'NONE',  ( 5.824999999999999300, 2.299999999999999800, 7.430000000000001500 ) );
#6111=EDGE_CURVE ( 'NONE', #9649, #3559, #9564, .T. );
#6112=FACE_OUTER_BOUND ( 'NONE', #10579, .T. );
#6113=VERTEX_POINT ( 'NONE', #113 );
#6114=VERTEX_POINT ( 'NONE', #5832 );
#6115=EDGE_LOOP ( 'NONE', ( #6919, #13271, #2125, #2910 ) );
#6116=EDGE_CURVE ( 'NONE', #2209, #2088, #2566, .T. );
#6117=ADVANCED_FACE ( 'NONE', ( #13934 ), #30, .T. );
#6118=AXIS2_PLACEMENT_3D ( 'NONE', #4527, #11926, #2090 );
#6119=DIRECTION ( 'NONE',  ( -1.000000000000000000, 0.0000000000000000000, -4.878909776184620900E-015 ) );
#6120=DIRECTION ( 'NONE',  ( 1.000000000000000000, 0.0000000000000000000, -5.911569487279513800E-035 ) );
#6121=VECTOR ( 'NONE', #1318, 1000.000000000000000 );
#6122=LINE ( 'NONE', #3193, #121 );
#6123=ORIENTED_EDGE ( 'NONE', *, *, #2118, .T. );
#6124=LINE ( 'NONE', #2706, #95 );
#6125=EDGE_LOOP ( 'NONE', ( #9757, #10380, #14284, #5883 ) );
#6126=DIRECTION ( 'NONE',  ( 1.000000000000000000, 0.0000000000000000000, -1.084202172485537000E-015 ) );
#6127=MECHANICAL_DESIGN_GEOMETRIC_PRESENTATION_REPRESENTATION (  '', ( #4521 ), #3378 );
#6128=EDGE_LOOP ( 'NONE', ( #1623, #6542, #10721, #1143 ) );
#6129=VERTEX_POINT ( 'NONE', #4572 );
#6130=DIRECTION ( 'NONE',  ( -5.220124945131697200E-036, 0.0000000000000000000, -1.000000000000000000 ) );
#6131=EDGE_LOOP ( 'NONE', ( #13707, #3485, #8842, #189 ) );
#6132=EDGE_LOOP ( 'NONE', ( #4213, #6731, #13930, #2863, #12157 ) );
#6133=FACE_OUTER_BOUND ( 'NONE', #10452, .T. );
#6134=ADVANCED_FACE ( 'NONE', ( #12424 ), #9175, .T. );
#6135=ORIENTED_EDGE ( 'NONE', *, *, #705, .T. );
#6136=EDGE_CURVE ( 'NONE', #5825, #3166, #13835, .T. );
#6137=AXIS2_PLACEMENT_3D ( 'NONE', #1852, #18, #511 );
#6138=CARTESIAN_POINT ( 'NONE',  ( -5.500000000000007100, 3.388131789017201400E-018, 0.5000000000000015500 ) );
#6139=EDGE_LOOP ( 'NONE', ( #14174, #7458, #3308, #5313 ) );
#6140=PRESENTATION_LAYER_ASSIGNMENT (  '', '', ( #4537 ) );
#6141=EDGE_LOOP ( 'NONE', ( #10796, #7452, #9551, #11549 ) );
#6142=ORIENTED_EDGE ( 'NONE', *, *, #7425, .F. );
#6143=ORIENTED_EDGE ( 'NONE', *, *, #950, .F. );
#6144=CARTESIAN_POINT ( 'NONE',  ( -4.199999999999998400, 0.05000000000000005100, -1.800000000000001400 ) );
#6145=ORIENTED_EDGE ( 'NONE', *, *, #13755, .T. );
#6146=ORIENTED_EDGE ( 'NONE', *, *, #1670, .T. );
#6147=CARTESIAN_POINT ( 'NONE',  ( -1.799999999999997600, 0.05000000000000000300, -7.900000000000000400 ) );
#6148=AXIS2_PLACEMENT_3D ( 'NONE', #1590, #4553, #5565 );
#6149=LINE ( 'NONE', #3693, #429 );
#6150=ORIENTED_EDGE ( 'NONE', *, *, #9627, .T. );
#6151=CARTESIAN_POINT ( 'NONE',  ( -4.599999999999991700, 0.05000000000000005100, 7.999999999999977800 ) );
#6152=LINE ( 'NONE', #4560, #350 );
#6153=CARTESIAN_POINT ( 'NONE',  ( 4.600000000000012100, 0.0000000000000000000, 7.199999999999995700 ) );
#6154=DIRECTION ( 'NONE',  ( 1.000000000000000000, 0.0000000000000000000, 7.139770381379879400E-036 ) );
#6155=PLANE ( 'NONE',  #2211 );
#6156=FACE_OUTER_BOUND ( 'NONE', #1897, .T. );
#6157=EDGE_CURVE ( 'NONE', #3715, #12419, #3176, .T. );
#6158=PLANE ( 'NONE',  #12135 );
#6159=EDGE_LOOP ( 'NONE', ( #12167, #5057, #4857, #2680 ) );
#6160=ADVANCED_FACE ( 'NONE', ( #7866 ), #2026, .T. );
#6161=DIRECTION ( 'NONE',  ( 1.000000000000000000, -0.0000000000000000000, 5.899716722050667400E-035 ) );
#6162=ORIENTED_EDGE ( 'NONE', *, *, #726, .F. );
#6163=DIRECTION ( 'NONE',  ( -2.168404344971005700E-015, 0.0000000000000000000, 1.000000000000000000 ) );
#6164=PLANE ( 'NONE',  #5747 );
#6165=ORIENTED_EDGE ( 'NONE', *, *, #12564, .T. );
#6166=PLANE ( 'NONE',  #9733 );
#6167=ORIENTED_EDGE ( 'NONE', *, *, #1391, .T. );
#6168=ORIENTED_EDGE ( 'NONE', *, *, #8803, .T. );
#6169=LINE ( 'NONE', #5377, #2514 );
#6170=ORIENTED_EDGE ( 'NONE', *, *, #422, .T. );
#6171=EDGE_CURVE ( 'NONE', #2077, #5840, #2160, .T. );
#6172=LINE ( 'NONE', #5724, #718 );
#6173=CARTESIAN_POINT ( 'NONE',  ( -5.599999999999997000, 0.05000000000000007900, 7.299999999999998000 ) );
#6174=EDGE_LOOP ( 'NONE', ( #4069, #13325, #13483, #9439 ) );
#6175=AXIS2_PLACEMENT_3D ( 'NONE', #5496, #23, #128 );
#6176=EDGE_CURVE ( 'NONE', #6774, #7423, #13643, .T. );
#6177=ORIENTED_EDGE ( 'NONE', *, *, #10675, .F. );
#6178=ORIENTED_EDGE ( 'NONE', *, *, #3109, .F. );
#6179=ADVANCED_FACE ( 'NONE', ( #10998 ), #12305, .F. );
#6180=DIRECTION ( 'NONE',  ( -1.000000000000000000, 0.0000000000000000000, -6.376095092762952700E-035 ) );
#6181=FACE_OUTER_BOUND ( 'NONE', #7070, .T. );
#6182=EDGE_CURVE ( 'NONE', #10988, #8070, #6614, .T. );
#6183=CARTESIAN_POINT ( 'NONE',  ( -2.700000000000000600, 0.05000000000000005100, 5.399999999999998600 ) );
#6184=EDGE_LOOP ( 'NONE', ( #5577, #3783, #8079, #11856 ) );
#6185=ORIENTED_EDGE ( 'NONE', *, *, #12442, .T. );
#6186=PLANE ( 'NONE',  #6745 );
#6187=AXIS2_PLACEMENT_3D ( 'NONE', #4717, #2206, #642 );
#6188=FACE_OUTER_BOUND ( 'NONE', #6085, .T. );
#6189=EDGE_LOOP ( 'NONE', ( #7569, #6219, #1464, #11013 ) );
#6190=EDGE_CURVE ( 'NONE', #13549, #8759, #8534, .T. );
#6191=VERTEX_POINT ( 'NONE', #3298 );
#6192=ORIENTED_EDGE ( 'NONE', *, *, #1890, .F. );
#6193=VERTEX_POINT ( 'NONE', #1338 );
#6194=EDGE_CURVE ( 'NONE', #9293, #13619, #3393, .T. );
#6195=ORIENTED_EDGE ( 'NONE', *, *, #1058, .T. );
#6196=AXIS2_PLACEMENT_3D ( 'NONE', #9943, #8339, #9487 );
#6197=EDGE_LOOP ( 'NONE', ( #5454, #4016, #900, #10008 ) );
#6198=ADVANCED_FACE ( 'NONE', ( #2359 ), #10097, .F. );
#6199=AXIS2_PLACEMENT_3D ( 'NONE', #11136, #14422, #2319 );
#6200=ORIENTED_EDGE ( 'NONE', *, *, #11850, .T. );
#6201=VECTOR ( 'NONE', #2460, 1000.000000000000000 );
#6202=EDGE_CURVE ( 'NONE', #11134, #5708, #6984, .T. );
#6203=ORIENTED_EDGE ( 'NONE', *, *, #6335, .F. );
#6204=EDGE_CURVE ( 'NONE', #4199, #1655, #4759, .T. );
#6205=EDGE_LOOP ( 'NONE', ( #7685, #8466, #2981, #3851 ) );
#6206=ORIENTED_EDGE ( 'NONE', *, *, #14745, .T. );
#6207=LINE ( 'NONE', #581, #1362 );
#6208=EDGE_CURVE ( 'NONE', #4233, #7286, #13333, .T. );
#6209=AXIS2_PLACEMENT_3D ( 'NONE', #1678, #5537, #3439 );
#6210=LINE ( 'NONE', #5832, #4712 );
#6211=ORIENTED_EDGE ( 'NONE', *, *, #59, .T. );
#6212=FACE_OUTER_BOUND ( 'NONE', #5867, .T. );
#6213=PLANE ( 'NONE',  #7250 );
#6214=DIRECTION ( 'NONE',  ( 1.000000000000000000, 0.0000000000000000000, 3.221629312528483700E-014 ) );
#6215=ADVANCED_FACE ( 'NONE', ( #9890 ), #3351, .T. );
#6216=LINE ( 'NONE', #1113, #591 );
#6217=FACE_OUTER_BOUND ( 'NONE', #3025, .T. );
#6218=ORIENTED_EDGE ( 'NONE', *, *, #7837, .F. );
#6219=ORIENTED_EDGE ( 'NONE', *, *, #460, .F. );
#6220=EDGE_LOOP ( 'NONE', ( #5865, #8605, #7834, #2321 ) );
#6221=ORIENTED_EDGE ( 'NONE', *, *, #5669, .T. );
#6222=EDGE_CURVE ( 'NONE', #538, #10386, #3775, .T. );
#6223=ORIENTED_EDGE ( 'NONE', *, *, #13246, .F. );
#6224=LINE ( 'NONE', #4831, #7499 );
#6225=ORIENTED_EDGE ( 'NONE', *, *, #1406, .T. );
#6226=EDGE_CURVE ( 'NONE', #7127, #11035, #10368, .T. );
#6227=PRESENTATION_LAYER_ASSIGNMENT (  '', '', ( #9153 ) );
#6228=FACE_BOUND ( 'NONE', #5107, .T. );
#6229=LINE ( 'NONE', #8637, #186 );
#6230=ORIENTED_EDGE ( 'NONE', *, *, #11404, .F. );
#6231=ORIENTED_EDGE ( 'NONE', *, *, #7921, .F. );
#6232=EDGE_CURVE ( 'NONE', #4314, #13251, #12721, .T. );
#6233=ORIENTED_EDGE ( 'NONE', *, *, #11506, .F. );
#6234=ADVANCED_FACE ( 'NONE', ( #1721 ), #9022, .T. );
#6235=DIRECTION ( 'NONE',  ( -1.000000000000000000, 0.0000000000000000000, -5.981805089575197800E-015 ) );
#6236=LINE ( 'NONE', #2092, #6121 );
#6237=ORIENTED_EDGE ( 'NONE', *, *, #181, .T. );
#6238=CARTESIAN_POINT ( 'NONE',  ( -2.700000000000000600, 0.05000000000000007900, 3.949999999999998800 ) );
#6239=VERTEX_POINT ( 'NONE', #437 );
#6240=ORIENTED_EDGE ( 'NONE', *, *, #13021, .T. );
#6241=LINE ( 'NONE', #2285, #366 );
#6242=VERTEX_POINT ( 'NONE', #2324 );
#6243=LINE ( 'NONE', #815, #718 );
#6244=ORIENTED_EDGE ( 'NONE', *, *, #8134, .F. );
#6245=ORIENTED_EDGE ( 'NONE', *, *, #11974, .T. );
#6246=ORIENTED_EDGE ( 'NONE', *, *, #5002, .T. );
#6247=EDGE_CURVE ( 'NONE', #5653, #4704, #7171, .T. );
#6248=ORIENTED_EDGE ( 'NONE', *, *, #7822, .F. );
#6249=EDGE_CURVE ( 'NONE', #13639, #9389, #7849, .T. );
#6250=ORIENTED_EDGE ( 'NONE', *, *, #5544, .T. );
#6251=ADVANCED_FACE ( 'NONE', ( #7350 ), #10314, .F. );
#6252=CARTESIAN_POINT ( 'NONE',  ( -4.474999999999999600, 0.7999999999999999300, 6.299999999999999800 ) );
#6253=ORIENTED_EDGE ( 'NONE', *, *, #1865, .F. );
#6254=PLANE ( 'NONE',  #11368 );
#6255=ORIENTED_EDGE ( 'NONE', *, *, #133, .T. );
#6256=ORIENTED_EDGE ( 'NONE', *, *, #8876, .T. );
#6257=ORIENTED_EDGE ( 'NONE', *, *, #6064, .F. );
#6258=DIRECTION ( 'NONE',  ( 5.204170427930588500E-014, -0.0000000000000000000, 1.000000000000000000 ) );
#6259=VERTEX_POINT ( 'NONE', #9336 );
#6260=EDGE_CURVE ( 'NONE', #10967, #1030, #4943, .T. );
#6261=FACE_OUTER_BOUND ( 'NONE', #12142, .T. );
#6262=ADVANCED_FACE ( 'NONE', ( #2964 ), #12395, .T. );
#6263=ORIENTED_EDGE ( 'NONE', *, *, #13854, .T. );
#6264=LINE ( 'NONE', #1298, #423 );
#6265=LINE ( 'NONE', #1516, #52 );
#6266=PLANE ( 'NONE',  #6326 );
#6267=CARTESIAN_POINT ( 'NONE',  ( -5.974999999999999600, 2.299999999999999800, 7.429999999999999700 ) );
#6268=ORIENTED_EDGE ( 'NONE', *, *, #7132, .F. );
#6269=( GEOMETRIC_REPRESENTATION_CONTEXT ( 3 ) GLOBAL_UNCERTAINTY_ASSIGNED_CONTEXT ( ( #221 ) ) GLOBAL_UNIT_ASSIGNED_CONTEXT ( ( #324, #94, #251 ) ) REPRESENTATION_CONTEXT ( 'NONE', 'WORKASPACE' ) );
#6270=EDGE_LOOP ( 'NONE', ( #11169, #1468, #7947, #7241 ) );
#6271=EDGE_CURVE ( 'NONE', #11826, #25, #1933, .T. );
#6272=EDGE_CURVE ( 'NONE', #5840, #13829, #5864, .T. );
#6273=PLANE ( 'NONE',  #8334 );
#6274=ORIENTED_EDGE ( 'NONE', *, *, #8428, .T. );
#6275=LINE ( 'NONE', #1175, #52 );
#6276=FACE_OUTER_BOUND ( 'NONE', #13765, .T. );
#6277=ORIENTED_EDGE ( 'NONE', *, *, #4808, .T. );
#6278=FACE_OUTER_BOUND ( 'NONE', #6174, .T. );
#6279=ORIENTED_EDGE ( 'NONE', *, *, #5729, .T. );
#6280=ADVANCED_FACE ( 'NONE', ( #6601 ), #8261, .T. );
#6281=EDGE_CURVE ( 'NONE', #7896, #6539, #11614, .T. );
#6282=ORIENTED_EDGE ( 'NONE', *, *, #6787, .T. );
#6283=EDGE_CURVE ( 'NONE', #2459, #14524, #14212, .T. );
#6284=PLANE ( 'NONE',  #4832 );
#6285=CARTESIAN_POINT ( 'NONE',  ( 5.725000000000000500, 2.549999999999999800, 7.430000000000001500 ) );
#6286=DIRECTION ( 'NONE',  ( 1.000000000000000000, 0.0000000000000000000, -4.336808689941885200E-015 ) );
#6287=AXIS2_PLACEMENT_3D ( 'NONE', #1920, #3063, #10168 );
#6288=VERTEX_POINT ( 'NONE', #4188 );
#6289=EDGE_CURVE ( 'NONE', #9556, #2085, #4547, .T. );
#6290=STYLED_ITEM ( 'NONE', ( #69 ), #9921 );
#6291=ORIENTED_EDGE ( 'NONE', *, *, #5614, .T. );
#6292=LINE ( 'NONE', #2637, #8439 );
#6293=EDGE_CURVE ( 'NONE', #14067, #1030, #10203, .T. );
#6294=AXIS2_PLACEMENT_3D ( 'NONE', #2687, #1568, #4989 );
#6295=ORIENTED_EDGE ( 'NONE', *, *, #3353, .T. );
#6296=CARTESIAN_POINT ( 'NONE',  ( -0.4499999999999980100, 0.05000000000000000300, -7.900000000000000400 ) );
#6297=ORIENTED_EDGE ( 'NONE', *, *, #11444, .F. );
#6298=LINE ( 'NONE', #727, #9618 );
#6299=ORIENTED_EDGE ( 'NONE', *, *, #918, .T. );
#6300=ADVANCED_FACE ( 'NONE', ( #9207 ), #9446, .T. );
#6301=ORIENTED_EDGE ( 'NONE', *, *, #12520, .T. );
#6302=EDGE_CURVE ( 'NONE', #266, #546, #9550, .T. );
#6303=CARTESIAN_POINT ( 'NONE',  ( -6.299999999999950100, 0.05000000000000005100, 0.09999999999999939500 ) );
#6304=EDGE_CURVE ( 'NONE', #4477, #7232, #14492, .T. );
#6305=DIRECTION ( 'NONE',  ( 4.491258520944112600E-035, 0.0000000000000000000, -1.000000000000000000 ) );
#6306=FACE_OUTER_BOUND ( 'NONE', #4579, .T. );
#6307=LINE ( 'NONE', #782, #4389 );
#6308=VERTEX_POINT ( 'NONE', #91 );
#6309=FACE_OUTER_BOUND ( 'NONE', #11773, .T. );
#6310=EDGE_CURVE ( 'NONE', #6684, #3409, #5859, .T. );
#6311=LINE ( 'NONE', #1971, #95 );
#6312=EDGE_LOOP ( 'NONE', ( #3980, #14053, #4048, #14383 ) );
#6313=CARTESIAN_POINT ( 'NONE',  ( 1.400000000000013200, 0.0000000000000000000, 7.199999999999998400 ) );
#6314=EDGE_CURVE ( 'NONE', #8389, #5132, #10830, .T. );
#6315=ORIENTED_EDGE ( 'NONE', *, *, #11385, .T. );
#6316=VERTEX_POINT ( 'NONE', #3936 );
#6317=CARTESIAN_POINT ( 'NONE',  ( 5.725000000000002300, 0.7999999999999999300, -2.119999999999998800 ) );
#6318=ORIENTED_EDGE ( 'NONE', *, *, #12667, .T. );
#6319=EDGE_LOOP ( 'NONE', ( #6069, #8019, #13923, #8202 ) );
#6320=ORIENTED_EDGE ( 'NONE', *, *, #14122, .T. );
#6321=ORIENTED_EDGE ( 'NONE', *, *, #11112, .T. );
#6322=LINE ( 'NONE', #1451, #119 );
#6323=ADVANCED_FACE ( 'NONE', ( #8026 ), #8583, .F. );
#6324=VECTOR ( 'NONE', #6436, 1000.000000000000000 );
#6325=VERTEX_POINT ( 'NONE', #5677 );
#6326=AXIS2_PLACEMENT_3D ( 'NONE', #3974, #23, #128 );
#6327=DIRECTION ( 'NONE',  ( 5.899716722050667400E-035, 0.0000000000000000000, 1.000000000000000000 ) );
#6328=ORIENTED_EDGE ( 'NONE', *, *, #12221, .T. );
#6329=EDGE_CURVE ( 'NONE', #9844, #11204, #1699, .T. );
#6330=ORIENTED_EDGE ( 'NONE', *, *, #2254, .T. );
#6331=VERTEX_POINT ( 'NONE', #6092 );
#6332=ORIENTED_EDGE ( 'NONE', *, *, #9311, .F. );
#6333=DIRECTION ( 'NONE',  ( -3.252606517456160700E-015, 0.0000000000000000000, -1.000000000000000000 ) );
#6334=VERTEX_POINT ( 'NONE', #2505 );
#6335=EDGE_CURVE ( 'NONE', #12419, #12250, #57, .T. );
#6336=ORIENTED_EDGE ( 'NONE', *, *, #873, .F. );
#6337=FACE_OUTER_BOUND ( 'NONE', #999, .T. );
#6338=AXIS2_PLACEMENT_3D ( 'NONE', #9746, #23, #128 );
#6339=LINE ( 'NONE', #3005, #22 );
#6340=EDGE_LOOP ( 'NONE', ( #7708, #4957, #14486, #4513 ) );
#6341=CARTESIAN_POINT ( 'NONE',  ( -5.500000000000006200, 0.0000000000000000000, -0.3000000000000014300 ) );
#6342=AXIS2_PLACEMENT_3D ( 'NONE', #1012, #93, #18 );
#6343=ADVANCED_FACE ( 'NONE', ( #8864 ), #2422, .F. );
#6344=LINE ( 'NONE', #134, #52 );
#6345=EDGE_LOOP ( 'NONE', ( #11551, #10930, #3472, #13774 ) );
#6346=ORIENTED_EDGE ( 'NONE', *, *, #6380, .F. );
#6347=ORIENTED_EDGE ( 'NONE', *, *, #4002, .T. );
#6348=PLANE ( 'NONE',  #8322 );
#6349=ORIENTED_EDGE ( 'NONE', *, *, #9817, .F. );
#6350=AXIS2_PLACEMENT_3D ( 'NONE', #581, #711, #280 );
#6351=ORIENTED_EDGE ( 'NONE', *, *, #8935, .T. );
#6352=ORIENTED_EDGE ( 'NONE', *, *, #12833, .T. );
#6353=LINE ( 'NONE', #694, #2545 );
#6354=ORIENTED_EDGE ( 'NONE', *, *, #3039, .T. );
#6355=EDGE_CURVE ( 'NONE', #3290, #10010, #10515, .T. );
#6356=LINE ( 'NONE', #2917, #22 );
#6357=LINE ( 'NONE', #2396, #6001 );
#6358=EDGE_LOOP ( 'NONE', ( #9488, #7664, #12782, #4758 ) );
#6359=DIRECTION ( 'NONE',  ( 1.000000000000000000, 0.0000000000000000000, -5.899716722051343000E-035 ) );
#6360=AXIS2_PLACEMENT_3D ( 'NONE', #2895, #4114, #724 );
#6361=ADVANCED_FACE ( 'NONE', ( #12874 ), #13623, .F. );
#6362=ORIENTED_EDGE ( 'NONE', *, *, #697, .F. );
#6363=ORIENTED_EDGE ( 'NONE', *, *, #11406, .F. );
#6364=EDGE_CURVE ( 'NONE', #1057, #3935, #8364, .T. );
#6365=EDGE_LOOP ( 'NONE', ( #1207, #9657, #10524, #2083 ) );
#6366=MANIFOLD_SOLID_BREP ( 'Pin 43', #6666 );
#6367=EDGE_CURVE ( 'NONE', #8815, #738, #11757, .T. );
#6368=PLANE ( 'NONE',  #7572 );
#6369=LINE ( 'NONE', #6598, #119 );
#6370=ORIENTED_EDGE ( 'NONE', *, *, #12184, .F. );
#6371=LINE ( 'NONE', #3047, #591 );
#6372=LINE ( 'NONE', #4132, #10156 );
#6373=CARTESIAN_POINT ( 'NONE',  ( -5.724999999999998800, 2.299999999999999800, -2.020000000000000000 ) );
#6374=LINE ( 'NONE', #2073, #52 );
#6375=PLANE ( 'NONE',  #10911 );
#6376=AXIS2_PLACEMENT_3D ( 'NONE', #6563, #12446, #4992 );
#6377=FACE_OUTER_BOUND ( 'NONE', #13861, .T. );
#6378=EDGE_LOOP ( 'NONE', ( #9690, #9079, #1661, #9902, #2185, #9693, #2399, #10530, #7057, #12605, #8426, #13288, #14167, #12024, #11583, #5325, #11643, #4461, #6681, #8857 ) );
#6379=VERTEX_POINT ( 'NONE', #6173 );
#6380=EDGE_CURVE ( 'NONE', #14146, #704, #6591, .T. );
#6381=ORIENTED_EDGE ( 'NONE', *, *, #1561, .F. );
#6382=PLANE ( 'NONE',  #3854 );
#6383=EDGE_LOOP ( 'NONE', ( #1456, #10811, #4461, #5379 ) );
#6384=ADVANCED_FACE ( 'NONE', ( #13912 ), #13494, .F. );
#6385=LINE ( 'NONE', #1161, #52 );
#6386=VERTEX_POINT ( 'NONE', #4681 );
#6387=CIRCLE ( 'NONE', #10429, 0.2500000000000002200 );
#6388=EDGE_CURVE ( 'NONE', #5306, #14387, #1692, .T. );
#6389=FACE_OUTER_BOUND ( 'NONE', #13567, .T. );
#6390=ORIENTED_EDGE ( 'NONE', *, *, #14440, .T. );
#6391=CARTESIAN_POINT ( 'NONE',  ( 2.999999999999988900, 0.05000000000000007900, 7.199999999999996600 ) );
#6392=ORIENTED_EDGE ( 'NONE', *, *, #12569, .T. );
#6393=AXIS2_PLACEMENT_3D ( 'NONE', #2250, #23, #128 );
#6394=ORIENTED_EDGE ( 'NONE', *, *, #566, .T. );
#6395=DIRECTION ( 'NONE',  ( -3.252606517456159900E-015, -0.0000000000000000000, -1.000000000000000000 ) );
#6396=FACE_OUTER_BOUND ( 'NONE', #13278, .T. );
#6397=ORIENTED_EDGE ( 'NONE', *, *, #13438, .F. );
#6398=ORIENTED_EDGE ( 'NONE', *, *, #6018, .T. );
#6399=EDGE_CURVE ( 'NONE', #1526, #6239, #8512, .T. );
#6400=CARTESIAN_POINT ( 'NONE',  ( 4.600000000000013000, 0.05000000000000007900, -1.799999999999998700 ) );
#6401=EDGE_CURVE ( 'NONE', #4164, #5403, #45, .T. );
#6402=ADVANCED_FACE ( 'NONE', ( #3754 ), #5155, .T. );
#6403=FACE_BOUND ( 'NONE', #7311, .T. );
#6404=LINE ( 'NONE', #1762, #13022 );
#6405=ORIENTED_EDGE ( 'NONE', *, *, #12954, .T. );
#6406=ORIENTED_EDGE ( 'NONE', *, *, #5030, .T. );
#6407=ORIENTED_EDGE ( 'NONE', *, *, #7606, .F. );
#6408=ORIENTED_EDGE ( 'NONE', *, *, #9033, .T. );
#6409=EDGE_CURVE ( 'NONE', #7979, #4031, #11101, .T. );
#6410=ORIENTED_EDGE ( 'NONE', *, *, #2688, .F. );
#6411=STYLED_ITEM ( 'NONE', ( #853 ), #588 );
#6412=ORIENTED_EDGE ( 'NONE', *, *, #4105, .T. );
#6413=ORIENTED_EDGE ( 'NONE', *, *, #6194, .F. );
#6414=ORIENTED_EDGE ( 'NONE', *, *, #7397, .F. );
#6415=FACE_OUTER_BOUND ( 'NONE', #6205, .T. );
#6416=LINE ( 'NONE', #3846, #429 );
#6417=VERTEX_POINT ( 'NONE', #4050 );
#6418=VERTEX_POINT ( 'NONE', #5075 );
#6419=ADVANCED_FACE ( 'NONE', ( #10664 ), #11727, .T. );
#6420=PLANE ( 'NONE',  #13795 );
#6421=EDGE_LOOP ( 'NONE', ( #10497, #6230, #9230, #3311 ) );
#6422=EDGE_CURVE ( 'NONE', #8733, #10692, #14340, .T. );
#6423=FACE_OUTER_BOUND ( 'NONE', #3728, .T. );
#6424=EDGE_LOOP ( 'NONE', ( #8405, #2760, #2518, #2665 ) );
#6425=ORIENTED_EDGE ( 'NONE', *, *, #12632, .F. );
#6426=ORIENTED_EDGE ( 'NONE', *, *, #6605, .T. );
#6427=LINE ( 'NONE', #7178, #52 );
#6428=ORIENTED_EDGE ( 'NONE', *, *, #8414, .T. );
#6429=FACE_OUTER_BOUND ( 'NONE', #1497, .T. );
#6430=DIRECTION ( 'NONE',  ( -1.000000000000000000, 0.0000000000000000000, -2.710505431213862700E-016 ) );
#6431=ORIENTED_EDGE ( 'NONE', *, *, #13340, .T. );
#6432=LINE ( 'NONE', #1046, #156 );
#6433=ORIENTED_EDGE ( 'NONE', *, *, #2264, .T. );
#6434=EDGE_LOOP ( 'NONE', ( #11969, #10274, #6928, #8306 ) );
#6435=ADVANCED_FACE ( 'NONE', ( #13626 ), #14637, .T. );
#6436=DIRECTION ( 'NONE',  ( 1.000000000000000000, -0.0000000000000000000, 6.505213034913715300E-015 ) );
#6437=DIRECTION ( 'NONE',  ( 2.981555974335236200E-015, -3.081487911019577000E-033, 1.000000000000000000 ) );
#6438=FACE_OUTER_BOUND ( 'NONE', #14169, .T. );
#6439=ORIENTED_EDGE ( 'NONE', *, *, #12530, .T. );
#6440=LINE ( 'NONE', #1012, #1901 );
#6441=FACE_OUTER_BOUND ( 'NONE', #9725, .T. );
#6442=VERTEX_POINT ( 'NONE', #7083 );
#6443=PLANE ( 'NONE',  #2780 );
#6444=LINE ( 'NONE', #3147, #22 );
#6445=LINE ( 'NONE', #3299, #401 );
#6446=EDGE_LOOP ( 'NONE', ( #270, #13054, #5470, #6074 ) );
#6447=MECHANICAL_DESIGN_GEOMETRIC_PRESENTATION_REPRESENTATION (  '', ( #8516 ), #2630 );
#6448=DIRECTION ( 'NONE',  ( 2.385244779468105000E-014, -0.0000000000000000000, 1.000000000000000000 ) );
#6449=AXIS2_PLACEMENT_3D ( 'NONE', #1570, #778, #217 );
#6450=DIRECTION ( 'NONE',  ( -1.000000000000000000, 0.0000000000000000000, 3.252606517456547200E-015 ) );
#6451=EDGE_LOOP ( 'NONE', ( #12127, #2145, #9699, #8736 ) );
#6452=ADVANCED_FACE ( 'NONE', ( #3370 ), #9960, .F. );
#6453=LINE ( 'NONE', #11133, #1541 );
#6454=LINE ( 'NONE', #2361, #186 );
#6455=ORIENTED_EDGE ( 'NONE', *, *, #6715, .F. );
#6456=DIRECTION ( 'NONE',  ( -4.336808689942148700E-015, -7.703719777548943400E-034, 1.000000000000000000 ) );
#6457=DIRECTION ( 'NONE',  ( -1.350811269538701900E-033, 0.0000000000000000000, 1.000000000000000000 ) );
#6458=FACE_OUTER_BOUND ( 'NONE', #5676, .T. );
#6459=ORIENTED_EDGE ( 'NONE', *, *, #7665, .T. );
#6460=MECHANICAL_DESIGN_GEOMETRIC_PRESENTATION_REPRESENTATION (  '', ( #7803 ), #5457 );
#6461=ORIENTED_EDGE ( 'NONE', *, *, #7510, .T. );
#6462=DIRECTION ( 'NONE',  ( 3.717264591378872000E-015, 0.0000000000000000000, 1.000000000000000000 ) );
#6463=EDGE_CURVE ( 'NONE', #8035, #3255, #4732, .T. );
#6464=DIRECTION ( 'NONE',  ( 2.168404344970947300E-015, 7.703719777548943400E-034, -1.000000000000000000 ) );
#6465=EDGE_LOOP ( 'NONE', ( #14, #7962, #11279, #8725 ) );
#6466=VECTOR ( 'NONE', #7231, 1000.000000000000000 );
#6467=CARTESIAN_POINT ( 'NONE',  ( 5.500000000000029300, 0.0000000000000000000, 2.499999999999999100 ) );
#6468=AXIS2_PLACEMENT_3D ( 'NONE', #2011, #6485, #1667 );
#6469=VECTOR ( 'NONE', #9821, 1000.000000000000000 );
#6470=LINE ( 'NONE', #1675, #7 );
#6471=ORIENTED_EDGE ( 'NONE', *, *, #5591, .T. );
#6472=LINE ( 'NONE', #803, #3252 );
#6473=EDGE_CURVE ( 'NONE', #14439, #1368, #14208, .T. );
#6474=ADVANCED_FACE ( 'NONE', ( #5109 ), #6537, .T. );
#6475=CARTESIAN_POINT ( 'NONE',  ( -1.400000000000013200, 0.05000000000000005100, 8.000000000000000000 ) );
#6476=ORIENTED_EDGE ( 'NONE', *, *, #4887, .T. );
#6477=VERTEX_POINT ( 'NONE', #62 );
#6478=EDGE_CURVE ( 'NONE', #12290, #570, #1237, .T. );
#6479=CARTESIAN_POINT ( 'NONE',  ( -5.000000000000028400, 0.05000000000000007900, 7.999999999999976000 ) );
#6480=PLANE ( 'NONE',  #4238 );
#6481=ORIENTED_EDGE ( 'NONE', *, *, #2462, .F. );
#6482=STYLED_ITEM ( 'NONE', ( #853 ), #14200 );
#6483=ORIENTED_EDGE ( 'NONE', *, *, #6247, .F. );
#6484=LINE ( 'NONE', #2011, #6121 );
#6485=DIRECTION ( 'NONE',  ( 1.000000000000000000, 0.0000000000000000000, 2.385244779468104100E-014 ) );
#6486=ORIENTED_EDGE ( 'NONE', *, *, #13125, .T. );
#6487=EDGE_CURVE ( 'NONE', #12417, #6685, #5472, .T. );
#6488=EDGE_CURVE ( 'NONE', #6325, #1030, #13318, .T. );
#6489=VERTEX_POINT ( 'NONE', #1365 );
#6490=CARTESIAN_POINT ( 'NONE',  ( -1.250000000000000200, 0.05000000000000005100, 1.449999999999998200 ) );
#6491=FACE_OUTER_BOUND ( 'NONE', #8863, .T. );
#6492=AXIS2_PLACEMENT_3D ( 'NONE', #3024, #21, #794 );
#6493=ADVANCED_FACE ( 'NONE', ( #785 ), #4551, .T. );
#6494=ORIENTED_EDGE ( 'NONE', *, *, #11888, .T. );
#6495=ORIENTED_EDGE ( 'NONE', *, *, #8765, .F. );
#6496=PLANE ( 'NONE',  #5015 );
#6497=EDGE_CURVE ( 'NONE', #1426, #6081, #9576, .T. );
#6498=ORIENTED_EDGE ( 'NONE', *, *, #8380, .T. );
#6499=DIRECTION ( 'NONE',  ( -1.000000000000000000, 0.0000000000000000000, 5.476194500280592800E-048 ) );
#6500=ORIENTED_EDGE ( 'NONE', *, *, #1302, .T. );
#6501=LINE ( 'NONE', #1762, #441 );
#6502=FACE_OUTER_BOUND ( 'NONE', #5881, .T. );
#6503=FACE_OUTER_BOUND ( 'NONE', #14349, .T. );
#6504=EDGE_LOOP ( 'NONE', ( #7658, #5833, #12352, #12482 ) );
#6505=AXIS2_PLACEMENT_3D ( 'NONE', #450, #5890, #12211 );
#6506=LINE ( 'NONE', #2597, #8439 );
#6507=DIRECTION ( 'NONE',  ( -1.000000000000000000, 0.0000000000000000000, -2.710505431213853800E-016 ) );
#6508=ORIENTED_EDGE ( 'NONE', *, *, #6222, .F. );
#6509=EDGE_CURVE ( 'NONE', #10629, #4031, #302, .T. );
#6510=ORIENTED_EDGE ( 'NONE', *, *, #1377, .F. );
#6511=PLANE ( 'NONE',  #9148 );
#6512=PLANE ( 'NONE',  #1620 );
#6513=ADVANCED_FACE ( 'NONE', ( #9542 ), #5651, .T. );
#6514=ORIENTED_EDGE ( 'NONE', *, *, #4183, .F. );
#6515=EDGE_CURVE ( 'NONE', #10768, #13344, #14485, .T. );
#6516=ORIENTED_EDGE ( 'NONE', *, *, #8268, .F. );
#6517=FACE_OUTER_BOUND ( 'NONE', #1250, .T. );
#6518=AXIS2_PLACEMENT_3D ( 'NONE', #202, #1162, #182 );
#6519=LINE ( 'NONE', #1301, #6924 );
#6520=ORIENTED_EDGE ( 'NONE', *, *, #5848, .F. );
#6521=LINE ( 'NONE', #979, #52 );
#6522=EDGE_CURVE ( 'NONE', #357, #10903, #12865, .T. );
#6523=AXIS2_PLACEMENT_3D ( 'NONE', #3819, #1688, #12372 );
#6524=CARTESIAN_POINT ( 'NONE',  ( 5.550000000000001600, 0.7499999999999994400, -3.699999999999997500 ) );
#6525=PLANE ( 'NONE',  #6766 );
#6526=CARTESIAN_POINT ( 'NONE',  ( 3.799999999999989200, 0.05000000000000007900, -1.799999999999999600 ) );
#6527=ORIENTED_EDGE ( 'NONE', *, *, #1246, .F. );
#6528=ORIENTED_EDGE ( 'NONE', *, *, #4144, .F. );
#6529=ORIENTED_EDGE ( 'NONE', *, *, #2340, .F. );
#6530=ORIENTED_EDGE ( 'NONE', *, *, #12698, .T. );
#6531=AXIS2_PLACEMENT_3D ( 'NONE', #2011, #2325, #559 );
#6532=ORIENTED_EDGE ( 'NONE', *, *, #7379, .T. );
#6533=ADVANCED_FACE ( 'NONE', ( #11302 ), #1847, .T. );
#6534=LINE ( 'NONE', #940, #1115 );
#6535=EDGE_CURVE ( 'NONE', #10317, #2982, #9201, .T. );
#6536=ORIENTED_EDGE ( 'NONE', *, *, #4753, .F. );
#6537=PLANE ( 'NONE',  #2233 );
#6538=EDGE_LOOP ( 'NONE', ( #4663, #13006, #5847, #7895 ) );
#6539=VERTEX_POINT ( 'NONE', #9357 );
#6540=EDGE_CURVE ( 'NONE', #8272, #13282, #6767, .T. );
#6541=LINE ( 'NONE', #4169, #52 );
#6542=ORIENTED_EDGE ( 'NONE', *, *, #14259, .F. );
#6543=ORIENTED_EDGE ( 'NONE', *, *, #9061, .T. );
#6544=LINE ( 'NONE', #2040, #1981 );
#6545=PLANE ( 'NONE',  #14148 );
#6546=FACE_OUTER_BOUND ( 'NONE', #6718, .T. );
#6547=CARTESIAN_POINT ( 'NONE',  ( 2.999999999999989800, 0.05000000000000007900, -2.600000000000024100 ) );
#6548=PLANE ( 'NONE',  #5645 );
#6549=EDGE_LOOP ( 'NONE', ( #639, #12490, #14336, #14044 ) );
#6550=ADVANCED_FACE ( 'NONE', ( #3552 ), #13402, .F. );
#6551=CARTESIAN_POINT ( 'NONE',  ( 2.199999999999990000, 0.0000000000000000000, -2.600000000000024100 ) );
#6552=CARTESIAN_POINT ( 'NONE',  ( -0.1999999999999866300, 0.0000000000000000000, -1.800000000000001200 ) );
#6553=ORIENTED_EDGE ( 'NONE', *, *, #13040, .F. );
#6554=ORIENTED_EDGE ( 'NONE', *, *, #10068, .F. );
#6555=ORIENTED_EDGE ( 'NONE', *, *, #2442, .F. );
#6556=VERTEX_POINT ( 'NONE', #1614 );
#6557=MANIFOLD_SOLID_BREP ( 'Pin 27', #4075 );
#6558=EDGE_CURVE ( 'NONE', #12013, #4160, #12406, .T. );
#6559=VECTOR ( 'NONE', #669, 1000.000000000000000 );
#6560=EDGE_LOOP ( 'NONE', ( #3729, #11923, #7739, #5602 ) );
#6561=ORIENTED_EDGE ( 'NONE', *, *, #8825, .T. );
#6562=ORIENTED_EDGE ( 'NONE', *, *, #14029, .F. );
#6563=CARTESIAN_POINT ( 'NONE',  ( 6.299999999999998900, 0.05000000000000007900, 6.899999999999998600 ) );
#6564=VERTEX_POINT ( 'NONE', #1697 );
#6565=EDGE_CURVE ( 'NONE', #3793, #10362, #11236, .T. );
#6566=ORIENTED_EDGE ( 'NONE', *, *, #14463, .T. );
#6567=ORIENTED_EDGE ( 'NONE', *, *, #224, .T. );
#6568=EDGE_CURVE ( 'NONE', #10129, #135, #14287, .T. );
#6569=CARTESIAN_POINT ( 'NONE',  ( 1.000000000000000900, 3.388131789017201400E-018, 7.999999999999998200 ) );
#6570=ADVANCED_FACE ( 'NONE', ( #6693 ), #8732, .F. );
#6571=LINE ( 'NONE', #1304, #144 );
#6572=FACE_OUTER_BOUND ( 'NONE', #10301, .T. );
#6573=PLANE ( 'NONE',  #10470 );
#6574=VERTEX_POINT ( 'NONE', #8651 );
#6575=VECTOR ( 'NONE', #5159, 1000.000000000000000 );
#6576=ORIENTED_EDGE ( 'NONE', *, *, #584, .T. );
#6577=FACE_OUTER_BOUND ( 'NONE', #944, .T. );
#6578=DIRECTION ( 'NONE',  ( 1.000000000000000000, 0.0000000000000000000, -1.626303258728294900E-015 ) );
#6579=EDGE_CURVE ( 'NONE', #11271, #4777, #6089, .T. );
#6580=ORIENTED_EDGE ( 'NONE', *, *, #5996, .T. );
#6581=EDGE_CURVE ( 'NONE', #12106, #12500, #388, .T. );
#6582=ORIENTED_EDGE ( 'NONE', *, *, #2879, .T. );
#6583=VERTEX_POINT ( 'NONE', #3223 );
#6584=DIRECTION ( 'NONE',  ( -1.000000000000000000, 0.0000000000000000000, -3.252606517456656100E-015 ) );
#6585=LINE ( 'NONE', #4932, #124 );
#6586=EDGE_LOOP ( 'NONE', ( #12947, #11297, #2944, #14484 ) );
#6587=EDGE_CURVE ( 'NONE', #3782, #6114, #12113, .T. );
#6588=EDGE_LOOP ( 'NONE', ( #12550, #9208, #5318, #1247 ) );
#6589=ADVANCED_FACE ( 'NONE', ( #13802 ), #6627, .F. );
#6590=AXIS2_PLACEMENT_3D ( 'NONE', #1026, #2941, #1781 );
#6591=LINE ( 'NONE', #1208, #186 );
#6592=EDGE_LOOP ( 'NONE', ( #12802, #11284, #13559, #1422 ) );
#6593=CARTESIAN_POINT ( 'NONE',  ( -1.800000000000001200, 0.05000000000000007900, -2.600000000000024100 ) );
#6594=( GEOMETRIC_REPRESENTATION_CONTEXT ( 3 ) GLOBAL_UNCERTAINTY_ASSIGNED_CONTEXT ( ( #221 ) ) GLOBAL_UNIT_ASSIGNED_CONTEXT ( ( #324, #94, #251 ) ) REPRESENTATION_CONTEXT ( 'NONE', 'WORKASPACE' ) );
#6595=DIRECTION ( 'NONE',  ( 1.000000000000000000, 2.487818731899020900E-032, -2.065146995210483700E-016 ) );
#6596=FACE_OUTER_BOUND ( 'NONE', #12190, .T. );
#6597=DIRECTION ( 'NONE',  ( 4.336808689941611500E-015, 0.0000000000000000000, -1.000000000000000000 ) );
#6598=CARTESIAN_POINT ( 'NONE',  ( 2.600000000000004100, 0.0000000000000000000, -2.600000000000024100 ) );
#6599=LINE ( 'NONE', #3533, #124 );
#6600=ORIENTED_EDGE ( 'NONE', *, *, #13943, .T. );
#6601=FACE_OUTER_BOUND ( 'NONE', #12018, .T. );
#6602=PLANE ( 'NONE',  #4059 );
#6603=ORIENTED_EDGE ( 'NONE', *, *, #6422, .T. );
#6604=PLANE ( 'NONE',  #2851 );
#6605=EDGE_CURVE ( 'NONE', #9221, #4704, #11124, .T. );
#6606=EDGE_CURVE ( 'NONE', #9710, #614, #14735, .T. );
#6607=EDGE_LOOP ( 'NONE', ( #3803, #12044, #5036, #12353 ) );
#6608=DIRECTION ( 'NONE',  ( 2.168404344971165900E-015, -0.0000000000000000000, 1.000000000000000000 ) );
#6609=EDGE_LOOP ( 'NONE', ( #5688, #2482, #7306, #13984 ) );
#6610=( GEOMETRIC_REPRESENTATION_CONTEXT ( 3 ) GLOBAL_UNCERTAINTY_ASSIGNED_CONTEXT ( ( #221 ) ) GLOBAL_UNIT_ASSIGNED_CONTEXT ( ( #324, #94, #251 ) ) REPRESENTATION_CONTEXT ( 'NONE', 'WORKASPACE' ) );
#6611=VERTEX_POINT ( 'NONE', #3818 );
#6612=VECTOR ( 'NONE', #6163, 1000.000000000000000 );
#6613=ORIENTED_EDGE ( 'NONE', *, *, #13653, .T. );
#6614=LINE ( 'NONE', #6547, #188 );
#6615=ORIENTED_EDGE ( 'NONE', *, *, #1660, .F. );
#6616=EDGE_CURVE ( 'NONE', #8799, #5763, #5480, .T. );
#6617=ADVANCED_FACE ( 'NONE', ( #7585 ), #747, .T. );
#6618=MECHANICAL_DESIGN_GEOMETRIC_PRESENTATION_REPRESENTATION (  '', ( #7869 ), #11206 );
#6619=ORIENTED_EDGE ( 'NONE', *, *, #9780, .F. );
#6620=ORIENTED_EDGE ( 'NONE', *, *, #9607, .F. );
#6621=PLANE ( 'NONE',  #10327 );
#6622=EDGE_CURVE ( 'NONE', #14539, #2502, #1966, .T. );
#6623=LINE ( 'NONE', #3955, #3069 );
#6624=ORIENTED_EDGE ( 'NONE', *, *, #2014, .F. );
#6625=DIRECTION ( 'NONE',  ( 1.000000000000000000, 0.0000000000000000000, 5.421010862427908700E-016 ) );
#6626=LINE ( 'NONE', #2267, #8120 );
#6627=PLANE ( 'NONE',  #9292 );
#6628=FACE_OUTER_BOUND ( 'NONE', #9549, .T. );
#6629=ORIENTED_EDGE ( 'NONE', *, *, #4526, .T. );
#6630=PLANE ( 'NONE',  #7402 );
#6631=DIRECTION ( 'NONE',  ( -1.000000000000000000, 0.0000000000000000000, -1.713039432527285300E-013 ) );
#6632=EDGE_LOOP ( 'NONE', ( #3000, #13528, #7362, #9671 ) );
#6633=VERTEX_POINT ( 'NONE', #1121 );
#6634=EDGE_CURVE ( 'NONE', #7454, #7423, #6152, .T. );
#6635=EDGE_LOOP ( 'NONE', ( #10474, #7508, #8269, #8154 ) );
#6636=DIRECTION ( 'NONE',  ( 8.717203396868380300E-017, 0.0000000000000000000, -1.000000000000000000 ) );
#6637=ADVANCED_FACE ( 'NONE', ( #4363 ), #2123, .F. );
#6638=EDGE_CURVE ( 'NONE', #9556, #11240, #3230, .T. );
#6639=DIRECTION ( 'NONE',  ( -4.210554863359292500E-036, 0.0000000000000000000, -1.000000000000000000 ) );
#6640=PLANE ( 'NONE',  #8899 );
#6641=ORIENTED_EDGE ( 'NONE', *, *, #6990, .T. );
#6642=LINE ( 'NONE', #4581, #7133 );
#6643=ORIENTED_EDGE ( 'NONE', *, *, #6963, .T. );
#6644=FACE_OUTER_BOUND ( 'NONE', #14020, .T. );
#6645=VECTOR ( 'NONE', #12999, 1000.000000000000000 );
#6646=VERTEX_POINT ( 'NONE', #6086 );
#6647=ORIENTED_EDGE ( 'NONE', *, *, #7966, .F. );
#6648=STYLED_ITEM ( 'NONE', ( #853 ), #12822 );
#6649=ADVANCED_FACE ( 'NONE', ( #10085 ), #2059, .F. );
#6650=ORIENTED_EDGE ( 'NONE', *, *, #13280, .T. );
#6651=EDGE_CURVE ( 'NONE', #7259, #9265, #11519, .T. );
#6652=DIRECTION ( 'NONE',  ( 1.000000000000000000, 0.0000000000000000000, -3.794707603699317600E-015 ) );
#6653=DIRECTION ( 'NONE',  ( -5.421010862427908700E-016, 0.0000000000000000000, -1.000000000000000000 ) );
#6654=EDGE_LOOP ( 'NONE', ( #10945, #6394, #10090, #8662 ) );
#6655=LINE ( 'NONE', #7536, #5173 );
#6656=ORIENTED_EDGE ( 'NONE', *, *, #1389, .F. );
#6657=EDGE_LOOP ( 'NONE', ( #5043, #10614, #13757, #6263 ) );
#6658=EDGE_CURVE ( 'NONE', #13151, #2594, #8075, .T. );
#6659=CARTESIAN_POINT ( 'NONE',  ( 5.975000000000000500, 2.299999999999999800, -2.019999999999998200 ) );
#6660=ORIENTED_EDGE ( 'NONE', *, *, #8288, .F. );
#6661=CARTESIAN_POINT ( 'NONE',  ( 6.200000000000001100, 0.7999999999999994900, -3.699999999999998000 ) );
#6662=LINE ( 'NONE', #1739, #5331 );
#6663=ADVANCED_FACE ( 'NONE', ( #11312 ), #11274, .F. );
#6664=LINE ( 'NONE', #137, #10155 );
#6665=FACE_OUTER_BOUND ( 'NONE', #14722, .T. );
#6666=CLOSED_SHELL ( 'NONE', ( #10979, #10303, #12835, #10929, #11154, #11754 ) );
#6667=LINE ( 'NONE', #1109, #95 );
#6668=LINE ( 'NONE', #2836, #1119 );
#6669=EDGE_CURVE ( 'NONE', #3793, #8649, #141, .T. );
#6670=ORIENTED_EDGE ( 'NONE', *, *, #2022, .F. );
#6671=PLANE ( 'NONE',  #4251 );
#6672=PLANE ( 'NONE',  #12466 );
#6673=PLANE ( 'NONE',  #11176 );
#6674=AXIS2_PLACEMENT_3D ( 'NONE', #439, #93, #18 );
#6675=VERTEX_POINT ( 'NONE', #4641 );
#6676=LINE ( 'NONE', #62, #11207 );
#6677=EDGE_CURVE ( 'NONE', #2715, #7615, #9092, .T. );
#6678=LINE ( 'NONE', #1131, #833 );
#6679=ORIENTED_EDGE ( 'NONE', *, *, #2022, .T. );
#6680=EDGE_CURVE ( 'NONE', #12467, #2364, #2813, .T. );
#6681=ORIENTED_EDGE ( 'NONE', *, *, #3780, .T. );
#6682=ADVANCED_FACE ( 'NONE', ( #11509 ), #808, .T. );
#6683=ORIENTED_EDGE ( 'NONE', *, *, #7410, .T. );
#6684=VERTEX_POINT ( 'NONE', #10616 );
#6685=VERTEX_POINT ( 'NONE', #6551 );
#6686=EDGE_LOOP ( 'NONE', ( #2178, #13270, #3705, #1623 ) );
#6687=CARTESIAN_POINT ( 'NONE',  ( -4.599999999999990800, 0.05000000000000005100, -2.599999999999984100 ) );
#6688=EDGE_CURVE ( 'NONE', #9565, #432, #10251, .T. );
#6689=ORIENTED_EDGE ( 'NONE', *, *, #11843, .T. );
#6690=ORIENTED_EDGE ( 'NONE', *, *, #4418, .T. );
#6691=EDGE_CURVE ( 'NONE', #4497, #8701, #2201, .T. );
#6692=LINE ( 'NONE', #924, #7062 );
#6693=FACE_OUTER_BOUND ( 'NONE', #6159, .T. );
#6694=EDGE_LOOP ( 'NONE', ( #9045, #5671, #8076, #1790 ) );
#6695=CARTESIAN_POINT ( 'NONE',  ( 3.799999999999988300, 0.05000000000000005100, 7.199999999999996600 ) );
#6696=AXIS2_PLACEMENT_3D ( 'NONE', #56, #18, #23 );
#6697=LINE ( 'NONE', #3195, #96 );
#6698=PLANE ( 'NONE',  #9117 );
#6699=ORIENTED_EDGE ( 'NONE', *, *, #2893, .F. );
#6700=EDGE_CURVE ( 'NONE', #3079, #745, #11034, .T. );
#6701=ADVANCED_FACE ( 'NONE', ( #10879 ), #9228, .T. );
#6702=VERTEX_POINT ( 'NONE', #4717 );
#6703=STYLED_ITEM ( 'NONE', ( #853 ), #826 );
#6704=ADVANCED_FACE ( 'NONE', ( #12616 ), #13917, .F. );
#6705=PLANE ( 'NONE',  #4400 );
#6706=DIRECTION ( 'NONE',  ( 8.673617379884033900E-015, 0.0000000000000000000, 1.000000000000000000 ) );
#6707=ORIENTED_EDGE ( 'NONE', *, *, #2106, .F. );
#6708=VERTEX_POINT ( 'NONE', #12738 );
#6709=ORIENTED_EDGE ( 'NONE', *, *, #6281, .F. );
#6710=FACE_OUTER_BOUND ( 'NONE', #9154, .T. );
#6711=ORIENTED_EDGE ( 'NONE', *, *, #11476, .F. );
#6712=FACE_OUTER_BOUND ( 'NONE', #8242, .T. );
#6713=EDGE_CURVE ( 'NONE', #14125, #12106, #9599, .T. );
#6714=ORIENTED_EDGE ( 'NONE', *, *, #774, .F. );
#6715=EDGE_CURVE ( 'NONE', #421, #4518, #8757, .T. );
#6716=VERTEX_POINT ( 'NONE', #166 );
#6717=CARTESIAN_POINT ( 'NONE',  ( 6.300000000000008700, 0.0000000000000000000, -2.599999999999981000 ) );
#6718=EDGE_LOOP ( 'NONE', ( #389, #5594, #6782, #3131 ) );
#6719=LINE ( 'NONE', #392, #9984 );
#6720=PLANE ( 'NONE',  #50 );
#6721=VERTEX_POINT ( 'NONE', #5504 );
#6722=EDGE_CURVE ( 'NONE', #1970, #3782, #3028, .T. );
#6723=ORIENTED_EDGE ( 'NONE', *, *, #8560, .T. );
#6724=LINE ( 'NONE', #100, #52 );
#6725=ADVANCED_FACE ( 'NONE', ( #6276 ), #4282, .T. );
#6726=AXIS2_PLACEMENT_3D ( 'NONE', #5075, #1110, #4898 );
#6727=EDGE_LOOP ( 'NONE', ( #12369, #8313, #5879, #5300 ) );
#6728=CARTESIAN_POINT ( 'NONE',  ( 5.500000000000032000, 0.05000000000000007900, 6.499999999999999100 ) );
#6729=FACE_OUTER_BOUND ( 'NONE', #14688, .T. );
#6730=ORIENTED_EDGE ( 'NONE', *, *, #9907, .F. );
#6731=ORIENTED_EDGE ( 'NONE', *, *, #11639, .T. );
#6732=EDGE_LOOP ( 'NONE', ( #11217, #1835, #14719, #1849 ) );
#6733=MECHANICAL_DESIGN_GEOMETRIC_PRESENTATION_REPRESENTATION (  '', ( #11058 ), #8243 );
#6734=LINE ( 'NONE', #1079, #6738 );
#6735=CARTESIAN_POINT ( 'NONE',  ( -5.500000000000007100, 0.05000000000000007900, 3.699999999999988200 ) );
#6736=LINE ( 'NONE', #903, #8827 );
#6737=ORIENTED_EDGE ( 'NONE', *, *, #13058, .T. );
#6738=VECTOR ( 'NONE', #495, 1000.000000000000000 );
#6739=EDGE_LOOP ( 'NONE', ( #3769, #6177, #4851, #7136 ) );
#6740=ADVANCED_FACE ( 'NONE', ( #12927 ), #8751, .T. );
#6741=DIRECTION ( 'NONE',  ( -8.673617379884032300E-015, 0.0000000000000000000, 1.000000000000000000 ) );
#6742=ORIENTED_EDGE ( 'NONE', *, *, #1463, .F. );
#6743=CARTESIAN_POINT ( 'NONE',  ( 5.500000000000028400, 0.05000000000000007900, 4.099999999999989900 ) );
#6744=ORIENTED_EDGE ( 'NONE', *, *, #1226, .T. );
#6745=AXIS2_PLACEMENT_3D ( 'NONE', #1852, #93, #18 );
#6746=PLANE ( 'NONE',  #11645 );
#6747=VERTEX_POINT ( 'NONE', #5458 );
#6748=PLANE ( 'NONE',  #10424 );
#6749=DIRECTION ( 'NONE',  ( -1.000000000000000000, 0.0000000000000000000, 4.336808689941613800E-015 ) );
#6750=FACE_OUTER_BOUND ( 'NONE', #9338, .T. );
#6751=LINE ( 'NONE', #417, #144 );
#6752=PLANE ( 'NONE',  #14487 );
#6753=AXIS2_PLACEMENT_3D ( 'NONE', #5514, #2116, #128 );
#6754=LINE ( 'NONE', #6728, #52 );
#6755=ORIENTED_EDGE ( 'NONE', *, *, #5096, .F. );
#6756=ORIENTED_EDGE ( 'NONE', *, *, #7113, .F. );
#6757=EDGE_CURVE ( 'NONE', #1368, #4376, #10556, .T. );
#6758=EDGE_LOOP ( 'NONE', ( #3925, #12011, #13819, #9994 ) );
#6759=ORIENTED_EDGE ( 'NONE', *, *, #14055, .T. );
#6760=DIRECTION ( 'NONE',  ( -4.336808689941613800E-015, 0.0000000000000000000, 1.000000000000000000 ) );
#6761=ADVANCED_FACE ( 'NONE', ( #8237 ), #6798, .T. );
#6762=ORIENTED_EDGE ( 'NONE', *, *, #9354, .T. );
#6763=VECTOR ( 'NONE', #12349, 1000.000000000000000 );
#6764=DIRECTION ( 'NONE',  ( -5.961979227743527000E-035, 0.0000000000000000000, 1.000000000000000000 ) );
#6765=EDGE_LOOP ( 'NONE', ( #4157, #14080, #2853, #12626 ) );
#6766=AXIS2_PLACEMENT_3D ( 'NONE', #3103, #3997, #6652 );
#6767=LINE ( 'NONE', #274, #6763 );
#6768=VERTEX_POINT ( 'NONE', #2510 );
#6769=EDGE_CURVE ( 'NONE', #1195, #2565, #9789, .T. );
#6770=FACE_BOUND ( 'NONE', #11837, .T. );
#6771=LINE ( 'NONE', #10617, #52 );
#6772=EDGE_CURVE ( 'NONE', #5376, #3999, #4208, .T. );
#6773=ORIENTED_EDGE ( 'NONE', *, *, #3312, .T. );
#6774=VERTEX_POINT ( 'NONE', #12254 );
#6775=PRESENTATION_LAYER_ASSIGNMENT (  '', '', ( #9910 ) );
#6776=ORIENTED_EDGE ( 'NONE', *, *, #11907, .T. );
#6777=ORIENTED_EDGE ( 'NONE', *, *, #13015, .F. );
#6778=CARTESIAN_POINT ( 'NONE',  ( -5.500000000000007100, 0.0000000000000000000, 5.699999999999995700 ) );
#6779=ADVANCED_FACE ( 'NONE', ( #13222 ), #4446, .F. );
#6780=ORIENTED_EDGE ( 'NONE', *, *, #3934, .T. );
#6781=VECTOR ( 'NONE', #211, 1000.000000000000000 );
#6782=ORIENTED_EDGE ( 'NONE', *, *, #3594, .F. );
#6783=ADVANCED_FACE ( 'NONE', ( #13678 ), #6850, .T. );
#6784=PLANE ( 'NONE',  #9485 );
#6785=ORIENTED_EDGE ( 'NONE', *, *, #2842, .F. );
#6786=EDGE_CURVE ( 'NONE', #13704, #3383, #14255, .T. );
#6787=EDGE_CURVE ( 'NONE', #11090, #6048, #12298, .T. );
#6788=VERTEX_POINT ( 'NONE', #10137 );
#6789=FACE_OUTER_BOUND ( 'NONE', #8265, .T. );
#6790=ORIENTED_EDGE ( 'NONE', *, *, #13387, .T. );
#6791=LINE ( 'NONE', #1113, #701 );
#6792=EDGE_LOOP ( 'NONE', ( #5085, #11388, #9363, #2488 ) );
#6793=AXIS2_PLACEMENT_3D ( 'NONE', #2873, #12909, #1815 );
#6794=ORIENTED_EDGE ( 'NONE', *, *, #6304, .F. );
#6795=EDGE_CURVE ( 'NONE', #8665, #4160, #5353, .T. );
#6796=PLANE ( 'NONE',  #1350 );
#6797=STYLED_ITEM ( 'NONE', ( #853 ), #328 );
#6798=PLANE ( 'NONE',  #154 );
#6799=FACE_OUTER_BOUND ( 'NONE', #11226, .T. );
#6800=DIRECTION ( 'NONE',  ( 1.000000000000000000, 0.0000000000000000000, -5.907032525955508200E-015 ) );
#6801=EDGE_LOOP ( 'NONE', ( #7909, #11546, #11287, #11483 ) );
#6802=PLANE ( 'NONE',  #6137 );
#6803=VECTOR ( 'NONE', #7994, 1000.000000000000000 );
#6804=ORIENTED_EDGE ( 'NONE', *, *, #406, .F. );
#6805=ADVANCED_FACE ( 'NONE', ( #8074 ), #4556, .T. );
#6806=LINE ( 'NONE', #8525, #22 );
#6807=EDGE_LOOP ( 'NONE', ( #12728, #6714, #3175, #11055 ) );
#6808=DIRECTION ( 'NONE',  ( -1.000000000000000000, 0.0000000000000000000, -1.386294004633885700E-035 ) );
#6809=VERTEX_POINT ( 'NONE', #2516 );
#6810=DIRECTION ( 'NONE',  ( -1.301042606982602800E-014, 0.0000000000000000000, -1.000000000000000000 ) );
#6811=LINE ( 'NONE', #9839, #124 );
#6812=ORIENTED_EDGE ( 'NONE', *, *, #10793, .T. );
#6813=ORIENTED_EDGE ( 'NONE', *, *, #8288, .T. );
#6814=EDGE_CURVE ( 'NONE', #11063, #8308, #8915, .T. );
#6815=EDGE_CURVE ( 'NONE', #11556, #2333, #643, .T. );
#6816=EDGE_CURVE ( 'NONE', #12712, #6839, #5924, .T. );
#6817=PLANE ( 'NONE',  #6674 );
#6818=LINE ( 'NONE', #1345, #718 );
#6819=VERTEX_POINT ( 'NONE', #2073 );
#6820=DIRECTION ( 'NONE',  ( -1.000000000000000000, 7.703719777548943400E-034, 1.084202172485537000E-015 ) );
#6821=EDGE_CURVE ( 'NONE', #5154, #3492, #3814, .T. );
#6822=FACE_OUTER_BOUND ( 'NONE', #2599, .T. );
#6823=( GEOMETRIC_REPRESENTATION_CONTEXT ( 3 ) GLOBAL_UNCERTAINTY_ASSIGNED_CONTEXT ( ( #221 ) ) GLOBAL_UNIT_ASSIGNED_CONTEXT ( ( #324, #94, #251 ) ) REPRESENTATION_CONTEXT ( 'NONE', 'WORKASPACE' ) );
#6824=LINE ( 'NONE', #3438, #52 );
#6825=EDGE_LOOP ( 'NONE', ( #11339, #13729, #8423, #12664 ) );
#6826=LINE ( 'NONE', #2505, #1429 );
#6827=ORIENTED_EDGE ( 'NONE', *, *, #8049, .T. );
#6828=ADVANCED_FACE ( 'NONE', ( #1996 ), #4719, .F. );
#6829=VERTEX_POINT ( 'NONE', #4833 );
#6830=PRESENTATION_LAYER_ASSIGNMENT (  '', '', ( #11555 ) );
#6831=ORIENTED_EDGE ( 'NONE', *, *, #7726, .T. );
#6832=PLANE ( 'NONE',  #9352 );
#6833=CARTESIAN_POINT ( 'NONE',  ( 0.6000000000000128600, 0.0000000000000000000, -2.600000000000001900 ) );
#6834=FACE_OUTER_BOUND ( 'NONE', #14069, .T. );
#6835=LINE ( 'NONE', #1096, #2134 );
#6836=ORIENTED_EDGE ( 'NONE', *, *, #6190, .F. );
#6837=EDGE_CURVE ( 'NONE', #8753, #6129, #9438, .T. );
#6838=LINE ( 'NONE', #7453, #2259 );
#6839=VERTEX_POINT ( 'NONE', #4778 );
#6840=ORIENTED_EDGE ( 'NONE', *, *, #4360, .T. );
#6841=ORIENTED_EDGE ( 'NONE', *, *, #7016, .T. );
#6842=EDGE_CURVE ( 'NONE', #2565, #14223, #2608, .T. );
#6843=MANIFOLD_SOLID_BREP ( 'Pin 42', #9003 );
#6844=AXIS2_PLACEMENT_3D ( 'NONE', #333, #9947, #3439 );
#6845=ADVANCED_FACE ( 'NONE', ( #3430 ), #582, .F. );
#6846=LINE ( 'NONE', #5256, #5366 );
#6847=VERTEX_POINT ( 'NONE', #8637 );
#6848=LINE ( 'NONE', #5046, #1115 );
#6849=LINE ( 'NONE', #470, #52 );
#6850=PLANE ( 'NONE',  #4999 );
#6851=DIRECTION ( 'NONE',  ( -5.421010862427902800E-016, 0.0000000000000000000, -1.000000000000000000 ) );
#6852=LINE ( 'NONE', #475, #52 );
#6853=ORIENTED_EDGE ( 'NONE', *, *, #4666, .F. );
#6854=EDGE_CURVE ( 'NONE', #12918, #2197, #7080, .T. );
#6855=ORIENTED_EDGE ( 'NONE', *, *, #10765, .F. );
#6856=ORIENTED_EDGE ( 'NONE', *, *, #6006, .F. );
#6857=LINE ( 'NONE', #4216, #1627 );
#6858=ADVANCED_FACE ( 'NONE', ( #10401 ), #1993, .F. );
#6859=ORIENTED_EDGE ( 'NONE', *, *, #8348, .F. );
#6860=FACE_OUTER_BOUND ( 'NONE', #2448, .T. );
#6861=DIRECTION ( 'NONE',  ( 4.336808689941611500E-015, -0.0000000000000000000, 1.000000000000000000 ) );
#6862=EDGE_CURVE ( 'NONE', #14125, #10010, #383, .T. );
#6863=LINE ( 'NONE', #3256, #22 );
#6864=ORIENTED_EDGE ( 'NONE', *, *, #13590, .T. );
#6865=EDGE_CURVE ( 'NONE', #6957, #5423, #5718, .T. );
#6866=FACE_OUTER_BOUND ( 'NONE', #13011, .T. );
#6867=ORIENTED_EDGE ( 'NONE', *, *, #14097, .T. );
#6868=VERTEX_POINT ( 'NONE', #1551 );
#6869=AXIS2_PLACEMENT_3D ( 'NONE', #5310, #825, #9876 );
#6870=VERTEX_POINT ( 'NONE', #14322 );
#6871=CARTESIAN_POINT ( 'NONE',  ( -5.500000000000007100, 0.0000000000000000000, 0.1000000000000008500 ) );
#6872=ORIENTED_EDGE ( 'NONE', *, *, #13634, .F. );
#6873=LINE ( 'NONE', #7908, #22 );
#6874=LINE ( 'NONE', #7536, #22 );
#6875=ORIENTED_EDGE ( 'NONE', *, *, #12067, .T. );
#6876=EDGE_CURVE ( 'NONE', #9872, #12441, #3416, .T. );
#6877=VECTOR ( 'NONE', #3937, 1000.000000000000000 );
#6878=DIRECTION ( 'NONE',  ( -1.846881838814537600E-035, 0.0000000000000000000, -1.000000000000000000 ) );
#6879=EDGE_CURVE ( 'NONE', #14348, #776, #6642, .T. );
#6880=ADVANCED_FACE ( 'NONE', ( #11499 ), #607, .T. );
#6881=PLANE ( 'NONE',  #11652 );
#6882=ORIENTED_EDGE ( 'NONE', *, *, #12761, .F. );
#6883=DIRECTION ( 'NONE',  ( -1.000000000000000000, 0.0000000000000000000, -4.336808689942147900E-015 ) );
#6884=AXIS2_PLACEMENT_3D ( 'NONE', #250, #10650, #6450 );
#6885=ORIENTED_EDGE ( 'NONE', *, *, #11104, .T. );
#6886=EDGE_CURVE ( 'NONE', #2927, #1307, #3802, .T. );
#6887=DIRECTION ( 'NONE',  ( -1.000000000000000000, 0.0000000000000000000, -8.131516293641853200E-016 ) );
#6888=ORIENTED_EDGE ( 'NONE', *, *, #8581, .F. );
#6889=DIRECTION ( 'NONE',  ( -1.000000000000000000, 0.0000000000000000000, -3.221629312528483700E-014 ) );
#6890=EDGE_CURVE ( 'NONE', #10665, #2485, #6453, .T. );
#6891=FACE_OUTER_BOUND ( 'NONE', #6197, .T. );
#6892=LINE ( 'NONE', #3631, #52 );
#6893=FACE_OUTER_BOUND ( 'NONE', #521, .T. );
#6894=ORIENTED_EDGE ( 'NONE', *, *, #3981, .F. );
#6895=LINE ( 'NONE', #8597, #442 );
#6896=ORIENTED_EDGE ( 'NONE', *, *, #5340, .F. );
#6897=ADVANCED_FACE ( 'NONE', ( #8399 ), #9231, .T. );
#6898=CARTESIAN_POINT ( 'NONE',  ( 5.500000000000032000, 0.05000000000000005100, 6.499999999999999100 ) );
#6899=EDGE_CURVE ( 'NONE', #10820, #3791, #3225, .T. );
#6900=ORIENTED_EDGE ( 'NONE', *, *, #8650, .T. );
#6901=CARTESIAN_POINT ( 'NONE',  ( 0.7250000000000015300, 0.0000000000000000000, 1.974999999999999000 ) );
#6902=EDGE_CURVE ( 'NONE', #12478, #5840, #4195, .T. );
#6903=ORIENTED_EDGE ( 'NONE', *, *, #1431, .F. );
#6904=ORIENTED_EDGE ( 'NONE', *, *, #7388, .F. );
#6905=LINE ( 'NONE', #1384, #52 );
#6906=AXIS2_PLACEMENT_3D ( 'NONE', #4456, #23, #128 );
#6907=VECTOR ( 'NONE', #1703, 1000.000000000000000 );
#6908=ORIENTED_EDGE ( 'NONE', *, *, #14360, .F. );
#6909=FACE_OUTER_BOUND ( 'NONE', #5198, .T. );
#6910=EDGE_CURVE ( 'NONE', #7218, #10831, #9750, .T. );
#6911=CARTESIAN_POINT ( 'NONE',  ( -5.500000000000006200, 0.05000000000000005100, -0.3000000000000014300 ) );
#6912=PLANE ( 'NONE',  #12946 );
#6913=ORIENTED_EDGE ( 'NONE', *, *, #6786, .T. );
#6914=VERTEX_POINT ( 'NONE', #5097 );
#6915=ORIENTED_EDGE ( 'NONE', *, *, #6497, .T. );
#6916=CARTESIAN_POINT ( 'NONE',  ( -1.250000000000000400, 0.0000000000000000000, 5.399999999999998600 ) );
#6917=DIRECTION ( 'NONE',  ( -1.000000000000000000, -1.540743955509788700E-033, 4.336808689941613800E-015 ) );
#6918=VERTEX_POINT ( 'NONE', #5053 );
#6919=ORIENTED_EDGE ( 'NONE', *, *, #6364, .T. );
#6920=ADVANCED_FACE ( 'NONE', ( #13799 ), #10586, .T. );
#6921=LINE ( 'NONE', #2873, #22 );
#6922=AXIS2_PLACEMENT_3D ( 'NONE', #6046, #11926, #2752 );
#6923=EDGE_LOOP ( 'NONE', ( #1398, #10691, #14469, #14177 ) );
#6924=VECTOR ( 'NONE', #4071, 1000.000000000000000 );
#6925=CARTESIAN_POINT ( 'NONE',  ( 4.200000000000002000, 0.05000000000000005100, 8.000000000000021300 ) );
#6926=FACE_OUTER_BOUND ( 'NONE', #12187, .T. );
#6927=EDGE_CURVE ( 'NONE', #5054, #12257, #4980, .T. );
#6928=ORIENTED_EDGE ( 'NONE', *, *, #11790, .T. );
#6929=ORIENTED_EDGE ( 'NONE', *, *, #3836, .T. );
#6930=VERTEX_POINT ( 'NONE', #5174 );
#6931=ORIENTED_EDGE ( 'NONE', *, *, #4386, .F. );
#6932=EDGE_CURVE ( 'NONE', #2195, #9914, #12914, .T. );
#6933=VERTEX_POINT ( 'NONE', #6238 );
#6934=DIRECTION ( 'NONE',  ( 4.710806231688491300E-035, 0.0000000000000000000, -1.000000000000000000 ) );
#6935=AXIS2_PLACEMENT_3D ( 'NONE', #354, #6639, #13908 );
#6936=VECTOR ( 'NONE', #5226, 1000.000000000000000 );
#6937=EDGE_LOOP ( 'NONE', ( #955, #14198, #8617, #10272 ) );
#6938=SURFACE_STYLE_USAGE ( .BOTH. , #3216 );
#6939=LINE ( 'NONE', #3211, #3926 );
#6940=ADVANCED_FACE ( 'NONE', ( #1080 ), #2063, .T. );
#6941=ORIENTED_EDGE ( 'NONE', *, *, #8664, .T. );
#6942=ORIENTED_EDGE ( 'NONE', *, *, #11834, .F. );
#6943=AXIS2_PLACEMENT_3D ( 'NONE', #387, #4114, #724 );
#6944=ORIENTED_EDGE ( 'NONE', *, *, #13152, .T. );
#6945=LINE ( 'NONE', #183, #52 );
#6946=EDGE_LOOP ( 'NONE', ( #4650, #8303, #13747, #8036 ) );
#6947=DIRECTION ( 'NONE',  ( 6.505213034913014000E-015, -0.0000000000000000000, 1.000000000000000000 ) );
#6948=ORIENTED_EDGE ( 'NONE', *, *, #2462, .T. );
#6949=CARTESIAN_POINT ( 'NONE',  ( -5.725000000000000500, 0.7999999999999999300, 7.680000000000000600 ) );
#6950=LINE ( 'NONE', #3858, #124 );
#6951=EDGE_CURVE ( 'NONE', #4262, #7648, #9590, .T. );
#6952=LINE ( 'NONE', #7714, #1206 );
#6953=ORIENTED_EDGE ( 'NONE', *, *, #6249, .F. );
#6954=VERTEX_POINT ( 'NONE', #3089 );
#6955=ADVANCED_FACE ( 'NONE', ( #12752 ), #13466, .F. );
#6956=ORIENTED_EDGE ( 'NONE', *, *, #11512, .T. );
#6957=VERTEX_POINT ( 'NONE', #924 );
#6958=EDGE_CURVE ( 'NONE', #8035, #4038, #8065, .T. );
#6959=LINE ( 'NONE', #4150, #96 );
#6960=ORIENTED_EDGE ( 'NONE', *, *, #9679, .F. );
#6961=LINE ( 'NONE', #1739, #22 );
#6962=ORIENTED_EDGE ( 'NONE', *, *, #8127, .F. );
#6963=EDGE_CURVE ( 'NONE', #2435, #2831, #13512, .T. );
#6964=EDGE_LOOP ( 'NONE', ( #3406, #14534, #12244, #14518 ) );
#6965=DIRECTION ( 'NONE',  ( -2.168404344971005700E-015, -0.0000000000000000000, 1.000000000000000000 ) );
#6966=FACE_BOUND ( 'NONE', #1425, .T. );
#6967=EDGE_CURVE ( 'NONE', #12206, #11212, #10542, .T. );
#6968=LINE ( 'NONE', #5531, #7167 );
#6969=CLOSED_SHELL ( 'NONE', ( #5692, #14214, #1708, #275, #2074, #7924 ) );
#6970=ORIENTED_EDGE ( 'NONE', *, *, #6509, .F. );
#6971=PLANE ( 'NONE',  #10739 );
#6972=ADVANCED_FACE ( 'NONE', ( #1768 ), #10258, .T. );
#6973=FACE_OUTER_BOUND ( 'NONE', #4647, .T. );
#6974=EDGE_CURVE ( 'NONE', #5543, #10629, #6835, .T. );
#6975=VERTEX_POINT ( 'NONE', #1032 );
#6976=EDGE_CURVE ( 'NONE', #7218, #4181, #12607, .T. );
#6977=VERTEX_POINT ( 'NONE', #2483 );
#6978=ORIENTED_EDGE ( 'NONE', *, *, #1500, .F. );
#6979=MECHANICAL_DESIGN_GEOMETRIC_PRESENTATION_REPRESENTATION (  '', ( #9910 ), #11937 );
#6980=FILL_AREA_STYLE ('',( #446 ) );
#6981=VECTOR ( 'NONE', #2363, 1000.000000000000000 );
#6982=ORIENTED_EDGE ( 'NONE', *, *, #4043, .F. );
#6983=PLANE ( 'NONE',  #9516 );
#6984=LINE ( 'NONE', #2108, #22 );
#6985=ORIENTED_EDGE ( 'NONE', *, *, #9811, .T. );
#6986=ORIENTED_EDGE ( 'NONE', *, *, #4933, .F. );
#6987=EDGE_LOOP ( 'NONE', ( #11687, #9617, #44, #3504 ) );
#6988=PLANE ( 'NONE',  #6393 );
#6989=DIRECTION ( 'NONE',  ( -5.529431079676191300E-014, 0.0000000000000000000, -1.000000000000000000 ) );
#6990=EDGE_CURVE ( 'NONE', #5684, #2034, #7008, .T. );
#6991=DIRECTION ( 'NONE',  ( -2.710505431213795100E-016, 0.0000000000000000000, -1.000000000000000000 ) );
#6992=EDGE_CURVE ( 'NONE', #9496, #13489, #116, .T. );
#6993=ORIENTED_EDGE ( 'NONE', *, *, #3824, .F. );
#6994=FACE_OUTER_BOUND ( 'NONE', #11528, .T. );
#6995=ADVANCED_FACE ( 'NONE', ( #9913 ), #30, .T. );
#6996=LINE ( 'NONE', #314, #52 );
#6997=ORIENTED_EDGE ( 'NONE', *, *, #10562, .T. );
#6998=EDGE_LOOP ( 'NONE', ( #2633, #7886, #12969, #11012 ) );
#6999=EDGE_CURVE ( 'NONE', #14680, #5038, #628, .T. );
#7000=AXIS2_PLACEMENT_3D ( 'NONE', #1126, #13337, #6457 );
#7001=VERTEX_POINT ( 'NONE', #5935 );
#7002=EDGE_LOOP ( 'NONE', ( #6282, #1173, #2689, #3476 ) );
#7003=AXIS2_PLACEMENT_3D ( 'NONE', #633, #4816, #7090 );
#7004=DIRECTION ( 'NONE',  ( -4.817324869196712800E-035, 0.0000000000000000000, 1.000000000000000000 ) );
#7005=EDGE_LOOP ( 'NONE', ( #12048, #6986, #7082, #3057 ) );
#7006=ORIENTED_EDGE ( 'NONE', *, *, #10481, .T. );
#7007=LINE ( 'NONE', #1591, #144 );
#7008=LINE ( 'NONE', #872, #121 );
#7009=EDGE_LOOP ( 'NONE', ( #11597, #5804, #3869, #6003 ) );
#7010=EDGE_CURVE ( 'NONE', #11862, #7478, #12283, .T. );
#7011=FACE_OUTER_BOUND ( 'NONE', #13140, .T. );
#7012=LINE ( 'NONE', #3047, #739 );
#7013=EDGE_LOOP ( 'NONE', ( #7434, #14185, #4888, #1423 ) );
#7014=ADVANCED_FACE ( 'NONE', ( #4801 ), #13454, .F. );
#7015=EDGE_LOOP ( 'NONE', ( #10864, #11747, #10723, #6318 ) );
#7016=EDGE_CURVE ( 'NONE', #12042, #10158, #1978, .T. );
#7017=ORIENTED_EDGE ( 'NONE', *, *, #5739, .F. );
#7018=EDGE_CURVE ( 'NONE', #5941, #2927, #10084, .T. );
#7019=AXIS2_PLACEMENT_3D ( 'NONE', #895, #4114, #724 );
#7020=ORIENTED_EDGE ( 'NONE', *, *, #12280, .T. );
#7021=PLANE ( 'NONE',  #1843 );
#7022=LINE ( 'NONE', #2590, #22 );
#7023=VECTOR ( 'NONE', #10060, 1000.000000000000000 );
#7024=ORIENTED_EDGE ( 'NONE', *, *, #732, .T. );
#7025=FACE_OUTER_BOUND ( 'NONE', #1225, .T. );
#7026=VERTEX_POINT ( 'NONE', #278 );
#7027=EDGE_LOOP ( 'NONE', ( #12583, #13153, #14751, #7901 ) );
#7028=ADVANCED_FACE ( 'NONE', ( #1505 ), #12528, .F. );
#7029=CARTESIAN_POINT ( 'NONE',  ( -0.7250000000000004200, 0.05000000000000007900, 3.949999999999998800 ) );
#7030=ORIENTED_EDGE ( 'NONE', *, *, #8030, .F. );
#7031=EDGE_CURVE ( 'NONE', #8632, #9776, #6075, .T. );
#7032=VECTOR ( 'NONE', #11329, 1000.000000000000000 );
#7033=PLANE ( 'NONE',  #5929 );
#7034=LINE ( 'NONE', #5104, #2220 );
#7035=ORIENTED_EDGE ( 'NONE', *, *, #10973, .F. );
#7036=FACE_OUTER_BOUND ( 'NONE', #11601, .T. );
#7037=LINE ( 'NONE', #605, #2259 );
#7038=EDGE_CURVE ( 'NONE', #2333, #936, #4969, .T. );
#7039=LINE ( 'NONE', #2483, #1411 );
#7040=ORIENTED_EDGE ( 'NONE', *, *, #11547, .T. );
#7041=FACE_OUTER_BOUND ( 'NONE', #7867, .T. );
#7042=ADVANCED_FACE ( 'NONE', ( #3207 ), #11544, .T. );
#7043=ORIENTED_EDGE ( 'NONE', *, *, #11085, .T. );
#7044=ORIENTED_EDGE ( 'NONE', *, *, #11170, .F. );
#7045=CARTESIAN_POINT ( 'NONE',  ( -1.000000000000000900, 0.0000000000000000000, 7.999999999999998200 ) );
#7046=VERTEX_POINT ( 'NONE', #8495 );
#7047=LINE ( 'NONE', #2838, #2440 );
#7048=AXIS2_PLACEMENT_3D ( 'NONE', #5980, #8369, #325 );
#7049=ORIENTED_EDGE ( 'NONE', *, *, #3338, .F. );
#7050=EDGE_CURVE ( 'NONE', #14247, #13104, #12126, .T. );
#7051=EDGE_LOOP ( 'NONE', ( #13149, #7142, #11159, #10594 ) );
#7052=FACE_OUTER_BOUND ( 'NONE', #11625, .T. );
#7053=ORIENTED_EDGE ( 'NONE', *, *, #11016, .F. );
#7054=ORIENTED_EDGE ( 'NONE', *, *, #8295, .F. );
#7055=CARTESIAN_POINT ( 'NONE',  ( -2.199999999999986000, 0.05000000000000005100, 7.199999999999996600 ) );
#7056=AXIS2_PLACEMENT_3D ( 'NONE', #202, #1224, #1815 );
#7057=ORIENTED_EDGE ( 'NONE', *, *, #4548, .T. );
#7058=ORIENTED_EDGE ( 'NONE', *, *, #13370, .T. );
#7059=ORIENTED_EDGE ( 'NONE', *, *, #7550, .T. );
#7060=ORIENTED_EDGE ( 'NONE', *, *, #6293, .T. );
#7061=EDGE_CURVE ( 'NONE', #10831, #12863, #10072, .T. );
#7062=VECTOR ( 'NONE', #318, 1000.000000000000000 );
#7063=FACE_OUTER_BOUND ( 'NONE', #9435, .T. );
#7064=VERTEX_POINT ( 'NONE', #3858 );
#7065=EDGE_CURVE ( 'NONE', #3534, #817, #3012, .T. );
#7066=ADVANCED_FACE ( 'NONE', ( #11020 ), #9767, .T. );
#7067=FACE_OUTER_BOUND ( 'NONE', #5987, .T. );
#7068=CARTESIAN_POINT ( 'NONE',  ( 6.299999999999971400, 3.388131789017201400E-018, 2.100000000000008500 ) );
#7069=VERTEX_POINT ( 'NONE', #9400 );
#7070=EDGE_LOOP ( 'NONE', ( #3427, #11230, #4447, #10479 ) );
#7071=EDGE_LOOP ( 'NONE', ( #12796, #14170, #12164, #7642 ) );
#7072=ORIENTED_EDGE ( 'NONE', *, *, #7961, .F. );
#7073=DIRECTION ( 'NONE',  ( 1.000000000000000000, -0.0000000000000000000, -1.626303258728330000E-015 ) );
#7074=EDGE_CURVE ( 'NONE', #13671, #1053, #3993, .T. );
#7075=PLANE ( 'NONE',  #13312 );
#7076=EDGE_LOOP ( 'NONE', ( #14184, #299, #9924, #13004 ) );
#7077=ORIENTED_EDGE ( 'NONE', *, *, #594, .F. );
#7078=EDGE_CURVE ( 'NONE', #10456, #4149, #1749, .T. );
#7079=EDGE_LOOP ( 'NONE', ( #5082, #11079, #3933, #14725 ) );
#7080=LINE ( 'NONE', #2908, #12098 );
#7081=FACE_OUTER_BOUND ( 'NONE', #13480, .T. );
#7082=ORIENTED_EDGE ( 'NONE', *, *, #12774, .F. );
#7083=CARTESIAN_POINT ( 'NONE',  ( -5.500000000000008000, 0.05000000000000005100, 4.899999999999993200 ) );
#7084=PLANE ( 'NONE',  #4638 );
#7085=LINE ( 'NONE', #877, #95 );
#7086=ORIENTED_EDGE ( 'NONE', *, *, #2264, .F. );
#7087=ORIENTED_EDGE ( 'NONE', *, *, #5111, .T. );
#7088=EDGE_CURVE ( 'NONE', #146, #8656, #11798, .T. );
#7089=ADVANCED_FACE ( 'NONE', ( #6441 ), #10707, .T. );
#7090=DIRECTION ( 'NONE',  ( -1.000000000000000000, 0.0000000000000000000, -1.713039432527285800E-013 ) );
#7091=AXIS2_PLACEMENT_3D ( 'NONE', #215, #88, #128 );
#7092=EDGE_LOOP ( 'NONE', ( #902, #10763, #14490, #1487 ) );
#7093=EDGE_LOOP ( 'NONE', ( #7163, #13068, #3118, #208 ) );
#7094=EDGE_CURVE ( 'NONE', #1613, #1127, #11962, .T. );
#7095=ORIENTED_EDGE ( 'NONE', *, *, #12972, .F. );
#7096=LINE ( 'NONE', #4620, #52 );
#7097=AXIS2_PLACEMENT_3D ( 'NONE', #354, #2668, #4885 );
#7098=EDGE_LOOP ( 'NONE', ( #10127, #7460, #12272, #12191 ) );
#7099=FACE_OUTER_BOUND ( 'NONE', #11599, .T. );
#7100=FACE_OUTER_BOUND ( 'NONE', #5725, .T. );
#7101=LINE ( 'NONE', #268, #2416 );
#7102=EDGE_CURVE ( 'NONE', #9039, #10626, #14090, .T. );
#7103=ORIENTED_EDGE ( 'NONE', *, *, #10675, .T. );
#7104=CARTESIAN_POINT ( 'NONE',  ( -3.799999999999998000, 0.7999999999999999300, -7.250000000000000900 ) );
#7105=CARTESIAN_POINT ( 'NONE',  ( -1.250000000000000200, 0.0000000000000000000, 3.424999999999998500 ) );
#7106=EDGE_CURVE ( 'NONE', #8038, #12089, #7889, .T. );
#7107=VERTEX_POINT ( 'NONE', #3068 );
#7108=EDGE_CURVE ( 'NONE', #2291, #1238, #7195, .T. );
#7109=ORIENTED_EDGE ( 'NONE', *, *, #3744, .F. );
#7110=ADVANCED_FACE ( 'NONE', ( #848 ), #4154, .T. );
#7111=ORIENTED_EDGE ( 'NONE', *, *, #7820, .T. );
#7112=LINE ( 'NONE', #1248, #3144 );
#7113=EDGE_CURVE ( 'NONE', #10460, #13179, #14246, .T. );
#7114=ORIENTED_EDGE ( 'NONE', *, *, #6999, .F. );
#7115=LINE ( 'NONE', #635, #1206 );
#7116=PLANE ( 'NONE',  #10976 );
#7117=AXIS2_PLACEMENT_3D ( 'NONE', #651, #2941, #1781 );
#7118=LINE ( 'NONE', #4385, #12445 );
#7119=ORIENTED_EDGE ( 'NONE', *, *, #10658, .F. );
#7120=LINE ( 'NONE', #11571, #119 );
#7121=CARTESIAN_POINT ( 'NONE',  ( -6.299999999999996300, 0.0000000000000000000, -1.500000000000002400 ) );
#7122=LINE ( 'NONE', #3565, #95 );
#7123=CARTESIAN_POINT ( 'NONE',  ( 2.999999999999989800, 0.05000000000000005100, -1.799999999999999600 ) );
#7124=VERTEX_POINT ( 'NONE', #12025 );
#7125=EDGE_LOOP ( 'NONE', ( #10859, #1087, #8547, #3579 ) );
#7126=DIRECTION ( 'NONE',  ( 1.000000000000000000, 0.0000000000000000000, -1.314184451497581300E-016 ) );
#7127=VERTEX_POINT ( 'NONE', #4347 );
#7128=LINE ( 'NONE', #5850, #186 );
#7129=ORIENTED_EDGE ( 'NONE', *, *, #1194, .F. );
#7130=ADVANCED_FACE ( 'NONE', ( #9066 ), #2880, .T. );
#7131=ORIENTED_EDGE ( 'NONE', *, *, #6018, .F. );
#7132=EDGE_CURVE ( 'NONE', #7376, #13733, #2389, .T. );
#7133=VECTOR ( 'NONE', #6333, 1000.000000000000000 );
#7134=FACE_OUTER_BOUND ( 'NONE', #10369, .T. );
#7135=ORIENTED_EDGE ( 'NONE', *, *, #11914, .T. );
#7136=ORIENTED_EDGE ( 'NONE', *, *, #2758, .T. );
#7137=EDGE_CURVE ( 'NONE', #13235, #10581, #2190, .T. );
#7138=ORIENTED_EDGE ( 'NONE', *, *, #7061, .T. );
#7139=PLANE ( 'NONE',  #6531 );
#7140=AXIS2_PLACEMENT_3D ( 'NONE', #5371, #2535, #1075 );
#7141=CARTESIAN_POINT ( 'NONE',  ( -4.599999999999990800, 0.05000000000000005100, -1.800000000000002000 ) );
#7142=ORIENTED_EDGE ( 'NONE', *, *, #4185, .F. );
#7143=PLANE ( 'NONE',  #12779 );
#7144=LINE ( 'NONE', #2089, #95 );
#7145=ORIENTED_EDGE ( 'NONE', *, *, #4666, .T. );
#7146=ORIENTED_EDGE ( 'NONE', *, *, #3727, .T. );
#7147=LINE ( 'NONE', #8495, #788 );
#7148=DIRECTION ( 'NONE',  ( -1.386294004633993400E-035, 0.0000000000000000000, -1.000000000000000000 ) );
#7149=AXIS2_PLACEMENT_3D ( 'NONE', #9708, #93, #18 );
#7150=FACE_BOUND ( 'NONE', #5991, .T. );
#7151=PLANE ( 'NONE',  #4275 );
#7152=ORIENTED_EDGE ( 'NONE', *, *, #5866, .T. );
#7153=VERTEX_POINT ( 'NONE', #1516 );
#7154=EDGE_CURVE ( 'NONE', #13268, #8840, #4784, .T. );
#7155=EDGE_LOOP ( 'NONE', ( #10821, #10582, #14668, #4302 ) );
#7156=DIRECTION ( 'NONE',  ( 5.899716722050216200E-035, 0.0000000000000000000, 1.000000000000000000 ) );
#7157=CARTESIAN_POINT ( 'NONE',  ( -6.299999999999998900, 0.05000000000000005100, 7.299999999999998000 ) );
#7158=DIRECTION ( 'NONE',  ( 1.000000000000000000, 0.0000000000000000000, 6.938514061341704300E-035 ) );
#7159=VECTOR ( 'NONE', #3499, 1000.000000000000000 );
#7160=EDGE_LOOP ( 'NONE', ( #5915, #5885, #6233, #11200 ) );
#7161=STYLED_ITEM ( 'NONE', ( #853 ), #5232 );
#7162=ORIENTED_EDGE ( 'NONE', *, *, #11371, .F. );
#7163=ORIENTED_EDGE ( 'NONE', *, *, #8691, .T. );
#7164=EDGE_CURVE ( 'NONE', #4138, #2104, #3602, .T. );
#7165=LINE ( 'NONE', #6598, #5302 );
#7166=ORIENTED_EDGE ( 'NONE', *, *, #1033, .F. );
#7167=VECTOR ( 'NONE', #2149, 1000.000000000000000 );
#7168=EDGE_CURVE ( 'NONE', #13879, #7376, #14664, .T. );
#7169=EDGE_LOOP ( 'NONE', ( #2178, #14676, #3339, #14110 ) );
#7170=DIRECTION ( 'NONE',  ( -1.000000000000000000, 0.0000000000000000000, 2.385244779468104100E-014 ) );
#7171=LINE ( 'NONE', #8868, #22 );
#7172=ORIENTED_EDGE ( 'NONE', *, *, #10490, .T. );
#7173=ORIENTED_EDGE ( 'NONE', *, *, #13239, .F. );
#7174=DIRECTION ( 'NONE',  ( 1.000000000000000000, 0.0000000000000000000, -4.210554863359194200E-036 ) );
#7175=ADVANCED_FACE ( 'NONE', ( #5912 ), #5541, .T. );
#7176=CARTESIAN_POINT ( 'NONE',  ( 5.500000000000027500, 0.0000000000000000000, -1.500000000000002700 ) );
#7177=VECTOR ( 'NONE', #6578, 1000.000000000000000 );
#7178=CARTESIAN_POINT ( 'NONE',  ( 6.299999999999992700, 0.05000000000000007900, -0.7000000000000022900 ) );
#7179=ORIENTED_EDGE ( 'NONE', *, *, #6558, .F. );
#7180=EDGE_CURVE ( 'NONE', #3559, #14074, #1292, .T. );
#7181=PLANE ( 'NONE',  #9670 );
#7182=LINE ( 'NONE', #2285, #95 );
#7183=ORIENTED_EDGE ( 'NONE', *, *, #4232, .T. );
#7184=FACE_OUTER_BOUND ( 'NONE', #9826, .T. );
#7185=VERTEX_POINT ( 'NONE', #9952 );
#7186=EDGE_LOOP ( 'NONE', ( #7077, #5691, #14345, #13356 ) );
#7187=AXIS2_PLACEMENT_3D ( 'NONE', #6925, #2535, #1075 );
#7188=EDGE_LOOP ( 'NONE', ( #13724, #6730, #3637, #14192 ) );
#7189=EDGE_CURVE ( 'NONE', #12873, #2036, #9420, .T. );
#7190=EDGE_CURVE ( 'NONE', #97, #644, #6824, .T. );
#7191=ORIENTED_EDGE ( 'NONE', *, *, #12151, .F. );
#7192=ADVANCED_FACE ( 'NONE', ( #8903 ), #30, .T. );
#7193=VERTEX_POINT ( 'NONE', #9658 );
#7194=LINE ( 'NONE', #10718, #3601 );
#7195=LINE ( 'NONE', #1567, #429 );
#7196=CLOSED_SHELL ( 'NONE', ( #1515, #7411, #12696, #9110, #11706, #8675 ) );
#7197=LINE ( 'NONE', #2335, #186 );
#7198=PLANE ( 'NONE',  #2 );
#7199=VECTOR ( 'NONE', #682, 1000.000000000000000 );
#7200=ORIENTED_EDGE ( 'NONE', *, *, #11193, .F. );
#7201=PLANE ( 'NONE',  #13925 );
#7202=VERTEX_POINT ( 'NONE', #9490 );
#7203=EDGE_CURVE ( 'NONE', #10862, #5684, #2781, .T. );
#7204=DIRECTION ( 'NONE',  ( 5.911569487279479500E-035, 0.0000000000000000000, 1.000000000000000000 ) );
#7205=VERTEX_POINT ( 'NONE', #1054 );
#7206=EDGE_CURVE ( 'NONE', #365, #14348, #2593, .T. );
#7207=VERTEX_POINT ( 'NONE', #1739 );
#7208=EDGE_CURVE ( 'NONE', #5328, #10291, #1963, .T. );
#7209=LINE ( 'NONE', #2838, #591 );
#7210=ADVANCED_FACE ( 'NONE', ( #5703 ), #301, .F. );
#7211=FACE_OUTER_BOUND ( 'NONE', #5324, .T. );
#7212=ORIENTED_EDGE ( 'NONE', *, *, #4806, .T. );
#7213=( GEOMETRIC_REPRESENTATION_CONTEXT ( 3 ) GLOBAL_UNCERTAINTY_ASSIGNED_CONTEXT ( ( #221 ) ) GLOBAL_UNIT_ASSIGNED_CONTEXT ( ( #324, #94, #251 ) ) REPRESENTATION_CONTEXT ( 'NONE', 'WORKASPACE' ) );
#7214=LINE ( 'NONE', #5045, #119 );
#7215=ORIENTED_EDGE ( 'NONE', *, *, #2199, .T. );
#7216=CARTESIAN_POINT ( 'NONE',  ( 5.000000000000049700, 0.05000000000000007900, 7.999999999999976000 ) );
#7217=PLANE ( 'NONE',  #5103 );
#7218=VERTEX_POINT ( 'NONE', #2075 );
#7219=EDGE_LOOP ( 'NONE', ( #75, #3896, #1372, #1435 ) );
#7220=CARTESIAN_POINT ( 'NONE',  ( -5.824999999999999300, 20.65008038564430800, 7.430000000000001500 ) );
#7221=FACE_OUTER_BOUND ( 'NONE', #8129, .T. );
#7222=ORIENTED_EDGE ( 'NONE', *, *, #8332, .F. );
#7223=DIRECTION ( 'NONE',  ( 1.000000000000000000, -0.0000000000000000000, 2.312838020447182500E-035 ) );
#7224=EDGE_CURVE ( 'NONE', #13803, #7702, #11647, .T. );
#7225=LINE ( 'NONE', #4169, #96 );
#7226=CARTESIAN_POINT ( 'NONE',  ( -5.500000000000009800, 0.0000000000000000000, -1.100000000000004500 ) );
#7227=VERTEX_POINT ( 'NONE', #569 );
#7228=ORIENTED_EDGE ( 'NONE', *, *, #10787, .T. );
#7229=CARTESIAN_POINT ( 'NONE',  ( 6.299999999999971400, 0.05000000000000005100, 5.299999999999993600 ) );
#7230=EDGE_CURVE ( 'NONE', #4149, #10158, #8555, .T. );
#7231=DIRECTION ( 'NONE',  ( -1.000000000000000000, -0.0000000000000000000, 3.794707603699317600E-015 ) );
#7232=VERTEX_POINT ( 'NONE', #2038 );
#7233=DIRECTION ( 'NONE',  ( -1.000000000000000000, 0.0000000000000000000, -1.355252715606909400E-016 ) );
#7234=ORIENTED_EDGE ( 'NONE', *, *, #12120, .T. );
#7235=LINE ( 'NONE', #9459, #119 );
#7236=LINE ( 'NONE', #3943, #22 );
#7237=EDGE_LOOP ( 'NONE', ( #4090, #11418, #10079, #13648 ) );
#7238=LINE ( 'NONE', #3333, #144 );
#7239=ORIENTED_EDGE ( 'NONE', *, *, #4996, .T. );
#7240=PLANE ( 'NONE',  #13550 );
#7241=ORIENTED_EDGE ( 'NONE', *, *, #3132, .T. );
#7242=ORIENTED_EDGE ( 'NONE', *, *, #12375, .T. );
#7243=CARTESIAN_POINT ( 'NONE',  ( -4.200000000000000200, 0.0000000000000000000, -2.600000000000024100 ) );
#7244=ADVANCED_FACE ( 'NONE', ( #10850 ), #13145, .F. );
#7245=ORIENTED_EDGE ( 'NONE', *, *, #10413, .T. );
#7246=EDGE_LOOP ( 'NONE', ( #5041, #13491, #10659, #9043 ) );
#7247=VERTEX_POINT ( 'NONE', #529 );
#7248=LINE ( 'NONE', #4188, #52 );
#7249=LINE ( 'NONE', #7997, #52 );
#7250=AXIS2_PLACEMENT_3D ( 'NONE', #8525, #9582, #10559 );
#7251=LINE ( 'NONE', #1478, #186 );
#7252=VERTEX_POINT ( 'NONE', #5371 );
#7253=LINE ( 'NONE', #651, #52 );
#7254=AXIS2_PLACEMENT_3D ( 'NONE', #491, #2535, #1075 );
#7255=LINE ( 'NONE', #5862, #95 );
#7256=ORIENTED_EDGE ( 'NONE', *, *, #9559, .F. );
#7257=CARTESIAN_POINT ( 'NONE',  ( 3.799999999999989200, 0.05000000000000007900, -2.600000000000024100 ) );
#7258=PLANE ( 'NONE',  #240 );
#7259=VERTEX_POINT ( 'NONE', #11231 );
#7260=AXIS2_PLACEMENT_3D ( 'NONE', #3026, #8613, #11175 );
#7261=VERTEX_POINT ( 'NONE', #5694 );
#7262=VERTEX_POINT ( 'NONE', #1546 );
#7263=EDGE_LOOP ( 'NONE', ( #14022, #13372, #3270, #7059 ) );
#7264=FACE_OUTER_BOUND ( 'NONE', #1328, .T. );
#7265=ADVANCED_FACE ( 'NONE', ( #13197 ), #6784, .T. );
#7266=FACE_OUTER_BOUND ( 'NONE', #7645, .T. );
#7267=ORIENTED_EDGE ( 'NONE', *, *, #5402, .T. );
#7268=EDGE_CURVE ( 'NONE', #3761, #1831, #13341, .T. );
#7269=LINE ( 'NONE', #2461, #3466 );
#7270=LINE ( 'NONE', #5868, #11099 );
#7271=DIRECTION ( 'NONE',  ( -1.000000000000000000, 0.0000000000000000000, 5.421010862427661200E-016 ) );
#7272=ORIENTED_EDGE ( 'NONE', *, *, #4563, .F. );
#7273=ORIENTED_EDGE ( 'NONE', *, *, #13806, .F. );
#7274=EDGE_CURVE ( 'NONE', #4081, #5752, #6806, .T. );
#7275=EDGE_CURVE ( 'NONE', #14074, #4442, #3586, .T. );
#7276=ORIENTED_EDGE ( 'NONE', *, *, #9853, .T. );
#7277=ORIENTED_EDGE ( 'NONE', *, *, #3139, .F. );
#7278=FACE_OUTER_BOUND ( 'NONE', #13625, .T. );
#7279=VERTEX_POINT ( 'NONE', #940 );
#7280=LINE ( 'NONE', #7229, #3307 );
#7281=ADVANCED_FACE ( 'NONE', ( #10688 ), #12197, .T. );
#7282=AXIS2_PLACEMENT_3D ( 'NONE', #1709, #128, #93 );
#7283=VECTOR ( 'NONE', #13779, 1000.000000000000000 );
#7284=VERTEX_POINT ( 'NONE', #3044 );
#7285=DIRECTION ( 'NONE',  ( -1.019150042136311900E-013, 0.0000000000000000000, 1.000000000000000000 ) );
#7286=VERTEX_POINT ( 'NONE', #6659 );
#7287=EDGE_CURVE ( 'NONE', #507, #1426, #2579, .T. );
#7288=ORIENTED_EDGE ( 'NONE', *, *, #10940, .F. );
#7289=PLANE ( 'NONE',  #14023 );
#7290=DIRECTION ( 'NONE',  ( 4.878909776184620100E-015, -7.703719777548943400E-034, 1.000000000000000000 ) );
#7291=EDGE_CURVE ( 'NONE', #10288, #8912, #8542, .T. );
#7292=VERTEX_POINT ( 'NONE', #2335 );
#7293=LINE ( 'NONE', #1927, #95 );
#7294=PLANE ( 'NONE',  #14428 );
#7295=ORIENTED_EDGE ( 'NONE', *, *, #6116, .T. );
#7296=ORIENTED_EDGE ( 'NONE', *, *, #1911, .T. );
#7297=LINE ( 'NONE', #3332, #9827 );
#7298=( GEOMETRIC_REPRESENTATION_CONTEXT ( 3 ) GLOBAL_UNCERTAINTY_ASSIGNED_CONTEXT ( ( #221 ) ) GLOBAL_UNIT_ASSIGNED_CONTEXT ( ( #324, #94, #251 ) ) REPRESENTATION_CONTEXT ( 'NONE', 'WORKASPACE' ) );
#7299=FACE_OUTER_BOUND ( 'NONE', #4978, .T. );
#7300=ORIENTED_EDGE ( 'NONE', *, *, #14557, .F. );
#7301=VECTOR ( 'NONE', #1815, 1000.000000000000000 );
#7302=CARTESIAN_POINT ( 'NONE',  ( -5.000000000000024900, 3.388131789017201400E-018, -1.799999999999895500 ) );
#7303=EDGE_CURVE ( 'NONE', #9524, #7127, #9234, .T. );
#7304=AXIS2_PLACEMENT_3D ( 'NONE', #1395, #11833, #10874 );
#7305=CARTESIAN_POINT ( 'NONE',  ( 6.299999999999972300, 0.0000000000000000000, 0.9000000000000053500 ) );
#7306=ORIENTED_EDGE ( 'NONE', *, *, #3857, .T. );
#7307=VERTEX_POINT ( 'NONE', #2234 );
#7308=CARTESIAN_POINT ( 'NONE',  ( 0.7250000000000015300, 0.05000000000000005100, 1.974999999999999000 ) );
#7309=ADVANCED_FACE ( 'NONE', ( #11006 ), #301, .F. );
#7310=AXIS2_PLACEMENT_3D ( 'NONE', #3167, #338, #342 );
#7311=EDGE_LOOP ( 'NONE', ( #6896, #12314, #9227, #5972 ) );
#7312=EDGE_LOOP ( 'NONE', ( #1989, #1002, #6010, #2494 ) );
#7313=FACE_OUTER_BOUND ( 'NONE', #12742, .T. );
#7314=VERTEX_POINT ( 'NONE', #1675 );
#7315=LINE ( 'NONE', #3413, #52 );
#7316=EDGE_LOOP ( 'NONE', ( #13754, #6900, #2082, #12133 ) );
#7317=CARTESIAN_POINT ( 'NONE',  ( -2.599999999999999200, 0.05000000000000007900, -1.800000000000001400 ) );
#7318=EDGE_CURVE ( 'NONE', #14257, #3768, #4375, .T. );
#7319=LINE ( 'NONE', #1920, #441 );
#7320=CARTESIAN_POINT ( 'NONE',  ( 2.199999999999989100, 0.05000000000000005100, 8.000000000000021300 ) );
#7321=EDGE_CURVE ( 'NONE', #14257, #11556, #11333, .T. );
#7322=ORIENTED_EDGE ( 'NONE', *, *, #10490, .F. );
#7323=ORIENTED_EDGE ( 'NONE', *, *, #14078, .F. );
#7324=VERTEX_POINT ( 'NONE', #374 );
#7325=VERTEX_POINT ( 'NONE', #3260 );
#7326=EDGE_CURVE ( 'NONE', #10731, #10748, #14363, .T. );
#7327=CARTESIAN_POINT ( 'NONE',  ( -0.7249999999999999800, 0.05000000000000007900, 1.449999999999998200 ) );
#7328=FACE_OUTER_BOUND ( 'NONE', #810, .T. );
#7329=PLANE ( 'NONE',  #9805 );
#7330=CLOSED_SHELL ( 'NONE', ( #1939, #12034, #4014, #14254, #5715, #14739 ) );
#7331=ADVANCED_FACE ( 'NONE', ( #7875 ), #175, .T. );
#7332=ORIENTED_EDGE ( 'NONE', *, *, #3006, .T. );
#7333=LINE ( 'NONE', #1551, #22 );
#7334=VECTOR ( 'NONE', #9592, 1000.000000000000000 );
#7335=ORIENTED_EDGE ( 'NONE', *, *, #9312, .F. );
#7336=AXIS2_PLACEMENT_3D ( 'NONE', #872, #511, #613 );
#7337=VERTEX_POINT ( 'NONE', #4813 );
#7338=VERTEX_POINT ( 'NONE', #5214 );
#7339=EDGE_CURVE ( 'NONE', #4713, #8883, #4767, .T. );
#7340=ORIENTED_EDGE ( 'NONE', *, *, #13436, .F. );
#7341=ORIENTED_EDGE ( 'NONE', *, *, #11719, .F. );
#7342=ORIENTED_EDGE ( 'NONE', *, *, #9507, .T. );
#7343=VECTOR ( 'NONE', #1846, 1000.000000000000000 );
#7344=EDGE_CURVE ( 'NONE', #3761, #8513, #8212, .T. );
#7345=ADVANCED_FACE ( 'NONE', ( #6628 ), #6545, .F. );
#7346=LINE ( 'NONE', #91, #52 );
#7347=LINE ( 'NONE', #2959, #52 );
#7348=ORIENTED_EDGE ( 'NONE', *, *, #2067, .F. );
#7349=AXIS2_PLACEMENT_3D ( 'NONE', #3195, #23, #128 );
#7350=FACE_OUTER_BOUND ( 'NONE', #12769, .T. );
#7351=ORIENTED_EDGE ( 'NONE', *, *, #12229, .T. );
#7352=CARTESIAN_POINT ( 'NONE',  ( -5.974999999999999600, 2.299999999999999800, -2.269999999999998700 ) );
#7353=EDGE_LOOP ( 'NONE', ( #12063, #12602, #12652, #11912 ) );
#7354=LINE ( 'NONE', #1875, #384 );
#7355=ORIENTED_EDGE ( 'NONE', *, *, #13417, .T. );
#7356=ORIENTED_EDGE ( 'NONE', *, *, #9840, .T. );
#7357=( GEOMETRIC_REPRESENTATION_CONTEXT ( 3 ) GLOBAL_UNCERTAINTY_ASSIGNED_CONTEXT ( ( #221 ) ) GLOBAL_UNIT_ASSIGNED_CONTEXT ( ( #324, #94, #251 ) ) REPRESENTATION_CONTEXT ( 'NONE', 'WORKASPACE' ) );
#7358=ORIENTED_EDGE ( 'NONE', *, *, #4084, .F. );
#7359=EDGE_CURVE ( 'NONE', #9616, #14439, #5891, .T. );
#7360=LINE ( 'NONE', #5207, #2134 );
#7361=ORIENTED_EDGE ( 'NONE', *, *, #7303, .F. );
#7362=ORIENTED_EDGE ( 'NONE', *, *, #6355, .T. );
#7363=ADVANCED_FACE ( 'NONE', ( #7529 ), #1415, .T. );
#7364=PLANE ( 'NONE',  #6350 );
#7365=ORIENTED_EDGE ( 'NONE', *, *, #13693, .F. );
#7366=VERTEX_POINT ( 'NONE', #2163 );
#7367=DIRECTION ( 'NONE',  ( -1.000000000000000000, 0.0000000000000000000, -2.385244779468105300E-014 ) );
#7368=MECHANICAL_DESIGN_GEOMETRIC_PRESENTATION_REPRESENTATION (  '', ( #8085 ), #530 );
#7369=EDGE_CURVE ( 'NONE', #1876, #1039, #8890, .T. );
#7370=ORIENTED_EDGE ( 'NONE', *, *, #8922, .F. );
#7371=EDGE_CURVE ( 'NONE', #42, #8213, #830, .T. );
#7372=EDGE_LOOP ( 'NONE', ( #5486, #11482, #14549, #9705 ) );
#7373=LINE ( 'NONE', #12361, #4178 );
#7374=ORIENTED_EDGE ( 'NONE', *, *, #12107, .F. );
#7375=ORIENTED_EDGE ( 'NONE', *, *, #9467, .F. );
#7376=VERTEX_POINT ( 'NONE', #8965 );
#7377=ADVANCED_FACE ( 'NONE', ( #4176 ), #6602, .T. );
#7378=EDGE_CURVE ( 'NONE', #10679, #13269, #6996, .T. );
#7379=EDGE_CURVE ( 'NONE', #3542, #12478, #7707, .T. );
#7380=ORIENTED_EDGE ( 'NONE', *, *, #6568, .T. );
#7381=ORIENTED_EDGE ( 'NONE', *, *, #5206, .T. );
#7382=PLANE ( 'NONE',  #1443 );
#7383=LINE ( 'NONE', #2635, #52 );
#7384=ORIENTED_EDGE ( 'NONE', *, *, #5814, .F. );
#7385=LINE ( 'NONE', #1125, #52 );
#7386=LINE ( 'NONE', #3299, #1065 );
#7387=VERTEX_POINT ( 'NONE', #8905 );
#7388=EDGE_CURVE ( 'NONE', #6113, #1758, #7182, .T. );
#7389=ORIENTED_EDGE ( 'NONE', *, *, #3349, .T. );
#7390=CARTESIAN_POINT ( 'NONE',  ( 2.700000000000001100, 0.05000000000000005100, -1.734723475976807100E-015 ) );
#7391=AXIS2_PLACEMENT_3D ( 'NONE', #202, #18, #23 );
#7392=ORIENTED_EDGE ( 'NONE', *, *, #13806, .T. );
#7393=LINE ( 'NONE', #2249, #119 );
#7394=ADVANCED_FACE ( 'NONE', ( #5147 ), #5448, .T. );
#7395=DIRECTION ( 'NONE',  ( 1.000000000000000000, -0.0000000000000000000, 2.312838020447142400E-035 ) );
#7396=ORIENTED_EDGE ( 'NONE', *, *, #2525, .T. );
#7397=EDGE_CURVE ( 'NONE', #6048, #5108, #11949, .T. );
#7398=LINE ( 'NONE', #4778, #119 );
#7399=EDGE_CURVE ( 'NONE', #3902, #3844, #12900, .T. );
#7400=LINE ( 'NONE', #4751, #144 );
#7401=ORIENTED_EDGE ( 'NONE', *, *, #4438, .T. );
#7402=AXIS2_PLACEMENT_3D ( 'NONE', #202, #88, #5299 );
#7403=EDGE_CURVE ( 'NONE', #1550, #2291, #1733, .T. );
#7404=AXIS2_PLACEMENT_3D ( 'NONE', #1988, #18, #511 );
#7405=ORIENTED_EDGE ( 'NONE', *, *, #7831, .F. );
#7406=CARTESIAN_POINT ( 'NONE',  ( -6.299999999999998900, 0.05000000000000005100, -0.3000000000000014300 ) );
#7407=LINE ( 'NONE', #5220, #22 );
#7408=FACE_OUTER_BOUND ( 'NONE', #8336, .T. );
#7409=ORIENTED_EDGE ( 'NONE', *, *, #7190, .T. );
#7410=EDGE_CURVE ( 'NONE', #1729, #14067, #6427, .T. );
#7411=ADVANCED_FACE ( 'NONE', ( #3188 ), #13207, .T. );
#7412=ORIENTED_EDGE ( 'NONE', *, *, #3018, .T. );
#7413=CARTESIAN_POINT ( 'NONE',  ( -6.299999999999995400, 0.05000000000000007900, 6.899999999999998600 ) );
#7414=MANIFOLD_SOLID_BREP ( 'Pin 1', #11316 );
#7415=STYLED_ITEM ( 'NONE', ( #69 ), #11311 );
#7416=ORIENTED_EDGE ( 'NONE', *, *, #2434, .F. );
#7417=ORIENTED_EDGE ( 'NONE', *, *, #2041, .F. );
#7418=EDGE_CURVE ( 'NONE', #11514, #8229, #10676, .T. );
#7419=CARTESIAN_POINT ( 'NONE',  ( 1.800000000000002900, 3.388131789017201400E-018, -1.800000000000001400 ) );
#7420=VERTEX_POINT ( 'NONE', #246 );
#7421=LINE ( 'NONE', #7216, #52 );
#7422=LINE ( 'NONE', #1121, #186 );
#7423=VERTEX_POINT ( 'NONE', #445 );
#7424=PLANE ( 'NONE',  #9492 );
#7425=EDGE_CURVE ( 'NONE', #8181, #1056, #9052, .T. );
#7426=PRESENTATION_LAYER_ASSIGNMENT (  '', '', ( #4534 ) );
#7427=LINE ( 'NONE', #842, #95 );
#7428=ORIENTED_EDGE ( 'NONE', *, *, #12842, .T. );
#7429=ADVANCED_FACE ( 'NONE', ( #8719 ), #11167, .T. );
#7430=ORIENTED_EDGE ( 'NONE', *, *, #11994, .T. );
#7431=ORIENTED_EDGE ( 'NONE', *, *, #13530, .F. );
#7432=DIRECTION ( 'NONE',  ( -2.168404344970947300E-015, -0.0000000000000000000, -1.000000000000000000 ) );
#7433=PLANE ( 'NONE',  #11972 );
#7434=ORIENTED_EDGE ( 'NONE', *, *, #5280, .T. );
#7435=FACE_OUTER_BOUND ( 'NONE', #12856, .T. );
#7436=AXIS2_PLACEMENT_3D ( 'NONE', #2911, #93, #18 );
#7437=ORIENTED_EDGE ( 'NONE', *, *, #2332, .T. );
#7438=DIRECTION ( 'NONE',  ( -6.904628285905605800E-036, 0.0000000000000000000, -1.000000000000000000 ) );
#7439=EDGE_CURVE ( 'NONE', #6839, #1009, #13030, .T. );
#7440=ORIENTED_EDGE ( 'NONE', *, *, #6932, .F. );
#7441=ORIENTED_EDGE ( 'NONE', *, *, #14186, .F. );
#7442=PLANE ( 'NONE',  #736 );
#7443=AXIS2_PLACEMENT_3D ( 'NONE', #1760, #4256, #345 );
#7444=ADVANCED_FACE ( 'NONE', ( #5878 ), #11072, .F. );
#7445=DIRECTION ( 'NONE',  ( 1.000000000000000000, 0.0000000000000000000, -5.204170427930588500E-014 ) );
#7446=ORIENTED_EDGE ( 'NONE', *, *, #3847, .T. );
#7447=EDGE_LOOP ( 'NONE', ( #4892, #4035, #1521, #6812 ) );
#7448=ORIENTED_EDGE ( 'NONE', *, *, #13937, .F. );
#7449=LINE ( 'NONE', #5282, #22 );
#7450=EDGE_CURVE ( 'NONE', #8738, #8753, #11168, .T. );
#7451=VERTEX_POINT ( 'NONE', #782 );
#7452=ORIENTED_EDGE ( 'NONE', *, *, #3870, .F. );
#7453=CARTESIAN_POINT ( 'NONE',  ( -2.449999999999998000, 0.04999999999999960700, -4.699999999999997500 ) );
#7454=VERTEX_POINT ( 'NONE', #4560 );
#7455=EDGE_LOOP ( 'NONE', ( #5495, #9696, #13189, #12827 ) );
#7456=EDGE_LOOP ( 'NONE', ( #13570, #10986, #8909, #10465 ) );
#7457=EDGE_CURVE ( 'NONE', #1436, #5132, #8980, .T. );
#7458=ORIENTED_EDGE ( 'NONE', *, *, #12569, .F. );
#7459=ORIENTED_EDGE ( 'NONE', *, *, #11201, .F. );
#7460=ORIENTED_EDGE ( 'NONE', *, *, #4622, .F. );
#7461=LINE ( 'NONE', #1624, #52 );
#7462=ADVANCED_FACE ( 'NONE', ( #13329 ), #6748, .T. );
#7463=AXIS2_PLACEMENT_3D ( 'NONE', #3060, #4515, #1805 );
#7464=VERTEX_POINT ( 'NONE', #4316 );
#7465=EDGE_CURVE ( 'NONE', #10606, #10862, #1255, .T. );
#7466=VERTEX_POINT ( 'NONE', #2832 );
#7467=EDGE_CURVE ( 'NONE', #9997, #9810, #2761, .T. );
#7468=PLANE ( 'NONE',  #3558 );
#7469=LINE ( 'NONE', #136, #5060 );
#7470=LINE ( 'NONE', #5075, #2918 );
#7471=ORIENTED_EDGE ( 'NONE', *, *, #10406, .F. );
#7472=VECTOR ( 'NONE', #9360, 1000.000000000000000 );
#7473=EDGE_LOOP ( 'NONE', ( #5137, #10840, #3650, #2360 ) );
#7474=FACE_OUTER_BOUND ( 'NONE', #8006, .T. );
#7475=CARTESIAN_POINT ( 'NONE',  ( 2.199999999999990000, 0.05000000000000007900, -1.799999999999999600 ) );
#7476=DIRECTION ( 'NONE',  ( 4.088991050516890400E-014, 0.0000000000000000000, -1.000000000000000000 ) );
#7477=EDGE_CURVE ( 'NONE', #4862, #5530, #1948, .T. );
#7478=VERTEX_POINT ( 'NONE', #9174 );
#7479=EDGE_CURVE ( 'NONE', #10679, #13763, #3771, .T. );
#7480=VERTEX_POINT ( 'NONE', #7908 );
#7481=ADVANCED_FACE ( 'NONE', ( #11623 ), #2977, .F. );
#7482=AXIS2_PLACEMENT_3D ( 'NONE', #2222, #778, #6457 );
#7483=EDGE_CURVE ( 'NONE', #2104, #5188, #74, .T. );
#7484=ORIENTED_EDGE ( 'NONE', *, *, #11421, .F. );
#7485=AXIS2_PLACEMENT_3D ( 'NONE', #6925, #2192, #5855 );
#7486=LINE ( 'NONE', #515, #6575 );
#7487=VERTEX_POINT ( 'NONE', #1944 );
#7488=FACE_OUTER_BOUND ( 'NONE', #6319, .T. );
#7489=FACE_OUTER_BOUND ( 'NONE', #5759, .T. );
#7490=VERTEX_POINT ( 'NONE', #4781 );
#7491=EDGE_LOOP ( 'NONE', ( #12314, #13368, #13141, #4942 ) );
#7492=MANIFOLD_SOLID_BREP ( 'Pin 49_5', #7330 );
#7493=ORIENTED_EDGE ( 'NONE', *, *, #12134, .T. );
#7494=ADVANCED_FACE ( 'NONE', ( #12887 ), #3359, .F. );
#7495=FACE_OUTER_BOUND ( 'NONE', #14017, .T. );
#7496=EDGE_CURVE ( 'NONE', #14247, #8738, #8374, .T. );
#7497=ORIENTED_EDGE ( 'NONE', *, *, #3043, .F. );
#7498=DIRECTION ( 'NONE',  ( -1.000000000000000000, 0.0000000000000000000, 4.336808689942147900E-015 ) );
#7499=VECTOR ( 'NONE', #1089, 1000.000000000000000 );
#7500=EDGE_LOOP ( 'NONE', ( #55, #10396, #13428, #11510 ) );
#7501=EDGE_LOOP ( 'NONE', ( #12056, #5119, #14279, #11613 ) );
#7502=EDGE_CURVE ( 'NONE', #11021, #7069, #5492, .T. );
#7503=LINE ( 'NONE', #5532, #96 );
#7504=ADVANCED_BREP_SHAPE_REPRESENTATION ( 'ESP32-PICO-MINI-02', ( #8453, #11311, #13060, #14491, #9921, #1392, #13685, #4773, #11402, #5409, #5607, #826, #8359, #12357, #5144, #4755, #3544, #10169, #3747, #7671, #14056, #5232, #6557, #10805, #11935, #8529, #14566, #5908, #588, #3042, #9417, #9150, #9586, #1171, #12373, #7414, #2499, #10974, #8108, #11537, #8971, #14716, #328, #11387, #12741, #13609, #11771, #6843, #1629, #4028, #6366, #2931, #13128, #4954, #10334, #12822, #10565, #13218, #5803, #7934, #8888, #3453, #934, #1868, #7492, #12910, #14200, #9998, #7391 ), #13196 );
#7505=DIRECTION ( 'NONE',  ( -4.491258520944112600E-035, 0.0000000000000000000, 1.000000000000000000 ) );
#7506=FACE_BOUND ( 'NONE', #12817, .T. );
#7507=FACE_OUTER_BOUND ( 'NONE', #6504, .T. );
#7508=ORIENTED_EDGE ( 'NONE', *, *, #133, .F. );
#7509=VERTEX_POINT ( 'NONE', #9316 );
#7510=EDGE_CURVE ( 'NONE', #6017, #4624, #2157, .T. );
#7511=EDGE_LOOP ( 'NONE', ( #2142, #1117, #1223, #1043 ) );
#7512=DIRECTION ( 'NONE',  ( -1.084202172485582900E-015, 0.0000000000000000000, -1.000000000000000000 ) );
#7513=LINE ( 'NONE', #3060, #6781 );
#7514=ORIENTED_EDGE ( 'NONE', *, *, #14116, .F. );
#7515=ADVANCED_FACE ( 'NONE', ( #10995 ), #12309, .T. );
#7516=EDGE_LOOP ( 'NONE', ( #11062, #8040, #11589, #12735 ) );
#7517=CARTESIAN_POINT ( 'NONE',  ( -4.199999999999999300, 3.388131789017201400E-018, 8.000000000000021300 ) );
#7518=VERTEX_POINT ( 'NONE', #842 );
#7519=EDGE_LOOP ( 'NONE', ( #9975, #1905, #12733, #4973 ) );
#7520=PLANE ( 'NONE',  #10540 );
#7521=LINE ( 'NONE', #474, #591 );
#7522=VERTEX_POINT ( 'NONE', #877 );
#7523=ORIENTED_EDGE ( 'NONE', *, *, #9944, .T. );
#7524=ORIENTED_EDGE ( 'NONE', *, *, #11187, .T. );
#7525=CIRCLE ( 'NONE', #4396, 0.1000000000000002600 );
#7526=ORIENTED_EDGE ( 'NONE', *, *, #6388, .F. );
#7527=PRESENTATION_LAYER_ASSIGNMENT (  '', '', ( #14731 ) );
#7528=ORIENTED_EDGE ( 'NONE', *, *, #3567, .T. );
#7529=FACE_OUTER_BOUND ( 'NONE', #5549, .T. );
#7530=DIRECTION ( 'NONE',  ( 1.000000000000000000, 0.0000000000000000000, -1.386294004634012100E-035 ) );
#7531=ORIENTED_EDGE ( 'NONE', *, *, #12073, .F. );
#7532=PLANE ( 'NONE',  #5221 );
#7533=EDGE_LOOP ( 'NONE', ( #9202, #3587, #7995, #4399 ) );
#7534=ADVANCED_FACE ( 'NONE', ( #8199 ), #9169, .F. );
#7535=VERTEX_POINT ( 'NONE', #4536 );
#7536=CARTESIAN_POINT ( 'NONE',  ( -2.999999999999986200, 0.05000000000000005100, -2.600000000000024100 ) );
#7537=ORIENTED_EDGE ( 'NONE', *, *, #2018, .T. );
#7538=DIRECTION ( 'NONE',  ( 1.084202172485581700E-015, 0.0000000000000000000, -1.000000000000000000 ) );
#7539=ORIENTED_EDGE ( 'NONE', *, *, #6310, .T. );
#7540=LINE ( 'NONE', #3060, #52 );
#7541=EDGE_LOOP ( 'NONE', ( #10287, #5129, #7790, #3234 ) );
#7542=CARTESIAN_POINT ( 'NONE',  ( -1.540743955509788700E-030, 0.05000000000000005100, 0.0000000000000000000 ) );
#7543=FACE_OUTER_BOUND ( 'NONE', #6365, .T. );
#7544=PLANE ( 'NONE',  #13458 );
#7545=FACE_OUTER_BOUND ( 'NONE', #10438, .T. );
#7546=ORIENTED_EDGE ( 'NONE', *, *, #14480, .F. );
#7547=PLANE ( 'NONE',  #1070 );
#7548=ORIENTED_EDGE ( 'NONE', *, *, #1663, .F. );
#7549=CARTESIAN_POINT ( 'NONE',  ( -5.599999999999997900, 0.05000000000000005100, -1.900000000000001700 ) );
#7550=EDGE_CURVE ( 'NONE', #8526, #4646, #10523, .T. );
#7551=ADVANCED_FACE ( 'NONE', ( #10217 ), #13244, .T. );
#7552=EDGE_CURVE ( 'NONE', #351, #2338, #589, .T. );
#7553=DIRECTION ( 'NONE',  ( -1.000000000000000000, 0.0000000000000000000, -1.084202172485537200E-015 ) );
#7554=ORIENTED_EDGE ( 'NONE', *, *, #1858, .F. );
#7555=AXIS2_PLACEMENT_3D ( 'NONE', #67, #1162, #5355 );
#7556=PRESENTATION_LAYER_ASSIGNMENT (  '', '', ( #6482 ) );
#7557=VECTOR ( 'NONE', #7505, 1000.000000000000000 );
#7558=LINE ( 'NONE', #137, #1206 );
#7559=ORIENTED_EDGE ( 'NONE', *, *, #11618, .F. );
#7560=LINE ( 'NONE', #5585, #1411 );
#7561=LINE ( 'NONE', #1404, #1541 );
#7562=EDGE_LOOP ( 'NONE', ( #2824, #8695, #5325, #14213 ) );
#7563=EDGE_CURVE ( 'NONE', #12901, #14367, #9885, .T. );
#7564=ORIENTED_EDGE ( 'NONE', *, *, #11239, .T. );
#7565=EDGE_CURVE ( 'NONE', #1758, #5571, #6241, .T. );
#7566=PLANE ( 'NONE',  #10873 );
#7567=MECHANICAL_DESIGN_GEOMETRIC_PRESENTATION_REPRESENTATION (  '', ( #14374 ), #2362 );
#7568=ADVANCED_FACE ( 'NONE', ( #9041 ), #6254, .F. );
#7569=ORIENTED_EDGE ( 'NONE', *, *, #13365, .F. );
#7570=CIRCLE ( 'NONE', #3458, 0.1000000000000002600 );
#7571=EDGE_CURVE ( 'NONE', #5926, #7337, #12248, .T. );
#7572=AXIS2_PLACEMENT_3D ( 'NONE', #4135, #128, #711 );
#7573=LINE ( 'NONE', #2130, #144 );
#7574=ORIENTED_EDGE ( 'NONE', *, *, #8012, .T. );
#7575=FACE_OUTER_BOUND ( 'NONE', #3612, .T. );
#7576=EDGE_CURVE ( 'NONE', #6685, #14074, #7165, .T. );
#7577=STYLED_ITEM ( 'NONE', ( #853 ), #10974 );
#7578=ORIENTED_EDGE ( 'NONE', *, *, #7900, .T. );
#7579=EDGE_LOOP ( 'NONE', ( #14609, #673, #5211, #12659 ) );
#7580=ORIENTED_EDGE ( 'NONE', *, *, #6045, .F. );
#7581=EDGE_CURVE ( 'NONE', #7046, #3901, #809, .T. );
#7582=EDGE_CURVE ( 'NONE', #8568, #9034, #12871, .T. );
#7583=FACE_OUTER_BOUND ( 'NONE', #5873, .T. );
#7584=ADVANCED_FACE ( 'NONE', ( #13173 ), #472, .F. );
#7585=FACE_OUTER_BOUND ( 'NONE', #9889, .T. );
#7586=CLOSED_SHELL ( 'NONE', ( #13573, #3243, #4864, #1442, #5314, #13071 ) );
#7587=LINE ( 'NONE', #1113, #121 );
#7588=EDGE_CURVE ( 'NONE', #8070, #3467, #2356, .T. );
#7589=PLANE ( 'NONE',  #2133 );
#7590=ORIENTED_EDGE ( 'NONE', *, *, #10413, .F. );
#7591=EDGE_CURVE ( 'NONE', #4274, #4488, #12096, .T. );
#7592=AXIS2_PLACEMENT_3D ( 'NONE', #8782, #7290, #8678 );
#7593=ORIENTED_EDGE ( 'NONE', *, *, #3006, .F. );
#7594=ORIENTED_EDGE ( 'NONE', *, *, #9678, .T. );
#7595=ORIENTED_EDGE ( 'NONE', *, *, #8138, .F. );
#7596=EDGE_LOOP ( 'NONE', ( #4382, #2926, #3806, #9029 ) );
#7597=ORIENTED_EDGE ( 'NONE', *, *, #7483, .T. );
#7598=DIRECTION ( 'NONE',  ( 1.246361098538497300E-035, 0.0000000000000000000, -1.000000000000000000 ) );
#7599=ORIENTED_EDGE ( 'NONE', *, *, #4532, .F. );
#7600=LINE ( 'NONE', #4800, #591 );
#7601=PLANE ( 'NONE',  #13865 );
#7602=PRESENTATION_LAYER_ASSIGNMENT (  '', '', ( #4429 ) );
#7603=LINE ( 'NONE', #8054, #1841 );
#7604=ORIENTED_EDGE ( 'NONE', *, *, #3158, .T. );
#7605=ADVANCED_FACE ( 'NONE', ( #6415 ), #2686, .T. );
#7606=EDGE_CURVE ( 'NONE', #5571, #13208, #5668, .T. );
#7607=ORIENTED_EDGE ( 'NONE', *, *, #10464, .T. );
#7608=EDGE_LOOP ( 'NONE', ( #4119, #9634, #11643, #9351 ) );
#7609=EDGE_LOOP ( 'NONE', ( #6398, #6785, #10149, #13440 ) );
#7610=ORIENTED_EDGE ( 'NONE', *, *, #12107, .T. );
#7611=EDGE_CURVE ( 'NONE', #7338, #13666, #11611, .T. );
#7612=ORIENTED_EDGE ( 'NONE', *, *, #3538, .T. );
#7613=FACE_OUTER_BOUND ( 'NONE', #8474, .T. );
#7614=LINE ( 'NONE', #1158, #52 );
#7615=VERTEX_POINT ( 'NONE', #398 );
#7616=LINE ( 'NONE', #2969, #2457 );
#7617=PLANE ( 'NONE',  #12293 );
#7618=ORIENTED_EDGE ( 'NONE', *, *, #887, .F. );
#7619=ADVANCED_FACE ( 'NONE', ( #329 ), #5464, .T. );
#7620=AXIS2_PLACEMENT_3D ( 'NONE', #912, #10170, #277 );
#7621=CLOSED_SHELL ( 'NONE', ( #12671, #1711, #5223, #8858, #10042, #2070 ) );
#7622=CARTESIAN_POINT ( 'NONE',  ( 2.700000000000000200, 0.05000000000000007900, 3.949999999999998800 ) );
#7623=ORIENTED_EDGE ( 'NONE', *, *, #13350, .T. );
#7624=ORIENTED_EDGE ( 'NONE', *, *, #13444, .T. );
#7625=LINE ( 'NONE', #2790, #119 );
#7626=ORIENTED_EDGE ( 'NONE', *, *, #11032, .F. );
#7627=EDGE_CURVE ( 'NONE', #9563, #8824, #10253, .T. );
#7628=DIRECTION ( 'NONE',  ( 1.000000000000000000, -0.0000000000000000000, 4.336808689941611500E-015 ) );
#7629=FACE_OUTER_BOUND ( 'NONE', #5959, .T. );
#7630=PLANE ( 'NONE',  #2388 );
#7631=VERTEX_POINT ( 'NONE', #4280 );
#7632=AXIS2_PLACEMENT_3D ( 'NONE', #72, #6096, #11485 );
#7633=CLOSED_SHELL ( 'NONE', ( #14296, #6682, #8741, #7175, #6725, #5858 ) );
#7634=EDGE_CURVE ( 'NONE', #13720, #8375, #8360, .T. );
#7635=EDGE_CURVE ( 'NONE', #5763, #14130, #9715, .T. );
#7636=DIRECTION ( 'NONE',  ( 0.0000000000000000000, 1.000000000000000000, -6.938893903907233900E-015 ) );
#7637=ORIENTED_EDGE ( 'NONE', *, *, #640, .F. );
#7638=ORIENTED_EDGE ( 'NONE', *, *, #12208, .T. );
#7639=LINE ( 'NONE', #9925, #22 );
#7640=ADVANCED_FACE ( 'NONE', ( #6053 ), #9931, .F. );
#7641=CARTESIAN_POINT ( 'NONE',  ( -1.400000000000013200, 0.0000000000000000000, -1.800000000000001200 ) );
#7642=ORIENTED_EDGE ( 'NONE', *, *, #5162, .T. );
#7643=CARTESIAN_POINT ( 'NONE',  ( -5.599999999999997000, 0.0000000000000000000, 7.299999999999998000 ) );
#7644=ORIENTED_EDGE ( 'NONE', *, *, #6992, .F. );
#7645=EDGE_LOOP ( 'NONE', ( #1738, #8999, #1737, #652 ) );
#7646=EDGE_CURVE ( 'NONE', #3935, #7420, #7681, .T. );
#7647=VERTEX_POINT ( 'NONE', #1747 );
#7648=VERTEX_POINT ( 'NONE', #136 );
#7649=EDGE_CURVE ( 'NONE', #7840, #4007, #1930, .T. );
#7650=FACE_OUTER_BOUND ( 'NONE', #8135, .T. );
#7651=EDGE_LOOP ( 'NONE', ( #6240, #2453, #9986, #7172 ) );
#7652=EDGE_CURVE ( 'NONE', #357, #6129, #3373, .T. );
#7653=ADVANCED_FACE ( 'NONE', ( #13478 ), #3149, .F. );
#7654=LINE ( 'NONE', #1395, #22 );
#7655=CARTESIAN_POINT ( 'NONE',  ( 5.725000000000000500, 2.399999999999999900, 7.430000000000000600 ) );
#7656=ORIENTED_EDGE ( 'NONE', *, *, #2595, .F. );
#7657=EDGE_CURVE ( 'NONE', #10129, #14364, #14355, .T. );
#7658=ORIENTED_EDGE ( 'NONE', *, *, #9685, .T. );
#7659=ORIENTED_EDGE ( 'NONE', *, *, #1829, .T. );
#7660=ORIENTED_EDGE ( 'NONE', *, *, #8869, .T. );
#7661=EDGE_LOOP ( 'NONE', ( #8749, #604, #11460, #14251 ) );
#7662=AXIS2_PLACEMENT_3D ( 'NONE', #3244, #867, #13348 );
#7663=FACE_BOUND ( 'NONE', #5781, .T. );
#7664=ORIENTED_EDGE ( 'NONE', *, *, #13360, .F. );
#7665=EDGE_CURVE ( 'NONE', #1479, #365, #8706, .T. );
#7666=EDGE_CURVE ( 'NONE', #6308, #3901, #7346, .T. );
#7667=LINE ( 'NONE', #687, #52 );
#7668=ORIENTED_EDGE ( 'NONE', *, *, #3101, .F. );
#7669=ORIENTED_EDGE ( 'NONE', *, *, #8550, .T. );
#7670=AXIS2_PLACEMENT_3D ( 'NONE', #67, #1224, #5284 );
#7671=MANIFOLD_SOLID_BREP ( 'Pin 12', #12755 );
#7672=EDGE_CURVE ( 'NONE', #11185, #5105, #3758, .T. );
#7673=ADVANCED_FACE ( 'NONE', ( #6596 ), #11087, .T. );
#7674=AXIS2_PLACEMENT_3D ( 'NONE', #5782, #710, #9264 );
#7675=CIRCLE ( 'NONE', #10982, 0.2500000000000002200 );
#7676=ORIENTED_EDGE ( 'NONE', *, *, #9187, .F. );
#7677=LINE ( 'NONE', #417, #96 );
#7678=ORIENTED_EDGE ( 'NONE', *, *, #13028, .F. );
#7679=ORIENTED_EDGE ( 'NONE', *, *, #2868, .F. );
#7680=VECTOR ( 'NONE', #371, 1000.000000000000000 );
#7681=LINE ( 'NONE', #246, #4358 );
#7682=VECTOR ( 'NONE', #1532, 1000.000000000000000 );
#7683=ORIENTED_EDGE ( 'NONE', *, *, #8127, .T. );
#7684=VECTOR ( 'NONE', #372, 1000.000000000000000 );
#7685=ORIENTED_EDGE ( 'NONE', *, *, #12759, .F. );
#7686=AXIS2_PLACEMENT_3D ( 'NONE', #1510, #5334, #1611 );
#7687=ORIENTED_EDGE ( 'NONE', *, *, #12450, .F. );
#7688=PLANE ( 'NONE',  #6449 );
#7689=EDGE_CURVE ( 'NONE', #3768, #2333, #9547, .T. );
#7690=LINE ( 'NONE', #635, #22 );
#7691=ORIENTED_EDGE ( 'NONE', *, *, #7652, .F. );
#7692=ADVANCED_FACE ( 'NONE', ( #3572, #9868, #6966, #3961, #6228, #3172, #14625, #14061, #4737, #790, #11144, #310, #1453, #11458, #10038, #3557, #10667, #12710, #2541, #12083, #9372, #13020, #1015, #1241, #14343, #12409, #12854, #7506, #4529, #10188, #8517, #7150, #8861, #3944, #6403, #5477, #3160, #1912, #5861, #1695, #13919, #9704, #2139, #11759, #13467, #8186, #4342, #13629, #6770, #10983, #5657, #4925, #13762, #13160, #9023, #6037, #11308, #8344, #5115, #10358, #10816, #2733 ), #13174, .T. );
#7693=DIRECTION ( 'NONE',  ( 1.000000000000000000, 0.0000000000000000000, -6.704480736117999600E-034 ) );
#7694=EDGE_CURVE ( 'NONE', #10125, #6918, #13321, .T. );
#7695=LINE ( 'NONE', #1228, #186 );
#7696=VERTEX_POINT ( 'NONE', #258 );
#7697=LINE ( 'NONE', #3739, #2259 );
#7698=ORIENTED_EDGE ( 'NONE', *, *, #10276, .T. );
#7699=LINE ( 'NONE', #976, #95 );
#7700=EDGE_LOOP ( 'NONE', ( #9424, #4974, #7514, #7242 ) );
#7701=EDGE_LOOP ( 'NONE', ( #5251, #282, #13996, #12577 ) );
#7702=VERTEX_POINT ( 'NONE', #4140 );
#7703=PLANE ( 'NONE',  #8671 );
#7704=ORIENTED_EDGE ( 'NONE', *, *, #5309, .F. );
#7705=LINE ( 'NONE', #7475, #52 );
#7706=ADVANCED_FACE ( 'NONE', ( #7846 ), #3482, .T. );
#7707=LINE ( 'NONE', #1599, #8916 );
#7708=ORIENTED_EDGE ( 'NONE', *, *, #7694, .T. );
#7709=EDGE_CURVE ( 'NONE', #6386, #14125, #5289, .T. );
#7710=DIRECTION ( 'NONE',  ( 1.000000000000000000, 0.0000000000000000000, 4.336808689941883600E-015 ) );
#7711=EDGE_LOOP ( 'NONE', ( #4230, #10471, #5809, #10375 ) );
#7712=ORIENTED_EDGE ( 'NONE', *, *, #13302, .F. );
#7713=AXIS2_PLACEMENT_3D ( 'NONE', #67, #1162, #1323 );
#7714=CARTESIAN_POINT ( 'NONE',  ( 4.200000000000002800, 0.0000000000000000000, -2.600000000000024100 ) );
#7715=EDGE_CURVE ( 'NONE', #518, #10665, #4372, .T. );
#7716=VERTEX_POINT ( 'NONE', #1445 );
#7717=EDGE_CURVE ( 'NONE', #10595, #787, #6216, .T. );
#7718=ORIENTED_EDGE ( 'NONE', *, *, #8231, .F. );
#7719=FACE_OUTER_BOUND ( 'NONE', #8169, .T. );
#7720=EDGE_LOOP ( 'NONE', ( #11621, #14578, #11663, #9569 ) );
#7721=ADVANCED_FACE ( 'NONE', ( #14052 ), #12270, .T. );
#7722=AXIS2_PLACEMENT_3D ( 'NONE', #857, #10609, #6214 );
#7723=EDGE_CURVE ( 'NONE', #7873, #14247, #14477, .T. );
#7724=EDGE_LOOP ( 'NONE', ( #10744, #6856, #13324, #11417 ) );
#7725=PLANE ( 'NONE',  #4457 );
#7726=EDGE_CURVE ( 'NONE', #11204, #7259, #4325, .T. );
#7727=VERTEX_POINT ( 'NONE', #7655 );
#7728=FACE_OUTER_BOUND ( 'NONE', #2231, .T. );
#7729=AXIS2_PLACEMENT_3D ( 'NONE', #474, #511, #613 );
#7730=ORIENTED_EDGE ( 'NONE', *, *, #14610, .F. );
#7731=LINE ( 'NONE', #1765, #52 );
#7732=LINE ( 'NONE', #3223, #22 );
#7733=EDGE_CURVE ( 'NONE', #6708, #4357, #32, .T. );
#7734=ORIENTED_EDGE ( 'NONE', *, *, #10166, .F. );
#7735=EDGE_CURVE ( 'NONE', #365, #3772, #13308, .T. );
#7736=CARTESIAN_POINT ( 'NONE',  ( 5.724999999999998800, 20.65008038564430800, 7.530000000000000200 ) );
#7737=ADVANCED_FACE ( 'NONE', ( #8682 ), #14679, .T. );
#7738=AXIS2_PLACEMENT_3D ( 'NONE', #693, #18, #23 );
#7739=ORIENTED_EDGE ( 'NONE', *, *, #9061, .F. );
#7740=LINE ( 'NONE', #1079, #1206 );
#7741=VECTOR ( 'NONE', #5545, 1000.000000000000000 );
#7742=LINE ( 'NONE', #1590, #121 );
#7743=LINE ( 'NONE', #10, #121 );
#7744=ORIENTED_EDGE ( 'NONE', *, *, #9086, .F. );
#7745=EDGE_CURVE ( 'NONE', #6675, #4442, #1222, .T. );
#7746=LINE ( 'NONE', #3167, #186 );
#7747=EDGE_CURVE ( 'NONE', #5509, #973, #12565, .T. );
#7748=DIRECTION ( 'NONE',  ( -1.000000000000000000, 0.0000000000000000000, -4.336808689941611500E-015 ) );
#7749=ORIENTED_EDGE ( 'NONE', *, *, #14502, .F. );
#7750=LINE ( 'NONE', #467, #4146 );
#7751=AXIS2_PLACEMENT_3D ( 'NONE', #939, #4019, #2213 );
#7752=EDGE_CURVE ( 'NONE', #8950, #9969, #2939, .T. );
#7753=AXIS2_PLACEMENT_3D ( 'NONE', #2268, #66, #18 );
#7754=ORIENTED_EDGE ( 'NONE', *, *, #8664, .F. );
#7755=MECHANICAL_DESIGN_GEOMETRIC_PRESENTATION_REPRESENTATION (  '', ( #1073 ), #7213 );
#7756=ORIENTED_EDGE ( 'NONE', *, *, #9537, .T. );
#7757=ADVANCED_FACE ( 'NONE', ( #8503 ), #7703, .T. );
#7758=ORIENTED_EDGE ( 'NONE', *, *, #8623, .T. );
#7759=ORIENTED_EDGE ( 'NONE', *, *, #1020, .F. );
#7760=LINE ( 'NONE', #3314, #186 );
#7761=VERTEX_POINT ( 'NONE', #397 );
#7762=DIRECTION ( 'NONE',  ( -4.210554863359549100E-036, 0.0000000000000000000, -1.000000000000000000 ) );
#7763=ORIENTED_EDGE ( 'NONE', *, *, #5726, .F. );
#7764=ORIENTED_EDGE ( 'NONE', *, *, #13015, .T. );
#7765=EDGE_CURVE ( 'NONE', #13591, #14134, #4124, .T. );
#7766=PLANE ( 'NONE',  #415 );
#7767=EDGE_LOOP ( 'NONE', ( #4443, #4648, #2913, #6295 ) );
#7768=MECHANICAL_DESIGN_GEOMETRIC_PRESENTATION_REPRESENTATION (  '', ( #14240 ), #14482 );
#7769=LINE ( 'NONE', #7777, #22 );
#7770=EDGE_CURVE ( 'NONE', #4474, #644, #10024, .T. );
#7771=ADVANCED_FACE ( 'NONE', ( #3742 ), #3083, .F. );
#7772=AXIS2_PLACEMENT_3D ( 'NONE', #2110, #2294, #13261 );
#7773=PLANE ( 'NONE',  #10307 );
#7774=EDGE_LOOP ( 'NONE', ( #8341, #2257, #843, #6068 ) );
#7775=PLANE ( 'NONE',  #13220 );
#7776=CARTESIAN_POINT ( 'NONE',  ( -0.6000000000000128600, 0.0000000000000000000, 7.199999999999998400 ) );
#7777=CARTESIAN_POINT ( 'NONE',  ( 5.500000000000029300, 0.05000000000000005100, 4.499999999999990200 ) );
#7778=ORIENTED_EDGE ( 'NONE', *, *, #488, .F. );
#7779=ORIENTED_EDGE ( 'NONE', *, *, #10920, .T. );
#7780=ORIENTED_EDGE ( 'NONE', *, *, #5774, .T. );
#7781=DIRECTION ( 'NONE',  ( 8.335740912701737500E-035, 0.0000000000000000000, -1.000000000000000000 ) );
#7782=( GEOMETRIC_REPRESENTATION_CONTEXT ( 3 ) GLOBAL_UNCERTAINTY_ASSIGNED_CONTEXT ( ( #221 ) ) GLOBAL_UNIT_ASSIGNED_CONTEXT ( ( #324, #94, #251 ) ) REPRESENTATION_CONTEXT ( 'NONE', 'WORKASPACE' ) );
#7783=LINE ( 'NONE', #1976, #9887 );
#7784=ORIENTED_EDGE ( 'NONE', *, *, #4506, .T. );
#7785=LINE ( 'NONE', #635, #9261 );
#7786=FACE_OUTER_BOUND ( 'NONE', #2379, .T. );
#7787=EDGE_CURVE ( 'NONE', #10967, #11573, #8172, .T. );
#7788=ORIENTED_EDGE ( 'NONE', *, *, #4267, .T. );
#7789=ADVANCED_FACE ( 'NONE', ( #2117 ), #30, .T. );
#7790=ORIENTED_EDGE ( 'NONE', *, *, #6029, .F. );
#7791=CARTESIAN_POINT ( 'NONE',  ( -6.199999999999997500, 0.7999999999999993800, -2.899999999999998100 ) );
#7792=ORIENTED_EDGE ( 'NONE', *, *, #1687, .F. );
#7793=DIRECTION ( 'NONE',  ( -1.000000000000000000, 0.0000000000000000000, 1.084202172485580200E-015 ) );
#7794=ORIENTED_EDGE ( 'NONE', *, *, #14438, .F. );
#7795=EDGE_CURVE ( 'NONE', #12089, #7261, #9005, .T. );
#7796=MECHANICAL_DESIGN_GEOMETRIC_PRESENTATION_REPRESENTATION (  '', ( #5656 ), #2317 );
#7797=ORIENTED_EDGE ( 'NONE', *, *, #5490, .F. );
#7798=ORIENTED_EDGE ( 'NONE', *, *, #394, .T. );
#7799=FACE_OUTER_BOUND ( 'NONE', #8483, .T. );
#7800=VERTEX_POINT ( 'NONE', #1590 );
#7801=LINE ( 'NONE', #3766, #186 );
#7802=ORIENTED_EDGE ( 'NONE', *, *, #1999, .T. );
#7803=STYLED_ITEM ( 'NONE', ( #853 ), #13218 );
#7804=DIRECTION ( 'NONE',  ( -1.000000000000000000, -1.751623080406021300E-046, 8.673617379884033900E-015 ) );
#7805=ORIENTED_EDGE ( 'NONE', *, *, #10695, .T. );
#7806=EDGE_LOOP ( 'NONE', ( #9378, #2203, #10504, #12847, #5040 ) );
#7807=EDGE_LOOP ( 'NONE', ( #6813, #13929, #6461, #2929 ) );
#7808=LINE ( 'NONE', #2772, #52 );
#7809=EDGE_CURVE ( 'NONE', #6114, #4704, #9855, .T. );
#7810=ADVANCED_FACE ( 'NONE', ( #13009, #12236 ), #2958, .T. );
#7811=LINE ( 'NONE', #4794, #5254 );
#7812=EDGE_LOOP ( 'NONE', ( #6498, #696, #13198, #6613 ) );
#7813=PLANE ( 'NONE',  #6523 );
#7814=CARTESIAN_POINT ( 'NONE',  ( -1.799999999999998700, 0.0000000000000000000, 7.199999999999998400 ) );
#7815=AXIS2_PLACEMENT_3D ( 'NONE', #1956, #12903, #5284 );
#7816=LINE ( 'NONE', #2326, #119 );
#7817=LINE ( 'NONE', #836, #52 );
#7818=ORIENTED_EDGE ( 'NONE', *, *, #12154, .T. );
#7819=ORIENTED_EDGE ( 'NONE', *, *, #4988, .F. );
#7820=EDGE_CURVE ( 'NONE', #6954, #2088, #9534, .T. );
#7821=ORIENTED_EDGE ( 'NONE', *, *, #5039, .F. );
#7822=EDGE_CURVE ( 'NONE', #7631, #8213, #8443, .T. );
#7823=LINE ( 'NONE', #1842, #22 );
#7824=ORIENTED_EDGE ( 'NONE', *, *, #12413, .F. );
#7825=AXIS2_PLACEMENT_3D ( 'NONE', #268, #6327, #3838 );
#7826=LINE ( 'NONE', #1533, #139 );
#7827=EDGE_LOOP ( 'NONE', ( #5960, #5258, #12116, #385 ) );
#7828=ADVANCED_FACE ( 'NONE', ( #11594 ), #13959, .F. );
#7829=EDGE_CURVE ( 'NONE', #3646, #10731, #14333, .T. );
#7830=ORIENTED_EDGE ( 'NONE', *, *, #4244, .F. );
#7831=EDGE_CURVE ( 'NONE', #14100, #8210, #3354, .T. );
#7832=ORIENTED_EDGE ( 'NONE', *, *, #4769, .F. );
#7833=ORIENTED_EDGE ( 'NONE', *, *, #3934, .F. );
#7834=ORIENTED_EDGE ( 'NONE', *, *, #12502, .F. );
#7835=EDGE_LOOP ( 'NONE', ( #8509, #12567, #967, #3915 ) );
#7836=FACE_OUTER_BOUND ( 'NONE', #7827, .T. );
#7837=EDGE_CURVE ( 'NONE', #2034, #12072, #2524, .T. );
#7838=ORIENTED_EDGE ( 'NONE', *, *, #3529, .T. );
#7839=DIRECTION ( 'NONE',  ( 1.000000000000000000, 0.0000000000000000000, 3.345538132241030000E-014 ) );
#7840=VERTEX_POINT ( 'NONE', #3556 );
#7841=DIRECTION ( 'NONE',  ( -1.000000000000000000, 0.0000000000000000000, -1.355252715606977000E-015 ) );
#7842=FACE_OUTER_BOUND ( 'NONE', #9587, .T. );
#7843=AXIS2_PLACEMENT_3D ( 'NONE', #2969, #2792, #7285 );
#7844=PLANE ( 'NONE',  #8866 );
#7845=ORIENTED_EDGE ( 'NONE', *, *, #6304, .T. );
#7846=FACE_OUTER_BOUND ( 'NONE', #9884, .T. );
#7847=AXIS2_PLACEMENT_3D ( 'NONE', #1748, #511, #128 );
#7848=ORIENTED_EDGE ( 'NONE', *, *, #11703, .T. );
#7849=LINE ( 'NONE', #857, #4741 );
#7850=VERTEX_POINT ( 'NONE', #6949 );
#7851=ADVANCED_FACE ( 'NONE', ( #10342 ), #8032, .T. );
#7852=ORIENTED_EDGE ( 'NONE', *, *, #14497, .T. );
#7853=CARTESIAN_POINT ( 'NONE',  ( 3.799999999999988300, 0.05000000000000007900, 7.199999999999996600 ) );
#7854=EDGE_CURVE ( 'NONE', #10913, #6379, #6021, .T. );
#7855=PLANE ( 'NONE',  #13232 );
#7856=LINE ( 'NONE', #2193, #144 );
#7857=EDGE_CURVE ( 'NONE', #6000, #5933, #2719, .T. );
#7858=ORIENTED_EDGE ( 'NONE', *, *, #3091, .F. );
#7859=EDGE_CURVE ( 'NONE', #1047, #11862, #10970, .T. );
#7860=PLANE ( 'NONE',  #7463 );
#7861=ORIENTED_EDGE ( 'NONE', *, *, #1670, .F. );
#7862=MECHANICAL_DESIGN_GEOMETRIC_PRESENTATION_REPRESENTATION (  '', ( #11386 ), #9040 );
#7863=LINE ( 'NONE', #1709, #22 );
#7864=ORIENTED_EDGE ( 'NONE', *, *, #11299, .T. );
#7865=CARTESIAN_POINT ( 'NONE',  ( -5.500000000000006200, 0.0000000000000000000, -0.7000000000000021800 ) );
#7866=FACE_OUTER_BOUND ( 'NONE', #9768, .T. );
#7867=EDGE_LOOP ( 'NONE', ( #5414, #14474, #5296, #9330 ) );
#7868=EDGE_CURVE ( 'NONE', #757, #12089, #4721, .T. );
#7869=STYLED_ITEM ( 'NONE', ( #853 ), #2499 );
#7870=ORIENTED_EDGE ( 'NONE', *, *, #8280, .F. );
#7871=ADVANCED_FACE ( 'NONE', ( #12069 ), #12171, .T. );
#7872=VERTEX_POINT ( 'NONE', #5496 );
#7873=VERTEX_POINT ( 'NONE', #647 );
#7874=AXIS2_PLACEMENT_3D ( 'NONE', #4835, #2116, #128 );
#7875=FACE_OUTER_BOUND ( 'NONE', #12177, .T. );
#7876=FACE_OUTER_BOUND ( 'NONE', #6014, .T. );
#7877=ORIENTED_EDGE ( 'NONE', *, *, #150, .T. );
#7878=ORIENTED_EDGE ( 'NONE', *, *, #9537, .F. );
#7879=VERTEX_POINT ( 'NONE', #9019 );
#7880=EDGE_CURVE ( 'NONE', #1454, #1053, #9359, .T. );
#7881=VERTEX_POINT ( 'NONE', #7453 );
#7882=PLANE ( 'NONE',  #11391 );
#7883=EDGE_CURVE ( 'NONE', #1543, #13035, #9186, .T. );
#7884=ORIENTED_EDGE ( 'NONE', *, *, #6854, .F. );
#7885=PLANE ( 'NONE',  #3411 );
#7886=ORIENTED_EDGE ( 'NONE', *, *, #14677, .T. );
#7887=FACE_OUTER_BOUND ( 'NONE', #10294, .T. );
#7888=ADVANCED_FACE ( 'NONE', ( #7489 ), #998, .T. );
#7889=LINE ( 'NONE', #8540, #5331 );
#7890=ORIENTED_EDGE ( 'NONE', *, *, #9660, .T. );
#7891=VECTOR ( 'NONE', #2385, 1000.000000000000000 );
#7892=ORIENTED_EDGE ( 'NONE', *, *, #11193, .T. );
#7893=CARTESIAN_POINT ( 'NONE',  ( -2.199999999999986900, 0.05000000000000007900, -1.799999999999999600 ) );
#7894=ORIENTED_EDGE ( 'NONE', *, *, #13817, .F. );
#7895=ORIENTED_EDGE ( 'NONE', *, *, #12306, .T. );
#7896=VERTEX_POINT ( 'NONE', #9072 );
#7897=DIRECTION ( 'NONE',  ( -2.312838020447182500E-035, 0.0000000000000000000, -1.000000000000000000 ) );
#7898=AXIS2_PLACEMENT_3D ( 'NONE', #5634, #12301, #2559 );
#7899=ORIENTED_EDGE ( 'NONE', *, *, #8592, .T. );
#7900=EDGE_CURVE ( 'NONE', #5401, #8867, #12549, .T. );
#7901=ORIENTED_EDGE ( 'NONE', *, *, #10493, .T. );
#7902=FACE_OUTER_BOUND ( 'NONE', #5127, .T. );
#7903=LINE ( 'NONE', #960, #95 );
#7904=LINE ( 'NONE', #4717, #52 );
#7905=EDGE_LOOP ( 'NONE', ( #1297, #4269, #8109, #12294 ) );
#7906=ADVANCED_FACE ( 'NONE', ( #2101 ), #1969, .T. );
#7907=PRESENTATION_LAYER_ASSIGNMENT (  '', '', ( #1609 ) );
#7908=CARTESIAN_POINT ( 'NONE',  ( -0.6000000000000128600, 0.05000000000000005100, -1.800000000000001200 ) );
#7909=ORIENTED_EDGE ( 'NONE', *, *, #10603, .T. );
#7910=EDGE_CURVE ( 'NONE', #3166, #865, #7122, .T. );
#7911=EDGE_CURVE ( 'NONE', #12433, #3577, #9521, .T. );
#7912=ORIENTED_EDGE ( 'NONE', *, *, #13985, .F. );
#7913=VECTOR ( 'NONE', #10436, 1000.000000000000000 );
#7914=AXIS2_PLACEMENT_3D ( 'NONE', #842, #18, #511 );
#7915=LINE ( 'NONE', #1852, #52 );
#7916=FACE_OUTER_BOUND ( 'NONE', #12140, .T. );
#7917=ORIENTED_EDGE ( 'NONE', *, *, #5697, .T. );
#7918=LINE ( 'NONE', #6551, #12286 );
#7919=LINE ( 'NONE', #1666, #666 );
#7920=CARTESIAN_POINT ( 'NONE',  ( -1.400000000000013200, 0.0000000000000000000, -2.600000000000001900 ) );
#7921=EDGE_CURVE ( 'NONE', #4339, #9337, #12688, .T. );
#7922=ORIENTED_EDGE ( 'NONE', *, *, #1660, .T. );
#7923=ORIENTED_EDGE ( 'NONE', *, *, #10710, .F. );
#7924=ADVANCED_FACE ( 'NONE', ( #1658 ), #9249, .F. );
#7925=PLANE ( 'NONE',  #14615 );
#7926=STYLED_ITEM ( 'NONE', ( #853 ), #6843 );
#7927=ORIENTED_EDGE ( 'NONE', *, *, #2146, .T. );
#7928=PLANE ( 'NONE',  #11954 );
#7929=FACE_OUTER_BOUND ( 'NONE', #9287, .T. );
#7930=VERTEX_POINT ( 'NONE', #8248 );
#7931=EDGE_CURVE ( 'NONE', #5788, #10992, #13602, .T. );
#7932=CARTESIAN_POINT ( 'NONE',  ( -3.799999999999984700, 0.05000000000000007900, 7.199999999999996600 ) );
#7933=FACE_OUTER_BOUND ( 'NONE', #14550, .T. );
#7934=MANIFOLD_SOLID_BREP ( 'Pin 49_1', #11931 );
#7935=ORIENTED_EDGE ( 'NONE', *, *, #14328, .F. );
#7936=FACE_OUTER_BOUND ( 'NONE', #13672, .T. );
#7937=ORIENTED_EDGE ( 'NONE', *, *, #9178, .F. );
#7938=ORIENTED_EDGE ( 'NONE', *, *, #9982, .F. );
#7939=ADVANCED_FACE ( 'NONE', ( #13752 ), #5795, .F. );
#7940=PLANE ( 'NONE',  #5303 );
#7941=EDGE_LOOP ( 'NONE', ( #6580, #4558, #1787, #9253 ) );
#7942=EDGE_CURVE ( 'NONE', #170, #7535, #14183, .T. );
#7943=VERTEX_POINT ( 'NONE', #3332 );
#7944=PLANE ( 'NONE',  #10031 );
#7945=LINE ( 'NONE', #7257, #52 );
#7946=LINE ( 'NONE', #1852, #124 );
#7947=ORIENTED_EDGE ( 'NONE', *, *, #13616, .T. );
#7948=AXIS2_PLACEMENT_3D ( 'NONE', #202, #88, #3937 );
#7949=EDGE_CURVE ( 'NONE', #7026, #14350, #9, .T. );
#7950=ORIENTED_EDGE ( 'NONE', *, *, #10022, .T. );
#7951=DIRECTION ( 'NONE',  ( 3.717264591378872800E-015, 0.0000000000000000000, 1.000000000000000000 ) );
#7952=ORIENTED_EDGE ( 'NONE', *, *, #10566, .F. );
#7953=VERTEX_POINT ( 'NONE', #2008 );
#7954=EDGE_LOOP ( 'NONE', ( #9504, #2914, #8559, #12929 ) );
#7955=VECTOR ( 'NONE', #6130, 1000.000000000000000 );
#7956=VERTEX_POINT ( 'NONE', #5850 );
#7957=ADVANCED_FACE ( 'NONE', ( #5640 ), #5740, .F. );
#7958=AXIS2_PLACEMENT_3D ( 'NONE', #7229, #3182, #4348 );
#7959=ORIENTED_EDGE ( 'NONE', *, *, #14457, .T. );
#7960=DIRECTION ( 'NONE',  ( 1.000000000000000000, 0.0000000000000000000, -8.335740912701738500E-035 ) );
#7961=EDGE_CURVE ( 'NONE', #11448, #4713, #8490, .T. );
#7962=ORIENTED_EDGE ( 'NONE', *, *, #6837, .T. );
#7963=VERTEX_POINT ( 'NONE', #2577 );
#7964=PLANE ( 'NONE',  #13783 );
#7965=ORIENTED_EDGE ( 'NONE', *, *, #1812, .T. );
#7966=EDGE_CURVE ( 'NONE', #4362, #9556, #4904, .T. );
#7967=ORIENTED_EDGE ( 'NONE', *, *, #969, .F. );
#7968=FACE_OUTER_BOUND ( 'NONE', #4343, .T. );
#7969=AXIS2_PLACEMENT_3D ( 'NONE', #1614, #342, #4151 );
#7970=DIRECTION ( 'NONE',  ( -2.710505431213862700E-016, 0.0000000000000000000, 1.000000000000000000 ) );
#7971=ORIENTED_EDGE ( 'NONE', *, *, #3152, .T. );
#7972=PLANE ( 'NONE',  #10564 );
#7973=LINE ( 'NONE', #4384, #95 );
#7974=ADVANCED_FACE ( 'NONE', ( #3722 ), #4971, .T. );
#7975=ORIENTED_EDGE ( 'NONE', *, *, #9385, .F. );
#7976=ADVANCED_FACE ( 'NONE', ( #4512 ), #13433, .T. );
#7977=PLANE ( 'NONE',  #8679 );
#7978=ORIENTED_EDGE ( 'NONE', *, *, #14305, .F. );
#7979=VERTEX_POINT ( 'NONE', #2706 );
#7980=PLANE ( 'NONE',  #257 );
#7981=LINE ( 'NONE', #5484, #22 );
#7982=ORIENTED_EDGE ( 'NONE', *, *, #8458, .T. );
#7983=VERTEX_POINT ( 'NONE', #943 );
#7984=LINE ( 'NONE', #1161, #4178 );
#7985=ORIENTED_EDGE ( 'NONE', *, *, #11964, .F. );
#7986=DIRECTION ( 'NONE',  ( -1.000000000000000000, 0.0000000000000000000, 5.911569487279503100E-035 ) );
#7987=LINE ( 'NONE', #4116, #3144 );
#7988=EDGE_LOOP ( 'NONE', ( #3888, #6528, #9510, #14568 ) );
#7989=VERTEX_POINT ( 'NONE', #4571 );
#7990=VERTEX_POINT ( 'NONE', #1187 );
#7991=AXIS2_PLACEMENT_3D ( 'NONE', #3256, #3960, #8652 );
#7992=ADVANCED_FACE ( 'NONE', ( #10007 ), #13521, .F. );
#7993=FACE_OUTER_BOUND ( 'NONE', #11563, .T. );
#7994=DIRECTION ( 'NONE',  ( -1.000000000000000000, -7.703719777548945100E-034, 4.336808689942147900E-015 ) );
#7995=ORIENTED_EDGE ( 'NONE', *, *, #3957, .F. );
#7996=ORIENTED_EDGE ( 'NONE', *, *, #7715, .F. );
#7997=CARTESIAN_POINT ( 'NONE',  ( -5.500000000000007100, 0.05000000000000007900, 1.300000000000003800 ) );
#7998=AXIS2_PLACEMENT_3D ( 'NONE', #5946, #3864, #11697 );
#7999=LINE ( 'NONE', #407, #186 );
#8000=ORIENTED_EDGE ( 'NONE', *, *, #8541, .T. );
#8001=LINE ( 'NONE', #1635, #186 );
#8002=EDGE_LOOP ( 'NONE', ( #10138, #298, #8356, #742 ) );
#8003=EDGE_LOOP ( 'NONE', ( #2587, #4516, #5391, #13254 ) );
#8004=ORIENTED_EDGE ( 'NONE', *, *, #1801, .T. );
#8005=VECTOR ( 'NONE', #870, 1000.000000000000000 );
#8006=EDGE_LOOP ( 'NONE', ( #14441, #11752, #8798, #14530 ) );
#8007=AXIS2_PLACEMENT_3D ( 'NONE', #7216, #6861, #211 );
#8008=ADVANCED_FACE ( 'NONE', ( #11582 ), #3855, .T. );
#8009=LINE ( 'NONE', #1351, #3346 );
#8010=ORIENTED_EDGE ( 'NONE', *, *, #10030, .F. );
#8011=FACE_OUTER_BOUND ( 'NONE', #2177, .T. );
#8012=EDGE_CURVE ( 'NONE', #7963, #3079, #5830, .T. );
#8013=VECTOR ( 'NONE', #858, 1000.000000000000000 );
#8014=EDGE_CURVE ( 'NONE', #728, #2557, #7816, .T. );
#8015=EDGE_LOOP ( 'NONE', ( #5820, #1403, #1259, #1693 ) );
#8016=EDGE_LOOP ( 'NONE', ( #13950, #5465, #10484, #1664 ) );
#8017=ORIENTED_EDGE ( 'NONE', *, *, #8947, .F. );
#8018=LINE ( 'NONE', #943, #1462 );
#8019=ORIENTED_EDGE ( 'NONE', *, *, #3034, .F. );
#8020=ORIENTED_EDGE ( 'NONE', *, *, #7745, .T. );
#8021=ORIENTED_EDGE ( 'NONE', *, *, #9790, .T. );
#8022=EDGE_CURVE ( 'NONE', #6747, #9610, #8328, .T. );
#8023=EDGE_CURVE ( 'NONE', #10236, #832, #11127, .T. );
#8024=LINE ( 'NONE', #2324, #52 );
#8025=ORIENTED_EDGE ( 'NONE', *, *, #12497, .T. );
#8026=FACE_OUTER_BOUND ( 'NONE', #7456, .T. );
#8027=EDGE_LOOP ( 'NONE', ( #10602, #1198, #1626, #2921 ) );
#8028=ADVANCED_FACE ( 'NONE', ( #13146 ), #98, .T. );
#8029=VERTEX_POINT ( 'NONE', #2312 );
#8030=EDGE_CURVE ( 'NONE', #8670, #266, #7654, .T. );
#8031=AXIS2_PLACEMENT_3D ( 'NONE', #6490, #23, #128 );
#8032=PLANE ( 'NONE',  #7670 );
#8033=LINE ( 'NONE', #12801, #9047 );
#8034=VERTEX_POINT ( 'NONE', #2845 );
#8035=VERTEX_POINT ( 'NONE', #938 );
#8036=ORIENTED_EDGE ( 'NONE', *, *, #839, .T. );
#8037=LINE ( 'NONE', #7352, #2226 );
#8038=VERTEX_POINT ( 'NONE', #8540 );
#8039=LINE ( 'NONE', #2632, #22 );
#8040=ORIENTED_EDGE ( 'NONE', *, *, #2575, .F. );
#8041=ADVANCED_FACE ( 'NONE', ( #10486 ), #2412, .T. );
#8042=EDGE_LOOP ( 'NONE', ( #3254, #12457, #3275, #9456 ) );
#8043=EDGE_CURVE ( 'NONE', #5166, #4910, #13448, .T. );
#8044=ADVANCED_FACE ( 'NONE', ( #1892 ), #8425, .T. );
#8045=ADVANCED_FACE ( 'NONE', ( #12060 ), #98, .T. );
#8046=EDGE_CURVE ( 'NONE', #7185, #10692, #531, .T. );
#8047=EDGE_LOOP ( 'NONE', ( #6221, #6330, #13952, #4912 ) );
#8048=AXIS2_PLACEMENT_3D ( 'NONE', #3199, #511, #128 );
#8049=EDGE_CURVE ( 'NONE', #11624, #13566, #9832, .T. );
#8050=LINE ( 'NONE', #8693, #366 );
#8051=AXIS2_PLACEMENT_3D ( 'NONE', #4920, #3498, #8601 );
#8052=EDGE_LOOP ( 'NONE', ( #7683, #8677, #7975, #9241 ) );
#8053=FACE_OUTER_BOUND ( 'NONE', #6340, .T. );
#8054=CARTESIAN_POINT ( 'NONE',  ( 5.500000000000028400, 0.0000000000000000000, 5.699999999999995700 ) );
#8055=PLANE ( 'NONE',  #2051 );
#8056=VECTOR ( 'NONE', #5893, 1000.000000000000000 );
#8057=CARTESIAN_POINT ( 'NONE',  ( 1.400000000000013200, 0.0000000000000000000, -2.600000000000001900 ) );
#8058=VERTEX_POINT ( 'NONE', #11490 );
#8059=ORIENTED_EDGE ( 'NONE', *, *, #2879, .F. );
#8060=PLANE ( 'NONE',  #12756 );
#8061=ADVANCED_FACE ( 'NONE', ( #6926 ), #746, .F. );
#8062=MECHANICAL_DESIGN_GEOMETRIC_PRESENTATION_REPRESENTATION (  '', ( #11555 ), #10043 );
#8063=EDGE_LOOP ( 'NONE', ( #3111, #14033, #9167, #4247 ) );
#8064=LINE ( 'NONE', #3428, #124 );
#8065=LINE ( 'NONE', #938, #52 );
#8066=VERTEX_POINT ( 'NONE', #6153 );
#8067=EDGE_CURVE ( 'NONE', #7522, #5498, #981, .T. );
#8068=LINE ( 'NONE', #8082, #1981 );
#8069=ORIENTED_EDGE ( 'NONE', *, *, #3780, .F. );
#8070=VERTEX_POINT ( 'NONE', #6547 );
#8071=EDGE_CURVE ( 'NONE', #9240, #4039, #13435, .T. );
#8072=LINE ( 'NONE', #11136, #22 );
#8073=ADVANCED_FACE ( 'NONE', ( #6377 ), #13608, .F. );
#8074=FACE_OUTER_BOUND ( 'NONE', #1869, .T. );
#8075=LINE ( 'NONE', #14176, #3210 );
#8076=ORIENTED_EDGE ( 'NONE', *, *, #14540, .T. );
#8077=FACE_OUTER_BOUND ( 'NONE', #12454, .T. );
#8078=LINE ( 'NONE', #12327, #3210 );
#8079=ORIENTED_EDGE ( 'NONE', *, *, #650, .T. );
#8080=VERTEX_POINT ( 'NONE', #267 );
#8081=EDGE_CURVE ( 'NONE', #6040, #13389, #12210, .T. );
#8082=CARTESIAN_POINT ( 'NONE',  ( -6.299999999999951000, 0.0000000000000000000, 3.299999999999988300 ) );
#8083=PLANE ( 'NONE',  #2753 );
#8084=LINE ( 'NONE', #296, #22 );
#8085=STYLED_ITEM ( 'NONE', ( #853 ), #5803 );
#8086=LINE ( 'NONE', #470, #144 );
#8087=FACE_OUTER_BOUND ( 'NONE', #8968, .T. );
#8088=VERTEX_POINT ( 'NONE', #7622 );
#8089=LINE ( 'NONE', #5484, #124 );
#8090=EDGE_CURVE ( 'NONE', #3901, #170, #10476, .T. );
#8091=FACE_OUTER_BOUND ( 'NONE', #9804, .T. );
#8092=EDGE_CURVE ( 'NONE', #9389, #6918, #9349, .T. );
#8093=LINE ( 'NONE', #6911, #22 );
#8094=ADVANCED_FACE ( 'NONE', ( #12383 ), #14606, .F. );
#8095=EDGE_LOOP ( 'NONE', ( #11539, #5321, #8604, #3009 ) );
#8096=ORIENTED_EDGE ( 'NONE', *, *, #11379, .F. );
#8097=PLANE ( 'NONE',  #1474 );
#8098=ORIENTED_EDGE ( 'NONE', *, *, #1701, .T. );
#8099=ORIENTED_EDGE ( 'NONE', *, *, #14385, .T. );
#8100=VECTOR ( 'NONE', #3675, 1000.000000000000000 );
#8101=PLANE ( 'NONE',  #5010 );
#8102=LINE ( 'NONE', #4681, #22 );
#8103=EDGE_LOOP ( 'NONE', ( #13887, #12891, #2670, #4503 ) );
#8104=EDGE_CURVE ( 'NONE', #10860, #5708, #5431, .T. );
#8105=LINE ( 'NONE', #767, #2259 );
#8106=EDGE_CURVE ( 'NONE', #7522, #596, #13963, .T. );
#8107=LINE ( 'NONE', #9746, #96 );
#8108=MANIFOLD_SOLID_BREP ( 'Pin 23', #12793 );
#8109=ORIENTED_EDGE ( 'NONE', *, *, #1782, .F. );
#8110=FACE_OUTER_BOUND ( 'NONE', #4703, .T. );
#8111=ORIENTED_EDGE ( 'NONE', *, *, #6700, .T. );
#8112=ADVANCED_FACE ( 'NONE', ( #10159 ), #8986, .T. );
#8113=DIRECTION ( 'NONE',  ( -7.299920059573109600E-037, 0.0000000000000000000, -1.000000000000000000 ) );
#8114=AXIS2_PLACEMENT_3D ( 'NONE', #2902, #4029, #6462 );
#8115=ORIENTED_EDGE ( 'NONE', *, *, #552, .T. );
#8116=ORIENTED_EDGE ( 'NONE', *, *, #1093, .F. );
#8117=AXIS2_PLACEMENT_3D ( 'NONE', #14488, #128, #711 );
#8118=EDGE_LOOP ( 'NONE', ( #3500, #11770, #11764, #3713 ) );
#8119=FACE_OUTER_BOUND ( 'NONE', #11691, .T. );
#8120=VECTOR ( 'NONE', #2004, 1000.000000000000000 );
#8121=FACE_OUTER_BOUND ( 'NONE', #1563, .T. );
#8122=VERTEX_POINT ( 'NONE', #137 );
#8123=DIRECTION ( 'NONE',  ( 4.878909776184620100E-015, 0.0000000000000000000, 1.000000000000000000 ) );
#8124=PRODUCT_DEFINITION ( 'UNKNOWN', '', #13610, #4916 );
#8125=ORIENTED_EDGE ( 'NONE', *, *, #8467, .T. );
#8126=ORIENTED_EDGE ( 'NONE', *, *, #11753, .T. );
#8127=EDGE_CURVE ( 'NONE', #11874, #14067, #5625, .T. );
#8128=ORIENTED_EDGE ( 'NONE', *, *, #2452, .F. );
#8129=EDGE_LOOP ( 'NONE', ( #3729, #4782, #7852, #8967 ) );
#8130=FACE_OUTER_BOUND ( 'NONE', #5579, .T. );
#8131=STYLED_ITEM ( 'NONE', ( #853 ), #8108 );
#8132=ADVANCED_FACE ( 'NONE', ( #6188 ), #301, .F. );
#8133=LINE ( 'NONE', #2024, #7891 );
#8134=EDGE_CURVE ( 'NONE', #4127, #8780, #14455, .T. );
#8135=EDGE_LOOP ( 'NONE', ( #13102, #11554, #11487, #2265 ) );
#8136=ORIENTED_EDGE ( 'NONE', *, *, #4478, .T. );
#8137=ORIENTED_EDGE ( 'NONE', *, *, #10520, .F. );
#8138=EDGE_CURVE ( 'NONE', #2735, #1436, #12538, .T. );
#8139=FACE_OUTER_BOUND ( 'NONE', #10495, .T. );
#8140=ORIENTED_EDGE ( 'NONE', *, *, #918, .F. );
#8141=ORIENTED_EDGE ( 'NONE', *, *, #6232, .F. );
#8142=FACE_OUTER_BOUND ( 'NONE', #10620, .T. );
#8143=FACE_OUTER_BOUND ( 'NONE', #14707, .T. );
#8144=VERTEX_POINT ( 'NONE', #3708 );
#8145=ADVANCED_FACE ( 'NONE', ( #13877 ), #11115, .F. );
#8146=VECTOR ( 'NONE', #3807, 1000.000000000000000 );
#8147=EDGE_CURVE ( 'NONE', #13279, #5276, #11267, .T. );
#8148=DIRECTION ( 'NONE',  ( 0.0000000000000000000, 1.000000000000000000, 6.938893903907233900E-015 ) );
#8149=ORIENTED_EDGE ( 'NONE', *, *, #10415, .T. );
#8150=ORIENTED_EDGE ( 'NONE', *, *, #1552, .F. );
#8151=VERTEX_POINT ( 'NONE', #4678 );
#8152=EDGE_CURVE ( 'NONE', #2077, #9701, #11572, .T. );
#8153=( GEOMETRIC_REPRESENTATION_CONTEXT ( 3 ) GLOBAL_UNCERTAINTY_ASSIGNED_CONTEXT ( ( #221 ) ) GLOBAL_UNIT_ASSIGNED_CONTEXT ( ( #324, #94, #251 ) ) REPRESENTATION_CONTEXT ( 'NONE', 'WORKASPACE' ) );
#8154=ORIENTED_EDGE ( 'NONE', *, *, #4475, .T. );
#8155=LINE ( 'NONE', #1567, #1411 );
#8156=ORIENTED_EDGE ( 'NONE', *, *, #13530, .T. );
#8157=LINE ( 'NONE', #2836, #591 );
#8158=EDGE_LOOP ( 'NONE', ( #8420, #12170, #6576, #6582 ) );
#8159=LINE ( 'NONE', #9489, #188 );
#8160=DIRECTION ( 'NONE',  ( 1.000000000000000000, 1.201015939537458000E-032, -9.969675149291988300E-017 ) );
#8161=PLANE ( 'NONE',  #11612 );
#8162=EDGE_LOOP ( 'NONE', ( #11967, #2336, #12724, #11183 ) );
#8163=ORIENTED_EDGE ( 'NONE', *, *, #6310, .F. );
#8164=ORIENTED_EDGE ( 'NONE', *, *, #7649, .T. );
#8165=ADVANCED_FACE ( 'NONE', ( #13742 ), #4736, .F. );
#8166=EDGE_CURVE ( 'NONE', #1039, #2565, #8317, .T. );
#8167=ORIENTED_EDGE ( 'NONE', *, *, #14593, .T. );
#8168=LINE ( 'NONE', #2911, #52 );
#8169=EDGE_LOOP ( 'NONE', ( #11301, #12754, #14571, #10663 ) );
#8170=CARTESIAN_POINT ( 'NONE',  ( 2.199999999999989100, 0.0000000000000000000, 8.000000000000021300 ) );
#8171=PLANE ( 'NONE',  #8398 );
#8172=LINE ( 'NONE', #608, #287 );
#8173=LINE ( 'NONE', #1046, #188 );
#8174=VERTEX_POINT ( 'NONE', #4935 );
#8175=ORIENTED_EDGE ( 'NONE', *, *, #9021, .F. );
#8176=EDGE_CURVE ( 'NONE', #2560, #421, #6009, .T. );
#8177=FACE_OUTER_BOUND ( 'NONE', #668, .T. );
#8178=ADVANCED_FACE ( 'NONE', ( #3522 ), #2491, .F. );
#8179=ORIENTED_EDGE ( 'NONE', *, *, #7854, .T. );
#8180=LINE ( 'NONE', #3615, #95 );
#8181=VERTEX_POINT ( 'NONE', #1382 );
#8182=ADVANCED_FACE ( 'NONE', ( #5812 ), #11396, .F. );
#8183=AXIS2_PLACEMENT_3D ( 'NONE', #2234, #2941, #1781 );
#8184=ORIENTED_EDGE ( 'NONE', *, *, #8697, .F. );
#8185=FACE_OUTER_BOUND ( 'NONE', #1192, .T. );
#8186=FACE_BOUND ( 'NONE', #5892, .T. );
#8187=EDGE_CURVE ( 'NONE', #9939, #9010, #7987, .T. );
#8188=EDGE_LOOP ( 'NONE', ( #9891, #9539, #6762, #13787 ) );
#8189=PLANE ( 'NONE',  #12470 );
#8190=EDGE_LOOP ( 'NONE', ( #6349, #1639, #12418, #10796 ) );
#8191=ORIENTED_EDGE ( 'NONE', *, *, #719, .T. );
#8192=AXIS2_PLACEMENT_3D ( 'NONE', #5207, #93, #18 );
#8193=EDGE_CURVE ( 'NONE', #8314, #4127, #9669, .T. );
#8194=ORIENTED_EDGE ( 'NONE', *, *, #9015, .T. );
#8195=ORIENTED_EDGE ( 'NONE', *, *, #11177, .T. );
#8196=EDGE_CURVE ( 'NONE', #14172, #8174, #2087, .T. );
#8197=ORIENTED_EDGE ( 'NONE', *, *, #5569, .F. );
#8198=ADVANCED_FACE ( 'NONE', ( #10628 ), #14398, .F. );
#8199=FACE_OUTER_BOUND ( 'NONE', #9222, .T. );
#8200=ORIENTED_EDGE ( 'NONE', *, *, #10847, .F. );
#8201=PLANE ( 'NONE',  #11821 );
#8202=ORIENTED_EDGE ( 'NONE', *, *, #1204, .T. );
#8203=ORIENTED_EDGE ( 'NONE', *, *, #3412, .F. );
#8204=AXIS2_PLACEMENT_3D ( 'NONE', #968, #10144, #3154 );
#8205=ORIENTED_EDGE ( 'NONE', *, *, #9256, .F. );
#8206=EDGE_CURVE ( 'NONE', #9444, #11215, #4073, .T. );
#8207=CARTESIAN_POINT ( 'NONE',  ( 1.400000000000013200, 0.0000000000000000000, -1.800000000000001200 ) );
#8208=EDGE_CURVE ( 'NONE', #4624, #8365, #3509, .T. );
#8209=EDGE_LOOP ( 'NONE', ( #6195, #13182, #9836, #4287 ) );
#8210=VERTEX_POINT ( 'NONE', #7123 );
#8211=AXIS2_PLACEMENT_3D ( 'NONE', #202, #88, #4911 );
#8212=LINE ( 'NONE', #5639, #124 );
#8213=VERTEX_POINT ( 'NONE', #7176 );
#8214=ORIENTED_EDGE ( 'NONE', *, *, #2922, .T. );
#8215=ORIENTED_EDGE ( 'NONE', *, *, #9638, .T. );
#8216=EDGE_CURVE ( 'NONE', #477, #11704, #2296, .T. );
#8217=ADVANCED_FACE ( 'NONE', ( #7629 ), #14514, .T. );
#8218=ORIENTED_EDGE ( 'NONE', *, *, #10735, .F. );
#8219=ORIENTED_EDGE ( 'NONE', *, *, #8647, .F. );
#8220=MECHANICAL_DESIGN_GEOMETRIC_PRESENTATION_REPRESENTATION (  '', ( #6703 ), #3767 );
#8221=DIRECTION ( 'NONE',  ( -5.220124945131412600E-036, 0.0000000000000000000, -1.000000000000000000 ) );
#8222=EDGE_LOOP ( 'NONE', ( #4611, #13352, #12110, #5234 ) );
#8223=ORIENTED_EDGE ( 'NONE', *, *, #13571, .T. );
#8224=LINE ( 'NONE', #2115, #52 );
#8225=ORIENTED_EDGE ( 'NONE', *, *, #12761, .T. );
#8226=EDGE_CURVE ( 'NONE', #7262, #11383, #12522, .T. );
#8227=LINE ( 'NONE', #2008, #186 );
#8228=LINE ( 'NONE', #943, #124 );
#8229=VERTEX_POINT ( 'NONE', #1855 );
#8230=ORIENTED_EDGE ( 'NONE', *, *, #9996, .T. );
#8231=EDGE_CURVE ( 'NONE', #10220, #729, #7101, .T. );
#8232=ORIENTED_EDGE ( 'NONE', *, *, #1646, .F. );
#8233=PLANE ( 'NONE',  #6505 );
#8234=EDGE_CURVE ( 'NONE', #5752, #4409, #14028, .T. );
#8235=ORIENTED_EDGE ( 'NONE', *, *, #12189, .T. );
#8236=FACE_OUTER_BOUND ( 'NONE', #10397, .T. );
#8237=FACE_OUTER_BOUND ( 'NONE', #7806, .T. );
#8238=ORIENTED_EDGE ( 'NONE', *, *, #11922, .F. );
#8239=LINE ( 'NONE', #2497, #22 );
#8240=LINE ( 'NONE', #13424, #96 );
#8241=ORIENTED_EDGE ( 'NONE', *, *, #14108, .T. );
#8242=EDGE_LOOP ( 'NONE', ( #8004, #10489, #11026, #9707 ) );
#8243=( GEOMETRIC_REPRESENTATION_CONTEXT ( 3 ) GLOBAL_UNCERTAINTY_ASSIGNED_CONTEXT ( ( #221 ) ) GLOBAL_UNIT_ASSIGNED_CONTEXT ( ( #324, #94, #251 ) ) REPRESENTATION_CONTEXT ( 'NONE', 'WORKASPACE' ) );
#8244=CARTESIAN_POINT ( 'NONE',  ( -0.1999999999999866300, 0.05000000000000007900, 7.199999999999998400 ) );
#8245=DIRECTION ( 'NONE',  ( 1.000000000000000000, 0.0000000000000000000, 2.168404344971165900E-015 ) );
#8246=CARTESIAN_POINT ( 'NONE',  ( -4.599999999999991700, 0.0000000000000000000, 7.199999999999995700 ) );
#8247=ORIENTED_EDGE ( 'NONE', *, *, #4575, .T. );
#8248=CARTESIAN_POINT ( 'NONE',  ( 2.700000000000000200, 0.05000000000000005100, 1.974999999999998500 ) );
#8249=LINE ( 'NONE', #6173, #52 );
#8250=LINE ( 'NONE', #1489, #879 );
#8251=ADVANCED_FACE ( 'NONE', ( #9990 ), #9643, .T. );
#8252=LINE ( 'NONE', #91, #2626 );
#8253=ORIENTED_EDGE ( 'NONE', *, *, #11850, .F. );
#8254=LINE ( 'NONE', #4456, #1411 );
#8255=LINE ( 'NONE', #1227, #2814 );
#8256=AXIS2_PLACEMENT_3D ( 'NONE', #3766, #2255, #2955 );
#8257=PLANE ( 'NONE',  #11277 );
#8258=EDGE_LOOP ( 'NONE', ( #10311, #7623, #1740, #6246 ) );
#8259=ORIENTED_EDGE ( 'NONE', *, *, #9130, .T. );
#8260=ORIENTED_EDGE ( 'NONE', *, *, #4043, .T. );
#8261=PLANE ( 'NONE',  #8456 );
#8262=LINE ( 'NONE', #1337, #124 );
#8263=AXIS2_PLACEMENT_3D ( 'NONE', #10197, #93, #18 );
#8264=FACE_OUTER_BOUND ( 'NONE', #6739, .T. );
#8265=EDGE_LOOP ( 'NONE', ( #823, #10066, #10669, #2253 ) );
#8266=ADVANCED_FACE ( 'NONE', ( #6729 ), #8548, .F. );
#8267=LINE ( 'NONE', #2563, #8569 );
#8268=EDGE_CURVE ( 'NONE', #4357, #2165, #10773, .T. );
#8269=ORIENTED_EDGE ( 'NONE', *, *, #13028, .T. );
#8270=LINE ( 'NONE', #2637, #5422 );
#8271=EDGE_LOOP ( 'NONE', ( #6660, #11807, #707, #8521 ) );
#8272=VERTEX_POINT ( 'NONE', #4498 );
#8273=CARTESIAN_POINT ( 'NONE',  ( -5.500000000000008000, 0.0000000000000000000, 5.299999999999993600 ) );
#8274=ORIENTED_EDGE ( 'NONE', *, *, #6974, .T. );
#8275=EDGE_LOOP ( 'NONE', ( #1592, #10138, #5192, #1617, #6041, #7222, #610, #10395, #1964, #3750, #8096, #2864, #8837, #5417, #14499, #465, #4157, #2580, #5688, #4628, #4252, #3825, #3994, #13640, #12213, #9386, #10753, #2919 ) );
#8276=PLANE ( 'NONE',  #7000 );
#8277=EDGE_CURVE ( 'NONE', #5038, #14217, #3692, .T. );
#8278=LINE ( 'NONE', #132, #124 );
#8279=ORIENTED_EDGE ( 'NONE', *, *, #5516, .F. );
#8280=EDGE_CURVE ( 'NONE', #6788, #5687, #13586, .T. );
#8281=FACE_OUTER_BOUND ( 'NONE', #2827, .T. );
#8282=AXIS2_PLACEMENT_3D ( 'NONE', #2674, #7986, #2299 );
#8283=EDGE_LOOP ( 'NONE', ( #3414, #11981, #9355, #453 ) );
#8284=ADVANCED_FACE ( 'NONE', ( #12046 ), #10750, .T. );
#8285=ORIENTED_EDGE ( 'NONE', *, *, #2430, .F. );
#8286=EDGE_CURVE ( 'NONE', #865, #5094, #12985, .T. );
#8287=ORIENTED_EDGE ( 'NONE', *, *, #12019, .T. );
#8288=EDGE_CURVE ( 'NONE', #8365, #8701, #6357, .T. );
#8289=ORIENTED_EDGE ( 'NONE', *, *, #1020, .T. );
#8290=SURFACE_STYLE_FILL_AREA ( #1164 );
#8291=FACE_OUTER_BOUND ( 'NONE', #6465, .T. );
#8292=ORIENTED_EDGE ( 'NONE', *, *, #7168, .F. );
#8293=DIRECTION ( 'NONE',  ( -5.204170427930544300E-014, -1.540743955509788700E-033, 1.000000000000000000 ) );
#8294=EDGE_LOOP ( 'NONE', ( #494, #3573, #7440, #5755 ) );
#8295=EDGE_CURVE ( 'NONE', #13662, #8856, #8984, .T. );
#8296=ORIENTED_EDGE ( 'NONE', *, *, #13463, .F. );
#8297=LINE ( 'NONE', #1593, #591 );
#8298=AXIS2_PLACEMENT_3D ( 'NONE', #2497, #12301, #2559 );
#8299=EDGE_LOOP ( 'NONE', ( #9606, #2413, #339, #3030 ) );
#8300=ORIENTED_EDGE ( 'NONE', *, *, #425, .F. );
#8301=CIRCLE ( 'NONE', #8908, 0.2500000000000002200 );
#8302=LINE ( 'NONE', #940, #715 );
#8303=ORIENTED_EDGE ( 'NONE', *, *, #6876, .F. );
#8304=EDGE_CURVE ( 'NONE', #644, #14706, #252, .T. );
#8305=ORIENTED_EDGE ( 'NONE', *, *, #14262, .F. );
#8306=ORIENTED_EDGE ( 'NONE', *, *, #9385, .T. );
#8307=EDGE_CURVE ( 'NONE', #12136, #12217, #12816, .T. );
#8308=VERTEX_POINT ( 'NONE', #8597 );
#8309=( GEOMETRIC_REPRESENTATION_CONTEXT ( 3 ) GLOBAL_UNCERTAINTY_ASSIGNED_CONTEXT ( ( #221 ) ) GLOBAL_UNIT_ASSIGNED_CONTEXT ( ( #324, #94, #251 ) ) REPRESENTATION_CONTEXT ( 'NONE', 'WORKASPACE' ) );
#8310=LINE ( 'NONE', #3565, #121 );
#8311=ORIENTED_EDGE ( 'NONE', *, *, #12485, .F. );
#8312=EDGE_CURVE ( 'NONE', #8973, #2459, #11726, .T. );
#8313=ORIENTED_EDGE ( 'NONE', *, *, #3031, .F. );
#8314=VERTEX_POINT ( 'NONE', #1210 );
#8315=ORIENTED_EDGE ( 'NONE', *, *, #11128, .T. );
#8316=ADVANCED_FACE ( 'NONE', ( #3116 ), #1147, .T. );
#8317=LINE ( 'NONE', #5981, #52 );
#8318=PLANE ( 'NONE',  #14535 );
#8319=ORIENTED_EDGE ( 'NONE', *, *, #3651, .T. );
#8320=VERTEX_POINT ( 'NONE', #1264 );
#8321=ORIENTED_EDGE ( 'NONE', *, *, #8636, .F. );
#8322=AXIS2_PLACEMENT_3D ( 'NONE', #5484, #18, #23 );
#8323=FACE_OUTER_BOUND ( 'NONE', #6312, .T. );
#8324=PLANE ( 'NONE',  #6726 );
#8325=ORIENTED_EDGE ( 'NONE', *, *, #11283, .T. );
#8326=EDGE_LOOP ( 'NONE', ( #6413, #12152, #12963, #10588 ) );
#8327=CARTESIAN_POINT ( 'NONE',  ( 5.824999999999999300, 0.8000000000000056000, 7.680000000000000600 ) );
#8328=LINE ( 'NONE', #5458, #52 );
#8329=FACE_OUTER_BOUND ( 'NONE', #13927, .T. );
#8330=EDGE_LOOP ( 'NONE', ( #7539, #712, #2153, #9991 ) );
#8331=ORIENTED_EDGE ( 'NONE', *, *, #7074, .F. );
#8332=EDGE_CURVE ( 'NONE', #6081, #7979, #6124, .T. );
#8333=ADVANCED_FACE ( 'NONE', ( #8645 ), #5283, .F. );
#8334=AXIS2_PLACEMENT_3D ( 'NONE', #4286, #1271, #3786 );
#8335=EDGE_LOOP ( 'NONE', ( #13965, #2013, #6471, #7295 ) );
#8336=EDGE_LOOP ( 'NONE', ( #11787, #3094, #13216, #14114 ) );
#8337=AXIS2_PLACEMENT_3D ( 'NONE', #202, #88, #1049 );
#8338=DIRECTION ( 'NONE',  ( 1.000000000000000000, 0.0000000000000000000, 8.131516293641853200E-016 ) );
#8339=DIRECTION ( 'NONE',  ( -1.000000000000000000, 0.0000000000000000000, -4.336808689942016900E-015 ) );
#8340=LINE ( 'NONE', #6524, #1901 );
#8341=ORIENTED_EDGE ( 'NONE', *, *, #4317, .F. );
#8342=FACE_OUTER_BOUND ( 'NONE', #617, .T. );
#8343=ORIENTED_EDGE ( 'NONE', *, *, #12620, .F. );
#8344=FACE_BOUND ( 'NONE', #9954, .T. );
#8345=LINE ( 'NONE', #727, #52 );
#8346=ORIENTED_EDGE ( 'NONE', *, *, #10693, .T. );
#8347=ORIENTED_EDGE ( 'NONE', *, *, #8629, .F. );
#8348=EDGE_CURVE ( 'NONE', #12100, #538, #5615, .T. );
#8349=ORIENTED_EDGE ( 'NONE', *, *, #6688, .T. );
#8350=ADVANCED_FACE ( 'NONE', ( #10146 ), #5136, .F. );
#8351=CARTESIAN_POINT ( 'NONE',  ( 6.299999999999972300, 0.05000000000000007900, 1.700000000000007900 ) );
#8352=DIRECTION ( 'NONE',  ( 1.000000000000000000, 1.540743955509788700E-033, -3.252606517456585900E-015 ) );
#8353=ORIENTED_EDGE ( 'NONE', *, *, #6283, .T. );
#8354=FACE_OUTER_BOUND ( 'NONE', #9271, .T. );
#8355=ORIENTED_EDGE ( 'NONE', *, *, #6302, .F. );
#8356=ORIENTED_EDGE ( 'NONE', *, *, #7910, .T. );
#8357=VECTOR ( 'NONE', #5874, 1000.000000000000000 );
#8358=EDGE_CURVE ( 'NONE', #4477, #13830, #1638, .T. );
#8359=MANIFOLD_SOLID_BREP ( 'Pin 36', #14087 );
#8360=LINE ( 'NONE', #2572, #2961 );
#8361=LINE ( 'NONE', #375, #22 );
#8362=EDGE_CURVE ( 'NONE', #729, #10123, #9323, .T. );
#8363=ORIENTED_EDGE ( 'NONE', *, *, #11888, .F. );
#8364=LINE ( 'NONE', #10569, #124 );
#8365=VERTEX_POINT ( 'NONE', #2396 );
#8366=ORIENTED_EDGE ( 'NONE', *, *, #6795, .F. );
#8367=PLANE ( 'NONE',  #1767 );
#8368=PLANE ( 'NONE',  #637 );
#8369=DIRECTION ( 'NONE',  ( 6.576398359708089300E-032, -1.000000000000000000, -1.234776807320389200E-016 ) );
#8370=ORIENTED_EDGE ( 'NONE', *, *, #2001, .F. );
#8371=ADVANCED_FACE ( 'NONE', ( #7786 ), #8734, .T. );
#8372=EDGE_CURVE ( 'NONE', #13885, #12810, #6172, .T. );
#8373=ORIENTED_EDGE ( 'NONE', *, *, #9312, .T. );
#8374=LINE ( 'NONE', #4345, #8827 );
#8375=VERTEX_POINT ( 'NONE', #9459 );
#8376=FACE_OUTER_BOUND ( 'NONE', #10784, .T. );
#8377=FACE_OUTER_BOUND ( 'NONE', #592, .T. );
#8378=ORIENTED_EDGE ( 'NONE', *, *, #8922, .T. );
#8379=ORIENTED_EDGE ( 'NONE', *, *, #4394, .T. );
#8380=EDGE_CURVE ( 'NONE', #5957, #7761, #3242, .T. );
#8381=EDGE_CURVE ( 'NONE', #3999, #12712, #4669, .T. );
#8382=AXIS2_PLACEMENT_3D ( 'NONE', #2846, #5560, #6749 );
#8383=ORIENTED_EDGE ( 'NONE', *, *, #1246, .T. );
#8384=LINE ( 'NONE', #529, #22 );
#8385=PLANE ( 'NONE',  #14532 );
#8386=FACE_OUTER_BOUND ( 'NONE', #101, .T. );
#8387=ORIENTED_EDGE ( 'NONE', *, *, #1299, .T. );
#8388=ADVANCED_FACE ( 'NONE', ( #6712 ), #6630, .T. );
#8389=VERTEX_POINT ( 'NONE', #1635 );
#8390=EDGE_CURVE ( 'NONE', #8416, #5276, #8974, .T. );
#8391=ORIENTED_EDGE ( 'NONE', *, *, #7966, .T. );
#8392=PLANE ( 'NONE',  #1471 );
#8393=CARTESIAN_POINT ( 'NONE',  ( -5.549999999999998000, 0.7999999999999993800, -2.899999999999998100 ) );
#8394=AXIS2_PLACEMENT_3D ( 'NONE', #748, #2116, #128 );
#8395=ORIENTED_EDGE ( 'NONE', *, *, #10428, .F. );
#8396=EDGE_CURVE ( 'NONE', #13533, #13282, #6344, .T. );
#8397=LINE ( 'NONE', #10297, #2641 );
#8398=AXIS2_PLACEMENT_3D ( 'NONE', #1481, #18, #511 );
#8399=FACE_OUTER_BOUND ( 'NONE', #4886, .T. );
#8400=FACE_OUTER_BOUND ( 'NONE', #13147, .T. );
#8401=LINE ( 'NONE', #2040, #52 );
#8402=DIRECTION ( 'NONE',  ( -1.000000000000000000, 0.0000000000000000000, 5.220124945131697200E-036 ) );
#8403=FACE_OUTER_BOUND ( 'NONE', #6132, .T. );
#8404=EDGE_LOOP ( 'NONE', ( #7985, #9648, #13301, #7040 ) );
#8405=ORIENTED_EDGE ( 'NONE', *, *, #9717, .T. );
#8406=ADVANCED_FACE ( 'NONE', ( #3883 ), #12158, .T. );
#8407=CARTESIAN_POINT ( 'NONE',  ( 5.550000000000001600, 0.7999999999999994900, -3.699999999999997500 ) );
#8408=CARTESIAN_POINT ( 'NONE',  ( 5.725000000000000500, 0.7999999999999999300, 7.430000000000001500 ) );
#8409=AXIS2_PLACEMENT_3D ( 'NONE', #215, #1224, #18 );
#8410=ORIENTED_EDGE ( 'NONE', *, *, #10931, .T. );
#8411=VECTOR ( 'NONE', #7158, 1000.000000000000000 );
#8412=FACE_OUTER_BOUND ( 'NONE', #3643, .T. );
#8413=ORIENTED_EDGE ( 'NONE', *, *, #6522, .F. );
#8414=EDGE_CURVE ( 'NONE', #11826, #932, #2475, .T. );
#8415=VECTOR ( 'NONE', #12726, 1000.000000000000000 );
#8416=VERTEX_POINT ( 'NONE', #353 );
#8417=EDGE_CURVE ( 'NONE', #14334, #11874, #9974, .T. );
#8418=AXIS2_PLACEMENT_3D ( 'NONE', #5174, #1832, #6887 );
#8419=ADVANCED_FACE ( 'NONE', ( #8807 ), #7925, .T. );
#8420=ORIENTED_EDGE ( 'NONE', *, *, #9888, .F. );
#8421=FACE_OUTER_BOUND ( 'NONE', #13546, .T. );
#8422=VECTOR ( 'NONE', #11293, 1000.000000000000000 );
#8423=ORIENTED_EDGE ( 'NONE', *, *, #3578, .T. );
#8424=FACE_BOUND ( 'NONE', #3140, .T. );
#8425=PLANE ( 'NONE',  #8211 );
#8426=ORIENTED_EDGE ( 'NONE', *, *, #8216, .T. );
#8427=LINE ( 'NONE', #482, #52 );
#8428=EDGE_CURVE ( 'NONE', #728, #7026, #4276, .T. );
#8429=ORIENTED_EDGE ( 'NONE', *, *, #8307, .T. );
#8430=ORIENTED_EDGE ( 'NONE', *, *, #654, .F. );
#8431=EDGE_LOOP ( 'NONE', ( #3681, #8962, #9158, #10611 ) );
#8432=EDGE_LOOP ( 'NONE', ( #7017, #7448, #14569, #11251 ) );
#8433=LINE ( 'NONE', #3298, #2028 );
#8434=( GEOMETRIC_REPRESENTATION_CONTEXT ( 3 ) GLOBAL_UNCERTAINTY_ASSIGNED_CONTEXT ( ( #221 ) ) GLOBAL_UNIT_ASSIGNED_CONTEXT ( ( #324, #94, #251 ) ) REPRESENTATION_CONTEXT ( 'NONE', 'WORKASPACE' ) );
#8435=ADVANCED_FACE ( 'NONE', ( #2278 ), #9194, .F. );
#8436=EDGE_CURVE ( 'NONE', #7615, #10597, #1545, .T. );
#8437=LINE ( 'NONE', #5207, #591 );
#8438=ORIENTED_EDGE ( 'NONE', *, *, #14220, .F. );
#8439=VECTOR ( 'NONE', #2002, 1000.000000000000000 );
#8440=LINE ( 'NONE', #1319, #188 );
#8441=VERTEX_POINT ( 'NONE', #9869 );
#8442=EDGE_CURVE ( 'NONE', #13323, #11132, #14300, .T. );
#8443=LINE ( 'NONE', #4280, #4229 );
#8444=PLANE ( 'NONE',  #3608 );
#8445=ORIENTED_EDGE ( 'NONE', *, *, #4307, .F. );
#8446=DIRECTION ( 'NONE',  ( -0.0000000000000000000, 1.234776807320388900E-016, -1.000000000000000000 ) );
#8447=AXIS2_PLACEMENT_3D ( 'NONE', #1404, #511, #613 );
#8448=EDGE_CURVE ( 'NONE', #7325, #3890, #11871, .T. );
#8449=EDGE_LOOP ( 'NONE', ( #9054, #6699, #14479, #3146 ) );
#8450=ORIENTED_EDGE ( 'NONE', *, *, #7208, .T. );
#8451=LINE ( 'NONE', #450, #22 );
#8452=VERTEX_POINT ( 'NONE', #3314 );
#8453=MANIFOLD_SOLID_BREP ( 'Shield', #9094 );
#8454=ORIENTED_EDGE ( 'NONE', *, *, #3597, .T. );
#8455=ADVANCED_FACE ( 'NONE', ( #12193 ), #301, .F. );
#8456=AXIS2_PLACEMENT_3D ( 'NONE', #202, #88, #6305 );
#8457=ORIENTED_EDGE ( 'NONE', *, *, #1921, .T. );
#8458=EDGE_CURVE ( 'NONE', #6442, #12758, #9498, .T. );
#8459=CARTESIAN_POINT ( 'NONE',  ( -6.599999999999997000, 0.0000000000000000000, 0.0000000000000000000 ) );
#8460=EDGE_CURVE ( 'NONE', #5188, #1698, #13866, .T. );
#8461=ORIENTED_EDGE ( 'NONE', *, *, #12722, .F. );
#8462=EDGE_LOOP ( 'NONE', ( #5622, #11527, #9042, #7638 ) );
#8463=ORIENTED_EDGE ( 'NONE', *, *, #3163, .F. );
#8464=AXIS2_PLACEMENT_3D ( 'NONE', #4527, #2329, #12899 );
#8465=AXIS2_PLACEMENT_3D ( 'NONE', #5371, #1434, #13661 );
#8466=ORIENTED_EDGE ( 'NONE', *, *, #5784, .F. );
#8467=EDGE_CURVE ( 'NONE', #7279, #6930, #6534, .T. );
#8468=ORIENTED_EDGE ( 'NONE', *, *, #2515, .T. );
#8469=PLANE ( 'NONE',  #2219 );
#8470=EDGE_CURVE ( 'NONE', #12547, #13262, #7270, .T. );
#8471=ADVANCED_FACE ( 'NONE', ( #5794 ), #3495, .F. );
#8472=PLANE ( 'NONE',  #8728 );
#8473=PLANE ( 'NONE',  #4367 );
#8474=EDGE_LOOP ( 'NONE', ( #11986, #14742, #8379, #1621 ) );
#8475=VERTEX_POINT ( 'NONE', #9342 );
#8476=LINE ( 'NONE', #7216, #9984 );
#8477=ORIENTED_EDGE ( 'NONE', *, *, #3263, .F. );
#8478=FACE_OUTER_BOUND ( 'NONE', #8335, .T. );
#8479=EDGE_CURVE ( 'NONE', #13566, #5957, #3866, .T. );
#8480=ORIENTED_EDGE ( 'NONE', *, *, #14099, .F. );
#8481=DIRECTION ( 'NONE',  ( 5.899716722051343000E-035, 0.0000000000000000000, 1.000000000000000000 ) );
#8482=ORIENTED_EDGE ( 'NONE', *, *, #7094, .F. );
#8483=EDGE_LOOP ( 'NONE', ( #13469, #3399, #2302, #2561 ) );
#8484=LINE ( 'NONE', #268, #5437 );
#8485=ORIENTED_EDGE ( 'NONE', *, *, #13172, .T. );
#8486=ADVANCED_FACE ( 'NONE', ( #9802 ), #10021, .T. );
#8487=ORIENTED_EDGE ( 'NONE', *, *, #9428, .T. );
#8488=EDGE_CURVE ( 'NONE', #13269, #3724, #1380, .T. );
#8489=FACE_OUTER_BOUND ( 'NONE', #9674, .T. );
#8490=LINE ( 'NONE', #1203, #95 );
#8491=EDGE_CURVE ( 'NONE', #13344, #12486, #11238, .T. );
#8492=ORIENTED_EDGE ( 'NONE', *, *, #12480, .T. );
#8493=ORIENTED_EDGE ( 'NONE', *, *, #3091, .T. );
#8494=AXIS2_PLACEMENT_3D ( 'NONE', #9659, #613, #93 );
#8495=CARTESIAN_POINT ( 'NONE',  ( 3.400000000000001200, -3.388131789017201400E-018, 7.199999999999998400 ) );
#8496=ORIENTED_EDGE ( 'NONE', *, *, #11580, .F. );
#8497=PLANE ( 'NONE',  #9341 );
#8498=LINE ( 'NONE', #958, #544 );
#8499=ORIENTED_EDGE ( 'NONE', *, *, #10453, .F. );
#8500=ORIENTED_EDGE ( 'NONE', *, *, #14463, .F. );
#8501=LINE ( 'NONE', #2477, #8847 );
#8502=ADVANCED_FACE ( 'NONE', ( #6156 ), #1799, .T. );
#8503=FACE_OUTER_BOUND ( 'NONE', #14107, .T. );
#8504=ORIENTED_EDGE ( 'NONE', *, *, #11861, .T. );
#8505=ORIENTED_EDGE ( 'NONE', *, *, #9756, .T. );
#8506=EDGE_LOOP ( 'NONE', ( #13170, #12325, #4485, #8184 ) );
#8507=LINE ( 'NONE', #5143, #52 );
#8508=EDGE_CURVE ( 'NONE', #443, #3286, #14565, .T. );
#8509=ORIENTED_EDGE ( 'NONE', *, *, #8090, .T. );
#8510=LINE ( 'NONE', #2745, #22 );
#8511=ORIENTED_EDGE ( 'NONE', *, *, #6890, .T. );
#8512=LINE ( 'NONE', #8520, #186 );
#8513=VERTEX_POINT ( 'NONE', #884 );
#8514=FACE_OUTER_BOUND ( 'NONE', #11740, .T. );
#8515=EDGE_CURVE ( 'NONE', #12348, #13447, #6697, .T. );
#8516=STYLED_ITEM ( 'NONE', ( #853 ), #4773 );
#8517=FACE_BOUND ( 'NONE', #12768, .T. );
#8518=CARTESIAN_POINT ( 'NONE',  ( 2.700000000000000200, 0.0000000000000000000, 1.974999999999998500 ) );
#8519=EDGE_LOOP ( 'NONE', ( #10492, #4504, #10232, #5193 ) );
#8520=CARTESIAN_POINT ( 'NONE',  ( 1.249999999999999800, 0.05000000000000007900, 1.974999999999998500 ) );
#8521=ORIENTED_EDGE ( 'NONE', *, *, #406, .T. );
#8522=CARTESIAN_POINT ( 'NONE',  ( -1.400000000000013200, 0.05000000000000005100, -1.800000000000001200 ) );
#8523=ADVANCED_FACE ( 'NONE', ( #11859 ), #4673, .F. );
#8524=LINE ( 'NONE', #56, #22 );
#8525=CARTESIAN_POINT ( 'NONE',  ( 1.800000000000002900, 0.05000000000000005100, -1.800000000000001400 ) );
#8526=VERTEX_POINT ( 'NONE', #3064 );
#8527=AXIS2_PLACEMENT_3D ( 'NONE', #2252, #7223, #1881 );
#8528=EDGE_LOOP ( 'NONE', ( #5939, #5067, #10521, #2646 ) );
#8529=MANIFOLD_SOLID_BREP ( 'Pin 10', #11975 );
#8530=ORIENTED_EDGE ( 'NONE', *, *, #6281, .T. );
#8531=EDGE_CURVE ( 'NONE', #10890, #932, #13260, .T. );
#8532=LINE ( 'NONE', #1834, #121 );
#8533=ORIENTED_EDGE ( 'NONE', *, *, #10378, .F. );
#8534=LINE ( 'NONE', #204, #22 );
#8535=ORIENTED_EDGE ( 'NONE', *, *, #5922, .T. );
#8536=EDGE_LOOP ( 'NONE', ( #9852, #2046, #13867, #2700 ) );
#8537=EDGE_CURVE ( 'NONE', #10298, #7983, #5047, .T. );
#8538=ORIENTED_EDGE ( 'NONE', *, *, #11824, .T. );
#8539=ADVANCED_FACE ( 'NONE', ( #12964 ), #3949, .F. );
#8540=CARTESIAN_POINT ( 'NONE',  ( 6.299999999999972300, 0.0000000000000000000, 4.899999999999993200 ) );
#8541=EDGE_CURVE ( 'NONE', #6193, #4398, #10292, .T. );
#8542=LINE ( 'NONE', #197, #96 );
#8543=ORIENTED_EDGE ( 'NONE', *, *, #13766, .T. );
#8544=LINE ( 'NONE', #72, #5366 );
#8545=DIRECTION ( 'NONE',  ( -1.000000000000000000, 0.0000000000000000000, 1.084202172485582900E-015 ) );
#8546=ORIENTED_EDGE ( 'NONE', *, *, #496, .F. );
#8547=ORIENTED_EDGE ( 'NONE', *, *, #2821, .F. );
#8548=PLANE ( 'NONE',  #1202 );
#8549=ORIENTED_EDGE ( 'NONE', *, *, #5843, .F. );
#8550=EDGE_CURVE ( 'NONE', #1605, #10648, #1600, .T. );
#8551=EDGE_CURVE ( 'NONE', #6418, #5926, #10762, .T. );
#8552=ORIENTED_EDGE ( 'NONE', *, *, #6967, .T. );
#8553=AXIS2_PLACEMENT_3D ( 'NONE', #204, #23, #128 );
#8554=ADVANCED_FACE ( 'NONE', ( #5780 ), #11984, .F. );
#8555=LINE ( 'NONE', #6475, #22 );
#8556=ORIENTED_EDGE ( 'NONE', *, *, #7510, .F. );
#8557=FACE_OUTER_BOUND ( 'NONE', #4424, .T. );
#8558=FACE_OUTER_BOUND ( 'NONE', #2976, .T. );
#8559=ORIENTED_EDGE ( 'NONE', *, *, #4575, .F. );
#8560=EDGE_CURVE ( 'NONE', #13637, #7872, #4260, .T. );
#8561=ORIENTED_EDGE ( 'NONE', *, *, #13290, .F. );
#8562=VERTEX_POINT ( 'NONE', #10077 );
#8563=AXIS2_PLACEMENT_3D ( 'NONE', #4571, #6800, #4790 );
#8564=DIRECTION ( 'NONE',  ( 5.421010862427601800E-015, 0.0000000000000000000, 1.000000000000000000 ) );
#8565=DIRECTION ( 'NONE',  ( -1.000000000000000000, 0.0000000000000000000, -5.204170427930544300E-014 ) );
#8566=AXIS2_PLACEMENT_3D ( 'NONE', #3314, #128, #93 );
#8567=CARTESIAN_POINT ( 'NONE',  ( -5.725000000000000500, 2.299999999999999800, 7.680000000000000600 ) );
#8568=VERTEX_POINT ( 'NONE', #1451 );
#8569=VECTOR ( 'NONE', #10212, 1000.000000000000000 );
#8570=ORIENTED_EDGE ( 'NONE', *, *, #13766, .F. );
#8571=EDGE_CURVE ( 'NONE', #6564, #8883, #3484, .T. );
#8572=FACE_OUTER_BOUND ( 'NONE', #10191, .T. );
#8573=FACE_OUTER_BOUND ( 'NONE', #14736, .T. );
#8574=EDGE_CURVE ( 'NONE', #3911, #13413, #7616, .T. );
#8575=CARTESIAN_POINT ( 'NONE',  ( 6.600000000000000500, 0.7999999999999993800, -2.900000000000001700 ) );
#8576=ORIENTED_EDGE ( 'NONE', *, *, #552, .F. );
#8577=ADVANCED_FACE ( 'NONE', ( #703 ), #30, .T. );
#8578=EDGE_CURVE ( 'NONE', #14608, #12850, #13851, .T. );
#8579=ORIENTED_EDGE ( 'NONE', *, *, #9972, .T. );
#8580=AXIS2_PLACEMENT_3D ( 'NONE', #67, #778, #3127 );
#8581=EDGE_CURVE ( 'NONE', #10860, #10913, #212, .T. );
#8582=DIRECTION ( 'NONE',  ( 1.000000000000000000, 0.0000000000000000000, 2.168404344970947300E-015 ) );
#8583=PLANE ( 'NONE',  #2877 );
#8584=LINE ( 'NONE', #6083, #124 );
#8585=FACE_OUTER_BOUND ( 'NONE', #10028, .T. );
#8586=LINE ( 'NONE', #3973, #52 );
#8587=ORIENTED_EDGE ( 'NONE', *, *, #3903, .F. );
#8588=( GEOMETRIC_REPRESENTATION_CONTEXT ( 3 ) GLOBAL_UNCERTAINTY_ASSIGNED_CONTEXT ( ( #221 ) ) GLOBAL_UNIT_ASSIGNED_CONTEXT ( ( #324, #94, #251 ) ) REPRESENTATION_CONTEXT ( 'NONE', 'WORKASPACE' ) );
#8589=ORIENTED_EDGE ( 'NONE', *, *, #4155, .T. );
#8590=ADVANCED_FACE ( 'NONE', ( #7067 ), #11520, .T. );
#8591=ORIENTED_EDGE ( 'NONE', *, *, #14640, .F. );
#8592=EDGE_CURVE ( 'NONE', #8797, #5188, #12346, .T. );
#8593=DIRECTION ( 'NONE',  ( -1.000000000000000000, 0.0000000000000000000, 5.899716722050667400E-035 ) );
#8594=LINE ( 'NONE', #1920, #7680 );
#8595=EDGE_LOOP ( 'NONE', ( #4288, #435, #8219, #2789 ) );
#8596=LINE ( 'NONE', #2845, #22 );
#8597=CARTESIAN_POINT ( 'NONE',  ( -0.1999999999999866300, 3.388131789017201400E-018, 8.000000000000000000 ) );
#8598=EDGE_CURVE ( 'NONE', #6611, #7207, #4468, .T. );
#8599=AXIS2_PLACEMENT_3D ( 'NONE', #67, #778, #10478 );
#8600=FACE_OUTER_BOUND ( 'NONE', #5709, .T. );
#8601=DIRECTION ( 'NONE',  ( 2.168404344970947300E-015, 0.0000000000000000000, -1.000000000000000000 ) );
#8602=ORIENTED_EDGE ( 'NONE', *, *, #5023, .F. );
#8603=EDGE_LOOP ( 'NONE', ( #4430, #8253, #11656, #4111 ) );
#8604=ORIENTED_EDGE ( 'NONE', *, *, #3203, .T. );
#8605=ORIENTED_EDGE ( 'NONE', *, *, #6605, .F. );
#8606=PLANE ( 'NONE',  #140 );
#8607=PLANE ( 'NONE',  #4865 );
#8608=ORIENTED_EDGE ( 'NONE', *, *, #1836, .F. );
#8609=LINE ( 'NONE', #1675, #52 );
#8610=ADVANCED_FACE ( 'NONE', ( #942 ), #4946, .T. );
#8611=DIRECTION ( 'NONE',  ( 1.000000000000000000, -0.0000000000000000000, 5.421010862427907700E-016 ) );
#8612=ORIENTED_EDGE ( 'NONE', *, *, #4715, .T. );
#8613=DIRECTION ( 'NONE',  ( 1.084202172485580600E-015, -0.0000000000000000000, 1.000000000000000000 ) );
#8614=LINE ( 'NONE', #6238, #52 );
#8615=EDGE_CURVE ( 'NONE', #6954, #2088, #9128, .T. );
#8616=ORIENTED_EDGE ( 'NONE', *, *, #9229, .F. );
#8617=ORIENTED_EDGE ( 'NONE', *, *, #8515, .F. );
#8618=CARTESIAN_POINT ( 'NONE',  ( 1.250000000000000700, 0.05000000000000007900, -1.734723475976807100E-015 ) );
#8619=( GEOMETRIC_REPRESENTATION_CONTEXT ( 3 ) GLOBAL_UNCERTAINTY_ASSIGNED_CONTEXT ( ( #221 ) ) GLOBAL_UNIT_ASSIGNED_CONTEXT ( ( #324, #94, #251 ) ) REPRESENTATION_CONTEXT ( 'NONE', 'WORKASPACE' ) );
#8620=PLANE ( 'NONE',  #12192 );
#8621=ORIENTED_EDGE ( 'NONE', *, *, #11512, .F. );
#8622=ORIENTED_EDGE ( 'NONE', *, *, #10312, .F. );
#8623=EDGE_CURVE ( 'NONE', #12429, #973, #1583, .T. );
#8624=FACE_OUTER_BOUND ( 'NONE', #985, .T. );
#8625=DIRECTION ( 'NONE',  ( 4.405848312733592300E-036, 0.0000000000000000000, 1.000000000000000000 ) );
#8626=LINE ( 'NONE', #166, #22 );
#8627=ORIENTED_EDGE ( 'NONE', *, *, #7672, .T. );
#8628=LINE ( 'NONE', #2092, #9653 );
#8629=EDGE_CURVE ( 'NONE', #5479, #1876, #10122, .T. );
#8630=ADVANCED_FACE ( 'NONE', ( #13399 ), #7116, .T. );
#8631=DIRECTION ( 'NONE',  ( -1.000000000000000000, 1.734723475976805500E-015, 0.0000000000000000000 ) );
#8632=VERTEX_POINT ( 'NONE', #3731 );
#8633=ORIENTED_EDGE ( 'NONE', *, *, #7189, .F. );
#8634=PLANE ( 'NONE',  #11683 );
#8635=ORIENTED_EDGE ( 'NONE', *, *, #12951, .T. );
#8636=EDGE_CURVE ( 'NONE', #14575, #10937, #11073, .T. );
#8637=CARTESIAN_POINT ( 'NONE',  ( -6.599999999999997000, -6.674619624363886700E-016, -2.900000000000001700 ) );
#8638=ORIENTED_EDGE ( 'NONE', *, *, #13172, .F. );
#8639=EDGE_LOOP ( 'NONE', ( #10310, #9663, #4107, #5319 ) );
#8640=PLANE ( 'NONE',  #9703 );
#8641=LINE ( 'NONE', #5677, #9332 );
#8642=ORIENTED_EDGE ( 'NONE', *, *, #6992, .T. );
#8643=ORIENTED_EDGE ( 'NONE', *, *, #4258, .F. );
#8644=PLANE ( 'NONE',  #14591 );
#8645=FACE_OUTER_BOUND ( 'NONE', #10810, .T. );
#8646=ORIENTED_EDGE ( 'NONE', *, *, #584, .F. );
#8647=EDGE_CURVE ( 'NONE', #13763, #12415, #8107, .T. );
#8648=ADVANCED_FACE ( 'NONE', ( #2262 ), #9639, .T. );
#8649=VERTEX_POINT ( 'NONE', #2764 );
#8650=EDGE_CURVE ( 'NONE', #9300, #8066, #10437, .T. );
#8651=CARTESIAN_POINT ( 'NONE',  ( 5.500000000000029300, 0.05000000000000005100, 5.299999999999993600 ) );
#8652=DIRECTION ( 'NONE',  ( 2.168404344971008100E-015, 1.540743955509788700E-033, 1.000000000000000000 ) );
#8653=FACE_OUTER_BOUND ( 'NONE', #12888, .T. );
#8654=AXIS2_PLACEMENT_3D ( 'NONE', #3595, #613, #93 );
#8655=PLANE ( 'NONE',  #10207 );
#8656=VERTEX_POINT ( 'NONE', #4158 );
#8657=ORIENTED_EDGE ( 'NONE', *, *, #7388, .T. );
#8658=LINE ( 'NONE', #2611, #96 );
#8659=AXIS2_PLACEMENT_3D ( 'NONE', #9925, #6808, #1735 );
#8660=VECTOR ( 'NONE', #2383, 1000.000000000000000 );
#8661=EDGE_LOOP ( 'NONE', ( #1019, #3669, #8822, #12398 ) );
#8662=ORIENTED_EDGE ( 'NONE', *, *, #5114, .F. );
#8663=LINE ( 'NONE', #108, #114 );
#8664=EDGE_CURVE ( 'NONE', #12495, #8441, #10747, .T. );
#8665=VERTEX_POINT ( 'NONE', #2187 );
#8666=EDGE_CURVE ( 'NONE', #10870, #2020, #11700, .T. );
#8667=EDGE_LOOP ( 'NONE', ( #1964, #12599, #1359, #9246 ) );
#8668=PLANE ( 'NONE',  #3197 );
#8669=DIRECTION ( 'NONE',  ( 1.000000000000000000, 0.0000000000000000000, -4.336808689942147900E-015 ) );
#8670=VERTEX_POINT ( 'NONE', #1395 );
#8671=AXIS2_PLACEMENT_3D ( 'NONE', #5503, #11730, #3127 );
#8672=DIRECTION ( 'NONE',  ( -6.410745747277186800E-034, 0.0000000000000000000, 1.000000000000000000 ) );
#8673=EDGE_CURVE ( 'NONE', #6933, #11540, #8614, .T. );
#8674=ORIENTED_EDGE ( 'NONE', *, *, #3004, .T. );
#8675=ADVANCED_FACE ( 'NONE', ( #12176 ), #1519, .T. );
#8676=AXIS2_PLACEMENT_3D ( 'NONE', #1337, #2227, #4849 );
#8677=ORIENTED_EDGE ( 'NONE', *, *, #7410, .F. );
#8678=DIRECTION ( 'NONE',  ( 1.000000000000000000, -3.851859888774471700E-034, -4.878909776184620100E-015 ) );
#8679=AXIS2_PLACEMENT_3D ( 'NONE', #9747, #4487, #3335 );
#8680=DIRECTION ( 'NONE',  ( 1.000000000000000000, 7.703719777548943400E-034, 1.829591166069420900E-015 ) );
#8681=PLANE ( 'NONE',  #13670 );
#8682=FACE_OUTER_BOUND ( 'NONE', #5153, .T. );
#8683=ORIENTED_EDGE ( 'NONE', *, *, #13522, .T. );
#8684=EDGE_LOOP ( 'NONE', ( #2567, #9988, #3217, #3070 ) );
#8685=ORIENTED_EDGE ( 'NONE', *, *, #1428, .T. );
#8686=ORIENTED_EDGE ( 'NONE', *, *, #14273, .F. );
#8687=FACE_OUTER_BOUND ( 'NONE', #14098, .T. );
#8688=ORIENTED_EDGE ( 'NONE', *, *, #10907, .F. );
#8689=FACE_OUTER_BOUND ( 'NONE', #14297, .T. );
#8690=ORIENTED_EDGE ( 'NONE', *, *, #13266, .T. );
#8691=EDGE_CURVE ( 'NONE', #11185, #14536, #13717, .T. );
#8692=FACE_OUTER_BOUND ( 'NONE', #13882, .T. );
#8693=CARTESIAN_POINT ( 'NONE',  ( -3.399999999999999500, 3.388131789017201400E-018, 8.000000000000021300 ) );
#8694=ADVANCED_FACE ( 'NONE', ( #5028 ), #1647, .F. );
#8695=ORIENTED_EDGE ( 'NONE', *, *, #12497, .F. );
#8696=VERTEX_POINT ( 'NONE', #4384 );
#8697=EDGE_CURVE ( 'NONE', #12467, #13263, #13097, .T. );
#8698=DIRECTION ( 'NONE',  ( 1.000000000000000000, 3.851859888774471700E-034, 1.355252715606912100E-016 ) );
#8699=ORIENTED_EDGE ( 'NONE', *, *, #9464, .T. );
#8700=EDGE_LOOP ( 'NONE', ( #14070, #5043, #2576, #3233 ) );
#8701=VERTEX_POINT ( 'NONE', #1038 );
#8702=VERTEX_POINT ( 'NONE', #3989 );
#8703=ORIENTED_EDGE ( 'NONE', *, *, #5695, .T. );
#8704=DIRECTION ( 'NONE',  ( 1.846881838814537600E-035, 0.0000000000000000000, 1.000000000000000000 ) );
#8705=EDGE_LOOP ( 'NONE', ( #14261, #8688, #8128, #13226 ) );
#8706=LINE ( 'NONE', #5731, #6201 );
#8707=CARTESIAN_POINT ( 'NONE',  ( 0.0000000000000000000, 2.399999999999999900, 0.0000000000000000000 ) );
#8708=LINE ( 'NONE', #8393, #119 );
#8709=VERTEX_POINT ( 'NONE', #2109 );
#8710=LINE ( 'NONE', #461, #544 );
#8711=ORIENTED_EDGE ( 'NONE', *, *, #3219, .T. );
#8712=ADVANCED_FACE ( 'NONE', ( #13551 ), #7601, .T. );
#8713=DIRECTION ( 'NONE',  ( 1.000000000000000000, -0.0000000000000000000, 6.693488088852134000E-034 ) );
#8714=LINE ( 'NONE', #8248, #22 );
#8715=EDGE_LOOP ( 'NONE', ( #7129, #4728, #4619, #9075 ) );
#8716=LINE ( 'NONE', #2461, #6803 );
#8717=ORIENTED_EDGE ( 'NONE', *, *, #11586, .T. );
#8718=AXIS2_PLACEMENT_3D ( 'NONE', #5158, #128, #711 );
#8719=FACE_OUTER_BOUND ( 'NONE', #9007, .T. );
#8720=ORIENTED_EDGE ( 'NONE', *, *, #157, .T. );
#8721=FACE_OUTER_BOUND ( 'NONE', #2749, .T. );
#8722=ORIENTED_EDGE ( 'NONE', *, *, #12475, .F. );
#8723=EDGE_LOOP ( 'NONE', ( #80, #1857, #14621, #12444 ) );
#8724=VERTEX_POINT ( 'NONE', #72 );
#8725=ORIENTED_EDGE ( 'NONE', *, *, #7496, .T. );
#8726=CARTESIAN_POINT ( 'NONE',  ( 6.299999999999972300, 0.05000000000000005100, 1.700000000000007900 ) );
#8727=ADVANCED_FACE ( 'NONE', ( #8281 ), #2945, .T. );
#8728=AXIS2_PLACEMENT_3D ( 'NONE', #1125, #128, #711 );
#8729=ORIENTED_EDGE ( 'NONE', *, *, #9895, .T. );
#8730=EDGE_CURVE ( 'NONE', #2615, #11477, #14423, .T. );
#8731=LINE ( 'NONE', #11774, #718 );
#8732=PLANE ( 'NONE',  #4696 );
#8733=VERTEX_POINT ( 'NONE', #2772 );
#8734=PLANE ( 'NONE',  #8580 );
#8735=FACE_OUTER_BOUND ( 'NONE', #14250, .T. );
#8736=ORIENTED_EDGE ( 'NONE', *, *, #14408, .T. );
#8737=ORIENTED_EDGE ( 'NONE', *, *, #6651, .F. );
#8738=VERTEX_POINT ( 'NONE', #4345 );
#8739=EDGE_CURVE ( 'NONE', #2020, #11091, #2032, .T. );
#8740=EDGE_CURVE ( 'NONE', #6829, #2831, #7603, .T. );
#8741=ADVANCED_FACE ( 'NONE', ( #5388 ), #14035, .T. );
#8742=ORIENTED_EDGE ( 'NONE', *, *, #13987, .F. );
#8743=LINE ( 'NONE', #2846, #3418 );
#8744=FACE_OUTER_BOUND ( 'NONE', #7767, .T. );
#8745=LINE ( 'NONE', #2674, #6645 );
#8746=CLOSED_SHELL ( 'NONE', ( #8217, #14437, #11317, #993, #3196, #10797 ) );
#8747=EDGE_CURVE ( 'NONE', #2990, #12411, #8958, .T. );
#8748=ORIENTED_EDGE ( 'NONE', *, *, #1112, .F. );
#8749=ORIENTED_EDGE ( 'NONE', *, *, #9525, .F. );
#8750=PLANE ( 'NONE',  #9024 );
#8751=PLANE ( 'NONE',  #7187 );
#8752=EDGE_CURVE ( 'NONE', #3467, #4160, #4452, .T. );
#8753=VERTEX_POINT ( 'NONE', #4150 );
#8754=DIRECTION ( 'NONE',  ( -1.000000000000000000, 0.0000000000000000000, 5.911569487279479500E-035 ) );
#8755=EDGE_CURVE ( 'NONE', #2197, #4034, #7255, .T. );
#8756=AXIS2_PLACEMENT_3D ( 'NONE', #4872, #93, #18 );
#8757=LINE ( 'NONE', #86, #6469 );
#8758=LINE ( 'NONE', #1038, #5364 );
#8759=VERTEX_POINT ( 'NONE', #6916 );
#8760=AXIS2_PLACEMENT_3D ( 'NONE', #4751, #2116, #128 );
#8761=LINE ( 'NONE', #12016, #1983 );
#8762=ADVANCED_FACE ( 'NONE', ( #9304 ), #13401, .T. );
#8763=ORIENTED_EDGE ( 'NONE', *, *, #7154, .T. );
#8764=ORIENTED_EDGE ( 'NONE', *, *, #8277, .F. );
#8765=EDGE_CURVE ( 'NONE', #4844, #4818, #14715, .T. );
#8766=VERTEX_POINT ( 'NONE', #7320 );
#8767=EDGE_CURVE ( 'NONE', #7307, #2338, #1367, .T. );
#8768=CARTESIAN_POINT ( 'NONE',  ( 6.299999999999972300, 0.05000000000000007900, 3.699999999999989100 ) );
#8769=AXIS2_PLACEMENT_3D ( 'NONE', #6524, #711, #280 );
#8770=ORIENTED_EDGE ( 'NONE', *, *, #1527, .F. );
#8771=EDGE_CURVE ( 'NONE', #12250, #3512, #2858, .T. );
#8772=ADVANCED_FACE ( 'NONE', ( #4855 ), #2697, .F. );
#8773=PLANE ( 'NONE',  #3916 );
#8774=ORIENTED_EDGE ( 'NONE', *, *, #1042, .F. );
#8775=ORIENTED_EDGE ( 'NONE', *, *, #9339, .F. );
#8776=ORIENTED_EDGE ( 'NONE', *, *, #4074, .F. );
#8777=ORIENTED_EDGE ( 'NONE', *, *, #9835, .F. );
#8778=FACE_OUTER_BOUND ( 'NONE', #10925, .T. );
#8779=LINE ( 'NONE', #382, #22 );
#8780=VERTEX_POINT ( 'NONE', #4578 );
#8781=LINE ( 'NONE', #475, #366 );
#8782=CARTESIAN_POINT ( 'NONE',  ( 3.400000000000002100, 0.05000000000000005100, -1.800000000000001400 ) );
#8783=EDGE_CURVE ( 'NONE', #1405, #3898, #9469, .T. );
#8784=ORIENTED_EDGE ( 'NONE', *, *, #2979, .F. );
#8785=ADVANCED_FACE ( 'NONE', ( #14003 ), #1502, .T. );
#8786=ORIENTED_EDGE ( 'NONE', *, *, #12807, .F. );
#8787=LINE ( 'NONE', #1061, #52 );
#8788=EDGE_CURVE ( 'NONE', #6768, #7454, #12493, .T. );
#8789=LINE ( 'NONE', #3970, #22 );
#8790=VERTEX_POINT ( 'NONE', #250 );
#8791=FACE_OUTER_BOUND ( 'NONE', #14718, .T. );
#8792=PRESENTATION_LAYER_ASSIGNMENT (  '', '', ( #4117 ) );
#8793=EDGE_LOOP ( 'NONE', ( #4272, #9002, #5229, #4052 ) );
#8794=PLANE ( 'NONE',  #4341 );
#8795=ORIENTED_EDGE ( 'NONE', *, *, #11523, .T. );
#8796=VERTEX_POINT ( 'NONE', #2835 );
#8797=VERTEX_POINT ( 'NONE', #3777 );
#8798=ORIENTED_EDGE ( 'NONE', *, *, #14370, .T. );
#8799=VERTEX_POINT ( 'NONE', #6898 );
#8800=LINE ( 'NONE', #10051, #10926 );
#8801=LINE ( 'NONE', #3596, #591 );
#8802=ORIENTED_EDGE ( 'NONE', *, *, #11431, .T. );
#8803=EDGE_CURVE ( 'NONE', #13104, #8753, #11846, .T. );
#8804=LINE ( 'NONE', #3989, #5060 );
#8805=CARTESIAN_POINT ( 'NONE',  ( -6.299999999999998900, 0.05000000000000007900, 7.299999999999998000 ) );
#8806=ADVANCED_FACE ( 'NONE', ( #12022 ), #6720, .T. );
#8807=FACE_OUTER_BOUND ( 'NONE', #10400, .T. );
#8808=EDGE_LOOP ( 'NONE', ( #13501, #13052, #4465, #586 ) );
#8809=STYLED_ITEM ( 'NONE', ( #853 ), #5607 );
#8810=ORIENTED_EDGE ( 'NONE', *, *, #3628, .F. );
#8811=LINE ( 'NONE', #767, #1411 );
#8812=EDGE_CURVE ( 'NONE', #614, #8272, #11224, .T. );
#8813=DIRECTION ( 'NONE',  ( 1.000000000000000000, 0.0000000000000000000, -6.938514061341704300E-035 ) );
#8814=EDGE_LOOP ( 'NONE', ( #9398, #7668, #8413, #2861 ) );
#8815=VERTEX_POINT ( 'NONE', #3024 );
#8816=LINE ( 'NONE', #2126, #52 );
#8817=ORIENTED_EDGE ( 'NONE', *, *, #7745, .F. );
#8818=AXIS2_PLACEMENT_3D ( 'NONE', #2068, #7512, #8545 );
#8819=ORIENTED_EDGE ( 'NONE', *, *, #9395, .T. );
#8820=DIRECTION ( 'NONE',  ( 1.000000000000000000, -0.0000000000000000000, 3.717264591378872000E-015 ) );
#8821=ADVANCED_FACE ( 'NONE', ( #14136 ), #10040, .F. );
#8822=ORIENTED_EDGE ( 'NONE', *, *, #13581, .T. );
#8823=EDGE_LOOP ( 'NONE', ( #7899, #10004, #2675, #13796 ) );
#8824=VERTEX_POINT ( 'NONE', #963 );
#8825=EDGE_CURVE ( 'NONE', #10147, #2546, #10733, .T. );
#8826=ORIENTED_EDGE ( 'NONE', *, *, #12548, .T. );
#8827=VECTOR ( 'NONE', #4836, 1000.000000000000000 );
#8828=ORIENTED_EDGE ( 'NONE', *, *, #11541, .F. );
#8829=AXIS2_PLACEMENT_3D ( 'NONE', #2808, #711, #280 );
#8830=LINE ( 'NONE', #1731, #186 );
#8831=LINE ( 'NONE', #3362, #52 );
#8832=EDGE_CURVE ( 'NONE', #11491, #2765, #10590, .T. );
#8833=DIRECTION ( 'NONE',  ( -1.000000000000000000, 0.0000000000000000000, -5.529431079676238000E-014 ) );
#8834=AXIS2_PLACEMENT_3D ( 'NONE', #5203, #23, #128 );
#8835=CLOSED_SHELL ( 'NONE', ( #13414, #6897, #10742, #6533, #12772, #12194 ) );
#8836=VERTEX_POINT ( 'NONE', #10617 );
#8837=ORIENTED_EDGE ( 'NONE', *, *, #7031, .F. );
#8838=ADVANCED_FACE ( 'NONE', ( #10112 ), #11486, .T. );
#8839=LINE ( 'NONE', #3113, #2514 );
#8840=VERTEX_POINT ( 'NONE', #10513 );
#8841=DIRECTION ( 'NONE',  ( 1.000000000000000000, 0.0000000000000000000, -3.717264591378872800E-015 ) );
#8842=ORIENTED_EDGE ( 'NONE', *, *, #9142, .F. );
#8843=EDGE_CURVE ( 'NONE', #10125, #6918, #3266, .T. );
#8844=FACE_OUTER_BOUND ( 'NONE', #1341, .T. );
#8845=DIRECTION ( 'NONE',  ( -2.168404344971008100E-015, -0.0000000000000000000, -1.000000000000000000 ) );
#8846=EDGE_CURVE ( 'NONE', #3749, #2847, #899, .T. );
#8847=VECTOR ( 'NONE', #5754, 1000.000000000000000 );
#8848=FACE_OUTER_BOUND ( 'NONE', #13117, .T. );
#8849=ORIENTED_EDGE ( 'NONE', *, *, #6587, .T. );
#8850=ORIENTED_EDGE ( 'NONE', *, *, #14582, .F. );
#8851=PRESENTATION_LAYER_ASSIGNMENT (  '', '', ( #11386 ) );
#8852=ORIENTED_EDGE ( 'NONE', *, *, #6182, .T. );
#8853=EDGE_CURVE ( 'NONE', #4795, #7376, #6863, .T. );
#8854=DIRECTION ( 'NONE',  ( -8.335740912701737500E-035, 0.0000000000000000000, 1.000000000000000000 ) );
#8855=DIRECTION ( 'NONE',  ( -1.000000000000000000, 0.0000000000000000000, 4.210554863359549100E-036 ) );
#8856=VERTEX_POINT ( 'NONE', #12370 );
#8857=ORIENTED_EDGE ( 'NONE', *, *, #219, .T. );
#8858=ADVANCED_FACE ( 'NONE', ( #14702 ), #930, .T. );
#8859=ORIENTED_EDGE ( 'NONE', *, *, #10619, .F. );
#8860=LINE ( 'NONE', #5927, #7343 );
#8861=FACE_BOUND ( 'NONE', #10055, .T. );
#8862=LINE ( 'NONE', #10098, #22 );
#8863=EDGE_LOOP ( 'NONE', ( #5972, #5600, #11007, #6185 ) );
#8864=FACE_OUTER_BOUND ( 'NONE', #9404, .T. );
#8865=ORIENTED_EDGE ( 'NONE', *, *, #10153, .F. );
#8866=AXIS2_PLACEMENT_3D ( 'NONE', #3005, #7897, #13039 );
#8867=VERTEX_POINT ( 'NONE', #2009 );
#8868=CARTESIAN_POINT ( 'NONE',  ( -5.500000000000007100, 0.05000000000000005100, 5.699999999999995700 ) );
#8869=EDGE_CURVE ( 'NONE', #7872, #9293, #6311, .T. );
#8870=PLANE ( 'NONE',  #9411 );
#8871=LINE ( 'NONE', #8618, #186 );
#8872=ORIENTED_EDGE ( 'NONE', *, *, #1610, .T. );
#8873=CARTESIAN_POINT ( 'NONE',  ( -6.299999999999990100, 0.05000000000000005100, 2.499999999999997800 ) );
#8874=ORIENTED_EDGE ( 'NONE', *, *, #289, .T. );
#8875=PLANE ( 'NONE',  #4062 );
#8876=EDGE_CURVE ( 'NONE', #6556, #9563, #5570, .T. );
#8877=ORIENTED_EDGE ( 'NONE', *, *, #6136, .T. );
#8878=ORIENTED_EDGE ( 'NONE', *, *, #10300, .T. );
#8879=LINE ( 'NONE', #197, #6981 );
#8880=CLOSED_SHELL ( 'NONE', ( #4710, #3520, #13427, #7331, #11029, #8502 ) );
#8881=ORIENTED_EDGE ( 'NONE', *, *, #9503, .T. );
#8882=ADVANCED_FACE ( 'NONE', ( #10280 ), #7433, .F. );
#8883=VERTEX_POINT ( 'NONE', #5102 );
#8884=ORIENTED_EDGE ( 'NONE', *, *, #10641, .T. );
#8885=AXIS2_PLACEMENT_3D ( 'NONE', #2658, #2535, #1075 );
#8886=PLANE ( 'NONE',  #10895 );
#8887=DIRECTION ( 'NONE',  ( 1.000000000000000000, -0.0000000000000000000, 2.385244779468104100E-014 ) );
#8888=MANIFOLD_SOLID_BREP ( 'Pin 49_9', #3795 );
#8889=SHAPE_DEFINITION_REPRESENTATION ( #12825, #7504 );
#8890=LINE ( 'NONE', #1574, #186 );
#8891=VERTEX_POINT ( 'NONE', #3596 );
#8892=EDGE_CURVE ( 'NONE', #7420, #11063, #14410, .T. );
#8893=PLANE ( 'NONE',  #8659 );
#8894=CARTESIAN_POINT ( 'NONE',  ( -5.500000000000007100, 0.0000000000000000000, 6.099999999999997000 ) );
#8895=ORIENTED_EDGE ( 'NONE', *, *, #838, .T. );
#8896=ORIENTED_EDGE ( 'NONE', *, *, #5943, .T. );
#8897=ORIENTED_EDGE ( 'NONE', *, *, #3664, .T. );
#8898=ADVANCED_FACE ( 'NONE', ( #12007 ), #12709, .T. );
#8899=AXIS2_PLACEMENT_3D ( 'NONE', #202, #279, #18 );
#8900=AXIS2_PLACEMENT_3D ( 'NONE', #4347, #1260, #1266 );
#8901=ORIENTED_EDGE ( 'NONE', *, *, #2657, .F. );
#8902=EDGE_CURVE ( 'NONE', #5863, #5094, #3788, .T. );
#8903=FACE_OUTER_BOUND ( 'NONE', #11677, .T. );
#8904=EDGE_LOOP ( 'NONE', ( #12471, #5034, #3451, #8543 ) );
#8905=CARTESIAN_POINT ( 'NONE',  ( 5.500000000000029300, 0.05000000000000007900, 4.899999999999993200 ) );
#8906=LINE ( 'NONE', #5075, #52 );
#8907=ORIENTED_EDGE ( 'NONE', *, *, #2378, .T. );
#8908=AXIS2_PLACEMENT_3D ( 'NONE', #123, #778, #18 );
#8909=ORIENTED_EDGE ( 'NONE', *, *, #12134, .F. );
#8910=EDGE_CURVE ( 'NONE', #7202, #1057, #3848, .T. );
#8911=ADVANCED_FACE ( 'NONE', ( #4242 ), #2573, .T. );
#8912=VERTEX_POINT ( 'NONE', #4740 );
#8913=LINE ( 'NONE', #436, #13022 );
#8914=STYLED_ITEM ( 'NONE', ( #853 ), #6366 );
#8915=LINE ( 'NONE', #4794, #6803 );
#8916=VECTOR ( 'NONE', #9923, 1000.000000000000000 );
#8917=VERTEX_POINT ( 'NONE', #6400 );
#8918=FACE_OUTER_BOUND ( 'NONE', #13265, .T. );
#8919=PLANE ( 'NONE',  #26 );
#8920=FACE_OUTER_BOUND ( 'NONE', #5354, .T. );
#8921=ORIENTED_EDGE ( 'NONE', *, *, #6111, .F. );
#8922=EDGE_CURVE ( 'NONE', #13829, #3542, #14555, .T. );
#8923=PLANE ( 'NONE',  #14245 );
#8924=EDGE_CURVE ( 'NONE', #13418, #12850, #13085, .T. );
#8925=DIRECTION ( 'NONE',  ( -4.491258520944112600E-035, 0.0000000000000000000, -1.000000000000000000 ) );
#8926=LINE ( 'NONE', #5174, #2504 );
#8927=ADVANCED_FACE ( 'NONE', ( #8600 ), #1783, .F. );
#8928=ORIENTED_EDGE ( 'NONE', *, *, #5081, .F. );
#8929=EDGE_CURVE ( 'NONE', #13304, #7518, #7427, .T. );
#8930=LINE ( 'NONE', #4620, #366 );
#8931=EDGE_CURVE ( 'NONE', #10518, #5154, #8267, .T. );
#8932=LINE ( 'NONE', #17, #350 );
#8933=ORIENTED_EDGE ( 'NONE', *, *, #14544, .F. );
#8934=VERTEX_POINT ( 'NONE', #5158 );
#8935=EDGE_CURVE ( 'NONE', #8181, #5054, #4837, .T. );
#8936=AXIS2_PLACEMENT_3D ( 'NONE', #67, #778, #6457 );
#8937=ORIENTED_EDGE ( 'NONE', *, *, #5140, .F. );
#8938=AXIS2_PLACEMENT_3D ( 'NONE', #6183, #93, #18 );
#8939=FACE_OUTER_BOUND ( 'NONE', #13945, .T. );
#8940=LINE ( 'NONE', #9461, #22 );
#8941=ORIENTED_EDGE ( 'NONE', *, *, #8730, .F. );
#8942=FACE_OUTER_BOUND ( 'NONE', #2300, .T. );
#8943=PLANE ( 'NONE',  #8007 );
#8944=EDGE_LOOP ( 'NONE', ( #2079, #11497, #7296, #4136, #10897, #3214, #925, #6170, #4145, #3133, #7306, #5619, #2853, #4020, #12692, #8874, #13077, #9651, #3852, #5487, #1359, #1390, #1282, #1671, #8274, #606, #8877, #8356 ) );
#8945=LINE ( 'NONE', #3362, #2755 );
#8946=ADVANCED_FACE ( 'NONE', ( #4027 ), #12666, .T. );
#8947=EDGE_CURVE ( 'NONE', #10449, #4205, #9451, .T. );
#8948=VERTEX_POINT ( 'NONE', #5061 );
#8949=ORIENTED_EDGE ( 'NONE', *, *, #468, .T. );
#8950=VERTEX_POINT ( 'NONE', #5104 );
#8951=VERTEX_POINT ( 'NONE', #2930 );
#8952=EDGE_CURVE ( 'NONE', #2158, #973, #681, .T. );
#8953=VERTEX_POINT ( 'NONE', #7920 );
#8954=LINE ( 'NONE', #9925, #6877 );
#8955=ORIENTED_EDGE ( 'NONE', *, *, #6108, .T. );
#8956=EDGE_CURVE ( 'NONE', #7727, #4007, #13703, .T. );
#8957=AXIS2_PLACEMENT_3D ( 'NONE', #202, #1224, #1622 );
#8958=LINE ( 'NONE', #12956, #10906 );
#8959=ORIENTED_EDGE ( 'NONE', *, *, #10519, .T. );
#8960=ADVANCED_FACE ( 'NONE', ( #9625 ), #7566, .F. );
#8961=PLANE ( 'NONE',  #5923 );
#8962=ORIENTED_EDGE ( 'NONE', *, *, #13499, .T. );
#8963=DIRECTION ( 'NONE',  ( 1.000000000000000000, 0.0000000000000000000, -5.421010862427901800E-016 ) );
#8964=ADVANCED_FACE ( 'NONE', ( #7933 ), #7520, .F. );
#8965=CARTESIAN_POINT ( 'NONE',  ( 5.500000000000028400, 0.0000000000000000000, 4.099999999999989900 ) );
#8966=ORIENTED_EDGE ( 'NONE', *, *, #6171, .F. );
#8967=ORIENTED_EDGE ( 'NONE', *, *, #12095, .T. );
#8968=EDGE_LOOP ( 'NONE', ( #8230, #1779, #7267, #323 ) );
#8969=LINE ( 'NONE', #2695, #5596 );
#8970=AXIS2_PLACEMENT_3D ( 'NONE', #909, #2116, #128 );
#8971=MANIFOLD_SOLID_BREP ( 'Pin 22', #2942 );
#8972=FACE_OUTER_BOUND ( 'NONE', #5513, .T. );
#8973=VERTEX_POINT ( 'NONE', #4827 );
#8974=LINE ( 'NONE', #4319, #144 );
#8975=ORIENTED_EDGE ( 'NONE', *, *, #14071, .T. );
#8976=ORIENTED_EDGE ( 'NONE', *, *, #10281, .F. );
#8977=CARTESIAN_POINT ( 'NONE',  ( -5.500000000000007100, 0.0000000000000000000, 0.5000000000000015500 ) );
#8978=DIRECTION ( 'NONE',  ( -6.505213034913014800E-015, 0.0000000000000000000, 1.000000000000000000 ) );
#8979=ORIENTED_EDGE ( 'NONE', *, *, #9570, .F. );
#8980=LINE ( 'NONE', #8575, #22 );
#8981=ADVANCED_FACE ( 'NONE', ( #1124 ), #4845, .T. );
#8982=ORIENTED_EDGE ( 'NONE', *, *, #7591, .T. );
#8983=CARTESIAN_POINT ( 'NONE',  ( -5.725000000000000500, 20.65008038564430800, -2.269999999999998700 ) );
#8984=LINE ( 'NONE', #3046, #124 );
#8985=PLANE ( 'NONE',  #6753 );
#8986=PLANE ( 'NONE',  #3571 );
#8987=ORIENTED_EDGE ( 'NONE', *, *, #2989, .T. );
#8988=EDGE_CURVE ( 'NONE', #6977, #12217, #7039, .T. );
#8989=DIRECTION ( 'NONE',  ( 1.000000000000000000, 2.465190328815661900E-032, 4.336808689941613800E-015 ) );
#8990=ORIENTED_EDGE ( 'NONE', *, *, #3066, .F. );
#8991=FACE_OUTER_BOUND ( 'NONE', #6383, .T. );
#8992=ORIENTED_EDGE ( 'NONE', *, *, #2585, .T. );
#8993=CARTESIAN_POINT ( 'NONE',  ( -1.799999999999997800, 9.757819552369539900E-016, -7.900000000000000400 ) );
#8994=ADVANCED_FACE ( 'NONE', ( #3055 ), #14683, .F. );
#8995=EDGE_LOOP ( 'NONE', ( #13228, #2875, #925, #12239 ) );
#8996=EDGE_LOOP ( 'NONE', ( #4841, #13960, #13607, #12884 ) );
#8997=EDGE_CURVE ( 'NONE', #2291, #3409, #11228, .T. );
#8998=VERTEX_POINT ( 'NONE', #2838 );
#8999=ORIENTED_EDGE ( 'NONE', *, *, #8832, .F. );
#9000=EDGE_CURVE ( 'NONE', #3286, #10626, #8932, .T. );
#9001=STYLED_ITEM ( 'NONE', ( #853 ), #10334 );
#9002=ORIENTED_EDGE ( 'NONE', *, *, #9296, .T. );
#9003=CLOSED_SHELL ( 'NONE', ( #2534, #5052, #6617, #13746, #13822, #8251 ) );
#9004=FACE_OUTER_BOUND ( 'NONE', #9541, .T. );
#9005=LINE ( 'NONE', #907, #3307 );
#9006=EDGE_CURVE ( 'NONE', #9224, #10450, #10268, .T. );
#9007=EDGE_LOOP ( 'NONE', ( #12617, #3058, #2544, #1728 ) );
#9008=EDGE_CURVE ( 'NONE', #5776, #7046, #12942, .T. );
#9009=ORIENTED_EDGE ( 'NONE', *, *, #2378, .F. );
#9010=VERTEX_POINT ( 'NONE', #3943 );
#9011=ADVANCED_FACE ( 'NONE', ( #11524 ), #14726, .T. );
#9012=AXIS2_PLACEMENT_3D ( 'NONE', #8768, #3336, #10124 );
#9013=VECTOR ( 'NONE', #352, 1000.000000000000000 );
#9014=LINE ( 'NONE', #13158, #8005 );
#9015=EDGE_CURVE ( 'NONE', #7896, #4233, #14269, .T. );
#9016=EDGE_LOOP ( 'NONE', ( #1951, #9919, #6103, #8849 ) );
#9017=PRESENTATION_LAYER_ASSIGNMENT (  '', '', ( #6290 ) );
#9018=VECTOR ( 'NONE', #1469, 1000.000000000000000 );
#9019=CARTESIAN_POINT ( 'NONE',  ( -5.974999999999999600, 2.299999999999999800, 7.430000000000001500 ) );
#9020=LINE ( 'NONE', #5369, #1541 );
#9021=EDGE_CURVE ( 'NONE', #12106, #11514, #13555, .T. );
#9022=PLANE ( 'NONE',  #7729 );
#9023=FACE_BOUND ( 'NONE', #9784, .T. );
#9024=AXIS2_PLACEMENT_3D ( 'NONE', #1161, #5205, #12778 );
#9025=LINE ( 'NONE', #62, #2457 );
#9026=ORIENTED_EDGE ( 'NONE', *, *, #13768, .F. );
#9027=ORIENTED_EDGE ( 'NONE', *, *, #602, .T. );
#9028=VERTEX_POINT ( 'NONE', #4015 );
#9029=ORIENTED_EDGE ( 'NONE', *, *, #12037, .T. );
#9030=ADVANCED_FACE ( 'NONE', ( #11373 ), #13920, .T. );
#9031=EDGE_CURVE ( 'NONE', #3079, #745, #12317, .T. );
#9032=ORIENTED_EDGE ( 'NONE', *, *, #8280, .T. );
#9033=EDGE_CURVE ( 'NONE', #14274, #1373, #13976, .T. );
#9034=VERTEX_POINT ( 'NONE', #2790 );
#9035=ADVANCED_FACE ( 'NONE', ( #8110 ), #8886, .F. );
#9036=PLANE ( 'NONE',  #5968 );
#9037=EDGE_LOOP ( 'NONE', ( #6425, #13033, #13441, #4153 ) );
#9038=EDGE_CURVE ( 'NONE', #5825, #910, #5554, .T. );
#9039=VERTEX_POINT ( 'NONE', #1598 );
#9040=( GEOMETRIC_REPRESENTATION_CONTEXT ( 3 ) GLOBAL_UNCERTAINTY_ASSIGNED_CONTEXT ( ( #221 ) ) GLOBAL_UNIT_ASSIGNED_CONTEXT ( ( #324, #94, #251 ) ) REPRESENTATION_CONTEXT ( 'NONE', 'WORKASPACE' ) );
#9041=FACE_OUTER_BOUND ( 'NONE', #10364, .T. );
#9042=ORIENTED_EDGE ( 'NONE', *, *, #7795, .T. );
#9043=ORIENTED_EDGE ( 'NONE', *, *, #3425, .T. );
#9044=EDGE_CURVE ( 'NONE', #3898, #4046, #13247, .T. );
#9045=ORIENTED_EDGE ( 'NONE', *, *, #14738, .F. );
#9046=CARTESIAN_POINT ( 'NONE',  ( 5.500000000000030200, 0.0000000000000000000, 0.9000000000000062400 ) );
#9047=VECTOR ( 'NONE', #711, 1000.000000000000000 );
#9048=ORIENTED_EDGE ( 'NONE', *, *, #4105, .F. );
#9049=EDGE_LOOP ( 'NONE', ( #4090, #13191, #9176, #3822 ) );
#9050=ORIENTED_EDGE ( 'NONE', *, *, #5787, .T. );
#9051=ADVANCED_FACE ( 'NONE', ( #2837 ), #5446, .F. );
#9052=LINE ( 'NONE', #1382, #52 );
#9053=ORIENTED_EDGE ( 'NONE', *, *, #3632, .T. );
#9054=ORIENTED_EDGE ( 'NONE', *, *, #8090, .F. );
#9055=DIRECTION ( 'NONE',  ( -5.421010862427684900E-016, 0.0000000000000000000, 1.000000000000000000 ) );
#9056=LINE ( 'NONE', #260, #464 );
#9057=ORIENTED_EDGE ( 'NONE', *, *, #11580, .T. );
#9058=CARTESIAN_POINT ( 'NONE',  ( -4.474999999999999600, 0.7999999999999999300, 6.550000000000000700 ) );
#9059=CARTESIAN_POINT ( 'NONE',  ( -2.999999999999985300, -3.388131789017201400E-018, 7.199999999999996600 ) );
#9060=LINE ( 'NONE', #2832, #2775 );
#9061=EDGE_CURVE ( 'NONE', #7702, #13566, #3450, .T. );
#9062=EDGE_LOOP ( 'NONE', ( #11963, #3510, #9848, #13589 ) );
#9063=ORIENTED_EDGE ( 'NONE', *, *, #3804, .T. );
#9064=STYLED_ITEM ( 'NONE', ( #853 ), #9417 );
#9065=LINE ( 'NONE', #3026, #52 );
#9066=FACE_OUTER_BOUND ( 'NONE', #4977, .T. );
#9067=VERTEX_POINT ( 'NONE', #5506 );
#9068=LINE ( 'NONE', #9746, #52 );
#9069=VECTOR ( 'NONE', #2392, 1000.000000000000000 );
#9070=ORIENTED_EDGE ( 'NONE', *, *, #13298, .T. );
#9071=ADVANCED_FACE ( 'NONE', ( #2432 ), #14001, .F. );
#9072=CARTESIAN_POINT ( 'NONE',  ( 5.825000000000000200, 0.8000000000000056000, -2.020000000000000000 ) );
#9073=ORIENTED_EDGE ( 'NONE', *, *, #8832, .T. );
#9074=PRESENTATION_LAYER_ASSIGNMENT (  '', '', ( #6648 ) );
#9075=ORIENTED_EDGE ( 'NONE', *, *, #13535, .T. );
#9076=EDGE_CURVE ( 'NONE', #8151, #2691, #3532, .T. );
#9077=LINE ( 'NONE', #9182, #5437 );
#9078=LINE ( 'NONE', #437, #52 );
#9079=ORIENTED_EDGE ( 'NONE', *, *, #9203, .T. );
#9080=FACE_OUTER_BOUND ( 'NONE', #5967, .T. );
#9081=FACE_OUTER_BOUND ( 'NONE', #11866, .T. );
#9082=CARTESIAN_POINT ( 'NONE',  ( -5.725000000000000500, 2.299999999999999800, -2.269999999999998700 ) );
#9083=ORIENTED_EDGE ( 'NONE', *, *, #13105, .T. );
#9084=AXIS2_PLACEMENT_3D ( 'NONE', #2450, #711, #280 );
#9085=ORIENTED_EDGE ( 'NONE', *, *, #5605, .T. );
#9086=EDGE_CURVE ( 'NONE', #1432, #2165, #2574, .T. );
#9087=EDGE_CURVE ( 'NONE', #7232, #4248, #2228, .T. );
#9088=ADVANCED_FACE ( 'NONE', ( #2019 ), #4469, .F. );
#9089=ORIENTED_EDGE ( 'NONE', *, *, #14150, .T. );
#9090=LINE ( 'NONE', #919, #96 );
#9091=AXIS2_PLACEMENT_3D ( 'NONE', #2024, #1651, #2283 );
#9092=LINE ( 'NONE', #398, #119 );
#9093=LINE ( 'NONE', #1305, #10134 );
#9094=CLOSED_SHELL ( 'NONE', ( #8178, #1401, #8471, #7110, #568, #8554, #2112, #256, #2602, #14354, #1240, #11848, #174, #10222, #14567, #9481, #10240, #14147, #4511, #11113, #1891, #5239, #3365, #31, #12437, #5273, #1633, #7481, #2619, #1104, #8145, #5877 ) );
#9095=VECTOR ( 'NONE', #6126, 1000.000000000000000 );
#9096=LINE ( 'NONE', #4245, #52 );
#9097=CARTESIAN_POINT ( 'NONE',  ( -5.824999999999999300, 20.65008038564430800, 7.680000000000000600 ) );
#9098=EDGE_CURVE ( 'NONE', #7696, #12541, #3833, .T. );
#9099=ORIENTED_EDGE ( 'NONE', *, *, #1552, .T. );
#9100=ORIENTED_EDGE ( 'NONE', *, *, #10341, .F. );
#9101=EDGE_CURVE ( 'NONE', #7631, #1780, #8443, .T. );
#9102=DIRECTION ( 'NONE',  ( 2.385244779468105000E-014, 0.0000000000000000000, -1.000000000000000000 ) );
#9103=FILL_AREA_STYLE_COLOUR ( '', #2405 );
#9104=AXIS2_PLACEMENT_3D ( 'NONE', #100, #1568, #4989 );
#9105=ORIENTED_EDGE ( 'NONE', *, *, #13086, .T. );
#9106=ADVANCED_FACE ( 'NONE', ( #1562 ), #13970, .F. );
#9107=PLANE ( 'NONE',  #13510 );
#9108=FACE_OUTER_BOUND ( 'NONE', #11242, .T. );
#9109=EDGE_CURVE ( 'NONE', #4326, #14018, #13536, .T. );
#9110=ADVANCED_FACE ( 'NONE', ( #8091 ), #14014, .T. );
#9111=FACE_OUTER_BOUND ( 'NONE', #8462, .T. );
#9112=ORIENTED_EDGE ( 'NONE', *, *, #1258, .F. );
#9113=LINE ( 'NONE', #6728, #1114 );
#9114=EDGE_CURVE ( 'NONE', #575, #2560, #10575, .T. );
#9115=AXIS2_PLACEMENT_3D ( 'NONE', #12297, #13327, #9307 );
#9116=ORIENTED_EDGE ( 'NONE', *, *, #6116, .F. );
#9117=AXIS2_PLACEMENT_3D ( 'NONE', #912, #10103, #6652 );
#9118=ORIENTED_EDGE ( 'NONE', *, *, #10889, .F. );
#9119=ORIENTED_EDGE ( 'NONE', *, *, #4130, .F. );
#9120=ORIENTED_EDGE ( 'NONE', *, *, #12385, .T. );
#9121=EDGE_CURVE ( 'NONE', #5837, #8080, #4623, .T. );
#9122=DIRECTION ( 'NONE',  ( 1.000000000000000000, 0.0000000000000000000, -6.904628285905605800E-036 ) );
#9123=ORIENTED_EDGE ( 'NONE', *, *, #8226, .F. );
#9124=EDGE_CURVE ( 'NONE', #704, #13461, #12647, .T. );
#9125=FACE_OUTER_BOUND ( 'NONE', #10708, .T. );
#9126=ORIENTED_EDGE ( 'NONE', *, *, #6772, .T. );
#9127=ADVANCED_FACE ( 'NONE', ( #10892 ), #9936, .T. );
#9128=LINE ( 'NONE', #3089, #9095 );
#9129=ORIENTED_EDGE ( 'NONE', *, *, #15, .F. );
#9130=EDGE_CURVE ( 'NONE', #2419, #3540, #9291, .T. );
#9131=ORIENTED_EDGE ( 'NONE', *, *, #9678, .F. );
#9132=ORIENTED_EDGE ( 'NONE', *, *, #11673, .T. );
#9133=PLANE ( 'NONE',  #164 );
#9134=ORIENTED_EDGE ( 'NONE', *, *, #2575, .T. );
#9135=PLANE ( 'NONE',  #8263 );
#9136=VERTEX_POINT ( 'NONE', #542 );
#9137=ORIENTED_EDGE ( 'NONE', *, *, #12667, .F. );
#9138=PLANE ( 'NONE',  #13991 );
#9139=LINE ( 'NONE', #8408, #96 );
#9140=ORIENTED_EDGE ( 'NONE', *, *, #11330, .F. );
#9141=ADVANCED_FACE ( 'NONE', ( #12781 ), #8097, .F. );
#9142=EDGE_CURVE ( 'NONE', #2642, #10682, #8945, .T. );
#9143=ORIENTED_EDGE ( 'NONE', *, *, #5614, .F. );
#9144=DIRECTION ( 'NONE',  ( -7.845430381623106000E-034, 0.0000000000000000000, 1.000000000000000000 ) );
#9145=ORIENTED_EDGE ( 'NONE', *, *, #11047, .T. );
#9146=EDGE_CURVE ( 'NONE', #6829, #2831, #9783, .T. );
#9147=ORIENTED_EDGE ( 'NONE', *, *, #8537, .T. );
#9148=AXIS2_PLACEMENT_3D ( 'NONE', #67, #1162, #6130 );
#9149=DIRECTION ( 'NONE',  ( -1.000000000000000000, 0.0000000000000000000, 5.911569487279513800E-035 ) );
#9150=MANIFOLD_SOLID_BREP ( 'Pin 5', #5348 );
#9151=FACE_OUTER_BOUND ( 'NONE', #3169, .T. );
#9152=ORIENTED_EDGE ( 'NONE', *, *, #9660, .F. );
#9153=STYLED_ITEM ( 'NONE', ( #853 ), #8888 );
#9154=EDGE_LOOP ( 'NONE', ( #14415, #10165, #3774, #8776 ) );
#9155=VERTEX_POINT ( 'NONE', #3379 );
#9156=ORIENTED_EDGE ( 'NONE', *, *, #11565, .F. );
#9157=CARTESIAN_POINT ( 'NONE',  ( 3.550000000000001200, 0.7999999999999997100, -5.349999999999997900 ) );
#9158=ORIENTED_EDGE ( 'NONE', *, *, #9101, .T. );
#9159=ORIENTED_EDGE ( 'NONE', *, *, #8147, .T. );
#9160=ADVANCED_FACE ( 'NONE', ( #10114 ), #1993, .F. );
#9161=FACE_OUTER_BOUND ( 'NONE', #10012, .T. );
#9162=VERTEX_POINT ( 'NONE', #4920 );
#9163=EDGE_CURVE ( 'NONE', #4337, #6325, #13988, .T. );
#9164=CARTESIAN_POINT ( 'NONE',  ( -5.500000000000007100, 0.0000000000000000000, 0.9000000000000032400 ) );
#9165=EDGE_CURVE ( 'NONE', #11074, #13657, #11389, .T. );
#9166=ORIENTED_EDGE ( 'NONE', *, *, #5413, .T. );
#9167=ORIENTED_EDGE ( 'NONE', *, *, #13745, .T. );
#9168=ORIENTED_EDGE ( 'NONE', *, *, #5181, .T. );
#9169=PLANE ( 'NONE',  #1786 );
#9170=ORIENTED_EDGE ( 'NONE', *, *, #13653, .F. );
#9171=EDGE_LOOP ( 'NONE', ( #5016, #11603, #6433, #5956 ) );
#9172=ADVANCED_FACE ( 'NONE', ( #7052 ), #7021, .T. );
#9173=EDGE_CURVE ( 'NONE', #9028, #8753, #9454, .T. );
#9174=CARTESIAN_POINT ( 'NONE',  ( -1.250000000000000400, 0.0000000000000000000, 3.949999999999998800 ) );
#9175=PLANE ( 'NONE',  #5898 );
#9176=ORIENTED_EDGE ( 'NONE', *, *, #6020, .T. );
#9177=ORIENTED_EDGE ( 'NONE', *, *, #3644, .F. );
#9178=EDGE_CURVE ( 'NONE', #4413, #8709, #14411, .T. );
#9179=ORIENTED_EDGE ( 'NONE', *, *, #10907, .T. );
#9180=FACE_OUTER_BOUND ( 'NONE', #12085, .T. );
#9181=ORIENTED_EDGE ( 'NONE', *, *, #7326, .F. );
#9182=CARTESIAN_POINT ( 'NONE',  ( -2.600000000000000100, 3.388131789017201400E-018, 8.000000000000021300 ) );
#9183=ORIENTED_EDGE ( 'NONE', *, *, #9397, .F. );
#9184=LINE ( 'NONE', #889, #3350 );
#9185=EDGE_CURVE ( 'NONE', #9136, #4442, #1811, .T. );
#9186=LINE ( 'NONE', #2911, #188 );
#9187=EDGE_CURVE ( 'NONE', #1212, #2995, #8270, .T. );
#9188=CARTESIAN_POINT ( 'NONE',  ( -1.250000000000000400, 0.05000000000000005100, 3.949999999999998800 ) );
#9189=ORIENTED_EDGE ( 'NONE', *, *, #3529, .F. );
#9190=VERTEX_POINT ( 'NONE', #611 );
#9191=ADVANCED_FACE ( 'NONE', ( #5210 ), #10293, .T. );
#9192=AXIS2_PLACEMENT_3D ( 'NONE', #305, #1110, #4898 );
#9193=ORIENTED_EDGE ( 'NONE', *, *, #8022, .T. );
#9194=PLANE ( 'NONE',  #9758 );
#9195=EDGE_LOOP ( 'NONE', ( #1287, #8638, #6459, #12101 ) );
#9196=AXIS2_PLACEMENT_3D ( 'NONE', #1842, #8925, #14073 );
#9197=CARTESIAN_POINT ( 'NONE',  ( 2.999999999999988900, 3.388131789017201400E-018, 8.000000000000021300 ) );
#9198=ORIENTED_EDGE ( 'NONE', *, *, #9308, .T. );
#9199=FACE_OUTER_BOUND ( 'NONE', #5860, .T. );
#9200=ORIENTED_EDGE ( 'NONE', *, *, #1220, .F. );
#9201=LINE ( 'NONE', #7157, #22 );
#9202=ORIENTED_EDGE ( 'NONE', *, *, #5297, .T. );
#9203=EDGE_CURVE ( 'NONE', #6000, #6708, #1353, .T. );
#9204=EDGE_CURVE ( 'NONE', #8759, #5403, #6031, .T. );
#9205=LINE ( 'NONE', #7305, #1430 );
#9206=ORIENTED_EDGE ( 'NONE', *, *, #12047, .F. );
#9207=FACE_OUTER_BOUND ( 'NONE', #9859, .T. );
#9208=ORIENTED_EDGE ( 'NONE', *, *, #5087, .F. );
#9209=AXIS2_PLACEMENT_3D ( 'NONE', #67, #778, #2916 );
#9210=ORIENTED_EDGE ( 'NONE', *, *, #5761, .T. );
#9211=EDGE_CURVE ( 'NONE', #6331, #10458, #12484, .T. );
#9212=ADVANCED_FACE ( 'NONE', ( #1144 ), #13342, .F. );
#9213=AXIS2_PLACEMENT_3D ( 'NONE', #7542, #88, #1321 );
#9214=AXIS2_PLACEMENT_3D ( 'NONE', #2461, #7395, #1321 );
#9215=DIRECTION ( 'NONE',  ( 6.505213034913720800E-015, 0.0000000000000000000, -1.000000000000000000 ) );
#9216=PLANE ( 'NONE',  #6118 );
#9217=ORIENTED_EDGE ( 'NONE', *, *, #3853, .F. );
#9218=ORIENTED_EDGE ( 'NONE', *, *, #4411, .T. );
#9219=VERTEX_POINT ( 'NONE', #167 );
#9220=DIRECTION ( 'NONE',  ( -1.000000000000000000, 0.0000000000000000000, -2.312838020447142400E-035 ) );
#9221=VERTEX_POINT ( 'NONE', #2250 );
#9222=EDGE_LOOP ( 'NONE', ( #2331, #8722, #2280, #2894 ) );
#9223=LINE ( 'NONE', #5458, #186 );
#9224=VERTEX_POINT ( 'NONE', #2024 );
#9225=EDGE_LOOP ( 'NONE', ( #2952, #6011, #8857, #10081 ) );
#9226=EDGE_CURVE ( 'NONE', #865, #2715, #6207, .T. );
#9227=ORIENTED_EDGE ( 'NONE', *, *, #10646, .F. );
#9228=PLANE ( 'NONE',  #1886 );
#9229=EDGE_CURVE ( 'NONE', #10836, #12290, #904, .T. );
#9230=ORIENTED_EDGE ( 'NONE', *, *, #4478, .F. );
#9231=PLANE ( 'NONE',  #10505 );
#9232=EDGE_CURVE ( 'NONE', #9293, #4948, #12165, .T. );
#9233=ADVANCED_FACE ( 'NONE', ( #6491 ), #4745, .T. );
#9234=LINE ( 'NONE', #4347, #2173 );
#9235=ORIENTED_EDGE ( 'NONE', *, *, #12893, .F. );
#9236=DIRECTION ( 'NONE',  ( 1.000000000000000000, 0.0000000000000000000, 1.239088197126327700E-014 ) );
#9237=DIRECTION ( 'NONE',  ( -1.000000000000000000, -1.540743955509788700E-033, 4.336808689941884400E-015 ) );
#9238=PLANE ( 'NONE',  #4569 );
#9239=FACE_OUTER_BOUND ( 'NONE', #4796, .T. );
#9240=VERTEX_POINT ( 'NONE', #6042 );
#9241=ORIENTED_EDGE ( 'NONE', *, *, #2842, .T. );
#9242=ORIENTED_EDGE ( 'NONE', *, *, #13143, .F. );
#9243=AXIS2_PLACEMENT_3D ( 'NONE', #5724, #724, #2255 );
#9244=VERTEX_POINT ( 'NONE', #5945 );
#9245=DIRECTION ( 'NONE',  ( 1.000000000000000000, 1.540743955509788700E-033, -4.336808689941884400E-015 ) );
#9246=ORIENTED_EDGE ( 'NONE', *, *, #5442, .T. );
#9247=FACE_OUTER_BOUND ( 'NONE', #3289, .T. );
#9248=EDGE_CURVE ( 'NONE', #7879, #9731, #4643, .T. );
#9249=PLANE ( 'NONE',  #7482 );
#9250=PLANE ( 'NONE',  #10347 );
#9251=LINE ( 'NONE', #4129, #2486 );
#9252=FACE_OUTER_BOUND ( 'NONE', #8996, .T. );
#9253=ORIENTED_EDGE ( 'NONE', *, *, #3945, .T. );
#9254=ADVANCED_FACE ( 'NONE', ( #7936 ), #11440, .F. );
#9255=EDGE_LOOP ( 'NONE', ( #902, #911, #14276, #7884 ) );
#9256=EDGE_CURVE ( 'NONE', #8452, #8058, #7760, .T. );
#9257=AXIS2_PLACEMENT_3D ( 'NONE', #197, #23, #128 );
#9258=CARTESIAN_POINT ( 'NONE',  ( 4.999999999999970700, 0.05000000000000007900, -1.800000000000001400 ) );
#9259=ORIENTED_EDGE ( 'NONE', *, *, #9619, .T. );
#9260=DIRECTION ( 'NONE',  ( 1.000000000000000000, 0.0000000000000000000, -5.899716722050216200E-035 ) );
#9261=VECTOR ( 'NONE', #4617, 1000.000000000000000 );
#9262=FACE_OUTER_BOUND ( 'NONE', #4163, .T. );
#9263=VERTEX_POINT ( 'NONE', #2110 );
#9264=DIRECTION ( 'NONE',  ( -1.000000000000000000, 0.0000000000000000000, 2.312838020447142400E-035 ) );
#9265=VERTEX_POINT ( 'NONE', #5990 );
#9266=AXIS2_PLACEMENT_3D ( 'NONE', #202, #778, #2213 );
#9267=EDGE_LOOP ( 'NONE', ( #10404, #14515, #10372, #5939 ) );
#9268=ADVANCED_FACE ( 'NONE', ( #3468 ), #2293, .T. );
#9269=EDGE_CURVE ( 'NONE', #2338, #12441, #5750, .T. );
#9270=DIRECTION ( 'NONE',  ( -4.336808689942016200E-015, 0.0000000000000000000, 1.000000000000000000 ) );
#9271=EDGE_LOOP ( 'NONE', ( #12275, #8203, #13816, #13295 ) );
#9272=PLANE ( 'NONE',  #10550 );
#9273=FACE_OUTER_BOUND ( 'NONE', #7186, .T. );
#9274=FACE_OUTER_BOUND ( 'NONE', #7500, .T. );
#9275=MECHANICAL_DESIGN_GEOMETRIC_PRESENTATION_REPRESENTATION (  '', ( #13576 ), #6269 );
#9276=ORIENTED_EDGE ( 'NONE', *, *, #2404, .T. );
#9277=DIRECTION ( 'NONE',  ( -1.000000000000000000, 0.0000000000000000000, 8.673617379884033900E-015 ) );
#9278=EDGE_CURVE ( 'NONE', #4910, #12539, #13696, .T. );
#9279=VERTEX_POINT ( 'NONE', #293 );
#9280=EDGE_CURVE ( 'NONE', #3768, #2333, #7750, .T. );
#9281=DIRECTION ( 'NONE',  ( 6.672013369141569200E-016, -1.234776807320388900E-016, 1.000000000000000000 ) );
#9282=LINE ( 'NONE', #6911, #4625 );
#9283=ORIENTED_EDGE ( 'NONE', *, *, #14755, .F. );
#9284=ADVANCED_FACE ( 'NONE', ( #7041 ), #10211, .T. );
#9285=ORIENTED_EDGE ( 'NONE', *, *, #14097, .F. );
#9286=LINE ( 'NONE', #4120, #52 );
#9287=EDGE_LOOP ( 'NONE', ( #12435, #4128, #8391, #12328 ) );
#9288=EDGE_CURVE ( 'NONE', #6574, #6611, #11998, .T. );
#9289=EDGE_CURVE ( 'NONE', #11240, #7064, #12319, .T. );
#9290=EDGE_LOOP ( 'NONE', ( #3107, #8477, #6405, #4404 ) );
#9291=LINE ( 'NONE', #3682, #591 );
#9292=AXIS2_PLACEMENT_3D ( 'NONE', #5634, #7970, #349 );
#9293=VERTEX_POINT ( 'NONE', #1971 );
#9294=CARTESIAN_POINT ( 'NONE',  ( -5.500000000000007100, 0.05000000000000005100, 6.899999999999995000 ) );
#9295=EDGE_LOOP ( 'NONE', ( #5526, #10056, #4278, #12586 ) );
#9296=EDGE_CURVE ( 'NONE', #8780, #14040, #2634, .T. );
#9297=AXIS2_PLACEMENT_3D ( 'NONE', #482, #128, #711 );
#9298=ORIENTED_EDGE ( 'NONE', *, *, #7576, .T. );
#9299=EDGE_CURVE ( 'NONE', #10209, #3901, #13979, .T. );
#9300=VERTEX_POINT ( 'NONE', #2693 );
#9301=LINE ( 'NONE', #2822, #52 );
#9302=ORIENTED_EDGE ( 'NONE', *, *, #4501, .F. );
#9303=PLANE ( 'NONE',  #7282 );
#9304=FACE_OUTER_BOUND ( 'NONE', #8808, .T. );
#9305=ORIENTED_EDGE ( 'NONE', *, *, #12151, .T. );
#9306=EDGE_LOOP ( 'NONE', ( #9432, #2472, #12920, #4861 ) );
#9307=DIRECTION ( 'NONE',  ( 0.0000000000000000000, 1.301042606982604600E-016, -1.000000000000000000 ) );
#9308=EDGE_CURVE ( 'NONE', #6716, #4862, #9282, .T. );
#9309=EDGE_LOOP ( 'NONE', ( #6381, #915, #2867, #1181 ) );
#9310=ORIENTED_EDGE ( 'NONE', *, *, #5880, .T. );
#9311=EDGE_CURVE ( 'NONE', #315, #7324, #14124, .T. );
#9312=EDGE_CURVE ( 'NONE', #10702, #13509, #6298, .T. );
#9313=ORIENTED_EDGE ( 'NONE', *, *, #10793, .F. );
#9314=ORIENTED_EDGE ( 'NONE', *, *, #13499, .F. );
#9315=VERTEX_POINT ( 'NONE', #6341 );
#9316=CARTESIAN_POINT ( 'NONE',  ( -6.599999999999997000, 0.8000000000000000400, -2.899999999999998100 ) );
#9317=FACE_OUTER_BOUND ( 'NONE', #14143, .T. );
#9318=VERTEX_POINT ( 'NONE', #1719 );
#9319=LINE ( 'NONE', #581, #121 );
#9320=EDGE_CURVE ( 'NONE', #7509, #8950, #3837, .T. );
#9321=AXIS2_PLACEMENT_3D ( 'NONE', #202, #778, #2841 );
#9322=PLANE ( 'NONE',  #11995 );
#9323=LINE ( 'NONE', #268, #22 );
#9324=ADVANCED_FACE ( 'NONE', ( #3452 ), #10826, .F. );
#9325=EDGE_LOOP ( 'NONE', ( #13769, #9806, #1312, #4313 ) );
#9326=EDGE_LOOP ( 'NONE', ( #12172, #3380, #2984, #4608 ) );
#9327=VERTEX_POINT ( 'NONE', #105 );
#9328=CARTESIAN_POINT ( 'NONE',  ( -6.599999999999997000, 0.0000000000000000000, 8.300000000000000700 ) );
#9329=ORIENTED_EDGE ( 'NONE', *, *, #12047, .T. );
#9330=ORIENTED_EDGE ( 'NONE', *, *, #6558, .T. );
#9331=( GEOMETRIC_REPRESENTATION_CONTEXT ( 3 ) GLOBAL_UNCERTAINTY_ASSIGNED_CONTEXT ( ( #221 ) ) GLOBAL_UNIT_ASSIGNED_CONTEXT ( ( #324, #94, #251 ) ) REPRESENTATION_CONTEXT ( 'NONE', 'WORKASPACE' ) );
#9332=VECTOR ( 'NONE', #1816, 1000.000000000000000 );
#9333=ORIENTED_EDGE ( 'NONE', *, *, #1797, .T. );
#9334=LINE ( 'NONE', #4216, #22 );
#9335=EDGE_CURVE ( 'NONE', #13683, #12263, #14546, .T. );
#9336=CARTESIAN_POINT ( 'NONE',  ( -5.725000000000000500, 2.549999999999999800, 7.430000000000001500 ) );
#9337=VERTEX_POINT ( 'NONE', #1503 );
#9338=EDGE_LOOP ( 'NONE', ( #11257, #13330, #7351, #11772 ) );
#9339=EDGE_CURVE ( 'NONE', #11718, #10125, #8427, .T. );
#9340=ADVANCED_FACE ( 'NONE', ( #11375 ), #30, .T. );
#9341=AXIS2_PLACEMENT_3D ( 'NONE', #6475, #14585, #6305 );
#9342=CARTESIAN_POINT ( 'NONE',  ( 5.500000000000030200, -3.388131789017201400E-018, 0.5000000000000038900 ) );
#9343=AXIS2_PLACEMENT_3D ( 'NONE', #3711, #10503, #13380 );
#9344=FACE_OUTER_BOUND ( 'NONE', #4866, .T. );
#9345=VERTEX_POINT ( 'NONE', #2745 );
#9346=LINE ( 'NONE', #3071, #52 );
#9347=VERTEX_POINT ( 'NONE', #5503 );
#9348=FACE_OUTER_BOUND ( 'NONE', #7609, .T. );
#9349=LINE ( 'NONE', #857, #22 );
#9350=CLOSED_SHELL ( 'NONE', ( #7377, #1608, #3221, #8762, #360, #7462 ) );
#9351=ORIENTED_EDGE ( 'NONE', *, *, #13163, .T. );
#9352=AXIS2_PLACEMENT_3D ( 'NONE', #6046, #3063, #10168 );
#9353=ORIENTED_EDGE ( 'NONE', *, *, #6842, .F. );
#9354=EDGE_CURVE ( 'NONE', #11862, #13549, #5557, .T. );
#9355=ORIENTED_EDGE ( 'NONE', *, *, #2663, .T. );
#9356=ADVANCED_FACE ( 'NONE', ( #14271 ), #4139, .T. );
#9357=CARTESIAN_POINT ( 'NONE',  ( 5.825000000000000200, 2.300000000000006900, -2.019999999999998200 ) );
#9358=ORIENTED_EDGE ( 'NONE', *, *, #8673, .T. );
#9359=LINE ( 'NONE', #510, #551 );
#9360=DIRECTION ( 'NONE',  ( 1.000000000000000000, 0.0000000000000000000, 5.529431079676238600E-014 ) );
#9361=LINE ( 'NONE', #285, #591 );
#9362=ORIENTED_EDGE ( 'NONE', *, *, #9248, .F. );
#9363=ORIENTED_EDGE ( 'NONE', *, *, #9935, .F. );
#9364=EDGE_CURVE ( 'NONE', #7535, #10209, #13538, .T. );
#9365=ORIENTED_EDGE ( 'NONE', *, *, #9248, .T. );
#9366=EDGE_CURVE ( 'NONE', #12892, #3935, #13828, .T. );
#9367=DIRECTION ( 'NONE',  ( 7.047314121156523500E-015, 0.0000000000000000000, 1.000000000000000000 ) );
#9368=LINE ( 'NONE', #62, #4522 );
#9369=ORIENTED_EDGE ( 'NONE', *, *, #6487, .T. );
#9370=STYLED_ITEM ( 'NONE', ( #853 ), #13609 );
#9371=ORIENTED_EDGE ( 'NONE', *, *, #14293, .T. );
#9372=FACE_BOUND ( 'NONE', #1734, .T. );
#9373=EDGE_CURVE ( 'NONE', #4862, #9315, #8093, .T. );
#9374=LINE ( 'NONE', #274, #2741 );
#9375=ORIENTED_EDGE ( 'NONE', *, *, #14670, .T. );
#9376=EDGE_LOOP ( 'NONE', ( #1064, #11939, #3271, #9517 ) );
#9377=ORIENTED_EDGE ( 'NONE', *, *, #3306, .F. );
#9378=ORIENTED_EDGE ( 'NONE', *, *, #4645, .F. );
#9379=PLANE ( 'NONE',  #9652 );
#9380=EDGE_LOOP ( 'NONE', ( #14747, #12525, #11095, #14039 ) );
#9381=LINE ( 'NONE', #1747, #52 );
#9382=EDGE_CURVE ( 'NONE', #10606, #8891, #1565, .T. );
#9383=EDGE_LOOP ( 'NONE', ( #10591, #13199, #6299, #13420 ) );
#9384=ORIENTED_EDGE ( 'NONE', *, *, #8295, .T. );
#9385=EDGE_CURVE ( 'NONE', #6914, #1729, #1129, .T. );
#9386=ORIENTED_EDGE ( 'NONE', *, *, #1168, .F. );
#9387=ORIENTED_EDGE ( 'NONE', *, *, #10724, .T. );
#9388=LINE ( 'NONE', #1038, #7682 );
#9389=VERTEX_POINT ( 'NONE', #857 );
#9390=ORIENTED_EDGE ( 'NONE', *, *, #6463, .T. );
#9391=DIRECTION ( 'NONE',  ( 1.000000000000000000, 0.0000000000000000000, 5.204170427930544300E-014 ) );
#9392=VERTEX_POINT ( 'NONE', #11881 );
#9393=ADVANCED_FACE ( 'NONE', ( #10578 ), #5335, .T. );
#9394=DIRECTION ( 'NONE',  ( 1.301042606982607800E-014, -0.0000000000000000000, -1.000000000000000000 ) );
#9395=EDGE_CURVE ( 'NONE', #12810, #8951, #2232, .T. );
#9396=DIRECTION ( 'NONE',  ( -6.424901762877060500E-016, -1.204669080539449800E-016, 1.000000000000000000 ) );
#9397=EDGE_CURVE ( 'NONE', #3065, #4264, #670, .T. );
#9398=ORIENTED_EDGE ( 'NONE', *, *, #9833, .F. );
#9399=VERTEX_POINT ( 'NONE', #138 );
#9400=CARTESIAN_POINT ( 'NONE',  ( -1.250000000000000200, 0.05000000000000007900, -1.734723475976807100E-015 ) );
#9401=VERTEX_POINT ( 'NONE', #5598 );
#9402=AXIS2_PLACEMENT_3D ( 'NONE', #7083, #14377, #6005 );
#9403=FACE_OUTER_BOUND ( 'NONE', #4021, .T. );
#9404=EDGE_LOOP ( 'NONE', ( #7574, #896, #2369, #6744 ) );
#9405=CYLINDRICAL_SURFACE ( 'NONE', #261, 0.2500000000000002200 );
#9406=VERTEX_POINT ( 'NONE', #7776 );
#9407=LINE ( 'NONE', #2461, #22 );
#9408=ORIENTED_EDGE ( 'NONE', *, *, #11371, .T. );
#9409=EDGE_CURVE ( 'NONE', #11872, #6954, #10270, .T. );
#9410=PLANE ( 'NONE',  #4173 );
#9411=AXIS2_PLACEMENT_3D ( 'NONE', #5484, #93, #18 );
#9412=PLANE ( 'NONE',  #73 );
#9413=ORIENTED_EDGE ( 'NONE', *, *, #8226, .T. );
#9414=MECHANICAL_DESIGN_GEOMETRIC_PRESENTATION_REPRESENTATION (  '', ( #6411 ), #5123 );
#9415=ORIENTED_EDGE ( 'NONE', *, *, #3515, .F. );
#9416=ADVANCED_FACE ( 'NONE', ( #4231 ), #98, .T. );
#9417=MANIFOLD_SOLID_BREP ( 'Pin 6', #7633 );
#9418=ORIENTED_EDGE ( 'NONE', *, *, #11352, .T. );
#9419=AXIS2_PLACEMENT_3D ( 'NONE', #4610, #93, #18 );
#9420=LINE ( 'NONE', #2186, #367 );
#9421=ORIENTED_EDGE ( 'NONE', *, *, #8187, .T. );
#9422=FACE_OUTER_BOUND ( 'NONE', #7013, .T. );
#9423=LINE ( 'NONE', #4385, #22 );
#9424=ORIENTED_EDGE ( 'NONE', *, *, #11381, .T. );
#9425=PLANE ( 'NONE',  #14196 );
#9426=EDGE_CURVE ( 'NONE', #725, #12100, #2625, .T. );
#9427=VERTEX_POINT ( 'NONE', #3413 );
#9428=EDGE_CURVE ( 'NONE', #2088, #8272, #11989, .T. );
#9429=VERTEX_POINT ( 'NONE', #2959 );
#9430=ADVANCED_FACE ( 'NONE', ( #11372 ), #6573, .F. );
#9431=DIRECTION ( 'NONE',  ( 6.938514061341704300E-035, 0.0000000000000000000, -1.000000000000000000 ) );
#9432=ORIENTED_EDGE ( 'NONE', *, *, #2481, .T. );
#9433=EDGE_LOOP ( 'NONE', ( #6985, #8683, #3194, #4507 ) );
#9434=EDGE_LOOP ( 'NONE', ( #5264, #13049, #4133, #9978 ) );
#9435=EDGE_LOOP ( 'NONE', ( #9644, #3983, #1233, #3948 ) );
#9436=CARTESIAN_POINT ( 'NONE',  ( 5.725000000000000500, 20.65008038564430800, -2.269999999999998700 ) );
#9437=FACE_OUTER_BOUND ( 'NONE', #14558, .T. );
#9438=LINE ( 'NONE', #4150, #5173 );
#9439=ORIENTED_EDGE ( 'NONE', *, *, #6176, .T. );
#9440=LINE ( 'NONE', #419, #95 );
#9441=VECTOR ( 'NONE', #620, 1000.000000000000000 );
#9442=ADVANCED_FACE ( 'NONE', ( #1558 ), #4320, .F. );
#9443=ORIENTED_EDGE ( 'NONE', *, *, #1093, .T. );
#9444=VERTEX_POINT ( 'NONE', #847 );
#9445=CLOSED_SHELL ( 'NONE', ( #10638, #12555, #8008, #8061, #8772, #7014 ) );
#9446=PLANE ( 'NONE',  #9641 );
#9447=FACE_OUTER_BOUND ( 'NONE', #11873, .T. );
#9448=STYLED_ITEM ( 'NONE', ( #69 ), #13060 );
#9449=LINE ( 'NONE', #2110, #1118 );
#9450=DIRECTION ( 'NONE',  ( 0.0000000000000000000, 1.734723475976805500E-015, 1.000000000000000000 ) );
#9451=LINE ( 'NONE', #1158, #4639 );
#9452=EDGE_CURVE ( 'NONE', #4910, #12539, #13973, .T. );
#9453=ORIENTED_EDGE ( 'NONE', *, *, #9165, .T. );
#9454=LINE ( 'NONE', #4015, #52 );
#9455=ORIENTED_EDGE ( 'NONE', *, *, #12120, .F. );
#9456=ORIENTED_EDGE ( 'NONE', *, *, #14239, .T. );
#9457=ADVANCED_FACE ( 'NONE', ( #8585 ), #12065, .F. );
#9458=VERTEX_POINT ( 'NONE', #1765 );
#9459=CARTESIAN_POINT ( 'NONE',  ( -6.599999999999997000, 0.04999999999999937100, -2.900000000000001700 ) );
#9460=EDGE_LOOP ( 'NONE', ( #2129, #14156, #6123, #2972 ) );
#9461=CARTESIAN_POINT ( 'NONE',  ( 3.799999999999989200, 0.05000000000000005100, -1.799999999999999600 ) );
#9462=ORIENTED_EDGE ( 'NONE', *, *, #7189, .T. );
#9463=LINE ( 'NONE', #6086, #186 );
#9464=EDGE_CURVE ( 'NONE', #14018, #5884, #4817, .T. );
#9465=LINE ( 'NONE', #11473, #52 );
#9466=LINE ( 'NONE', #10654, #119 );
#9467=EDGE_CURVE ( 'NONE', #9458, #14712, #3444, .T. );
#9468=DIRECTION ( 'NONE',  ( 7.047314121156525100E-015, -0.0000000000000000000, 1.000000000000000000 ) );
#9469=LINE ( 'NONE', #1953, #5275 );
#9470=AXIS2_PLACEMENT_3D ( 'NONE', #475, #1651, #2283 );
#9471=PLANE ( 'NONE',  #4627 );
#9472=VERTEX_POINT ( 'NONE', #461 );
#9473=AXIS2_PLACEMENT_3D ( 'NONE', #5104, #2116, #128 );
#9474=ORIENTED_EDGE ( 'NONE', *, *, #2410, .F. );
#9475=DIRECTION ( 'NONE',  ( 1.000000000000000000, -0.0000000000000000000, 6.424901762877061500E-016 ) );
#9476=ORIENTED_EDGE ( 'NONE', *, *, #1180, .F. );
#9477=EDGE_CURVE ( 'NONE', #8950, #2735, #7034, .T. );
#9478=CLOSED_SHELL ( 'NONE', ( #3137, #4220, #2938, #3635, #5294, #6435, #2872, #7281, #8911, #8284, #8648, #13465, #12141, #7737, #3407, #8610, #13613, #7515, #11166, #12356, #13219, #12853 ) );
#9479=EDGE_CURVE ( 'NONE', #10992, #2927, #13072, .T. );
#9480=LINE ( 'NONE', #387, #1411 );
#9481=ADVANCED_FACE ( 'NONE', ( #3830 ), #4329, .F. );
#9482=ORIENTED_EDGE ( 'NONE', *, *, #9772, .T. );
#9483=DIRECTION ( 'NONE',  ( 1.000000000000000000, 2.402031879074916000E-032, -1.993935029858397700E-016 ) );
#9484=DIRECTION ( 'NONE',  ( 8.673617379884032300E-015, 0.0000000000000000000, -1.000000000000000000 ) );
#9485=AXIS2_PLACEMENT_3D ( 'NONE', #3927, #1832, #6887 );
#9486=CARTESIAN_POINT ( 'NONE',  ( -5.725000000000000500, 20.65008038564430800, 7.530000000000000200 ) );
#9487=DIRECTION ( 'NONE',  ( -4.336808689942016900E-015, 0.0000000000000000000, 1.000000000000000000 ) );
#9488=ORIENTED_EDGE ( 'NONE', *, *, #10361, .T. );
#9489=CARTESIAN_POINT ( 'NONE',  ( 4.600000000000013000, 0.0000000000000000000, -2.599999999999981000 ) );
#9490=CARTESIAN_POINT ( 'NONE',  ( -0.1999999999999866300, 0.05000000000000007900, 8.000000000000000000 ) );
#9491=DIRECTION ( 'NONE',  ( -3.717264591378872000E-015, -0.0000000000000000000, 1.000000000000000000 ) );
#9492=AXIS2_PLACEMENT_3D ( 'NONE', #2130, #2116, #128 );
#9493=ORIENTED_EDGE ( 'NONE', *, *, #2498, .F. );
#9494=VERTEX_POINT ( 'NONE', #5818 );
#9495=LINE ( 'NONE', #1908, #52 );
#9496=VERTEX_POINT ( 'NONE', #7029 );
#9497=ADVANCED_FACE ( 'NONE', ( #11043 ), #11983, .T. );
#9498=LINE ( 'NONE', #7083, #2415 );
#9499=EDGE_CURVE ( 'NONE', #97, #9318, #9937, .T. );
#9500=ORIENTED_EDGE ( 'NONE', *, *, #10641, .F. );
#9501=CARTESIAN_POINT ( 'NONE',  ( 6.200000000000001100, 9.757819552369539900E-016, -7.900000000000000400 ) );
#9502=ORIENTED_EDGE ( 'NONE', *, *, #3684, .F. );
#9503=EDGE_CURVE ( 'NONE', #3279, #4948, #7915, .T. );
#9504=ORIENTED_EDGE ( 'NONE', *, *, #7765, .F. );
#9505=AXIS2_PLACEMENT_3D ( 'NONE', #2483, #2255, #2955 );
#9506=EDGE_LOOP ( 'NONE', ( #813, #9384, #11270, #4695 ) );
#9507=EDGE_CURVE ( 'NONE', #2536, #6308, #8252, .T. );
#9508=EDGE_LOOP ( 'NONE', ( #11661, #10993, #2390, #9310 ) );
#9509=FACE_OUTER_BOUND ( 'NONE', #793, .T. );
#9510=ORIENTED_EDGE ( 'NONE', *, *, #5592, .T. );
#9511=LINE ( 'NONE', #392, #3507 );
#9512=ORIENTED_EDGE ( 'NONE', *, *, #13820, .F. );
#9513=ADVANCED_FACE ( 'NONE', ( #1326 ), #11053, .F. );
#9514=EDGE_LOOP ( 'NONE', ( #10933, #8500, #7937, #10419 ) );
#9515=ORIENTED_EDGE ( 'NONE', *, *, #806, .T. );
#9516=AXIS2_PLACEMENT_3D ( 'NONE', #67, #88, #7781 );
#9517=ORIENTED_EDGE ( 'NONE', *, *, #8362, .T. );
#9518=ORIENTED_EDGE ( 'NONE', *, *, #5916, .T. );
#9519=EDGE_CURVE ( 'NONE', #6316, #11319, #4011, .T. );
#9520=LINE ( 'NONE', #2065, #1429 );
#9521=LINE ( 'NONE', #6687, #22 );
#9522=EDGE_LOOP ( 'NONE', ( #12086, #5063, #4201, #4147 ) );
#9523=PLANE ( 'NONE',  #1826 );
#9524=VERTEX_POINT ( 'NONE', #5779 );
#9525=EDGE_CURVE ( 'NONE', #2338, #12441, #6846, .T. );
#9526=ORIENTED_EDGE ( 'NONE', *, *, #12737, .F. );
#9527=LINE ( 'NONE', #1159, #718 );
#9528=DIRECTION ( 'NONE',  ( 5.421010862427601800E-015, -0.0000000000000000000, 1.000000000000000000 ) );
#9529=ORIENTED_EDGE ( 'NONE', *, *, #5519, .F. );
#9530=ADVANCED_FACE ( 'NONE', ( #4422 ), #13392, .T. );
#9531=FACE_OUTER_BOUND ( 'NONE', #7372, .T. );
#9532=ORIENTED_EDGE ( 'NONE', *, *, #14713, .F. );
#9533=PRESENTATION_LAYER_ASSIGNMENT (  '', '', ( #9448 ) );
#9534=LINE ( 'NONE', #3089, #6645 );
#9535=EDGE_LOOP ( 'NONE', ( #8292, #11008, #12546, #11851 ) );
#9536=EDGE_LOOP ( 'NONE', ( #7109, #13429, #4987, #4240 ) );
#9537=EDGE_CURVE ( 'NONE', #2794, #11709, #12313, .T. );
#9538=ORIENTED_EDGE ( 'NONE', *, *, #10552, .F. );
#9539=ORIENTED_EDGE ( 'NONE', *, *, #7010, .F. );
#9540=EDGE_LOOP ( 'NONE', ( #4330, #11489, #14057, #9807 ) );
#9541=EDGE_LOOP ( 'NONE', ( #3954, #7704, #7416, #10631 ) );
#9542=FACE_OUTER_BOUND ( 'NONE', #6184, .T. );
#9543=VERTEX_POINT ( 'NONE', #1920 );
#9544=LINE ( 'NONE', #2810, #52 );
#9545=EDGE_CURVE ( 'NONE', #14085, #13792, #8086, .T. );
#9546=ADVANCED_FACE ( 'NONE', ( #1116 ), #8875, .F. );
#9547=LINE ( 'NONE', #467, #609 );
#9548=EDGE_CURVE ( 'NONE', #7800, #12072, #7742, .T. );
#9549=EDGE_LOOP ( 'NONE', ( #12075, #6098, #5574, #1076 ) );
#9550=LINE ( 'NONE', #5910, #1475 );
#9551=ORIENTED_EDGE ( 'NONE', *, *, #6226, .T. );
#9552=ORIENTED_EDGE ( 'NONE', *, *, #6837, .F. );
#9553=AXIS2_PLACEMENT_3D ( 'NONE', #2658, #340, #511 );
#9554=FACE_OUTER_BOUND ( 'NONE', #5539, .T. );
#9555=ORIENTED_EDGE ( 'NONE', *, *, #12767, .F. );
#9556=VERTEX_POINT ( 'NONE', #3148 );
#9557=EDGE_CURVE ( 'NONE', #12427, #787, #1597, .T. );
#9558=DIRECTION ( 'NONE',  ( 1.927470528863118600E-015, -1.234776807320388900E-016, 1.000000000000000000 ) );
#9559=EDGE_CURVE ( 'NONE', #3791, #8122, #6664, .T. );
#9560=ORIENTED_EDGE ( 'NONE', *, *, #12582, .T. );
#9561=ORIENTED_EDGE ( 'NONE', *, *, #4979, .F. );
#9562=LINE ( 'NONE', #2011, #7 );
#9563=VERTEX_POINT ( 'NONE', #5436 );
#9564=LINE ( 'NONE', #1082, #5302 );
#9565=VERTEX_POINT ( 'NONE', #187 );
#9566=PRESENTATION_LAYER_ASSIGNMENT (  '', '', ( #7926 ) );
#9567=ADVANCED_FACE ( 'NONE', ( #660 ), #9138, .T. );
#9568=ORIENTED_EDGE ( 'NONE', *, *, #14008, .T. );
#9569=ORIENTED_EDGE ( 'NONE', *, *, #14584, .T. );
#9570=EDGE_CURVE ( 'NONE', #6721, #10759, #6387, .T. );
#9571=PLANE ( 'NONE',  #10729 );
#9572=LINE ( 'NONE', #1593, #739 );
#9573=ORIENTED_EDGE ( 'NONE', *, *, #12347, .F. );
#9574=EDGE_LOOP ( 'NONE', ( #9529, #5974, #10649, #4961 ) );
#9575=AXIS2_PLACEMENT_3D ( 'NONE', #1131, #6058, #10427 );
#9576=LINE ( 'NONE', #1357, #739 );
#9577=PRESENTATION_LAYER_ASSIGNMENT (  '', '', ( #14299 ) );
#9578=ORIENTED_EDGE ( 'NONE', *, *, #3921, .F. );
#9579=LINE ( 'NONE', #12510, #22 );
#9580=ORIENTED_EDGE ( 'NONE', *, *, #10696, .T. );
#9581=EDGE_CURVE ( 'NONE', #12541, #11826, #4221, .T. );
#9582=DIRECTION ( 'NONE',  ( 5.421010862427664200E-016, 0.0000000000000000000, 1.000000000000000000 ) );
#9583=EDGE_CURVE ( 'NONE', #10123, #5038, #9077, .T. );
#9584=ADVANCED_FACE ( 'NONE', ( #9403 ), #9824, .T. );
#9585=STYLED_ITEM ( 'NONE', ( #11089 ), #8453 );
#9586=MANIFOLD_SOLID_BREP ( 'Pin 4', #11893 );
#9587=EDGE_LOOP ( 'NONE', ( #5443, #8686, #3080, #3036 ) );
#9588=EDGE_CURVE ( 'NONE', #12436, #1307, #4060, .T. );
#9589=AXIS2_PLACEMENT_3D ( 'NONE', #1158, #6991, #5917 );
#9590=LINE ( 'NONE', #136, #4289 );
#9591=LINE ( 'NONE', #1338, #878 );
#9592=DIRECTION ( 'NONE',  ( -4.210554863359194200E-036, 0.0000000000000000000, 1.000000000000000000 ) );
#9593=EDGE_LOOP ( 'NONE', ( #1273, #14327, #1884, #7845 ) );
#9594=EDGE_LOOP ( 'NONE', ( #3414, #5360, #6855, #2170 ) );
#9595=EDGE_LOOP ( 'NONE', ( #995, #11701, #12740, #6412 ) );
#9596=PLANE ( 'NONE',  #8818 );
#9597=LINE ( 'NONE', #4527, #3350 );
#9598=ADVANCED_FACE ( 'NONE', ( #1486 ), #10808, .T. );
#9599=LINE ( 'NONE', #5829, #4606 );
#9600=FACE_OUTER_BOUND ( 'NONE', #13405, .T. );
#9601=ORIENTED_EDGE ( 'NONE', *, *, #6651, .T. );
#9602=LINE ( 'NONE', #7243, #4289 );
#9603=EDGE_CURVE ( 'NONE', #14085, #7478, #12332, .T. );
#9604=LINE ( 'NONE', #940, #52 );
#9605=FACE_OUTER_BOUND ( 'NONE', #2684, .T. );
#9606=ORIENTED_EDGE ( 'NONE', *, *, #9737, .T. );
#9607=EDGE_CURVE ( 'NONE', #11553, #8320, #9762, .T. );
#9608=PLANE ( 'NONE',  #12394 );
#9609=( GEOMETRIC_REPRESENTATION_CONTEXT ( 3 ) GLOBAL_UNCERTAINTY_ASSIGNED_CONTEXT ( ( #221 ) ) GLOBAL_UNIT_ASSIGNED_CONTEXT ( ( #324, #94, #251 ) ) REPRESENTATION_CONTEXT ( 'NONE', 'WORKASPACE' ) );
#9610=VERTEX_POINT ( 'NONE', #7243 );
#9611=LINE ( 'NONE', #2949, #8660 );
#9612=LINE ( 'NONE', #5690, #22 );
#9613=ORIENTED_EDGE ( 'NONE', *, *, #6951, .T. );
#9614=LINE ( 'NONE', #427, #22 );
#9615=ADVANCED_FACE ( 'NONE', ( #4407 ), #12683, .F. );
#9616=VERTEX_POINT ( 'NONE', #1438 );
#9617=ORIENTED_EDGE ( 'NONE', *, *, #10931, .F. );
#9618=VECTOR ( 'NONE', #1560, 1000.000000000000000 );
#9619=EDGE_CURVE ( 'NONE', #1754, #3467, #8440, .T. );
#9620=CARTESIAN_POINT ( 'NONE',  ( 6.299999999999971400, 0.0000000000000000000, 2.100000000000008500 ) );
#9621=ORIENTED_EDGE ( 'NONE', *, *, #47, .T. );
#9622=FACE_OUTER_BOUND ( 'NONE', #6421, .T. );
#9623=ORIENTED_EDGE ( 'NONE', *, *, #11170, .T. );
#9624=LINE ( 'NONE', #1209, #96 );
#9625=FACE_OUTER_BOUND ( 'NONE', #2427, .T. );
#9626=ORIENTED_EDGE ( 'NONE', *, *, #11004, .F. );
#9627=EDGE_CURVE ( 'NONE', #8702, #7648, #4159, .T. );
#9628=ADVANCED_FACE ( 'NONE', ( #6866 ), #3932, .F. );
#9629=ORIENTED_EDGE ( 'NONE', *, *, #4584, .F. );
#9630=ORIENTED_EDGE ( 'NONE', *, *, #6488, .T. );
#9631=AXIS2_PLACEMENT_3D ( 'NONE', #1125, #5524, #1461 );
#9632=ORIENTED_EDGE ( 'NONE', *, *, #3381, .T. );
#9633=EDGE_LOOP ( 'NONE', ( #3002, #6904, #3341, #6407 ) );
#9634=ORIENTED_EDGE ( 'NONE', *, *, #3241, .F. );
#9635=VERTEX_POINT ( 'NONE', #2644 );
#9636=LINE ( 'NONE', #1666, #8120 );
#9637=ORIENTED_EDGE ( 'NONE', *, *, #11439, .T. );
#9638=EDGE_CURVE ( 'NONE', #12892, #2039, #2613, .T. );
#9639=PLANE ( 'NONE',  #9505 );
#9640=ORIENTED_EDGE ( 'NONE', *, *, #6064, .T. );
#9641=AXIS2_PLACEMENT_3D ( 'NONE', #2497, #3666, #11502 );
#9642=CARTESIAN_POINT ( 'NONE',  ( 5.500000000000028400, 0.05000000000000005100, 1.700000000000008400 ) );
#9643=PLANE ( 'NONE',  #6518 );
#9644=ORIENTED_EDGE ( 'NONE', *, *, #12922, .T. );
#9645=ADVANCED_FACE ( 'NONE', ( #6423 ), #7589, .T. );
#9646=EDGE_CURVE ( 'NONE', #13221, #4281, #583, .T. );
#9647=CLOSED_SHELL ( 'NONE', ( #5811, #1078, #6805, #7871, #11575, #6649 ) );
#9648=ORIENTED_EDGE ( 'NONE', *, *, #12606, .T. );
#9649=VERTEX_POINT ( 'NONE', #1760 );
#9650=LINE ( 'NONE', #7320, #7955 );
#9651=ORIENTED_EDGE ( 'NONE', *, *, #6515, .T. );
#9652=AXIS2_PLACEMENT_3D ( 'NONE', #475, #18, #511 );
#9653=VECTOR ( 'NONE', #4227, 1000.000000000000000 );
#9654=AXIS2_PLACEMENT_3D ( 'NONE', #183, #8841, #4311 );
#9655=ORIENTED_EDGE ( 'NONE', *, *, #10356, .F. );
#9656=ORIENTED_EDGE ( 'NONE', *, *, #12658, .F. );
#9657=ORIENTED_EDGE ( 'NONE', *, *, #7224, .F. );
#9658=CARTESIAN_POINT ( 'NONE',  ( 2.199999999999990000, 0.0000000000000000000, -1.799999999999999600 ) );
#9659=CARTESIAN_POINT ( 'NONE',  ( -5.724999999999998800, 2.299999999999999800, 7.430000000000001500 ) );
#9660=EDGE_CURVE ( 'NONE', #8780, #5401, #1268, .T. );
#9661=FACE_OUTER_BOUND ( 'NONE', #4994, .T. );
#9662=ORIENTED_EDGE ( 'NONE', *, *, #6271, .F. );
#9663=ORIENTED_EDGE ( 'NONE', *, *, #14079, .T. );
#9664=LINE ( 'NONE', #6569, #4068 );
#9665=LINE ( 'NONE', #5270, #52 );
#9666=EDGE_LOOP ( 'NONE', ( #7222, #11469, #1671, #9702 ) );
#9667=EDGE_CURVE ( 'NONE', #5276, #5000, #13482, .T. );
#9668=ADVANCED_FACE ( 'NONE', ( #4152 ), #12760, .F. );
#9669=LINE ( 'NONE', #7413, #7283 );
#9670=AXIS2_PLACEMENT_3D ( 'NONE', #67, #1162, #4301 );
#9671=ORIENTED_EDGE ( 'NONE', *, *, #13517, .T. );
#9672=PLANE ( 'NONE',  #5962 );
#9673=CARTESIAN_POINT ( 'NONE',  ( -4.599999999999991700, -3.388131789017201400E-018, 7.999999999999977800 ) );
#9674=EDGE_LOOP ( 'NONE', ( #4009, #6332, #14636, #5952 ) );
#9675=PLANE ( 'NONE',  #434 );
#9676=LINE ( 'NONE', #354, #22 );
#9677=EDGE_LOOP ( 'NONE', ( #7111, #8487, #13569, #4167 ) );
#9678=EDGE_CURVE ( 'NONE', #7124, #9697, #8033, .T. );
#9679=EDGE_CURVE ( 'NONE', #10158, #9997, #5679, .T. );
#9680=VERTEX_POINT ( 'NONE', #1499 );
#9681=ORIENTED_EDGE ( 'NONE', *, *, #3471, .T. );
#9682=ADVANCED_FACE ( 'NONE', ( #6059 ), #9847, .T. );
#9683=ORIENTED_EDGE ( 'NONE', *, *, #14517, .F. );
#9684=DIRECTION ( 'NONE',  ( 3.244750383716045300E-035, 0.0000000000000000000, 1.000000000000000000 ) );
#9685=EDGE_CURVE ( 'NONE', #7509, #1436, #1942, .T. );
#9686=LINE ( 'NONE', #748, #144 );
#9687=PLANE ( 'NONE',  #9553 );
#9688=EDGE_LOOP ( 'NONE', ( #3695, #11710, #1495, #6200 ) );
#9689=ORIENTED_EDGE ( 'NONE', *, *, #11922, .T. );
#9690=ORIENTED_EDGE ( 'NONE', *, *, #1782, .T. );
#9691=PLANE ( 'NONE',  #8970 );
#9692=FACE_OUTER_BOUND ( 'NONE', #4840, .T. );
#9693=ORIENTED_EDGE ( 'NONE', *, *, #7108, .T. );
#9694=CARTESIAN_POINT ( 'NONE',  ( -2.199999999999986000, -3.388131789017201400E-018, 7.199999999999996600 ) );
#9695=ORIENTED_EDGE ( 'NONE', *, *, #1610, .F. );
#9696=ORIENTED_EDGE ( 'NONE', *, *, #11040, .T. );
#9697=VERTEX_POINT ( 'NONE', #14743 );
#9698=ADVANCED_FACE ( 'NONE', ( #13780 ), #4142, .T. );
#9699=ORIENTED_EDGE ( 'NONE', *, *, #6974, .F. );
#9700=FACE_OUTER_BOUND ( 'NONE', #2441, .T. );
#9701=VERTEX_POINT ( 'NONE', #1337 );
#9702=ORIENTED_EDGE ( 'NONE', *, *, #2041, .T. );
#9703=AXIS2_PLACEMENT_3D ( 'NONE', #6183, #18, #23 );
#9704=FACE_BOUND ( 'NONE', #6560, .T. );
#9705=ORIENTED_EDGE ( 'NONE', *, *, #774, .T. );
#9706=ORIENTED_EDGE ( 'NONE', *, *, #8014, .T. );
#9707=ORIENTED_EDGE ( 'NONE', *, *, #6879, .T. );
#9708=CARTESIAN_POINT ( 'NONE',  ( 1.400000000000013200, 0.05000000000000007900, -2.600000000000001900 ) );
#9709=CARTESIAN_POINT ( 'NONE',  ( 5.500000000000028400, 0.0000000000000000000, 3.699999999999988200 ) );
#9710=VERTEX_POINT ( 'NONE', #9883 );
#9711=ORIENTED_EDGE ( 'NONE', *, *, #2571, .T. );
#9712=ADVANCED_FACE ( 'NONE', ( #6973 ), #1339, .T. );
#9713=ORIENTED_EDGE ( 'NONE', *, *, #14005, .T. );
#9714=ORIENTED_EDGE ( 'NONE', *, *, #5707, .F. );
#9715=LINE ( 'NONE', #625, #2348 );
#9716=ORIENTED_EDGE ( 'NONE', *, *, #7154, .F. );
#9717=EDGE_CURVE ( 'NONE', #910, #5863, #4763, .T. );
#9718=EDGE_LOOP ( 'NONE', ( #8657, #14173, #14031, #14047 ) );
#9719=EDGE_LOOP ( 'NONE', ( #9846, #13043, #5616, #2800 ) );
#9720=ORIENTED_EDGE ( 'NONE', *, *, #2558, .T. );
#9721=PLANE ( 'NONE',  #3674 );
#9722=PLANE ( 'NONE',  #12795 );
#9723=FACE_OUTER_BOUND ( 'NONE', #7093, .T. );
#9724=EDGE_CURVE ( 'NONE', #4248, #4264, #2047, .T. );
#9725=EDGE_LOOP ( 'NONE', ( #3095, #8480, #10100, #2371 ) );
#9726=FACE_OUTER_BOUND ( 'NONE', #4596, .T. );
#9727=ORIENTED_EDGE ( 'NONE', *, *, #14740, .F. );
#9728=ORIENTED_EDGE ( 'NONE', *, *, #14457, .F. );
#9729=AXIS2_PLACEMENT_3D ( 'NONE', #1061, #4338, #3296 );
#9730=EDGE_LOOP ( 'NONE', ( #7832, #10435, #4679, #13019, #14043, #6913 ) );
#9731=VERTEX_POINT ( 'NONE', #14525 );
#9732=ADVANCED_FACE ( 'NONE', ( #9723 ), #472, .F. );
#9733=AXIS2_PLACEMENT_3D ( 'NONE', #8459, #511, #613 );
#9734=ORIENTED_EDGE ( 'NONE', *, *, #13519, .F. );
#9735=EDGE_CURVE ( 'NONE', #5776, #7252, #4950, .T. );
#9736=PLANE ( 'NONE',  #12885 );
#9737=EDGE_CURVE ( 'NONE', #3941, #1459, #2168, .T. );
#9738=ORIENTED_EDGE ( 'NONE', *, *, #5309, .T. );
#9739=AXIS2_PLACEMENT_3D ( 'NONE', #1338, #2535, #5760 );
#9740=EDGE_LOOP ( 'NONE', ( #3441, #4847, #9242, #12036 ) );
#9741=LINE ( 'NONE', #9749, #144 );
#9742=ORIENTED_EDGE ( 'NONE', *, *, #1999, .F. );
#9743=EDGE_CURVE ( 'NONE', #3045, #745, #7690, .T. );
#9744=ORIENTED_EDGE ( 'NONE', *, *, #13807, .F. );
#9745=AXIS2_PLACEMENT_3D ( 'NONE', #67, #88, #5299 );
#9746=CARTESIAN_POINT ( 'NONE',  ( -2.199999999999986900, 0.05000000000000007900, -2.600000000000024100 ) );
#9747=CARTESIAN_POINT ( 'NONE',  ( -5.599999999999999600, 0.05000000000000005100, 7.999999999999998200 ) );
#9748=ADVANCED_FACE ( 'NONE', ( #343 ), #10780, .F. );
#9749=CARTESIAN_POINT ( 'NONE',  ( -4.599999999999991700, 0.0000000000000000000, 7.999999999999977800 ) );
#9750=LINE ( 'NONE', #6490, #2015 );
#9751=ORIENTED_EDGE ( 'NONE', *, *, #5499, .F. );
#9752=EDGE_CURVE ( 'NONE', #4031, #910, #1041, .T. );
#9753=EDGE_CURVE ( 'NONE', #8320, #10672, #3707, .T. );
#9754=LINE ( 'NONE', #398, #121 );
#9755=ORIENTED_EDGE ( 'NONE', *, *, #9185, .T. );
#9756=EDGE_CURVE ( 'NONE', #8144, #10543, #1726, .T. );
#9757=ORIENTED_EDGE ( 'NONE', *, *, #6581, .F. );
#9758=AXIS2_PLACEMENT_3D ( 'NONE', #3438, #5852, #8245 );
#9759=EDGE_CURVE ( 'NONE', #14205, #6417, #12428, .T. );
#9760=ADVANCED_FACE ( 'NONE', ( #6799 ), #9675, .F. );
#9761=FACE_OUTER_BOUND ( 'NONE', #10714, .T. );
#9762=LINE ( 'NONE', #3823, #96 );
#9763=LINE ( 'NONE', #5061, #11044 );
#9764=EDGE_LOOP ( 'NONE', ( #11129, #255, #9713, #4688 ) );
#9765=FACE_OUTER_BOUND ( 'NONE', #4567, .T. );
#9766=LINE ( 'NONE', #542, #2545 );
#9767=PLANE ( 'NONE',  #10601 );
#9768=EDGE_LOOP ( 'NONE', ( #12161, #6993, #2322, #1813 ) );
#9769=ORIENTED_EDGE ( 'NONE', *, *, #2621, .F. );
#9770=DIRECTION ( 'NONE',  ( -2.168404344971005700E-015, 0.0000000000000000000, -1.000000000000000000 ) );
#9771=EDGE_LOOP ( 'NONE', ( #12992, #14435, #9561, #6948 ) );
#9772=EDGE_CURVE ( 'NONE', #7518, #817, #14649, .T. );
#9773=LINE ( 'NONE', #3022, #22 );
#9774=ADVANCED_FACE ( 'NONE', ( #12105 ), #14461, .T. );
#9775=LINE ( 'NONE', #5868, #22 );
#9776=VERTEX_POINT ( 'NONE', #8407 );
#9777=LINE ( 'NONE', #7517, #11211 );
#9778=LINE ( 'NONE', #3428, #95 );
#9779=PLANE ( 'NONE',  #2798 );
#9780=EDGE_CURVE ( 'NONE', #7930, #5902, #8714, .T. );
#9781=PLANE ( 'NONE',  #8760 );
#9782=ORIENTED_EDGE ( 'NONE', *, *, #2860, .T. );
#9783=LINE ( 'NONE', #8054, #188 );
#9784=EDGE_LOOP ( 'NONE', ( #10136, #1169, #13069, #12832 ) );
#9785=ORIENTED_EDGE ( 'NONE', *, *, #14528, .T. );
#9786=LINE ( 'NONE', #6032, #11325 );
#9787=MECHANICAL_DESIGN_GEOMETRIC_PRESENTATION_REPRESENTATION (  '', ( #6648 ), #12513 );
#9788=ORIENTED_EDGE ( 'NONE', *, *, #10624, .F. );
#9789=LINE ( 'NONE', #5603, #186 );
#9790=EDGE_CURVE ( 'NONE', #11214, #4274, #13181, .T. );
#9791=PLANE ( 'NONE',  #6294 );
#9792=ADVANCED_FACE ( 'NONE', ( #9878 ), #14618, .F. );
#9793=ORIENTED_EDGE ( 'NONE', *, *, #1220, .T. );
#9794=ORIENTED_EDGE ( 'NONE', *, *, #14099, .T. );
#9795=EDGE_LOOP ( 'NONE', ( #6882, #13079, #2029, #10791 ) );
#9796=ORIENTED_EDGE ( 'NONE', *, *, #89, .T. );
#9797=LINE ( 'NONE', #4890, #22 );
#9798=EDGE_CURVE ( 'NONE', #7727, #4495, #7525, .T. );
#9799=VECTOR ( 'NONE', #9966, 1000.000000000000000 );
#9800=VERTEX_POINT ( 'NONE', #4620 );
#9801=EDGE_CURVE ( 'NONE', #2287, #5543, #821, .T. );
#9802=FACE_OUTER_BOUND ( 'NONE', #12237, .T. );
#9803=CARTESIAN_POINT ( 'NONE',  ( 4.600000000000012100, 0.0000000000000000000, 7.999999999999977800 ) );
#9804=EDGE_LOOP ( 'NONE', ( #7626, #10118, #12834, #12828 ) );
#9805=AXIS2_PLACEMENT_3D ( 'NONE', #197, #3580, #2896 );
#9806=ORIENTED_EDGE ( 'NONE', *, *, #10446, .F. );
#9807=ORIENTED_EDGE ( 'NONE', *, *, #11476, .T. );
#9808=ADVANCED_FACE ( 'NONE', ( #3183 ), #6368, .F. );
#9809=EDGE_CURVE ( 'NONE', #7107, #9240, #13647, .T. );
#9810=VERTEX_POINT ( 'NONE', #7814 );
#9811=EDGE_CURVE ( 'NONE', #7387, #2244, #12883, .T. );
#9812=LINE ( 'NONE', #2031, #144 );
#9813=ORIENTED_EDGE ( 'NONE', *, *, #5393, .F. );
#9814=AXIS2_PLACEMENT_3D ( 'NONE', #1365, #3580, #2896 );
#9815=VECTOR ( 'NONE', #5686, 1000.000000000000000 );
#9816=ORIENTED_EDGE ( 'NONE', *, *, #7883, .F. );
#9817=EDGE_CURVE ( 'NONE', #9897, #1454, #12727, .T. );
#9818=ORIENTED_EDGE ( 'NONE', *, *, #14008, .F. );
#9819=ORIENTED_EDGE ( 'NONE', *, *, #2146, .F. );
#9820=EDGE_CURVE ( 'NONE', #5215, #5188, #14216, .T. );
#9821=DIRECTION ( 'NONE',  ( -1.965912317380352600E-034, 0.0000000000000000000, -1.000000000000000000 ) );
#9822=VERTEX_POINT ( 'NONE', #14537 );
#9823=LINE ( 'NONE', #7390, #22 );
#9824=PLANE ( 'NONE',  #820 );
#9825=ORIENTED_EDGE ( 'NONE', *, *, #10095, .F. );
#9826=EDGE_LOOP ( 'NONE', ( #12499, #10526, #11945, #9362 ) );
#9827=VECTOR ( 'NONE', #9491, 1000.000000000000000 );
#9828=ADVANCED_FACE ( 'NONE', ( #801 ), #2592, .F. );
#9829=AXIS2_PLACEMENT_3D ( 'NONE', #1178, #128, #711 );
#9830=LINE ( 'NONE', #2187, #119 );
#9831=EDGE_LOOP ( 'NONE', ( #3809, #13319, #1277, #8699 ) );
#9832=LINE ( 'NONE', #5532, #22 );
#9833=EDGE_CURVE ( 'NONE', #12601, #2967, #5124, .T. );
#9834=ORIENTED_EDGE ( 'NONE', *, *, #1921, .F. );
#9835=EDGE_CURVE ( 'NONE', #6000, #14082, #1353, .T. );
#9836=ORIENTED_EDGE ( 'NONE', *, *, #9811, .F. );
#9837=ORIENTED_EDGE ( 'NONE', *, *, #5402, .F. );
#9838=CLOSED_SHELL ( 'NONE', ( #14077, #10385, #10506, #4266, #12218, #9268 ) );
#9839=CARTESIAN_POINT ( 'NONE',  ( 5.500000000000029300, 0.0000000000000000000, -0.2999999999999990500 ) );
#9840=EDGE_CURVE ( 'NONE', #9914, #4034, #8524, .T. );
#9841=ORIENTED_EDGE ( 'NONE', *, *, #10968, .T. );
#9842=VERTEX_POINT ( 'NONE', #1763 );
#9843=ADVANCED_FACE ( 'NONE', ( #12255 ), #6672, .T. );
#9844=VERTEX_POINT ( 'NONE', #2993 );
#9845=FACE_OUTER_BOUND ( 'NONE', #6115, .T. );
#9846=ORIENTED_EDGE ( 'NONE', *, *, #2791, .F. );
#9847=PLANE ( 'NONE',  #7304 );
#9848=ORIENTED_EDGE ( 'NONE', *, *, #6677, .T. );
#9849=STYLED_ITEM ( 'NONE', ( #853 ), #11387 );
#9850=CARTESIAN_POINT ( 'NONE',  ( -5.725000000000000500, 2.399999999999999900, 0.0000000000000000000 ) );
#9851=ORIENTED_EDGE ( 'NONE', *, *, #11598, .T. );
#9852=ORIENTED_EDGE ( 'NONE', *, *, #5340, .T. );
#9853=EDGE_CURVE ( 'NONE', #10908, #5148, #7513, .T. );
#9854=LINE ( 'NONE', #375, #6002 );
#9855=LINE ( 'NONE', #5832, #13460 );
#9856=CARTESIAN_POINT ( 'NONE',  ( 5.500000000000028400, 0.0000000000000000000, 1.700000000000008400 ) );
#9857=ORIENTED_EDGE ( 'NONE', *, *, #10248, .F. );
#9858=DIRECTION ( 'NONE',  ( -1.000000000000000000, -0.0000000000000000000, -4.336808689941611500E-015 ) );
#9859=EDGE_LOOP ( 'NONE', ( #9314, #12690, #14054, #1095 ) );
#9860=EDGE_CURVE ( 'NONE', #9399, #7464, #320, .T. );
#9861=ORIENTED_EDGE ( 'NONE', *, *, #12246, .T. );
#9862=PLANE ( 'NONE',  #5287 );
#9863=ADVANCED_FACE ( 'NONE', ( #5663 ), #6382, .F. );
#9864=FACE_OUTER_BOUND ( 'NONE', #8103, .T. );
#9865=ORIENTED_EDGE ( 'NONE', *, *, #11987, .F. );
#9866=FACE_OUTER_BOUND ( 'NONE', #1027, .T. );
#9867=EDGE_LOOP ( 'NONE', ( #6494, #10116, #3575, #9105 ) );
#9868=FACE_BOUND ( 'NONE', #2135, .T. );
#9869=CARTESIAN_POINT ( 'NONE',  ( -4.199999999999999300, 0.0000000000000000000, 8.000000000000021300 ) );
#9870=LINE ( 'NONE', #3244, #10906 );
#9871=ORIENTED_EDGE ( 'NONE', *, *, #12377, .T. );
#9872=VERTEX_POINT ( 'NONE', #6925 );
#9873=EDGE_CURVE ( 'NONE', #10702, #10158, #10989, .T. );
#9874=ORIENTED_EDGE ( 'NONE', *, *, #12944, .T. );
#9875=PLANE ( 'NONE',  #12814 );
#9876=DIRECTION ( 'NONE',  ( -1.000000000000000000, 0.0000000000000000000, 1.626303258728330000E-015 ) );
#9877=PLANE ( 'NONE',  #12421 );
#9878=FACE_OUTER_BOUND ( 'NONE', #7079, .T. );
#9879=ORIENTED_EDGE ( 'NONE', *, *, #1042, .T. );
#9880=ADVANCED_FACE ( 'NONE', ( #9554 ), #1564, .T. );
#9881=MECHANICAL_DESIGN_GEOMETRIC_PRESENTATION_REPRESENTATION (  '', ( #7161 ), #10485 );
#9882=PLANE ( 'NONE',  #12179 );
#9883=CARTESIAN_POINT ( 'NONE',  ( -0.6000000000000128600, 0.05000000000000007900, -2.600000000000001900 ) );
#9884=EDGE_LOOP ( 'NONE', ( #11197, #11292, #312, #8897 ) );
#9885=LINE ( 'NONE', #6479, #2457 );
#9886=EDGE_LOOP ( 'NONE', ( #14335, #3841, #8770, #3419 ) );
#9887=VECTOR ( 'NONE', #3117, 1000.000000000000000 );
#9888=EDGE_CURVE ( 'NONE', #2831, #5624, #6236, .T. );
#9889=EDGE_LOOP ( 'NONE', ( #2261, #5167, #12066, #11495 ) );
#9890=FACE_OUTER_BOUND ( 'NONE', #6765, .T. );
#9891=ORIENTED_EDGE ( 'NONE', *, *, #6020, .F. );
#9892=VERTEX_POINT ( 'NONE', #11630 );
#9893=EDGE_LOOP ( 'NONE', ( #8457, #9578, #593, #4390 ) );
#9894=AXIS2_PLACEMENT_3D ( 'NONE', #1379, #414, #1885 );
#9895=EDGE_CURVE ( 'NONE', #614, #13533, #2971, .T. );
#9896=LINE ( 'NONE', #7517, #366 );
#9897=VERTEX_POINT ( 'NONE', #1351 );
#9898=EDGE_CURVE ( 'NONE', #5007, #5788, #11619, .T. );
#9899=FACE_OUTER_BOUND ( 'NONE', #7988, .T. );
#9900=ADVANCED_FACE ( 'NONE', ( #8354 ), #13084, .F. );
#9901=LINE ( 'NONE', #4641, #2545 );
#9902=ORIENTED_EDGE ( 'NONE', *, *, #4603, .T. );
#9903=DIRECTION ( 'NONE',  ( 4.336808689941883600E-015, 9.629649721936179300E-035, -1.000000000000000000 ) );
#9904=CLOSED_SHELL ( 'NONE', ( #8727, #10896, #8838, #10491, #13284, #5575 ) );
#9905=ORIENTED_EDGE ( 'NONE', *, *, #753, .F. );
#9906=EDGE_CURVE ( 'NONE', #13515, #13803, #8871, .T. );
#9907=EDGE_CURVE ( 'NONE', #5992, #4624, #5869, .T. );
#9908=DIRECTION ( 'NONE',  ( -1.000000000000000000, -0.0000000000000000000, 2.168404344971059700E-015 ) );
#9909=ORIENTED_EDGE ( 'NONE', *, *, #9679, .T. );
#9910=STYLED_ITEM ( 'NONE', ( #853 ), #9998 );
#9911=LINE ( 'NONE', #3595, #186 );
#9912=AXIS2_PLACEMENT_3D ( 'NONE', #1345, #5128, #778 );
#9913=FACE_OUTER_BOUND ( 'NONE', #6345, .T. );
#9914=VERTEX_POINT ( 'NONE', #56 );
#9915=FACE_OUTER_BOUND ( 'NONE', #3537, .T. );
#9916=FACE_OUTER_BOUND ( 'NONE', #8299, .T. );
#9917=ORIENTED_EDGE ( 'NONE', *, *, #678, .F. );
#9918=ADVANCED_FACE ( 'NONE', ( #2148 ), #4772, .F. );
#9919=ORIENTED_EDGE ( 'NONE', *, *, #4894, .F. );
#9920=EDGE_CURVE ( 'NONE', #13901, #10449, #14635, .T. );
#9921=MANIFOLD_SOLID_BREP ( 'Module 1', #5219 );
#9922=AXIS2_PLACEMENT_3D ( 'NONE', #3943, #128, #711 );
#9923=DIRECTION ( 'NONE',  ( 1.000000000000000000, 0.0000000000000000000, -2.312838020447182700E-035 ) );
#9924=ORIENTED_EDGE ( 'NONE', *, *, #13826, .T. );
#9925=CARTESIAN_POINT ( 'NONE',  ( 2.999999999999989800, 0.05000000000000005100, -2.600000000000024100 ) );
#9926=EDGE_CURVE ( 'NONE', #4559, #8151, #13635, .T. );
#9927=( GEOMETRIC_REPRESENTATION_CONTEXT ( 3 ) GLOBAL_UNCERTAINTY_ASSIGNED_CONTEXT ( ( #221 ) ) GLOBAL_UNIT_ASSIGNED_CONTEXT ( ( #324, #94, #251 ) ) REPRESENTATION_CONTEXT ( 'NONE', 'WORKASPACE' ) );
#9928=LINE ( 'NONE', #7083, #22 );
#9929=AXIS2_PLACEMENT_3D ( 'NONE', #91, #340, #511 );
#9930=VERTEX_POINT ( 'NONE', #761 );
#9931=PLANE ( 'NONE',  #10101 );
#9932=PLANE ( 'NONE',  #12040 );
#9933=ADVANCED_FACE ( 'NONE', ( #4352 ), #10399, .F. );
#9934=ORIENTED_EDGE ( 'NONE', *, *, #12597, .F. );
#9935=EDGE_CURVE ( 'NONE', #13447, #10568, #10047, .T. );
#9936=PLANE ( 'NONE',  #7140 );
#9937=LINE ( 'NONE', #3438, #10939 );
#9938=FACE_OUTER_BOUND ( 'NONE', #10623, .T. );
#9939=VERTEX_POINT ( 'NONE', #4116 );
#9940=EDGE_CURVE ( 'NONE', #9616, #1780, #12416, .T. );
#9941=AXIS2_PLACEMENT_3D ( 'NONE', #8873, #49, #762 );
#9942=EDGE_LOOP ( 'NONE', ( #7020, #9048, #13452, #8346 ) );
#9943=CARTESIAN_POINT ( 'NONE',  ( 5.500000000000028400, 0.05000000000000007900, 1.300000000000006500 ) );
#9944=EDGE_CURVE ( 'NONE', #9406, #5840, #7856, .T. );
#9945=PLANE ( 'NONE',  #14268 );
#9946=PLANE ( 'NONE',  #6922 );
#9947=DIRECTION ( 'NONE',  ( -4.878909776184620100E-015, 9.629649721936179300E-035, 1.000000000000000000 ) );
#9948=ORIENTED_EDGE ( 'NONE', *, *, #6204, .F. );
#9949=ORIENTED_EDGE ( 'NONE', *, *, #13706, .T. );
#9950=LINE ( 'NONE', #2497, #1137 );
#9951=ADVANCED_FACE ( 'NONE', ( #3951 ), #9250, .T. );
#9952=CARTESIAN_POINT ( 'NONE',  ( 6.600000000000000500, 0.0000000000000000000, 8.299999999999998900 ) );
#9953=LINE ( 'NONE', #6569, #5254 );
#9954=EDGE_LOOP ( 'NONE', ( #7370, #1383, #5628, #11142 ) );
#9955=AXIS2_PLACEMENT_3D ( 'NONE', #7406, #12557, #6154 );
#9956=ORIENTED_EDGE ( 'NONE', *, *, #3619, .F. );
#9957=EDGE_CURVE ( 'NONE', #2318, #2648, #11464, .T. );
#9958=ORIENTED_EDGE ( 'NONE', *, *, #5418, .T. );
#9959=ORIENTED_EDGE ( 'NONE', *, *, #9627, .F. );
#9960=PLANE ( 'NONE',  #5378 );
#9961=VERTEX_POINT ( 'NONE', #816 );
#9962=EDGE_LOOP ( 'NONE', ( #13439, #6142, #1017, #9083 ) );
#9963=EDGE_CURVE ( 'NONE', #9444, #2007, #1690, .T. );
#9964=LINE ( 'NONE', #3686, #442 );
#9965=ADVANCED_FACE ( 'NONE', ( #7836 ), #10426, .T. );
#9966=DIRECTION ( 'NONE',  ( 1.000000000000000000, 0.0000000000000000000, 2.710505431213856200E-016 ) );
#9967=EDGE_LOOP ( 'NONE', ( #7049, #4951, #4323, #11570 ) );
#9968=AXIS2_PLACEMENT_3D ( 'NONE', #1154, #280, #23 );
#9969=VERTEX_POINT ( 'NONE', #9328 );
#9970=ORIENTED_EDGE ( 'NONE', *, *, #3236, .F. );
#9971=LINE ( 'NONE', #748, #52 );
#9972=EDGE_CURVE ( 'NONE', #2787, #2765, #13624, .T. );
#9973=LINE ( 'NONE', #2089, #124 );
#9974=LINE ( 'NONE', #1950, #22 );
#9975=ORIENTED_EDGE ( 'NONE', *, *, #2924, .T. );
#9976=ADVANCED_FACE ( 'NONE', ( #1025 ), #7198, .F. );
#9977=EDGE_LOOP ( 'NONE', ( #1848, #13379, #1949, #13837 ) );
#9978=ORIENTED_EDGE ( 'NONE', *, *, #7074, .T. );
#9979=ORIENTED_EDGE ( 'NONE', *, *, #12201, .T. );
#9980=EDGE_CURVE ( 'NONE', #7207, #5888, #6961, .T. );
#9981=ORIENTED_EDGE ( 'NONE', *, *, #3363, .T. );
#9982=EDGE_CURVE ( 'NONE', #8649, #2503, #1234, .T. );
#9983=EDGE_LOOP ( 'NONE', ( #2839, #1439, #2652, #1764 ) );
#9984=VECTOR ( 'NONE', #1805, 1000.000000000000000 );
#9985=FACE_OUTER_BOUND ( 'NONE', #9983, .T. );
#9986=ORIENTED_EDGE ( 'NONE', *, *, #9860, .T. );
#9987=LINE ( 'NONE', #39, #52 );
#9988=ORIENTED_EDGE ( 'NONE', *, *, #4598, .F. );
#9989=AXIS2_PLACEMENT_3D ( 'NONE', #5829, #13249, #11175 );
#9990=FACE_OUTER_BOUND ( 'NONE', #7579, .T. );
#9991=ORIENTED_EDGE ( 'NONE', *, *, #10845, .T. );
#9992=EDGE_LOOP ( 'NONE', ( #6347, #8125, #11758, #14700 ) );
#9993=EDGE_CURVE ( 'NONE', #6539, #4495, #3752, .T. );
#9994=ORIENTED_EDGE ( 'NONE', *, *, #6202, .T. );
#9995=ORIENTED_EDGE ( 'NONE', *, *, #11907, .F. );
#9996=EDGE_CURVE ( 'NONE', #7518, #1526, #4936, .T. );
#9997=VERTEX_POINT ( 'NONE', #755 );
#9998=MANIFOLD_SOLID_BREP ( 'Pin 49_8', #3040 );
#9999=FACE_OUTER_BOUND ( 'NONE', #11268, .T. );
#10000=ORIENTED_EDGE ( 'NONE', *, *, #4852, .F. );
#10001=ADVANCED_FACE ( 'NONE', ( #4336 ), #3649, .F. );
#10002=AXIS2_PLACEMENT_3D ( 'NONE', #3739, #23, #128 );
#10003=LINE ( 'NONE', #671, #119 );
#10004=ORIENTED_EDGE ( 'NONE', *, *, #9820, .F. );
#10005=EDGE_CURVE ( 'NONE', #4177, #9345, #783, .T. );
#10006=AXIS2_PLACEMENT_3D ( 'NONE', #2808, #93, #18 );
#10007=FACE_OUTER_BOUND ( 'NONE', #14222, .T. );
#10008=ORIENTED_EDGE ( 'NONE', *, *, #6958, .T. );
#10009=PLANE ( 'NONE',  #14137 );
#10010=VERTEX_POINT ( 'NONE', #13451 );
#10011=AXIS2_PLACEMENT_3D ( 'NONE', #5033, #1991, #2175 );
#10012=EDGE_LOOP ( 'NONE', ( #1156, #700, #7493, #11882 ) );
#10013=DIRECTION ( 'NONE',  ( 3.252606517456585900E-015, -0.0000000000000000000, 1.000000000000000000 ) );
#10014=FACE_OUTER_BOUND ( 'NONE', #13844, .T. );
#10015=CARTESIAN_POINT ( 'NONE',  ( 5.974999999999999600, 2.299999999999999800, 7.430000000000001500 ) );
#10016=ORIENTED_EDGE ( 'NONE', *, *, #838, .F. );
#10017=ORIENTED_EDGE ( 'NONE', *, *, #2229, .T. );
#10018=EDGE_CURVE ( 'NONE', #2165, #6684, #12573, .T. );
#10019=VECTOR ( 'NONE', #6636, 1000.000000000000000 );
#10020=DIRECTION ( 'NONE',  ( -7.139770381379879400E-036, 0.0000000000000000000, -1.000000000000000000 ) );
#10021=PLANE ( 'NONE',  #5728 );
#10022=EDGE_CURVE ( 'NONE', #3559, #6675, #10662, .T. );
#10023=ADVANCED_FACE ( 'NONE', ( #9866 ), #10447, .T. );
#10024=LINE ( 'NONE', #1972, #22 );
#10025=EDGE_CURVE ( 'NONE', #12553, #2055, #14206, .T. );
#10026=ORIENTED_EDGE ( 'NONE', *, *, #10420, .F. );
#10027=PRESENTATION_LAYER_ASSIGNMENT (  '', '', ( #9585 ) );
#10028=EDGE_LOOP ( 'NONE', ( #5699, #8775, #5646, #3966 ) );
#10029=PLANE ( 'NONE',  #2277 );
#10030=EDGE_CURVE ( 'NONE', #6334, #5401, #6224, .T. );
#10031=AXIS2_PLACEMENT_3D ( 'NONE', #2597, #6800, #4790 );
#10032=LINE ( 'NONE', #11630, #52 );
#10033=ORIENTED_EDGE ( 'NONE', *, *, #4990, .T. );
#10034=FACE_OUTER_BOUND ( 'NONE', #2711, .T. );
#10035=ORIENTED_EDGE ( 'NONE', *, *, #4615, .F. );
#10036=ORIENTED_EDGE ( 'NONE', *, *, #7369, .F. );
#10037=LINE ( 'NONE', #7413, #52 );
#10038=FACE_BOUND ( 'NONE', #13257, .T. );
#10039=VERTEX_POINT ( 'NONE', #968 );
#10040=PLANE ( 'NONE',  #8769 );
#10041=ORIENTED_EDGE ( 'NONE', *, *, #13978, .T. );
#10042=ADVANCED_FACE ( 'NONE', ( #12704 ), #7217, .F. );
#10043=( GEOMETRIC_REPRESENTATION_CONTEXT ( 3 ) GLOBAL_UNCERTAINTY_ASSIGNED_CONTEXT ( ( #221 ) ) GLOBAL_UNIT_ASSIGNED_CONTEXT ( ( #324, #94, #251 ) ) REPRESENTATION_CONTEXT ( 'NONE', 'WORKASPACE' ) );
#10044=ORIENTED_EDGE ( 'NONE', *, *, #9685, .F. );
#10045=VERTEX_POINT ( 'NONE', #6569 );
#10046=EDGE_CURVE ( 'NONE', #5019, #2085, #7677, .T. );
#10047=LINE ( 'NONE', #3026, #7159 );
#10048=ORIENTED_EDGE ( 'NONE', *, *, #10685, .F. );
#10049=ORIENTED_EDGE ( 'NONE', *, *, #7137, .T. );
#10050=PLANE ( 'NONE',  #7404 );
#10051=CARTESIAN_POINT ( 'NONE',  ( 6.300000000000002500, -1.592421940838084600E-016, -1.100000000000001600 ) );
#10052=ORIENTED_EDGE ( 'NONE', *, *, #13975, .T. );
#10053=ORIENTED_EDGE ( 'NONE', *, *, #5365, .T. );
#10054=PRESENTATION_LAYER_ASSIGNMENT (  '', '', ( #9064 ) );
#10055=EDGE_LOOP ( 'NONE', ( #3095, #1837, #3323, #684, #2998 ) );
#10056=ORIENTED_EDGE ( 'NONE', *, *, #12458, .F. );
#10057=ADVANCED_FACE ( 'NONE', ( #3367 ), #3889, .T. );
#10058=PLANE ( 'NONE',  #2243 );
#10059=PLANE ( 'NONE',  #13633 );
#10060=DIRECTION ( 'NONE',  ( -6.938893903907233900E-015, 1.000000000000000000, 0.0000000000000000000 ) );
#10061=VERTEX_POINT ( 'NONE', #2674 );
#10062=LINE ( 'NONE', #3167, #1272 );
#10063=EDGE_LOOP ( 'NONE', ( #6455, #6397, #2314, #3990 ) );
#10064=ORIENTED_EDGE ( 'NONE', *, *, #1283, .T. );
#10065=EDGE_CURVE ( 'NONE', #10831, #6564, #2953, .T. );
#10066=ORIENTED_EDGE ( 'NONE', *, *, #12693, .F. );
#10067=VERTEX_POINT ( 'NONE', #5690 );
#10068=EDGE_CURVE ( 'NONE', #5154, #3492, #2537, .T. );
#10069=EDGE_LOOP ( 'NONE', ( #14460, #6978, #6066, #1364 ) );
#10070=EDGE_CURVE ( 'NONE', #13792, #10563, #7144, .T. );
#10071=ADVANCED_FACE ( 'NONE', ( #10034 ), #5589, .T. );
#10072=LINE ( 'NONE', #1154, #95 );
#10073=ORIENTED_EDGE ( 'NONE', *, *, #4055, .T. );
#10074=VECTOR ( 'NONE', #3143, 1000.000000000000000 );
#10075=DIRECTION ( 'NONE',  ( 2.168404344970946900E-015, 7.703719777548943400E-034, -1.000000000000000000 ) );
#10076=FACE_OUTER_BOUND ( 'NONE', #3663, .T. );
#10077=CARTESIAN_POINT ( 'NONE',  ( -1.799999999999997600, 6.606856988583542600E-016, -5.349999999999997900 ) );
#10078=CLOSED_SHELL ( 'NONE', ( #3061, #1014, #9393, #11196, #13511, #4332 ) );
#10079=ORIENTED_EDGE ( 'NONE', *, *, #11299, .F. );
#10080=EDGE_CURVE ( 'NONE', #3701, #6331, #4134, .T. );
#10081=ORIENTED_EDGE ( 'NONE', *, *, #887, .T. );
#10082=CARTESIAN_POINT ( 'NONE',  ( -1.250000000000000200, 0.0000000000000000000, 1.974999999999998500 ) );
#10083=AXIS2_PLACEMENT_3D ( 'NONE', #5693, #2116, #128 );
#10084=LINE ( 'NONE', #7305, #2799 );
#10085=FACE_OUTER_BOUND ( 'NONE', #6607, .T. );
#10086=ORIENTED_EDGE ( 'NONE', *, *, #9724, .T. );
#10087=ADVANCED_FACE ( 'NONE', ( #9199 ), #9107, .F. );
#10088=EDGE_CURVE ( 'NONE', #14590, #8824, #10822, .T. );
#10089=ADVANCED_FACE ( 'NONE', ( #12403 ), #3636, .T. );
#10090=ORIENTED_EDGE ( 'NONE', *, *, #7457, .F. );
#10091=EDGE_CURVE ( 'NONE', #7480, #7205, #5468, .T. );
#10092=EDGE_LOOP ( 'NONE', ( #3501, #5467, #8289, #4085 ) );
#10093=LINE ( 'NONE', #9803, #124 );
#10094=ORIENTED_EDGE ( 'NONE', *, *, #14661, .T. );
#10095=EDGE_CURVE ( 'NONE', #9345, #10886, #8510, .T. );
#10096=LINE ( 'NONE', #1109, #121 );
#10097=PLANE ( 'NONE',  #5678 );
#10098=CARTESIAN_POINT ( 'NONE',  ( -5.974999999999999600, 20.65008038564430800, 7.430000000000001500 ) );
#10099=EDGE_CURVE ( 'NONE', #4196, #6107, #12230, .T. );
#10100=ORIENTED_EDGE ( 'NONE', *, *, #4645, .T. );
#10101=AXIS2_PLACEMENT_3D ( 'NONE', #3181, #93, #18 );
#10102=ADVANCED_FACE ( 'NONE', ( #9700 ), #12589, .T. );
#10103=DIRECTION ( 'NONE',  ( 3.794707603699317600E-015, 0.0000000000000000000, 1.000000000000000000 ) );
#10104=ORIENTED_EDGE ( 'NONE', *, *, #4753, .T. );
#10105=EDGE_LOOP ( 'NONE', ( #6615, #7086, #12668, #11036 ) );
#10106=PLANE ( 'NONE',  #3490 );
#10107=VECTOR ( 'NONE', #702, 1000.000000000000000 );
#10108=ORIENTED_EDGE ( 'NONE', *, *, #9008, .T. );
#10109=CARTESIAN_POINT ( 'NONE',  ( 5.725000000000000500, 2.299999999999999800, -2.119999999999998800 ) );
#10110=LINE ( 'NONE', #1828, #52 );
#10111=FACE_OUTER_BOUND ( 'NONE', #8283, .T. );
#10112=FACE_OUTER_BOUND ( 'NONE', #12392, .T. );
#10113=ORIENTED_EDGE ( 'NONE', *, *, #2821, .T. );
#10114=FACE_OUTER_BOUND ( 'NONE', #12339, .T. );
#10115=PRESENTATION_LAYER_ASSIGNMENT (  '', '', ( #4521 ) );
#10116=ORIENTED_EDGE ( 'NONE', *, *, #8022, .F. );
#10117=ADVANCED_FACE ( 'NONE', ( #5449 ), #30, .T. );
#10118=ORIENTED_EDGE ( 'NONE', *, *, #4887, .F. );
#10119=ORIENTED_EDGE ( 'NONE', *, *, #2585, .F. );
#10120=ORIENTED_EDGE ( 'NONE', *, *, #12811, .T. );
#10121=EDGE_CURVE ( 'NONE', #14350, #8632, #5839, .T. );
#10122=LINE ( 'NONE', #4872, #124 );
#10123=VERTEX_POINT ( 'NONE', #9182 );
#10124=DIRECTION ( 'NONE',  ( 1.000000000000000000, 0.0000000000000000000, 1.084202172485580600E-015 ) );
#10125=VERTEX_POINT ( 'NONE', #671 );
#10126=CARTESIAN_POINT ( 'NONE',  ( 0.2000000000000020400, 5.793705359219414300E-016, -4.699999999999997500 ) );
#10127=ORIENTED_EDGE ( 'NONE', *, *, #6355, .F. );
#10128=ORIENTED_EDGE ( 'NONE', *, *, #2179, .F. );
#10129=VERTEX_POINT ( 'NONE', #3204 );
#10130=LINE ( 'NONE', #3810, #22 );
#10131=ORIENTED_EDGE ( 'NONE', *, *, #5145, .T. );
#10132=FACE_OUTER_BOUND ( 'NONE', #11322, .T. );
#10133=ADVANCED_FACE ( 'NONE', ( #10182 ), #9379, .F. );
#10134=VECTOR ( 'NONE', #4348, 1000.000000000000000 );
#10135=ORIENTED_EDGE ( 'NONE', *, *, #9142, .T. );
#10136=ORIENTED_EDGE ( 'NONE', *, *, #8488, .F. );
#10137=CARTESIAN_POINT ( 'NONE',  ( 5.500000000000030200, 0.05000000000000005100, 0.9000000000000062400 ) );
#10138=ORIENTED_EDGE ( 'NONE', *, *, #8902, .F. );
#10139=EDGE_LOOP ( 'NONE', ( #11479, #12911, #5612, #14430 ) );
#10140=ORIENTED_EDGE ( 'NONE', *, *, #3471, .F. );
#10141=AXIS2_PLACEMENT_3D ( 'NONE', #5666, #18, #511 );
#10142=LINE ( 'NONE', #1784, #10613 );
#10143=ORIENTED_EDGE ( 'NONE', *, *, #14456, .F. );
#10144=DIRECTION ( 'NONE',  ( 5.421010862427908700E-016, -0.0000000000000000000, 1.000000000000000000 ) );
#10145=PLANE ( 'NONE',  #8256 );
#10146=FACE_OUTER_BOUND ( 'NONE', #14123, .T. );
#10147=VERTEX_POINT ( 'NONE', #1677 );
#10148=ADVANCED_FACE ( 'NONE', ( #8687 ), #741, .F. );
#10149=ORIENTED_EDGE ( 'NONE', *, *, #11790, .F. );
#10150=ORIENTED_EDGE ( 'NONE', *, *, #14612, .F. );
#10151=DIRECTION ( 'NONE',  ( 1.000000000000000000, -0.0000000000000000000, -5.529431079676190000E-014 ) );
#10152=ORIENTED_EDGE ( 'NONE', *, *, #14752, .F. );
#10153=EDGE_CURVE ( 'NONE', #3463, #7307, #14337, .T. );
#10154=ORIENTED_EDGE ( 'NONE', *, *, #4295, .F. );
#10155=VECTOR ( 'NONE', #10151, 1000.000000000000000 );
#10156=VECTOR ( 'NONE', #8221, 1000.000000000000000 );
#10157=ORIENTED_EDGE ( 'NONE', *, *, #5227, .T. );
#10158=VERTEX_POINT ( 'NONE', #672 );
#10159=FACE_OUTER_BOUND ( 'NONE', #13291, .T. );
#10160=ORIENTED_EDGE ( 'NONE', *, *, #13258, .F. );
#10161=ORIENTED_EDGE ( 'NONE', *, *, #12259, .T. );
#10162=EDGE_CURVE ( 'NONE', #10158, #14364, #10494, .T. );
#10163=EDGE_LOOP ( 'NONE', ( #14357, #13293, #10806, #14581 ) );
#10164=ORIENTED_EDGE ( 'NONE', *, *, #3034, .T. );
#10165=ORIENTED_EDGE ( 'NONE', *, *, #13616, .F. );
#10166=EDGE_CURVE ( 'NONE', #596, #1744, #5648, .T. );
#10167=ADVANCED_FACE ( 'NONE', ( #6396 ), #4748, .F. );
#10168=DIRECTION ( 'NONE',  ( -2.168404344971006100E-015, 0.0000000000000000000, -1.000000000000000000 ) );
#10169=MANIFOLD_SOLID_BREP ( 'Pin 30', #6969 );
#10170=DIRECTION ( 'NONE',  ( -1.000000000000000000, -6.162975822039154700E-033, -6.505213034913015600E-015 ) );
#10171=LINE ( 'NONE', #5174, #52 );
#10172=VERTEX_POINT ( 'NONE', #5469 );
#10173=FILL_AREA_STYLE ('',( #9103 ) );
#10174=ORIENTED_EDGE ( 'NONE', *, *, #7132, .T. );
#10175=LINE ( 'NONE', #8170, #124 );
#10176=EDGE_CURVE ( 'NONE', #2502, #10246, #3734, .T. );
#10177=ORIENTED_EDGE ( 'NONE', *, *, #6638, .F. );
#10178=ORIENTED_EDGE ( 'NONE', *, *, #10615, .T. );
#10179=EDGE_LOOP ( 'NONE', ( #9681, #1163, #3179, #7024 ) );
#10180=VERTEX_POINT ( 'NONE', #3181 );
#10181=PRESENTATION_LAYER_ASSIGNMENT (  '', '', ( #5702 ) );
#10182=FACE_OUTER_BOUND ( 'NONE', #9718, .T. );
#10183=EDGE_CURVE ( 'NONE', #4007, #6417, #9014, .T. );
#10184=ORIENTED_EDGE ( 'NONE', *, *, #11187, .F. );
#10185=ADVANCED_FACE ( 'NONE', ( #2727 ), #14111, .T. );
#10186=VECTOR ( 'NONE', #10893, 1000.000000000000000 );
#10187=PLANE ( 'NONE',  #1922 );
#10188=FACE_BOUND ( 'NONE', #355, .T. );
#10189=LINE ( 'NONE', #1236, #6038 );
#10190=ORIENTED_EDGE ( 'NONE', *, *, #10754, .F. );
#10191=EDGE_LOOP ( 'NONE', ( #8300, #2397, #14554, #490 ) );
#10192=EDGE_LOOP ( 'NONE', ( #9626, #322, #775, #8025 ) );
#10193=CARTESIAN_POINT ( 'NONE',  ( 0.2000000000000014000, 0.0000000000000000000, 7.199999999999998400 ) );
#10194=LINE ( 'NONE', #8905, #52 );
#10195=EDGE_CURVE ( 'NONE', #5753, #5941, #8498, .T. );
#10196=ORIENTED_EDGE ( 'NONE', *, *, #1196, .F. );
#10197=CARTESIAN_POINT ( 'NONE',  ( 6.600000000000000500, 0.0000000000000000000, 0.0000000000000000000 ) );
#10198=ORIENTED_EDGE ( 'NONE', *, *, #8739, .F. );
#10199=EDGE_CURVE ( 'NONE', #11134, #10317, #3153, .T. );
#10200=LINE ( 'NONE', #1528, #6324 );
#10201=FACE_OUTER_BOUND ( 'NONE', #5130, .T. );
#10202=ORIENTED_EDGE ( 'NONE', *, *, #12485, .T. );
#10203=LINE ( 'NONE', #284, #4774 );
#10204=CLOSED_SHELL ( 'NONE', ( #12686, #2804, #4895, #14160, #9324, #13957 ) );
#10205=EDGE_CURVE ( 'NONE', #10172, #13090, #11138, .T. );
#10206=ADVANCED_FACE ( 'NONE', ( #9180 ), #5552, .F. );
#10207=AXIS2_PLACEMENT_3D ( 'NONE', #8707, #88, #102 );
#10208=DIRECTION ( 'NONE',  ( 1.000000000000000000, 0.0000000000000000000, -6.672013369141569200E-016 ) );
#10209=VERTEX_POINT ( 'NONE', #3250 );
#10210=CARTESIAN_POINT ( 'NONE',  ( 3.799999999999988300, 0.0000000000000000000, 7.199999999999996600 ) );
#10211=PLANE ( 'NONE',  #12508 );
#10212=DIRECTION ( 'NONE',  ( 1.301042606982608000E-014, -1.925929944387236300E-034, -1.000000000000000000 ) );
#10213=VERTEX_POINT ( 'NONE', #419 );
#10214=CARTESIAN_POINT ( 'NONE',  ( -5.724999999999998800, 2.549999999999999800, 0.0000000000000000000 ) );
#10215=CARTESIAN_POINT ( 'NONE',  ( -1.799999999999997600, 9.757819552369539900E-016, -7.900000000000000400 ) );
#10216=EDGE_LOOP ( 'NONE', ( #4252, #11484, #4145, #4636 ) );
#10217=FACE_OUTER_BOUND ( 'NONE', #14026, .T. );
#10218=ORIENTED_EDGE ( 'NONE', *, *, #9982, .T. );
#10219=LINE ( 'NONE', #12382, #718 );
#10220=VERTEX_POINT ( 'NONE', #3072 );
#10221=PLANE ( 'NONE',  #7254 );
#10222=ADVANCED_FACE ( 'NONE', ( #14191, #6033 ), #10009, .F. );
#10223=EDGE_CURVE ( 'NONE', #13413, #9067, #2517, .T. );
#10224=ADVANCED_FACE ( 'NONE', ( #12558 ), #3285, .F. );
#10225=ORIENTED_EDGE ( 'NONE', *, *, #6899, .T. );
#10226=ADVANCED_FACE ( 'NONE', ( #6572 ), #13856, .T. );
#10227=EDGE_CURVE ( 'NONE', #11038, #1613, #14059, .T. );
#10228=ORIENTED_EDGE ( 'NONE', *, *, #13360, .T. );
#10229=ORIENTED_EDGE ( 'NONE', *, *, #2353, .F. );
#10230=MECHANICAL_DESIGN_GEOMETRIC_PRESENTATION_REPRESENTATION (  '', ( #2411 ), #10716 );
#10231=FACE_OUTER_BOUND ( 'NONE', #9574, .T. );
#10232=ORIENTED_EDGE ( 'NONE', *, *, #11439, .F. );
#10233=LINE ( 'NONE', #1924, #52 );
#10234=ORIENTED_EDGE ( 'NONE', *, *, #6045, .T. );
#10235=CARTESIAN_POINT ( 'NONE',  ( 5.500000000000028400, 3.388131789017201400E-018, 3.699999999999988200 ) );
#10236=VERTEX_POINT ( 'NONE', #3605 );
#10237=ORIENTED_EDGE ( 'NONE', *, *, #10344, .T. );
#10238=PLANE ( 'NONE',  #11471 );
#10239=AXIS2_PLACEMENT_3D ( 'NONE', #6728, #1303, #13650 );
#10240=ADVANCED_FACE ( 'NONE', ( #3344 ), #10800, .F. );
#10241=EDGE_CURVE ( 'NONE', #8998, #10768, #8340, .T. );
#10242=LINE ( 'NONE', #2572, #119 );
#10243=EDGE_LOOP ( 'NONE', ( #2454, #804, #3337, #3128 ) );
#10244=LINE ( 'NONE', #5910, #386 );
#10245=AXIS2_PLACEMENT_3D ( 'NONE', #8868, #484, #6934 );
#10246=VERTEX_POINT ( 'NONE', #5247 );
#10247=EDGE_CURVE ( 'NONE', #9315, #12531, #11588, .T. );
#10248=EDGE_CURVE ( 'NONE', #2020, #5933, #2032, .T. );
#10249=EDGE_LOOP ( 'NONE', ( #11689, #12936, #13922, #13940 ) );
#10250=ADVANCED_FACE ( 'NONE', ( #7842 ), #2771, .F. );
#10251=LINE ( 'NONE', #187, #2415 );
#10252=EDGE_LOOP ( 'NONE', ( #7288, #14628, #5613, #8205 ) );
#10253=LINE ( 'NONE', #963, #739 );
#10254=LINE ( 'NONE', #5455, #350 );
#10255=PLANE ( 'NONE',  #7713 );
#10256=EDGE_CURVE ( 'NONE', #9279, #2601, #1239, .T. );
#10257=ORIENTED_EDGE ( 'NONE', *, *, #11245, .F. );
#10258=PLANE ( 'NONE',  #923 );
#10259=PLANE ( 'NONE',  #5471 );
#10260=EDGE_LOOP ( 'NONE', ( #13416, #3097, #13646, #5744 ) );
#10261=LINE ( 'NONE', #1201, #878 );
#10262=EDGE_CURVE ( 'NONE', #12953, #11624, #7503, .T. );
#10263=DIRECTION ( 'NONE',  ( -1.000000000000000000, 0.0000000000000000000, 5.529431079676191300E-014 ) );
#10264=EDGE_LOOP ( 'NONE', ( #335, #9170, #14142, #1037 ) );
#10265=LINE ( 'NONE', #1762, #6612 );
#10266=FACE_OUTER_BOUND ( 'NONE', #431, .T. );
#10267=EDGE_CURVE ( 'NONE', #3455, #7631, #48, .T. );
#10268=LINE ( 'NONE', #2024, #22 );
#10269=EDGE_LOOP ( 'NONE', ( #5463, #2659, #11466, #10017 ) );
#10270=LINE ( 'NONE', #439, #52 );
#10271=ADVANCED_FACE ( 'NONE', ( #13916 ), #13751, .F. );
#10272=ORIENTED_EDGE ( 'NONE', *, *, #13797, .T. );
#10273=DIRECTION ( 'NONE',  ( 1.000000000000000000, 0.0000000000000000000, 9.974659986866919700E-014 ) );
#10274=ORIENTED_EDGE ( 'NONE', *, *, #7787, .T. );
#10275=PLANE ( 'NONE',  #5349 );
#10276=EDGE_CURVE ( 'NONE', #3208, #5571, #12408, .T. );
#10277=EDGE_LOOP ( 'NONE', ( #14451, #4393, #363, #8975 ) );
#10278=LINE ( 'NONE', #2163, #22 );
#10279=LINE ( 'NONE', #10918, #2134 );
#10280=FACE_OUTER_BOUND ( 'NONE', #4089, .T. );
#10281=EDGE_CURVE ( 'NONE', #8066, #3257, #10200, .T. );
#10282=STYLED_ITEM ( 'NONE', ( #853 ), #2931 );
#10283=ORIENTED_EDGE ( 'NONE', *, *, #1406, .F. );
#10284=EDGE_LOOP ( 'NONE', ( #14638, #3908, #5568, #1340 ) );
#10285=ADVANCED_FACE ( 'NONE', ( #10981 ), #3019, .F. );
#10286=ORIENTED_EDGE ( 'NONE', *, *, #11914, .F. );
#10287=ORIENTED_EDGE ( 'NONE', *, *, #4295, .T. );
#10288=VERTEX_POINT ( 'NONE', #197 );
#10289=LINE ( 'NONE', #9294, #22 );
#10290=DIRECTION ( 'NONE',  ( 1.000000000000000000, 0.0000000000000000000, 3.841173411091377500E-014 ) );
#10291=VERTEX_POINT ( 'NONE', #3211 );
#10292=LINE ( 'NONE', #1338, #22 );
#10293=PLANE ( 'NONE',  #5749 );
#10294=EDGE_LOOP ( 'NONE', ( #3347, #11061, #11121, #7146 ) );
#10295=EDGE_CURVE ( 'NONE', #10648, #6113, #5474, .T. );
#10296=EDGE_LOOP ( 'NONE', ( #13874, #12682, #5171, #10094 ) );
#10297=CARTESIAN_POINT ( 'NONE',  ( 5.725000000000000500, 2.399999999999999900, 0.0000000000000000000 ) );
#10298=VERTEX_POINT ( 'NONE', #4106 );
#10299=EDGE_LOOP ( 'NONE', ( #3825, #11100, #6170, #10053 ) );
#10300=EDGE_CURVE ( 'NONE', #12519, #9524, #12868, .T. );
#10301=EDGE_LOOP ( 'NONE', ( #5317, #11728, #13346, #14066 ) );
#10302=LINE ( 'NONE', #1125, #5331 );
#10303=ADVANCED_FACE ( 'NONE', ( #3757 ), #11161, .T. );
#10304=LINE ( 'NONE', #3314, #22 );
#10305=ORIENTED_EDGE ( 'NONE', *, *, #11269, .F. );
#10306=FACE_OUTER_BOUND ( 'NONE', #5950, .T. );
#10307=AXIS2_PLACEMENT_3D ( 'NONE', #2846, #4261, #12984 );
#10308=VECTOR ( 'NONE', #786, 1000.000000000000000 );
#10309=ORIENTED_EDGE ( 'NONE', *, *, #6769, .F. );
#10310=ORIENTED_EDGE ( 'NONE', *, *, #14659, .T. );
#10311=ORIENTED_EDGE ( 'NONE', *, *, #12777, .T. );
#10312=EDGE_CURVE ( 'NONE', #7535, #7046, #7147, .T. );
#10313=ADVANCED_FACE ( 'NONE', ( #12707 ), #1903, .F. );
#10314=PLANE ( 'NONE',  #6187 );
#10315=ORIENTED_EDGE ( 'NONE', *, *, #13820, .T. );
#10316=PLANE ( 'NONE',  #9419 );
#10317=VERTEX_POINT ( 'NONE', #7157 );
#10318=ORIENTED_EDGE ( 'NONE', *, *, #8166, .F. );
#10319=PRESENTATION_LAYER_ASSIGNMENT (  '', '', ( #653 ) );
#10320=LINE ( 'NONE', #2611, #52 );
#10321=EDGE_CURVE ( 'NONE', #4127, #6334, #10037, .T. );
#10322=LINE ( 'NONE', #1972, #6936 );
#10323=ORIENTED_EDGE ( 'NONE', *, *, #3152, .F. );
#10324=LINE ( 'NONE', #5469, #52 );
#10325=ORIENTED_EDGE ( 'NONE', *, *, #9109, .F. );
#10326=LINE ( 'NONE', #581, #591 );
#10327=AXIS2_PLACEMENT_3D ( 'NONE', #436, #11162, #4126 );
#10328=PLANE ( 'NONE',  #5710 );
#10329=ORIENTED_EDGE ( 'NONE', *, *, #5707, .T. );
#10330=ORIENTED_EDGE ( 'NONE', *, *, #4652, .F. );
#10331=PLANE ( 'NONE',  #12831 );
#10332=EDGE_CURVE ( 'NONE', #5306, #9565, #8860, .T. );
#10333=EDGE_LOOP ( 'NONE', ( #6336, #9112, #1243, #8616 ) );
#10334=MANIFOLD_SOLID_BREP ( 'Pin 45', #8880 );
#10335=ADVANCED_FACE ( 'NONE', ( #2540 ), #10058, .F. );
#10336=PLANE ( 'NONE',  #8938 );
#10337=PLANE ( 'NONE',  #14548 );
#10338=PRESENTATION_LAYER_ASSIGNMENT (  '', '', ( #8914 ) );
#10339=ORIENTED_EDGE ( 'NONE', *, *, #12879, .F. );
#10340=PLANE ( 'NONE',  #5390 );
#10341=EDGE_CURVE ( 'NONE', #14712, #6839, #9544, .T. );
#10342=FACE_OUTER_BOUND ( 'NONE', #3930, .T. );
#10343=FACE_OUTER_BOUND ( 'NONE', #10854, .T. );
#10344=EDGE_CURVE ( 'NONE', #14294, #11319, #11306, .T. );
#10345=EDGE_LOOP ( 'NONE', ( #3750, #9183, #5487, #11938 ) );
#10346=VERTEX_POINT ( 'NONE', #3810 );
#10347=AXIS2_PLACEMENT_3D ( 'NONE', #2071, #8582, #8601 );
#10348=ORIENTED_EDGE ( 'NONE', *, *, #3130, .T. );
#10349=PLANE ( 'NONE',  #4953 );
#10350=PLANE ( 'NONE',  #13884 );
#10351=AXIS2_PLACEMENT_3D ( 'NONE', #1096, #93, #18 );
#10352=PLANE ( 'NONE',  #12636 );
#10353=ORIENTED_EDGE ( 'NONE', *, *, #6082, .F. );
#10354=ADVANCED_FACE ( 'NONE', ( #8514 ), #301, .F. );
#10355=VERTEX_POINT ( 'NONE', #7068 );
#10356=EDGE_CURVE ( 'NONE', #1356, #4882, #3554, .T. );
#10357=EDGE_CURVE ( 'NONE', #493, #12411, #13320, .T. );
#10358=FACE_BOUND ( 'NONE', #3391, .T. );
#10359=EDGE_LOOP ( 'NONE', ( #111, #3796, #6431, #10104 ) );
#10360=ORIENTED_EDGE ( 'NONE', *, *, #732, .F. );
#10361=EDGE_CURVE ( 'NONE', #776, #1997, #13171, .T. );
#10362=VERTEX_POINT ( 'NONE', #10215 );
#10363=ORIENTED_EDGE ( 'NONE', *, *, #8470, .F. );
#10364=EDGE_LOOP ( 'NONE', ( #11646, #13994, #3672, #5252 ) );
#10365=ADVANCED_FACE ( 'NONE', ( #10825 ), #7940, .F. );
#10366=ORIENTED_EDGE ( 'NONE', *, *, #6208, .F. );
#10367=VERTEX_POINT ( 'NONE', #3408 );
#10368=LINE ( 'NONE', #4347, #551 );
#10369=EDGE_LOOP ( 'NONE', ( #6566, #3751, #5460, #12062 ) );
#10370=DIRECTION ( 'NONE',  ( -1.000000000000000000, 0.0000000000000000000, -4.336808689942016200E-015 ) );
#10371=EDGE_CURVE ( 'NONE', #5108, #7337, #1031, .T. );
#10372=ORIENTED_EDGE ( 'NONE', *, *, #1419, .F. );
#10373=EDGE_CURVE ( 'NONE', #4416, #1368, #4543, .T. );
#10374=DIRECTION ( 'NONE',  ( -1.000000000000000000, 0.0000000000000000000, 2.168404344971059700E-015 ) );
#10375=ORIENTED_EDGE ( 'NONE', *, *, #12302, .T. );
#10376=DIRECTION ( 'NONE',  ( -1.386294004634012100E-035, 0.0000000000000000000, -1.000000000000000000 ) );
#10377=EDGE_LOOP ( 'NONE', ( #12633, #1559, #70, #3665 ) );
#10378=EDGE_CURVE ( 'NONE', #25, #7696, #549, .T. );
#10379=LINE ( 'NONE', #674, #124 );
#10380=ORIENTED_EDGE ( 'NONE', *, *, #6713, .F. );
#10381=AXIS2_PLACEMENT_3D ( 'NONE', #1820, #5561, #12926 );
#10382=EDGE_LOOP ( 'NONE', ( #11929, #14393, #4012, #574 ) );
#10383=ORIENTED_EDGE ( 'NONE', *, *, #9980, .F. );
#10384=ORIENTED_EDGE ( 'NONE', *, *, #2747, .T. );
#10385=ADVANCED_FACE ( 'NONE', ( #8692 ), #14312, .T. );
#10386=VERTEX_POINT ( 'NONE', #1666 );
#10387=AXIS2_PLACEMENT_3D ( 'NONE', #7178, #1360, #5311 );
#10388=CARTESIAN_POINT ( 'NONE',  ( 5.974999999999999600, 2.299999999999999800, 7.680000000000000600 ) );
#10389=LINE ( 'NONE', #5214, #591 );
#10390=PLANE ( 'NONE',  #10819 );
#10391=ORIENTED_EDGE ( 'NONE', *, *, #4793, .T. );
#10392=VERTEX_POINT ( 'NONE', #835 );
#10393=LINE ( 'NONE', #1408, #52 );
#10394=LINE ( 'NONE', #1004, #1977 );
#10395=ORIENTED_EDGE ( 'NONE', *, *, #5301, .F. );
#10396=ORIENTED_EDGE ( 'NONE', *, *, #81, .T. );
#10397=EDGE_LOOP ( 'NONE', ( #4771, #9502, #11248, #5367 ) );
#10398=AXIS2_PLACEMENT_3D ( 'NONE', #67, #88, #4911 );
#10399=PLANE ( 'NONE',  #4045 );
#10400=EDGE_LOOP ( 'NONE', ( #11990, #14325, #8633, #7858 ) );
#10401=FACE_OUTER_BOUND ( 'NONE', #10690, .T. );
#10402=ORIENTED_EDGE ( 'NONE', *, *, #2212, .T. );
#10403=AXIS2_PLACEMENT_3D ( 'NONE', #5412, #2116, #128 );
#10404=ORIENTED_EDGE ( 'NONE', *, *, #10247, .F. );
#10405=ORIENTED_EDGE ( 'NONE', *, *, #1044, .F. );
#10406=EDGE_CURVE ( 'NONE', #4416, #5328, #5655, .T. );
#10407=PLANE ( 'NONE',  #2617 );
#10408=LINE ( 'NONE', #2808, #121 );
#10409=ADVANCED_FACE ( 'NONE', ( #8011 ), #4711, .F. );
#10410=AXIS2_PLACEMENT_3D ( 'NONE', #202, #1224, #8704 );
#10411=ORIENTED_EDGE ( 'NONE', *, *, #6722, .F. );
#10412=LINE ( 'NONE', #10215, #1541 );
#10413=EDGE_CURVE ( 'NONE', #1934, #8389, #3978, .T. );
#10414=ORIENTED_EDGE ( 'NONE', *, *, #947, .T. );
#10415=EDGE_CURVE ( 'NONE', #7989, #2995, #2731, .T. );
#10416=VERTEX_POINT ( 'NONE', #5400 );
#10417=AXIS2_PLACEMENT_3D ( 'NONE', #2141, #128, #93 );
#10418=LINE ( 'NONE', #3523, #22 );
#10419=ORIENTED_EDGE ( 'NONE', *, *, #5983, .F. );
#10420=EDGE_CURVE ( 'NONE', #6114, #4704, #10969, .T. );
#10421=EDGE_CURVE ( 'NONE', #9263, #8702, #10498, .T. );
#10422=ADVANCED_FACE ( 'NONE', ( #6212 ), #12390, .F. );
#10423=ORIENTED_EDGE ( 'NONE', *, *, #7689, .F. );
#10424=AXIS2_PLACEMENT_3D ( 'NONE', #202, #88, #4930 );
#10425=EDGE_LOOP ( 'NONE', ( #535, #10537, #3647, #5435 ) );
#10426=PLANE ( 'NONE',  #14365 );
#10427=DIRECTION ( 'NONE',  ( 2.168404344971003300E-015, -7.703719777548943400E-034, 1.000000000000000000 ) );
#10428=EDGE_CURVE ( 'NONE', #13565, #8035, #5844, .T. );
#10429=AXIS2_PLACEMENT_3D ( 'NONE', #4091, #88, #128 );
#10430=ORIENTED_EDGE ( 'NONE', *, *, #13093, .T. );
#10431=EDGE_CURVE ( 'NONE', #3890, #1754, #8501, .T. );
#10432=ORIENTED_EDGE ( 'NONE', *, *, #12306, .F. );
#10433=LINE ( 'NONE', #1548, #52 );
#10434=LINE ( 'NONE', #3089, #188 );
#10435=ORIENTED_EDGE ( 'NONE', *, *, #4729, .T. );
#10436=DIRECTION ( 'NONE',  ( -2.168404344971008100E-015, -1.540743955509788700E-033, -1.000000000000000000 ) );
#10437=LINE ( 'NONE', #2693, #10107 );
#10438=EDGE_LOOP ( 'NONE', ( #5986, #9632, #11131, #7212 ) );
#10439=ADVANCED_FACE ( 'NONE', ( #8844 ), #12253, .T. );
#10440=PLANE ( 'NONE',  #14154 );
#10441=EDGE_CURVE ( 'NONE', #1840, #4262, #28, .T. );
#10442=ORIENTED_EDGE ( 'NONE', *, *, #8458, .F. );
#10443=EDGE_CURVE ( 'NONE', #9244, #266, #4924, .T. );
#10444=CLOSED_SHELL ( 'NONE', ( #3583, #14529, #6262, #3269, #3658, #5617 ) );
#10445=EDGE_LOOP ( 'NONE', ( #7060, #1200, #4217, #6683 ) );
#10446=EDGE_CURVE ( 'NONE', #7205, #13282, #2339, .T. );
#10447=PLANE ( 'NONE',  #1048 );
#10448=ORIENTED_EDGE ( 'NONE', *, *, #8417, .F. );
#10449=VERTEX_POINT ( 'NONE', #1158 );
#10450=VERTEX_POINT ( 'NONE', #8693 );
#10451=LINE ( 'NONE', #9342, #4410 );
#10452=EDGE_LOOP ( 'NONE', ( #3695, #3753, #6097, #8111 ) );
#10453=EDGE_CURVE ( 'NONE', #14021, #5376, #10653, .T. );
#10454=STYLED_ITEM ( 'NONE', ( #853 ), #3042 );
#10455=DIRECTION ( 'NONE',  ( 1.000000000000000000, -1.540743955509788700E-033, -5.204170427930589200E-014 ) );
#10456=VERTEX_POINT ( 'NONE', #1331 );
#10457=PLANE ( 'NONE',  #2367 );
#10458=VERTEX_POINT ( 'NONE', #8351 );
#10459=PLANE ( 'NONE',  #824 );
#10460=VERTEX_POINT ( 'NONE', #1175 );
#10461=ORIENTED_EDGE ( 'NONE', *, *, #11662, .T. );
#10462=AXIS2_PLACEMENT_3D ( 'NONE', #5907, #1162, #3912 );
#10463=LINE ( 'NONE', #6083, #11099 );
#10464=EDGE_CURVE ( 'NONE', #13413, #78, #5095, .T. );
#10465=ORIENTED_EDGE ( 'NONE', *, *, #11353, .T. );
#10466=VERTEX_POINT ( 'NONE', #1548 );
#10467=EDGE_CURVE ( 'NONE', #9327, #9399, #12235, .T. );
#10468=LINE ( 'NONE', #6479, #52 );
#10469=PLANE ( 'NONE',  #7056 );
#10470=AXIS2_PLACEMENT_3D ( 'NONE', #2040, #1569, #1706 );
#10471=ORIENTED_EDGE ( 'NONE', *, *, #7190, .F. );
#10472=ORIENTED_EDGE ( 'NONE', *, *, #11259, .T. );
#10473=LINE ( 'NONE', #7123, #22 );
#10474=ORIENTED_EDGE ( 'NONE', *, *, #11538, .F. );
#10475=ADVANCED_FACE ( 'NONE', ( #6577 ), #8634, .F. );
#10476=LINE ( 'NONE', #2456, #3709 );
#10477=ORIENTED_EDGE ( 'NONE', *, *, #2770, .F. );
#10478=DIRECTION ( 'NONE',  ( -6.376095092762952700E-035, 0.0000000000000000000, 1.000000000000000000 ) );
#10479=ORIENTED_EDGE ( 'NONE', *, *, #12008, .T. );
#10480=ORIENTED_EDGE ( 'NONE', *, *, #11353, .F. );
#10481=EDGE_CURVE ( 'NONE', #932, #7696, #9184, .T. );
#10482=DIRECTION ( 'NONE',  ( 1.000000000000000000, -0.0000000000000000000, 1.937233338377381900E-035 ) );
#10483=EDGE_LOOP ( 'NONE', ( #11414, #7256, #2421, #14446 ) );
#10484=ORIENTED_EDGE ( 'NONE', *, *, #1517, .F. );
#10485=( GEOMETRIC_REPRESENTATION_CONTEXT ( 3 ) GLOBAL_UNCERTAINTY_ASSIGNED_CONTEXT ( ( #221 ) ) GLOBAL_UNIT_ASSIGNED_CONTEXT ( ( #324, #94, #251 ) ) REPRESENTATION_CONTEXT ( 'NONE', 'WORKASPACE' ) );
#10486=FACE_OUTER_BOUND ( 'NONE', #12031, .T. );
#10487=ORIENTED_EDGE ( 'NONE', *, *, #7565, .T. );
#10488=LINE ( 'NONE', #625, #22 );
#10489=ORIENTED_EDGE ( 'NONE', *, *, #286, .T. );
#10490=EDGE_CURVE ( 'NONE', #7464, #6489, #14195, .T. );
#10491=ADVANCED_FACE ( 'NONE', ( #11143 ), #9410, .T. );
#10492=ORIENTED_EDGE ( 'NONE', *, *, #3744, .T. );
#10493=EDGE_CURVE ( 'NONE', #6868, #4409, #7333, .T. );
#10494=LINE ( 'NONE', #2695, #1447 );
#10495=EDGE_LOOP ( 'NONE', ( #3599, #4088, #10000, #11849 ) );
#10496=LINE ( 'NONE', #5062, #52 );
#10497=ORIENTED_EDGE ( 'NONE', *, *, #14755, .T. );
#10498=LINE ( 'NONE', #3989, #10809 );
#10499=EDGE_CURVE ( 'NONE', #3377, #3110, #9854, .T. );
#10500=ORIENTED_EDGE ( 'NONE', *, *, #7203, .F. );
#10501=EDGE_CURVE ( 'NONE', #11607, #11553, #2937, .T. );
#10502=ORIENTED_EDGE ( 'NONE', *, *, #4532, .T. );
#10503=DIRECTION ( 'NONE',  ( 6.505213034913716100E-015, 0.0000000000000000000, -1.000000000000000000 ) );
#10504=ORIENTED_EDGE ( 'NONE', *, *, #10576, .F. );
#10505=AXIS2_PLACEMENT_3D ( 'NONE', #857, #10290, #3424 );
#10506=ADVANCED_FACE ( 'NONE', ( #2114 ), #11671, .T. );
#10507=FACE_OUTER_BOUND ( 'NONE', #1245, .T. );
#10508=ORIENTED_EDGE ( 'NONE', *, *, #14600, .T. );
#10509=EDGE_CURVE ( 'NONE', #5636, #5350, #1907, .T. );
#10510=VERTEX_POINT ( 'NONE', #5455 );
#10511=ORIENTED_EDGE ( 'NONE', *, *, #14440, .F. );
#10512=EDGE_CURVE ( 'NONE', #8656, #2528, #13157, .T. );
#10513=CARTESIAN_POINT ( 'NONE',  ( 6.600000000000000500, 0.04999999999999937100, -2.900000000000001700 ) );
#10514=ORIENTED_EDGE ( 'NONE', *, *, #12653, .F. );
#10515=LINE ( 'NONE', #2400, #7684 );
#10516=ORIENTED_EDGE ( 'NONE', *, *, #2444, .F. );
#10517=AXIS2_PLACEMENT_3D ( 'NONE', #6373, #424, #93 );
#10518=VERTEX_POINT ( 'NONE', #514 );
#10519=EDGE_CURVE ( 'NONE', #2195, #2197, #10812, .T. );
#10520=EDGE_CURVE ( 'NONE', #11319, #12823, #14476, .T. );
#10521=ORIENTED_EDGE ( 'NONE', *, *, #14557, .T. );
#10522=ADVANCED_FACE ( 'NONE', ( #12562 ), #11927, .F. );
#10523=LINE ( 'NONE', #3064, #1411 );
#10524=ORIENTED_EDGE ( 'NONE', *, *, #9906, .F. );
#10525=ORIENTED_EDGE ( 'NONE', *, *, #7344, .T. );
#10526=ORIENTED_EDGE ( 'NONE', *, *, #5322, .F. );
#10527=EDGE_CURVE ( 'NONE', #3701, #9219, #11455, .T. );
#10528=ORIENTED_EDGE ( 'NONE', *, *, #9146, .F. );
#10529=CARTESIAN_POINT ( 'NONE',  ( 5.500000000000032900, 0.05000000000000007900, -1.100000000000001900 ) );
#10530=ORIENTED_EDGE ( 'NONE', *, *, #14438, .T. );
#10531=LINE ( 'NONE', #7622, #52 );
#10532=CIRCLE ( 'NONE', #7753, 0.1000000000000002600 );
#10533=FACE_OUTER_BOUND ( 'NONE', #13139, .T. );
#10534=ORIENTED_EDGE ( 'NONE', *, *, #678, .T. );
#10535=ADVANCED_FACE ( 'NONE', ( #13307 ), #12851, .T. );
#10536=EDGE_LOOP ( 'NONE', ( #2886, #5511, #5833, #5465 ) );
#10537=ORIENTED_EDGE ( 'NONE', *, *, #12527, .F. );
#10538=EDGE_CURVE ( 'NONE', #8568, #9034, #2522, .T. );
#10539=CARTESIAN_POINT ( 'NONE',  ( 4.600000000000012100, 0.05000000000000005100, 7.999999999999977800 ) );
#10540=AXIS2_PLACEMENT_3D ( 'NONE', #1175, #3498, #8601 );
#10541=LINE ( 'NONE', #491, #52 );
#10542=LINE ( 'NONE', #7055, #22 );
#10543=VERTEX_POINT ( 'NONE', #1379 );
#10544=LINE ( 'NONE', #2361, #119 );
#10545=FACE_OUTER_BOUND ( 'NONE', #5397, .T. );
#10546=ORIENTED_EDGE ( 'NONE', *, *, #12564, .F. );
#10547=DIRECTION ( 'NONE',  ( 1.000000000000000000, 0.0000000000000000000, 4.336808689941611500E-015 ) );
#10548=ORIENTED_EDGE ( 'NONE', *, *, #9996, .F. );
#10549=ADVANCED_FACE ( 'NONE', ( #3159 ), #10883, .F. );
#10550=AXIS2_PLACEMENT_3D ( 'NONE', #1478, #128, #93 );
#10551=VERTEX_POINT ( 'NONE', #6151 );
#10552=EDGE_CURVE ( 'NONE', #4199, #4233, #2717, .T. );
#10553=CARTESIAN_POINT ( 'NONE',  ( -4.474999999999999600, 2.399999999999999900, 6.550000000000000700 ) );
#10554=LINE ( 'NONE', #4676, #6466 );
#10555=FACE_OUTER_BOUND ( 'NONE', #3161, .T. );
#10556=LINE ( 'NONE', #10051, #1137 );
#10557=ORIENTED_EDGE ( 'NONE', *, *, #5070, .F. );
#10558=FACE_OUTER_BOUND ( 'NONE', #4065, .T. );
#10559=DIRECTION ( 'NONE',  ( 1.000000000000000000, 0.0000000000000000000, -5.421010862427664200E-016 ) );
#10560=CYLINDRICAL_SURFACE ( 'NONE', #8048, 0.2499999999999997800 );
#10561=PRESENTATION_LAYER_ASSIGNMENT (  '', '', ( #6071 ) );
#10562=EDGE_CURVE ( 'NONE', #2736, #5000, #11896, .T. );
#10563=VERTEX_POINT ( 'NONE', #2089 );
#10564=AXIS2_PLACEMENT_3D ( 'NONE', #382, #11054, #3212 );
#10565=MANIFOLD_SOLID_BREP ( 'Pin 46', #10078 );
#10566=EDGE_CURVE ( 'NONE', #10180, #11295, #10799, .T. );
#10567=ADVANCED_FACE ( 'NONE', ( #3331 ), #14708, .F. );
#10568=VERTEX_POINT ( 'NONE', #3026 );
#10569=CARTESIAN_POINT ( 'NONE',  ( -0.1999999999999866300, 0.0000000000000000000, 8.000000000000000000 ) );
#10570=CARTESIAN_POINT ( 'NONE',  ( 6.600000000000000500, -6.505213034913026600E-016, -2.900000000000001700 ) );
#10571=LINE ( 'NONE', #3245, #6612 );
#10572=AXIS2_PLACEMENT_3D ( 'NONE', #2368, #5537, #3439 );
#10573=EDGE_CURVE ( 'NONE', #10759, #6721, #6387, .T. );
#10574=ORIENTED_EDGE ( 'NONE', *, *, #9299, .F. );
#10575=LINE ( 'NONE', #2207, #7301 );
#10576=EDGE_CURVE ( 'NONE', #12863, #9939, #14331, .T. );
#10577=EDGE_LOOP ( 'NONE', ( #4147, #11674, #1072, #13771 ) );
#10578=FACE_OUTER_BOUND ( 'NONE', #12430, .T. );
#10579=EDGE_LOOP ( 'NONE', ( #752, #4346, #13492, #14138 ) );
#10580=DIRECTION ( 'NONE',  ( -1.000000000000000000, 0.0000000000000000000, 5.421010862427906700E-016 ) );
#10581=VERTEX_POINT ( 'NONE', #3849 );
#10582=ORIENTED_EDGE ( 'NONE', *, *, #13709, .F. );
#10583=VERTEX_POINT ( 'NONE', #1957 );
#10584=LINE ( 'NONE', #9747, #8100 );
#10585=ADVANCED_FACE ( 'NONE', ( #4716 ), #3283, .F. );
#10586=PLANE ( 'NONE',  #10749 );
#10587=FACE_OUTER_BOUND ( 'NONE', #4923, .T. );
#10588=ORIENTED_EDGE ( 'NONE', *, *, #12520, .F. );
#10589=EDGE_CURVE ( 'NONE', #10291, #7631, #6939, .T. );
#10590=LINE ( 'NONE', #5045, #52 );
#10591=ORIENTED_EDGE ( 'NONE', *, *, #7113, .T. );
#10592=EDGE_LOOP ( 'NONE', ( #7191, #9555, #8493, #13888 ) );
#10593=ORIENTED_EDGE ( 'NONE', *, *, #2774, .F. );
#10594=ORIENTED_EDGE ( 'NONE', *, *, #10695, .F. );
#10595=VERTEX_POINT ( 'NONE', #1113 );
#10596=EDGE_CURVE ( 'NONE', #9392, #11477, #4903, .T. );
#10597=VERTEX_POINT ( 'NONE', #285 );
#10598=FACE_OUTER_BOUND ( 'NONE', #9886, .T. );
#10599=EDGE_CURVE ( 'NONE', #2036, #12812, #9520, .T. );
#10600=VERTEX_POINT ( 'NONE', #1591 );
#10601=AXIS2_PLACEMENT_3D ( 'NONE', #4681, #3891, #7598 );
#10602=ORIENTED_EDGE ( 'NONE', *, *, #4722, .F. );
#10603=EDGE_CURVE ( 'NONE', #3935, #4823, #283, .T. );
#10604=ADVANCED_FACE ( 'NONE', ( #4324 ), #5741, .T. );
#10605=PLANE ( 'NONE',  #12881 );
#10606=VERTEX_POINT ( 'NONE', #5207 );
#10607=DIRECTION ( 'NONE',  ( 1.000000000000000000, 0.0000000000000000000, 4.336808689942148700E-015 ) );
#10608=DIRECTION ( 'NONE',  ( -1.000000000000000000, 0.0000000000000000000, -7.804049169037448600E-036 ) );
#10609=DIRECTION ( 'NONE',  ( -3.221629312528483700E-014, 0.0000000000000000000, 1.000000000000000000 ) );
#10610=VERTEX_POINT ( 'NONE', #5638 );
#10611=ORIENTED_EDGE ( 'NONE', *, *, #13684, .T. );
#10612=LINE ( 'NONE', #5531, #641 );
#10613=VECTOR ( 'NONE', #1960, 1000.000000000000000 );
#10614=ORIENTED_EDGE ( 'NONE', *, *, #9033, .F. );
#10615=EDGE_CURVE ( 'NONE', #4907, #7990, #1221, .T. );
#10616=CARTESIAN_POINT ( 'NONE',  ( 4.200000000000001100, 5.793705359219414300E-016, -4.699999999999997500 ) );
#10617=CARTESIAN_POINT ( 'NONE',  ( -1.400000000000013200, 0.05000000000000007900, -1.800000000000001200 ) );
#10618=ORIENTED_EDGE ( 'NONE', *, *, #2279, .T. );
#10619=EDGE_CURVE ( 'NONE', #11240, #7953, #2323, .T. );
#10620=EDGE_LOOP ( 'NONE', ( #3384, #11853, #2478, #8492 ) );
#10621=AXIS2_PLACEMENT_3D ( 'NONE', #151, #6058, #4531 );
#10622=ADVANCED_FACE ( 'NONE', ( #7488 ), #4434, .F. );
#10623=EDGE_LOOP ( 'NONE', ( #2358, #13283, #9640, #4359 ) );
#10624=EDGE_CURVE ( 'NONE', #13967, #13662, #6019, .T. );
#10625=STYLED_ITEM ( 'NONE', ( #853 ), #3453 );
#10626=VERTEX_POINT ( 'NONE', #13144 );
#10627=FACE_OUTER_BOUND ( 'NONE', #1182, .T. );
#10628=FACE_OUTER_BOUND ( 'NONE', #313, .T. );
#10629=VERTEX_POINT ( 'NONE', #1096 );
#10630=ORIENTED_EDGE ( 'NONE', *, *, #7634, .T. );
#10631=ORIENTED_EDGE ( 'NONE', *, *, #6579, .T. );
#10632=ORIENTED_EDGE ( 'NONE', *, *, #8956, .F. );
#10633=AXIS2_PLACEMENT_3D ( 'NONE', #688, #340, #23 );
#10634=LINE ( 'NONE', #533, #11430 );
#10635=FACE_OUTER_BOUND ( 'NONE', #14521, .T. );
#10636=ORIENTED_EDGE ( 'NONE', *, *, #1836, .T. );
#10637=LINE ( 'NONE', #2658, #2626 );
#10638=ADVANCED_FACE ( 'NONE', ( #9004 ), #11354, .T. );
#10639=LINE ( 'NONE', #380, #22 );
#10640=EDGE_LOOP ( 'NONE', ( #3952, #8370, #3892, #7152 ) );
#10641=EDGE_CURVE ( 'NONE', #9543, #7107, #7319, .T. );
#10642=LINE ( 'NONE', #7243, #186 );
#10643=PLANE ( 'NONE',  #9829 );
#10644=CIRCLE ( 'NONE', #846, 0.09999999999999982500 );
#10645=ORIENTED_EDGE ( 'NONE', *, *, #8491, .F. );
#10646=EDGE_CURVE ( 'NONE', #5019, #2085, #6751, .T. );
#10647=PLANE ( 'NONE',  #1742 );
#10648=VERTEX_POINT ( 'NONE', #9059 );
#10649=ORIENTED_EDGE ( 'NONE', *, *, #5445, .T. );
#10650=DIRECTION ( 'NONE',  ( -3.252606517456547200E-015, 0.0000000000000000000, -1.000000000000000000 ) );
#10651=LINE ( 'NONE', #693, #95 );
#10652=LINE ( 'NONE', #2902, #384 );
#10653=LINE ( 'NONE', #1304, #5254 );
#10654=CARTESIAN_POINT ( 'NONE',  ( -5.725000000000000500, 0.7999999999999999300, -2.020000000000000000 ) );
#10655=ADVANCED_FACE ( 'NONE', ( #12393 ), #7143, .F. );
#10656=ORIENTED_EDGE ( 'NONE', *, *, #5572, .F. );
#10657=VERTEX_POINT ( 'NONE', #2155 );
#10658=EDGE_CURVE ( 'NONE', #8696, #1195, #5269, .T. );
#10659=ORIENTED_EDGE ( 'NONE', *, *, #496, .T. );
#10660=LINE ( 'NONE', #777, #1010 );
#10661=DIRECTION ( 'NONE',  ( -1.000000000000000000, 0.0000000000000000000, -2.168404344971165500E-015 ) );
#10662=LINE ( 'NONE', #1082, #13651 );
#10663=ORIENTED_EDGE ( 'NONE', *, *, #7425, .T. );
#10664=FACE_OUTER_BOUND ( 'NONE', #13974, .T. );
#10665=VERTEX_POINT ( 'NONE', #11133 );
#10666=EDGE_CURVE ( 'NONE', #13185, #3286, #14049, .T. );
#10667=FACE_BOUND ( 'NONE', #3013, .T. );
#10668=ORIENTED_EDGE ( 'NONE', *, *, #2553, .F. );
#10669=ORIENTED_EDGE ( 'NONE', *, *, #5843, .T. );
#10670=ORIENTED_EDGE ( 'NONE', *, *, #7164, .T. );
#10671=ADVANCED_FACE ( 'NONE', ( #11443 ), #6988, .F. );
#10672=VERTEX_POINT ( 'NONE', #3220 );
#10673=ORIENTED_EDGE ( 'NONE', *, *, #6388, .T. );
#10674=EDGE_CURVE ( 'NONE', #7292, #5019, #7197, .T. );
#10675=EDGE_CURVE ( 'NONE', #7227, #14223, #5637, .T. );
#10676=LINE ( 'NONE', #1855, #13355 );
#10677=ORIENTED_EDGE ( 'NONE', *, *, #13202, .T. );
#10678=LINE ( 'NONE', #5782, #4358 );
#10679=VERTEX_POINT ( 'NONE', #314 );
#10680=LINE ( 'NONE', #392, #2309 );
#10681=ORIENTED_EDGE ( 'NONE', *, *, #13131, .F. );
#10682=VERTEX_POINT ( 'NONE', #3362 );
#10683=EDGE_CURVE ( 'NONE', #2328, #8416, #12837, .T. );
#10684=AXIS2_PLACEMENT_3D ( 'NONE', #67, #778, #4187 );
#10685=EDGE_CURVE ( 'NONE', #7522, #5498, #10785, .T. );
#10686=EDGE_LOOP ( 'NONE', ( #1361, #7656, #14458, #12960 ) );
#10687=ADVANCED_FACE ( 'NONE', ( #4308 ), #8161, .T. );
#10688=FACE_OUTER_BOUND ( 'NONE', #7263, .T. );
#10689=ORIENTED_EDGE ( 'NONE', *, *, #10952, .F. );
#10690=EDGE_LOOP ( 'NONE', ( #10135, #7848, #14371, #13764 ) );
#10691=ORIENTED_EDGE ( 'NONE', *, *, #2600, .F. );
#10692=VERTEX_POINT ( 'NONE', #818 );
#10693=EDGE_CURVE ( 'NONE', #6819, #1459, #6374, .T. );
#10694=VERTEX_POINT ( 'NONE', #3299 );
#10695=EDGE_CURVE ( 'NONE', #14172, #7930, #13889, .T. );
#10696=EDGE_CURVE ( 'NONE', #13489, #5425, #2098, .T. );
#10697=AXIS2_PLACEMENT_3D ( 'NONE', #4578, #9277, #6706 );
#10698=ORIENTED_EDGE ( 'NONE', *, *, #2603, .T. );
#10699=EDGE_CURVE ( 'NONE', #3911, #6477, #12381, .T. );
#10700=ADVANCED_FACE ( 'NONE', ( #7474 ), #5429, .F. );
#10701=AXIS2_PLACEMENT_3D ( 'NONE', #926, #711, #280 );
#10702=VERTEX_POINT ( 'NONE', #2130 );
#10703=FACE_OUTER_BOUND ( 'NONE', #14072, .T. );
#10704=ORIENTED_EDGE ( 'NONE', *, *, #7552, .T. );
#10705=VERTEX_POINT ( 'NONE', #4699 );
#10706=ORIENTED_EDGE ( 'NONE', *, *, #9756, .F. );
#10707=PLANE ( 'NONE',  #9922 );
#10708=EDGE_LOOP ( 'NONE', ( #4201, #10405, #4078, #1854 ) );
#10709=ORIENTED_EDGE ( 'NONE', *, *, #1882, .T. );
#10710=EDGE_CURVE ( 'NONE', #8029, #2093, #8301, .T. );
#10711=FACE_OUTER_BOUND ( 'NONE', #1513, .T. );
#10712=LINE ( 'NONE', #8327, #8005 );
#10713=ADVANCED_FACE ( 'NONE', ( #1656 ), #98, .T. );
#10714=EDGE_LOOP ( 'NONE', ( #12791, #7296, #1476, #10630, #7764, #4470, #14188, #13935 ) );
#10715=EDGE_CURVE ( 'NONE', #11723, #13418, #754, .T. );
#10716=( GEOMETRIC_REPRESENTATION_CONTEXT ( 3 ) GLOBAL_UNCERTAINTY_ASSIGNED_CONTEXT ( ( #221 ) ) GLOBAL_UNIT_ASSIGNED_CONTEXT ( ( #324, #94, #251 ) ) REPRESENTATION_CONTEXT ( 'NONE', 'WORKASPACE' ) );
#10717=EDGE_LOOP ( 'NONE', ( #13557, #1902, #11504, #14631 ) );
#10718=CARTESIAN_POINT ( 'NONE',  ( 6.299999999999992700, -3.388131789017201400E-018, 2.499999999999997800 ) );
#10719=LINE ( 'NONE', #2986, #95 );
#10720=LINE ( 'NONE', #847, #144 );
#10721=ORIENTED_EDGE ( 'NONE', *, *, #10943, .T. );
#10722=FACE_OUTER_BOUND ( 'NONE', #8404, .T. );
#10723=ORIENTED_EDGE ( 'NONE', *, *, #5020, .F. );
#10724=EDGE_CURVE ( 'NONE', #9610, #2459, #10642, .T. );
#10725=ADVANCED_FACE ( 'NONE', ( #14321 ), #5017, .T. );
#10726=ORIENTED_EDGE ( 'NONE', *, *, #650, .F. );
#10727=LINE ( 'NONE', #419, #52 );
#10728=LINE ( 'NONE', #1324, #139 );
#10729=AXIS2_PLACEMENT_3D ( 'NONE', #6479, #12747, #10547 );
#10730=LINE ( 'NONE', #1358, #22 );
#10731=VERTEX_POINT ( 'NONE', #3523 );
#10732=EDGE_CURVE ( 'NONE', #6809, #5276, #1417, .T. );
#10733=LINE ( 'NONE', #1677, #1411 );
#10734=ORIENTED_EDGE ( 'NONE', *, *, #11843, .F. );
#10735=EDGE_CURVE ( 'NONE', #2715, #2408, #10326, .T. );
#10736=VECTOR ( 'NONE', #3588, 1000.000000000000000 );
#10737=EDGE_LOOP ( 'NONE', ( #9552, #379, #4473, #10756 ) );
#10738=EDGE_LOOP ( 'NONE', ( #12338, #8570, #7610, #5667 ) );
#10739=AXIS2_PLACEMENT_3D ( 'NONE', #3167, #128, #711 );
#10740=EDGE_LOOP ( 'NONE', ( #13855, #10525, #10502, #12820 ) );
#10741=FACE_OUTER_BOUND ( 'NONE', #548, .T. );
#10742=ADVANCED_FACE ( 'NONE', ( #8489 ), #11617, .T. );
#10743=LINE ( 'NONE', #1957, #1363 );
#10744=ORIENTED_EDGE ( 'NONE', *, *, #6814, .F. );
#10745=EDGE_CURVE ( 'NONE', #6017, #4624, #8159, .T. );
#10746=CIRCLE ( 'NONE', #12578, 0.2500000000000002200 );
#10747=LINE ( 'NONE', #9869, #95 );
#10748=VERTEX_POINT ( 'NONE', #5071 );
#10749=AXIS2_PLACEMENT_3D ( 'NONE', #8459, #93, #18 );
#10750=PLANE ( 'NONE',  #10948 );
#10751=ORIENTED_EDGE ( 'NONE', *, *, #13438, .T. );
#10752=EDGE_CURVE ( 'NONE', #4413, #14348, #6004, .T. );
#10753=ORIENTED_EDGE ( 'NONE', *, *, #14456, .T. );
#10754=EDGE_CURVE ( 'NONE', #1630, #7727, #13741, .T. );
#10755=EDGE_LOOP ( 'NONE', ( #3530, #2320, #7340, #8720 ) );
#10756=ORIENTED_EDGE ( 'NONE', *, *, #7652, .T. );
#10757=LINE ( 'NONE', #4319, #4463 );
#10758=PLANE ( 'NONE',  #9929 );
#10759=VERTEX_POINT ( 'NONE', #10553 );
#10760=AXIS2_PLACEMENT_3D ( 'NONE', #1121, #128, #711 );
#10761=ADVANCED_FACE ( 'NONE', ( #4698 ), #14414, .T. );
#10762=LINE ( 'NONE', #5075, #551 );
#10763=ORIENTED_EDGE ( 'NONE', *, *, #555, .F. );
#10764=ORIENTED_EDGE ( 'NONE', *, *, #1527, .T. );
#10765=EDGE_CURVE ( 'NONE', #7478, #8759, #11280, .T. );
#10766=PLANE ( 'NONE',  #7998 );
#10767=EDGE_LOOP ( 'NONE', ( #1576, #7712, #854, #6256 ) );
#10768=VERTEX_POINT ( 'NONE', #6524 );
#10769=LINE ( 'NONE', #5690, #5856 );
#10770=CLOSED_SHELL ( 'NONE', ( #12021, #13981, #4165, #14115, #13381, #6280 ) );
#10771=LINE ( 'NONE', #4482, #2961 );
#10772=EDGE_CURVE ( 'NONE', #13905, #1840, #14180, .T. );
#10773=LINE ( 'NONE', #3739, #1411 );
#10774=PLANE ( 'NONE',  #7592 );
#10775=ORIENTED_EDGE ( 'NONE', *, *, #10321, .F. );
#10776=DIRECTION ( 'NONE',  ( 2.385244779468104100E-014, 0.0000000000000000000, 1.000000000000000000 ) );
#10777=ADVANCED_FACE ( 'NONE', ( #9348 ), #12464, .F. );
#10778=ORIENTED_EDGE ( 'NONE', *, *, #8381, .F. );
#10779=ORIENTED_EDGE ( 'NONE', *, *, #14068, .F. );
#10780=PLANE ( 'NONE',  #4921 );
#10781=ORIENTED_EDGE ( 'NONE', *, *, #12767, .T. );
#10782=ORIENTED_EDGE ( 'NONE', *, *, #11201, .T. );
#10783=LINE ( 'NONE', #2324, #441 );
#10784=EDGE_LOOP ( 'NONE', ( #12596, #5411, #10353, #11326 ) );
#10785=LINE ( 'NONE', #877, #591 );
#10786=VECTOR ( 'NONE', #10374, 1000.000000000000000 );
#10787=EDGE_CURVE ( 'NONE', #4624, #8365, #2923, .T. );
#10788=CARTESIAN_POINT ( 'NONE',  ( -0.6000000000000128600, 0.05000000000000005100, 7.199999999999998400 ) );
#10789=ORIENTED_EDGE ( 'NONE', *, *, #9146, .T. );
#10790=VERTEX_POINT ( 'NONE', #3198 );
#10791=ORIENTED_EDGE ( 'NONE', *, *, #4962, .F. );
#10792=ORIENTED_EDGE ( 'NONE', *, *, #7868, .T. );
#10793=EDGE_CURVE ( 'NONE', #6259, #4007, #7120, .T. );
#10794=EDGE_LOOP ( 'NONE', ( #2402, #10432, #12651, #9131 ) );
#10795=LINE ( 'NONE', #10388, #3920 );
#10796=ORIENTED_EDGE ( 'NONE', *, *, #7880, .F. );
#10797=ADVANCED_FACE ( 'NONE', ( #2311 ), #12714, .T. );
#10798=EDGE_LOOP ( 'NONE', ( #2081, #447, #14464, #3721 ) );
#10799=LINE ( 'NONE', #3181, #124 );
#10800=PLANE ( 'NONE',  #2562 );
#10801=LINE ( 'NONE', #8351, #52 );
#10802=ORIENTED_EDGE ( 'NONE', *, *, #5245, .F. );
#10803=VERTEX_POINT ( 'NONE', #509 );
#10804=PLANE ( 'NONE',  #7991 );
#10805=MANIFOLD_SOLID_BREP ( 'Pin 26', #12234 );
#10806=ORIENTED_EDGE ( 'NONE', *, *, #9735, .T. );
#10807=ORIENTED_EDGE ( 'NONE', *, *, #9743, .T. );
#10808=PLANE ( 'NONE',  #8031 );
#10809=VECTOR ( 'NONE', #5760, 1000.000000000000000 );
#10810=EDGE_LOOP ( 'NONE', ( #2664, #8150, #13485, #9861 ) );
#10811=ORIENTED_EDGE ( 'NONE', *, *, #13163, .F. );
#10812=LINE ( 'NONE', #7549, #22 );
#10813=CARTESIAN_POINT ( 'NONE',  ( -1.540743955509788700E-030, 0.0000000000000000000, 0.0000000000000000000 ) );
#10814=ADVANCED_FACE ( 'NONE', ( #11435 ), #2582, .F. );
#10815=AXIS2_PLACEMENT_3D ( 'NONE', #979, #18, #511 );
#10816=FACE_BOUND ( 'NONE', #11936, .T. );
#10817=ORIENTED_EDGE ( 'NONE', *, *, #3385, .T. );
#10818=ORIENTED_EDGE ( 'NONE', *, *, #6616, .T. );
#10819=AXIS2_PLACEMENT_3D ( 'NONE', #202, #1224, #2269 );
#10820=VERTEX_POINT ( 'NONE', #9708 );
#10821=ORIENTED_EDGE ( 'NONE', *, *, #2747, .F. );
#10822=LINE ( 'NONE', #3047, #121 );
#10823=ORIENTED_EDGE ( 'NONE', *, *, #12603, .T. );
#10824=AXIS2_PLACEMENT_3D ( 'NONE', #202, #778, #9144 );
#10825=FACE_OUTER_BOUND ( 'NONE', #12681, .T. );
#10826=PLANE ( 'NONE',  #14189 );
#10827=EDGE_CURVE ( 'NONE', #10682, #1454, #8831, .T. );
#10828=LINE ( 'NONE', #6391, #52 );
#10829=ORIENTED_EDGE ( 'NONE', *, *, #8615, .F. );
#10830=LINE ( 'NONE', #1635, #119 );
#10831=VERTEX_POINT ( 'NONE', #6490 );
#10832=ADVANCED_FACE ( 'NONE', ( #5989 ), #9791, .F. );
#10833=ORIENTED_EDGE ( 'NONE', *, *, #1157, .T. );
#10834=ORIENTED_EDGE ( 'NONE', *, *, #10493, .F. );
#10835=EDGE_CURVE ( 'NONE', #2364, #7963, #3894, .T. );
#10836=VERTEX_POINT ( 'NONE', #4676 );
#10837=EDGE_LOOP ( 'NONE', ( #6679, #1140, #12532, #12965, #12669, #13339 ) );
#10838=AXIS2_PLACEMENT_3D ( 'NONE', #924, #11516, #9684 );
#10839=LINE ( 'NONE', #2169, #22 );
#10840=ORIENTED_EDGE ( 'NONE', *, *, #10415, .F. );
#10841=LINE ( 'NONE', #2196, #2766 );
#10842=EDGE_LOOP ( 'NONE', ( #4628, #8296, #3133, #14009 ) );
#10843=ORIENTED_EDGE ( 'NONE', *, *, #9000, .T. );
#10844=ADVANCED_FACE ( 'NONE', ( #10627 ), #7532, .T. );
#10845=EDGE_CURVE ( 'NONE', #1550, #6684, #11265, .T. );
#10846=DIRECTION ( 'NONE',  ( 1.000000000000000000, -0.0000000000000000000, 4.210554863359549100E-036 ) );
#10847=EDGE_CURVE ( 'NONE', #7284, #8144, #12536, .T. );
#10848=ORIENTED_EDGE ( 'NONE', *, *, #7465, .F. );
#10849=AXIS2_PLACEMENT_3D ( 'NONE', #815, #128, #778 );
#10850=FACE_OUTER_BOUND ( 'NONE', #3267, .T. );
#10851=ORIENTED_EDGE ( 'NONE', *, *, #9907, .T. );
#10852=LINE ( 'NONE', #3301, #4222 );
#10853=LINE ( 'NONE', #1348, #22 );
#10854=EDGE_LOOP ( 'NONE', ( #9621, #501, #13164, #13620 ) );
#10855=FACE_OUTER_BOUND ( 'NONE', #4871, .T. );
#10856=ORIENTED_EDGE ( 'NONE', *, *, #2279, .F. );
#10857=EDGE_CURVE ( 'NONE', #6334, #5401, #12679, .T. );
#10858=PLANE ( 'NONE',  #10815 );
#10859=ORIENTED_EDGE ( 'NONE', *, *, #10915, .F. );
#10860=VERTEX_POINT ( 'NONE', #2996 );
#10861=DIRECTION ( 'NONE',  ( 1.000000000000000000, -0.0000000000000000000, 2.168404344971006100E-015 ) );
#10862=VERTEX_POINT ( 'NONE', #3193 );
#10863=ADVANCED_FACE ( 'NONE', ( #10938 ), #11746, .F. );
#10864=ORIENTED_EDGE ( 'NONE', *, *, #1258, .T. );
#10865=EDGE_CURVE ( 'NONE', #3303, #3455, #2086, .T. );
#10866=LINE ( 'NONE', #2658, #350 );
#10867=DIRECTION ( 'NONE',  ( 1.000000000000000000, 0.0000000000000000000, -5.476194500280592800E-048 ) );
#10868=CARTESIAN_POINT ( 'NONE',  ( 6.299999999999971400, 0.0000000000000000000, 4.099999999999990800 ) );
#10869=CARTESIAN_POINT ( 'NONE',  ( 0.7249999999999999800, 0.05000000000000007900, 3.949999999999998800 ) );
#10870=VERTEX_POINT ( 'NONE', #1874 );
#10871=EDGE_CURVE ( 'NONE', #9472, #5753, #12045, .T. );
#10872=ORIENTED_EDGE ( 'NONE', *, *, #12229, .F. );
#10873=AXIS2_PLACEMENT_3D ( 'NONE', #3631, #128, #711 );
#10874=DIRECTION ( 'NONE',  ( -1.000000000000000000, -3.851859888774471700E-034, -1.355252715606912100E-016 ) );
#10875=EDGE_CURVE ( 'NONE', #12483, #13566, #978, .T. );
#10876=AXIS2_PLACEMENT_3D ( 'NONE', #132, #93, #18 );
#10877=EDGE_LOOP ( 'NONE', ( #12934, #6711, #10548, #9482 ) );
#10878=LINE ( 'NONE', #3206, #9332 );
#10879=FACE_OUTER_BOUND ( 'NONE', #5237, .T. );
#10880=FACE_OUTER_BOUND ( 'NONE', #14527, .T. );
#10881=ORIENTED_EDGE ( 'NONE', *, *, #10685, .T. );
#10882=LINE ( 'NONE', #5209, #188 );
#10883=PLANE ( 'NONE',  #5013 );
#10884=FACE_OUTER_BOUND ( 'NONE', #10252, .T. );
#10885=ADVANCED_FACE ( 'NONE', ( #13289 ), #11915, .F. );
#10886=VERTEX_POINT ( 'NONE', #13933 );
#10887=PLANE ( 'NONE',  #12504 );
#10888=ORIENTED_EDGE ( 'NONE', *, *, #12221, .F. );
#10889=EDGE_CURVE ( 'NONE', #5423, #7466, #9334, .T. );
#10890=VERTEX_POINT ( 'NONE', #4527 );
#10891=LINE ( 'NONE', #4008, #96 );
#10892=FACE_OUTER_BOUND ( 'NONE', #10163, .T. );
#10893=DIRECTION ( 'NONE',  ( 1.000000000000000000, 0.0000000000000000000, 1.626303258728374200E-015 ) );
#10894=ORIENTED_EDGE ( 'NONE', *, *, #12073, .T. );
#10895=AXIS2_PLACEMENT_3D ( 'NONE', #4717, #6597, #7748 );
#10896=ADVANCED_FACE ( 'NONE', ( #2904 ), #13840, .T. );
#10897=ORIENTED_EDGE ( 'NONE', *, *, #4905, .F. );
#10898=ORIENTED_EDGE ( 'NONE', *, *, #4506, .F. );
#10899=LINE ( 'NONE', #1677, #5882 );
#10900=LINE ( 'NONE', #1187, #186 );
#10901=STYLED_ITEM ( 'NONE', ( #853 ), #13128 );
#10902=PLANE ( 'NONE',  #5801 );
#10903=VERTEX_POINT ( 'NONE', #333 );
#10904=FACE_OUTER_BOUND ( 'NONE', #8528, .T. );
#10905=DIRECTION ( 'NONE',  ( -1.000000000000000000, -1.540743955509788700E-033, -2.168404344970947300E-015 ) );
#10906=VECTOR ( 'NONE', #12869, 1000.000000000000000 );
#10907=EDGE_CURVE ( 'NONE', #5562, #546, #9987, .T. );
#10908=VERTEX_POINT ( 'NONE', #3060 );
#10909=EDGE_LOOP ( 'NONE', ( #6328, #5293, #2936, #722 ) );
#10910=DIRECTION ( 'NONE',  ( -9.974659986866917200E-014, 0.0000000000000000000, -1.000000000000000000 ) );
#10911=AXIS2_PLACEMENT_3D ( 'NONE', #202, #88, #5238 );
#10912=ADVANCED_FACE ( 'NONE', ( #12207 ), #10029, .T. );
#10913=VERTEX_POINT ( 'NONE', #8805 );
#10914=EDGE_CURVE ( 'NONE', #5118, #11090, #6356, .T. );
#10915=EDGE_CURVE ( 'NONE', #14161, #13704, #506, .T. );
#10916=PLANE ( 'NONE',  #7149 );
#10917=ORIENTED_EDGE ( 'NONE', *, *, #5049, .F. );
#10918=CARTESIAN_POINT ( 'NONE',  ( 1.550000000000001600, 0.7999999999999996000, -4.699999999999997500 ) );
#10919=ORIENTED_EDGE ( 'NONE', *, *, #13590, .F. );
#10920=EDGE_CURVE ( 'NONE', #12206, #10220, #5810, .T. );
#10921=PLANE ( 'NONE',  #92 );
#10922=ORIENTED_EDGE ( 'NONE', *, *, #14108, .F. );
#10923=ORIENTED_EDGE ( 'NONE', *, *, #2991, .F. );
#10924=EDGE_CURVE ( 'NONE', #14367, #3941, #7461, .T. );
#10925=EDGE_LOOP ( 'NONE', ( #12866, #11120, #14341, #7389 ) );
#10926=VECTOR ( 'NONE', #1369, 1000.000000000000000 );
#10927=ORIENTED_EDGE ( 'NONE', *, *, #14403, .F. );
#10928=LINE ( 'NONE', #1061, #367 );
#10929=ADVANCED_FACE ( 'NONE', ( #2489 ), #9932, .T. );
#10930=ORIENTED_EDGE ( 'NONE', *, *, #8636, .T. );
#10931=EDGE_CURVE ( 'NONE', #10551, #3911, #11724, .T. );
#10932=( GEOMETRIC_REPRESENTATION_CONTEXT ( 3 ) GLOBAL_UNCERTAINTY_ASSIGNED_CONTEXT ( ( #221 ) ) GLOBAL_UNIT_ASSIGNED_CONTEXT ( ( #324, #94, #251 ) ) REPRESENTATION_CONTEXT ( 'NONE', 'WORKASPACE' ) );
#10933=ORIENTED_EDGE ( 'NONE', *, *, #10361, .F. );
#10934=AXIS2_PLACEMENT_3D ( 'NONE', #7317, #5537, #3439 );
#10935=EDGE_LOOP ( 'NONE', ( #4912, #3342, #14648, #6567 ) );
#10936=AXIS2_PLACEMENT_3D ( 'NONE', #3245, #13553, #3154 );
#10937=VERTEX_POINT ( 'NONE', #4245 );
#10938=FACE_OUTER_BOUND ( 'NONE', #1770, .T. );
#10939=VECTOR ( 'NONE', #10661, 1000.000000000000000 );
#10940=EDGE_CURVE ( 'NONE', #2057, #8452, #13876, .T. );
#10941=DIRECTION ( 'NONE',  ( 1.000000000000000000, -0.0000000000000000000, 3.841173411091377500E-014 ) );
#10942=VERTEX_POINT ( 'NONE', #6138 );
#10943=EDGE_CURVE ( 'NONE', #10610, #315, #3114, .T. );
#10944=ADVANCED_FACE ( 'NONE', ( #4293 ), #11088, .F. );
#10945=ORIENTED_EDGE ( 'NONE', *, *, #14619, .F. );
#10946=ORIENTED_EDGE ( 'NONE', *, *, #11769, .T. );
#10947=ORIENTED_EDGE ( 'NONE', *, *, #14600, .F. );
#10948=AXIS2_PLACEMENT_3D ( 'NONE', #6147, #23, #128 );
#10949=ORIENTED_EDGE ( 'NONE', *, *, #6487, .F. );
#10950=LINE ( 'NONE', #6151, #22 );
#10951=FACE_OUTER_BOUND ( 'NONE', #13109, .T. );
#10952=EDGE_CURVE ( 'NONE', #507, #2287, #9572, .T. );
#10953=ORIENTED_EDGE ( 'NONE', *, *, #4279, .F. );
#10954=AXIS2_PLACEMENT_3D ( 'NONE', #9490, #93, #18 );
#10955=LINE ( 'NONE', #2155, #6002 );
#10956=ORIENTED_EDGE ( 'NONE', *, *, #3640, .F. );
#10957=LINE ( 'NONE', #3823, #5275 );
#10958=PLANE ( 'NONE',  #9654 );
#10959=ORIENTED_EDGE ( 'NONE', *, *, #13183, .T. );
#10960=ORIENTED_EDGE ( 'NONE', *, *, #14494, .T. );
#10961=ORIENTED_EDGE ( 'NONE', *, *, #12548, .F. );
#10962=EDGE_LOOP ( 'NONE', ( #14630, #14733, #3516, #6840 ) );
#10963=ADVANCED_FACE ( 'NONE', ( #7100 ), #11179, .F. );
#10964=DIRECTION ( 'NONE',  ( -8.335740912701737500E-035, 0.0000000000000000000, -1.000000000000000000 ) );
#10965=VERTEX_POINT ( 'NONE', #2071 );
#10966=DIRECTION ( 'NONE',  ( -1.000000000000000000, 0.0000000000000000000, -4.336808689941883600E-015 ) );
#10967=VERTEX_POINT ( 'NONE', #608 );
#10968=EDGE_CURVE ( 'NONE', #10581, #4937, #5428, .T. );
#10969=LINE ( 'NONE', #5832, #1010 );
#10970=LINE ( 'NONE', #2776, #186 );
#10971=ORIENTED_EDGE ( 'NONE', *, *, #675, .F. );
#10972=ORIENTED_EDGE ( 'NONE', *, *, #11987, .T. );
#10973=EDGE_CURVE ( 'NONE', #281, #9300, #9511, .T. );
#10974=MANIFOLD_SOLID_BREP ( 'Pin 37', #10204 );
#10975=ORIENTED_EDGE ( 'NONE', *, *, #9980, .T. );
#10976=AXIS2_PLACEMENT_3D ( 'NONE', #67, #778, #2213 );
#10977=ORIENTED_EDGE ( 'NONE', *, *, #10562, .F. );
#10978=ORIENTED_EDGE ( 'NONE', *, *, #6111, .T. );
#10979=ADVANCED_FACE ( 'NONE', ( #8478 ), #4520, .T. );
#10980=CARTESIAN_POINT ( 'NONE',  ( -0.6000000000000128600, 3.388131789017201400E-018, 7.199999999999998400 ) );
#10981=FACE_OUTER_BOUND ( 'NONE', #502, .T. );
#10982=AXIS2_PLACEMENT_3D ( 'NONE', #6373, #424, #8631 );
#10983=FACE_BOUND ( 'NONE', #5641, .T. );
#10984=LINE ( 'NONE', #2381, #52 );
#10985=ORIENTED_EDGE ( 'NONE', *, *, #13918, .F. );
#10986=ORIENTED_EDGE ( 'NONE', *, *, #7371, .F. );
#10987=EDGE_CURVE ( 'NONE', #13090, #5266, #2887, .T. );
#10988=VERTEX_POINT ( 'NONE', #5620 );
#10989=LINE ( 'NONE', #2130, #52 );
#10990=ORIENTED_EDGE ( 'NONE', *, *, #7106, .F. );
#10991=EDGE_LOOP ( 'NONE', ( #12592, #9689, #12713, #12284 ) );
#10992=VERTEX_POINT ( 'NONE', #2068 );
#10993=ORIENTED_EDGE ( 'NONE', *, *, #10772, .F. );
#10994=AXIS2_PLACEMENT_3D ( 'NONE', #3989, #391, #307 );
#10995=FACE_OUTER_BOUND ( 'NONE', #3282, .T. );
#10996=EDGE_CURVE ( 'NONE', #14524, #1416, #956, .T. );
#10997=ORIENTED_EDGE ( 'NONE', *, *, #6932, .T. );
#10998=FACE_OUTER_BOUND ( 'NONE', #11816, .T. );
#10999=ORIENTED_EDGE ( 'NONE', *, *, #3449, .T. );
#11000=ADVANCED_FACE ( 'NONE', ( #4273 ), #3376, .T. );
#11001=EDGE_LOOP ( 'NONE', ( #11811, #4677, #13541, #3099 ) );
#11002=VECTOR ( 'NONE', #7636, 1000.000000000000000 );
#11003=ORIENTED_EDGE ( 'NONE', *, *, #10732, .F. );
#11004=EDGE_CURVE ( 'NONE', #4646, #5706, #13120, .T. );
#11005=DIRECTION ( 'NONE',  ( 1.000000000000000000, 2.549995613393295000E-032, -2.065146995210483500E-016 ) );
#11006=FACE_OUTER_BOUND ( 'NONE', #6732, .T. );
#11007=ORIENTED_EDGE ( 'NONE', *, *, #12099, .T. );
#11008=ORIENTED_EDGE ( 'NONE', *, *, #4526, .F. );
#11009=ORIENTED_EDGE ( 'NONE', *, *, #2621, .T. );
#11010=( GEOMETRIC_REPRESENTATION_CONTEXT ( 3 ) GLOBAL_UNCERTAINTY_ASSIGNED_CONTEXT ( ( #221 ) ) GLOBAL_UNIT_ASSIGNED_CONTEXT ( ( #324, #94, #251 ) ) REPRESENTATION_CONTEXT ( 'NONE', 'WORKASPACE' ) );
#11011=ADVANCED_FACE ( 'NONE', ( #11557 ), #395, .T. );
#11012=ORIENTED_EDGE ( 'NONE', *, *, #8508, .T. );
#11013=ORIENTED_EDGE ( 'NONE', *, *, #9737, .F. );
#11014=EDGE_CURVE ( 'NONE', #7989, #525, #14737, .T. );
#11015=ADVANCED_FACE ( 'NONE', ( #12521 ), #8233, .T. );
#11016=EDGE_CURVE ( 'NONE', #10836, #10416, #904, .T. );
#11017=ORIENTED_EDGE ( 'NONE', *, *, #1151, .T. );
#11018=ORIENTED_EDGE ( 'NONE', *, *, #13748, .T. );
#11019=( GEOMETRIC_REPRESENTATION_CONTEXT ( 3 ) GLOBAL_UNCERTAINTY_ASSIGNED_CONTEXT ( ( #221 ) ) GLOBAL_UNIT_ASSIGNED_CONTEXT ( ( #324, #94, #251 ) ) REPRESENTATION_CONTEXT ( 'NONE', 'WORKASPACE' ) );
#11020=FACE_OUTER_BOUND ( 'NONE', #7098, .T. );
#11021=VERTEX_POINT ( 'NONE', #4120 );
#11022=LINE ( 'NONE', #2024, #366 );
#11023=LINE ( 'NONE', #9328, #2220 );
#11024=ORIENTED_EDGE ( 'NONE', *, *, #6902, .T. );
#11025=ORIENTED_EDGE ( 'NONE', *, *, #2353, .T. );
#11026=ORIENTED_EDGE ( 'NONE', *, *, #10752, .T. );
#11027=EDGE_CURVE ( 'NONE', #757, #6574, #7280, .T. );
#11028=MECHANICAL_DESIGN_GEOMETRIC_PRESENTATION_REPRESENTATION (  '', ( #1669 ), #12388 );
#11029=ADVANCED_FACE ( 'NONE', ( #1400 ), #8189, .F. );
#11030=ORIENTED_EDGE ( 'NONE', *, *, #9873, .T. );
#11031=PLANE ( 'NONE',  #8382 );
#11032=EDGE_CURVE ( 'NONE', #1111, #2787, #10463, .T. );
#11033=LINE ( 'NONE', #8057, #188 );
#11034=LINE ( 'NONE', #7714, #9261 );
#11035=VERTEX_POINT ( 'NONE', #4110 );
#11036=ORIENTED_EDGE ( 'NONE', *, *, #14005, .F. );
#11037=PLANE ( 'NONE',  #4024 );
#11038=VERTEX_POINT ( 'NONE', #2445 );
#11039=ORIENTED_EDGE ( 'NONE', *, *, #11547, .F. );
#11040=EDGE_CURVE ( 'NONE', #8912, #1543, #11422, .T. );
#11041=LINE ( 'NONE', #2563, #1114 );
#11042=ADVANCED_FACE ( 'NONE', ( #13421 ), #1993, .F. );
#11043=FACE_OUTER_BOUND ( 'NONE', #5491, .T. );
#11044=VECTOR ( 'NONE', #4271, 1000.000000000000000 );
#11045=EDGE_LOOP ( 'NONE', ( #11254, #12644, #5819, #12977 ) );
#11046=LINE ( 'NONE', #2186, #22 );
#11047=EDGE_CURVE ( 'NONE', #12810, #14539, #10771, .T. );
#11048=PLANE ( 'NONE',  #3598 );
#11049=PLANE ( 'NONE',  #6360 );
#11050=CLOSED_SHELL ( 'NONE', ( #14678, #12715, #9191, #6402, #205, #8388 ) );
#11051=EDGE_CURVE ( 'NONE', #7943, #8080, #11252, .T. );
#11052=AXIS2_PLACEMENT_3D ( 'NONE', #1675, #8887, #1667 );
#11053=PLANE ( 'NONE',  #8756 );
#11054=DIRECTION ( 'NONE',  ( -1.000000000000000000, 0.0000000000000000000, 6.938514061341704300E-035 ) );
#11055=ORIENTED_EDGE ( 'NONE', *, *, #4084, .T. );
#11056=ORIENTED_EDGE ( 'NONE', *, *, #4821, .T. );
#11057=FACE_OUTER_BOUND ( 'NONE', #7774, .T. );
#11058=STYLED_ITEM ( 'NONE', ( #853 ), #12373 );
#11059=EDGE_LOOP ( 'NONE', ( #6690, #8642, #9580, #11627 ) );
#11060=ADVANCED_FACE ( 'NONE', ( #1174 ), #10459, .T. );
#11061=ORIENTED_EDGE ( 'NONE', *, *, #6535, .F. );
#11062=ORIENTED_EDGE ( 'NONE', *, *, #5204, .T. );
#11063=VERTEX_POINT ( 'NONE', #4794 );
#11064=CLOSED_SHELL ( 'NONE', ( #11788, #12125, #9682, #11474, #9356, #3785 ) );
#11065=PLANE ( 'NONE',  #5521 );
#11066=FACE_OUTER_BOUND ( 'NONE', #13845, .T. );
#11067=LINE ( 'NONE', #1666, #96 );
#11068=PRESENTATION_LAYER_ASSIGNMENT (  '', '', ( #5656 ) );
#11069=LINE ( 'NONE', #6296, #2259 );
#11070=ORIENTED_EDGE ( 'NONE', *, *, #2724, .F. );
#11071=PLANE ( 'NONE',  #11548 );
#11072=PLANE ( 'NONE',  #12204 );
#11073=LINE ( 'NONE', #2687, #2058 );
#11074=VERTEX_POINT ( 'NONE', #912 );
#11075=ADVANCED_FACE ( 'NONE', ( #4070 ), #543, .F. );
#11076=ORIENTED_EDGE ( 'NONE', *, *, #3312, .F. );
#11077=ADVANCED_FACE ( 'NONE', ( #4483 ), #11354, .T. );
#11078=AXIS2_PLACEMENT_3D ( 'NONE', #688, #424, #8631 );
#11079=ORIENTED_EDGE ( 'NONE', *, *, #4284, .F. );
#11080=EDGE_LOOP ( 'NONE', ( #6941, #14260, #8784, #13471 ) );
#11081=VERTEX_POINT ( 'NONE', #2822 );
#11082=CARTESIAN_POINT ( 'NONE',  ( -5.724999999999999600, 2.399999999999999900, 7.430000000000001500 ) );
#11083=LINE ( 'NONE', #3024, #22 );
#11084=ORIENTED_EDGE ( 'NONE', *, *, #9203, .F. );
#11085=EDGE_CURVE ( 'NONE', #4823, #11063, #2685, .T. );
#11086=LINE ( 'NONE', #4814, #52 );
#11087=PLANE ( 'NONE',  #6696 );
#11088=PLANE ( 'NONE',  #10011 );
#11089=PRESENTATION_STYLE_ASSIGNMENT (( #2124 ) );
#11090=VERTEX_POINT ( 'NONE', #6871 );
#11091=VERTEX_POINT ( 'NONE', #917 );
#11092=ORIENTED_EDGE ( 'NONE', *, *, #12375, .F. );
#11093=EDGE_CURVE ( 'NONE', #7881, #477, #13572, .T. );
#11094=EDGE_CURVE ( 'NONE', #14040, #8314, #10928, .T. );
#11095=ORIENTED_EDGE ( 'NONE', *, *, #13939, .F. );
#11096=ADVANCED_FACE ( 'NONE', ( #14025 ), #7424, .F. );
#11097=ORIENTED_EDGE ( 'NONE', *, *, #12049, .T. );
#11098=PRESENTATION_LAYER_ASSIGNMENT (  '', '', ( #9001 ) );
#11099=VECTOR ( 'NONE', #7781, 1000.000000000000000 );
#11100=ORIENTED_EDGE ( 'NONE', *, *, #11693, .F. );
#11101=LINE ( 'NONE', #4613, #2134 );
#11102=ORIENTED_EDGE ( 'NONE', *, *, #3066, .T. );
#11103=ORIENTED_EDGE ( 'NONE', *, *, #6951, .F. );
#11104=EDGE_CURVE ( 'NONE', #13621, #2349, #483, .T. );
#11105=EDGE_CURVE ( 'NONE', #528, #2479, #11869, .T. );
#11106=ORIENTED_EDGE ( 'NONE', *, *, #12360, .F. );
#11107=ORIENTED_EDGE ( 'NONE', *, *, #819, .T. );
#11108=LINE ( 'NONE', #5643, #186 );
#11109=AXIS2_PLACEMENT_3D ( 'NONE', #3022, #4505, #1846 );
#11110=LINE ( 'NONE', #285, #121 );
#11111=ORIENTED_EDGE ( 'NONE', *, *, #7287, .T. );
#11112=EDGE_CURVE ( 'NONE', #8702, #5783, #8804, .T. );
#11113=ADVANCED_FACE ( 'NONE', ( #6909 ), #2473, .T. );
#11114=MECHANICAL_DESIGN_GEOMETRIC_PRESENTATION_REPRESENTATION (  '', ( #6290 ), #14228 );
#11115=CYLINDRICAL_SURFACE ( 'NONE', #8048, 0.09999999999999982500 );
#11116=EDGE_LOOP ( 'NONE', ( #7348, #13142, #9462, #12350 ) );
#11117=DIRECTION ( 'NONE',  ( -1.000000000000000000, 0.0000000000000000000, 1.084202172485537000E-015 ) );
#11118=ORIENTED_EDGE ( 'NONE', *, *, #9759, .F. );
#11119=ORIENTED_EDGE ( 'NONE', *, *, #13202, .F. );
#11120=ORIENTED_EDGE ( 'NONE', *, *, #13093, .F. );
#11121=ORIENTED_EDGE ( 'NONE', *, *, #12635, .T. );
#11122=PLANE ( 'NONE',  #5849 );
#11123=ORIENTED_EDGE ( 'NONE', *, *, #10421, .F. );
#11124=LINE ( 'NONE', #2250, #52 );
#11125=ORIENTED_EDGE ( 'NONE', *, *, #6204, .T. );
#11126=EDGE_CURVE ( 'NONE', #6417, #3383, #2292, .T. );
#11127=LINE ( 'NONE', #3605, #52 );
#11128=EDGE_CURVE ( 'NONE', #7366, #3045, #7785, .T. );
#11129=ORIENTED_EDGE ( 'NONE', *, *, #12474, .F. );
#11130=FACE_OUTER_BOUND ( 'NONE', #7941, .T. );
#11131=ORIENTED_EDGE ( 'NONE', *, *, #12597, .T. );
#11132=VERTEX_POINT ( 'NONE', #3846 );
#11133=CARTESIAN_POINT ( 'NONE',  ( 0.2000000000000020400, 8.944667923005411600E-016, -7.250000000000000000 ) );
#11134=VERTEX_POINT ( 'NONE', #2108 );
#11135=ADVANCED_FACE ( 'NONE', ( #2064 ), #13593, .T. );
#11136=CARTESIAN_POINT ( 'NONE',  ( 3.799999999999988300, 0.05000000000000005100, 8.000000000000021300 ) );
#11137=PRESENTATION_LAYER_ASSIGNMENT (  '', '', ( #10454 ) );
#11138=LINE ( 'NONE', #1908, #144 );
#11139=PLANE ( 'NONE',  #7969 );
#11140=ORIENTED_EDGE ( 'NONE', *, *, #10205, .T. );
#11141=FACE_OUTER_BOUND ( 'NONE', #9540, .T. );
#11142=ORIENTED_EDGE ( 'NONE', *, *, #866, .F. );
#11143=FACE_OUTER_BOUND ( 'NONE', #5202, .T. );
#11144=FACE_BOUND ( 'NONE', #9267, .T. );
#11145=LINE ( 'NONE', #2207, #144 );
#11146=EDGE_LOOP ( 'NONE', ( #4727, #5556, #4037, #6759 ) );
#11147=EDGE_LOOP ( 'NONE', ( #5443, #1398, #3395, #11789, #6354 ) );
#11148=PLANE ( 'NONE',  #7620 );
#11149=ORIENTED_EDGE ( 'NONE', *, *, #726, .T. );
#11150=EDGE_CURVE ( 'NONE', #7840, #5906, #1618, .T. );
#11151=ADVANCED_FACE ( 'NONE', ( #10306 ), #1993, .F. );
#11152=ORIENTED_EDGE ( 'NONE', *, *, #3868, .T. );
#11153=ORIENTED_EDGE ( 'NONE', *, *, #10754, .T. );
#11154=ADVANCED_FACE ( 'NONE', ( #13274 ), #7468, .F. );
#11155=VERTEX_POINT ( 'NONE', #3428 );
#11156=EDGE_CURVE ( 'NONE', #12758, #432, #7449, .T. );
#11157=ORIENTED_EDGE ( 'NONE', *, *, #523, .F. );
#11158=AXIS2_PLACEMENT_3D ( 'NONE', #2461, #110, #13150 );
#11159=ORIENTED_EDGE ( 'NONE', *, *, #11654, .F. );
#11160=ORIENTED_EDGE ( 'NONE', *, *, #14328, .T. );
#11161=PLANE ( 'NONE',  #8282 );
#11162=DIRECTION ( 'NONE',  ( 1.000000000000000000, 0.0000000000000000000, 2.168404344971006100E-015 ) );
#11163=CARTESIAN_POINT ( 'NONE',  ( 0.7249999999999999800, 0.0000000000000000000, 5.399999999999998600 ) );
#11164=EDGE_LOOP ( 'NONE', ( #4312, #10286, #13632, #9126 ) );
#11165=EDGE_LOOP ( 'NONE', ( #14436, #11429, #12699, #10990 ) );
#11166=ADVANCED_FACE ( 'NONE', ( #2671 ), #5136, .T. );
#11167=PLANE ( 'NONE',  #11109 );
#11168=LINE ( 'NONE', #4345, #3382 );
#11169=ORIENTED_EDGE ( 'NONE', *, *, #13351, .F. );
#11170=EDGE_CURVE ( 'NONE', #4882, #12514, #11409, .T. );
#11171=ORIENTED_EDGE ( 'NONE', *, *, #4945, .T. );
#11172=LINE ( 'NONE', #6916, #96 );
#11173=ORIENTED_EDGE ( 'NONE', *, *, #4317, .T. );
#11174=ORIENTED_EDGE ( 'NONE', *, *, #12896, .F. );
#11175=DIRECTION ( 'NONE',  ( 1.000000000000000000, 0.0000000000000000000, -1.084202172485580600E-015 ) );
#11176=AXIS2_PLACEMENT_3D ( 'NONE', #2169, #213, #2383 );
#11177=EDGE_CURVE ( 'NONE', #6574, #7261, #4058, .T. );
#11178=EDGE_CURVE ( 'NONE', #11607, #11553, #5976, .T. );
#11179=PLANE ( 'NONE',  #3992 );
#11180=LINE ( 'NONE', #3060, #5701 );
#11181=ORIENTED_EDGE ( 'NONE', *, *, #5023, .T. );
#11182=LINE ( 'NONE', #909, #144 );
#11183=ORIENTED_EDGE ( 'NONE', *, *, #13673, .F. );
#11184=ADVANCED_FACE ( 'NONE', ( #13411 ), #8750, .F. );
#11185=VERTEX_POINT ( 'NONE', #1927 );
#11186=EDGE_CURVE ( 'NONE', #11038, #13461, #12803, .T. );
#11187=EDGE_CURVE ( 'NONE', #8796, #281, #3494, .T. );
#11188=ORIENTED_EDGE ( 'NONE', *, *, #5386, .T. );
#11189=LINE ( 'NONE', #122, #3185 );
#11190=AXIS2_PLACEMENT_3D ( 'NONE', #4385, #6180, #10478 );
#11191=FACE_OUTER_BOUND ( 'NONE', #4665, .T. );
#11192=LINE ( 'NONE', #7029, #52 );
#11193=EDGE_CURVE ( 'NONE', #7696, #2965, #3833, .T. );
#11194=DIRECTION ( 'NONE',  ( 1.000000000000000000, 0.0000000000000000000, -5.529431079676190000E-014 ) );
#11195=EDGE_CURVE ( 'NONE', #8308, #3935, #6895, .T. );
#11196=ADVANCED_FACE ( 'NONE', ( #230 ), #14639, .T. );
#11197=ORIENTED_EDGE ( 'NONE', *, *, #916, .T. );
#11198=FACE_OUTER_BOUND ( 'NONE', #11950, .T. );
#11199=LINE ( 'NONE', #13949, #95 );
#11200=ORIENTED_EDGE ( 'NONE', *, *, #14447, .T. );
#11201=EDGE_CURVE ( 'NONE', #3545, #3257, #12507, .T. );
#11202=LINE ( 'NONE', #7893, #52 );
#11203=PLANE ( 'NONE',  #8900 );
#11204=VERTEX_POINT ( 'NONE', #1408 );
#11205=EDGE_CURVE ( 'NONE', #5473, #13323, #4466, .T. );
#11206=( GEOMETRIC_REPRESENTATION_CONTEXT ( 3 ) GLOBAL_UNCERTAINTY_ASSIGNED_CONTEXT ( ( #221 ) ) GLOBAL_UNIT_ASSIGNED_CONTEXT ( ( #324, #94, #251 ) ) REPRESENTATION_CONTEXT ( 'NONE', 'WORKASPACE' ) );
#11207=VECTOR ( 'NONE', #9858, 1000.000000000000000 );
#11208=LINE ( 'NONE', #5598, #124 );
#11209=ADVANCED_FACE ( 'NONE', ( #3293 ), #9736, .T. );
#11210=ORIENTED_EDGE ( 'NONE', *, *, #10153, .T. );
#11211=VECTOR ( 'NONE', #4206, 1000.000000000000000 );
#11212=VERTEX_POINT ( 'NONE', #9694 );
#11213=AXIS2_PLACEMENT_3D ( 'NONE', #7320, #8402, #1024 );
#11214=VERTEX_POINT ( 'NONE', #407 );
#11215=VERTEX_POINT ( 'NONE', #1988 );
#11216=EDGE_CURVE ( 'NONE', #13644, #4731, #7269, .T. );
#11217=ORIENTED_EDGE ( 'NONE', *, *, #2663, .F. );
#11218=FACE_OUTER_BOUND ( 'NONE', #9309, .T. );
#11219=EDGE_LOOP ( 'NONE', ( #10128, #13674, #2394, #9365 ) );
#11220=LINE ( 'NONE', #2266, #52 );
#11221=EDGE_CURVE ( 'NONE', #8917, #6017, #2276, .T. );
#11222=ADVANCED_FACE ( 'NONE', ( #12359 ), #11812, .F. );
#11223=AXIS2_PLACEMENT_3D ( 'NONE', #767, #711, #280 );
#11224=LINE ( 'NONE', #4476, #52 );
#11225=PLANE ( 'NONE',  #10245 );
#11226=EDGE_LOOP ( 'NONE', ( #11789, #1952, #13558, #13328 ) );
#11227=AXIS2_PLACEMENT_3D ( 'NONE', #202, #88, #7781 );
#11228=LINE ( 'NONE', #1567, #2259 );
#11229=PLANE ( 'NONE',  #8936 );
#11230=ORIENTED_EDGE ( 'NONE', *, *, #13797, .F. );
#11231=CARTESIAN_POINT ( 'NONE',  ( -6.299999999999951000, 0.05000000000000007900, 4.099999999999990800 ) );
#11232=ORIENTED_EDGE ( 'NONE', *, *, #3555, .T. );
#11233=ORIENTED_EDGE ( 'NONE', *, *, #873, .T. );
#11234=EDGE_LOOP ( 'NONE', ( #3954, #13883, #4542, #12799 ) );
#11235=AXIS2_PLACEMENT_3D ( 'NONE', #3682, #9396, #2315 );
#11236=LINE ( 'NONE', #6147, #1411 );
#11237=EDGE_LOOP ( 'NONE', ( #8300, #3925, #13520, #3347 ) );
#11238=LINE ( 'NONE', #4315, #591 );
#11239=EDGE_CURVE ( 'NONE', #4844, #7064, #6521, .T. );
#11240=VERTEX_POINT ( 'NONE', #1534 );
#11241=ADVANCED_FACE ( 'NONE', ( #14577 ), #4445, .T. );
#11242=EDGE_LOOP ( 'NONE', ( #7676, #7272, #6944, #8149 ) );
#11243=DIRECTION ( 'NONE',  ( -1.000000000000000000, 0.0000000000000000000, -6.505213034913720800E-015 ) );
#11244=EDGE_LOOP ( 'NONE', ( #8238, #5225, #7607, #10534 ) );
#11245=EDGE_CURVE ( 'NONE', #10067, #6193, #14434, .T. );
#11246=ORIENTED_EDGE ( 'NONE', *, *, #9226, .F. );
#11247=ORIENTED_EDGE ( 'NONE', *, *, #2404, .F. );
#11248=ORIENTED_EDGE ( 'NONE', *, *, #2035, .F. );
#11249=AXIS2_PLACEMENT_3D ( 'NONE', #1412, #9903, #10966 );
#11250=LINE ( 'NONE', #382, #6907 );
#11251=ORIENTED_EDGE ( 'NONE', *, *, #10889, .T. );
#11252=LINE ( 'NONE', #3332, #52 );
#11253=EDGE_CURVE ( 'NONE', #12758, #3390, #466, .T. );
#11254=ORIENTED_EDGE ( 'NONE', *, *, #11682, .T. );
#11255=AXIS2_PLACEMENT_3D ( 'NONE', #6238, #128, #711 );
#11256=EDGE_CURVE ( 'NONE', #2831, #5624, #8628, .T. );
#11257=ORIENTED_EDGE ( 'NONE', *, *, #13370, .F. );
#11258=ORIENTED_EDGE ( 'NONE', *, *, #11462, .F. );
#11259=EDGE_CURVE ( 'NONE', #5425, #13223, #11086, .T. );
#11260=ORIENTED_EDGE ( 'NONE', *, *, #2420, .F. );
#11261=EDGE_LOOP ( 'NONE', ( #9259, #1946, #828, #9134 ) );
#11262=ADVANCED_FACE ( 'NONE', ( #937 ), #10059, .F. );
#11263=FACE_OUTER_BOUND ( 'NONE', #14149, .T. );
#11264=ORIENTED_EDGE ( 'NONE', *, *, #11216, .F. );
#11265=LINE ( 'NONE', #1807, #2259 );
#11266=AXIS2_PLACEMENT_3D ( 'NONE', #7257, #93, #18 );
#11267=LINE ( 'NONE', #5074, #52 );
#11268=EDGE_LOOP ( 'NONE', ( #5799, #9285, #11496, #8454 ) );
#11269=EDGE_CURVE ( 'NONE', #14274, #9892, #13725, .T. );
#11270=ORIENTED_EDGE ( 'NONE', *, *, #5475, .T. );
#11271=VERTEX_POINT ( 'NONE', #85 );
#11272=EDGE_CURVE ( 'NONE', #14046, #9347, #717, .T. );
#11273=DIRECTION ( 'NONE',  ( -1.993935029858397700E-016, 0.0000000000000000000, -1.000000000000000000 ) );
#11274=PLANE ( 'NONE',  #10083 );
#11275=STYLED_ITEM ( 'NONE', ( #853 ), #10169 );
#11276=LINE ( 'NONE', #611, #52 );
#11277=AXIS2_PLACEMENT_3D ( 'NONE', #356, #825, #9876 );
#11278=LINE ( 'NONE', #1855, #5242 );
#11279=ORIENTED_EDGE ( 'NONE', *, *, #3531, .T. );
#11280=LINE ( 'NONE', #6916, #144 );
#11281=ADVANCED_FACE ( 'NONE', ( #11857 ), #7844, .T. );
#11282=ADVANCED_FACE ( 'NONE', ( #8791 ), #30, .T. );
#11283=EDGE_CURVE ( 'NONE', #2215, #3534, #2869, .T. );
#11284=ORIENTED_EDGE ( 'NONE', *, *, #5228, .T. );
#11285=EDGE_CURVE ( 'NONE', #9389, #10610, #5777, .T. );
#11286=ORIENTED_EDGE ( 'NONE', *, *, #14384, .T. );
#11287=ORIENTED_EDGE ( 'NONE', *, *, #9638, .F. );
#11288=AXIS2_PLACEMENT_3D ( 'NONE', #5585, #711, #280 );
#11289=EDGE_CURVE ( 'NONE', #10705, #12401, #3100, .T. );
#11290=ORIENTED_EDGE ( 'NONE', *, *, #898, .T. );
#11291=FACE_OUTER_BOUND ( 'NONE', #8705, .T. );
#11292=ORIENTED_EDGE ( 'NONE', *, *, #10431, .T. );
#11293=DIRECTION ( 'NONE',  ( -1.000000000000000000, 0.0000000000000000000, 7.804049169039133800E-036 ) );
#11294=LINE ( 'NONE', #1516, #144 );
#11295=VERTEX_POINT ( 'NONE', #6391 );
#11296=ADVANCED_FACE ( 'NONE', ( #10132 ), #12081, .F. );
#11297=ORIENTED_EDGE ( 'NONE', *, *, #1498, .T. );
#11298=FACE_OUTER_BOUND ( 'NONE', #8603, .T. );
#11299=EDGE_CURVE ( 'NONE', #10563, #6933, #9973, .T. );
#11300=ORIENTED_EDGE ( 'NONE', *, *, #248, .F. );
#11301=ORIENTED_EDGE ( 'NONE', *, *, #13617, .T. );
#11302=FACE_OUTER_BOUND ( 'NONE', #6128, .T. );
#11303=CARTESIAN_POINT ( 'NONE',  ( -5.824999999999999300, 0.7999999999999999300, -2.020000000000000000 ) );
#11304=ORIENTED_EDGE ( 'NONE', *, *, #9409, .T. );
#11305=EDGE_CURVE ( 'NONE', #2715, #2408, #9319, .T. );
#11306=LINE ( 'NONE', #1004, #7680 );
#11307=AXIS2_PLACEMENT_3D ( 'NONE', #4641, #7290, #3174 );
#11308=FACE_BOUND ( 'NONE', #9536, .T. );
#11309=LINE ( 'NONE', #6151, #4738 );
#11310=EDGE_LOOP ( 'NONE', ( #1572, #14015, #2636, #10430 ) );
#11311=MANIFOLD_SOLID_BREP ( 'Module 2', #4500 );
#11312=FACE_OUTER_BOUND ( 'NONE', #7002, .T. );
#11313=ORIENTED_EDGE ( 'NONE', *, *, #1194, .T. );
#11314=EDGE_CURVE ( 'NONE', #14590, #8568, #6322, .T. );
#11315=PRESENTATION_LAYER_ASSIGNMENT (  '', '', ( #10625 ) );
#11316=CLOSED_SHELL ( 'NONE', ( #14697, #11015, #3697, #12804, #1917, #7568 ) );
#11317=ADVANCED_FACE ( 'NONE', ( #4042 ), #4555, .T. );
#11318=EDGE_LOOP ( 'NONE', ( #2921, #9742, #7215, #12318 ) );
#11319=VERTEX_POINT ( 'NONE', #1004 );
#11320=ORIENTED_EDGE ( 'NONE', *, *, #3334, .T. );
#11321=ORIENTED_EDGE ( 'NONE', *, *, #6999, .T. );
#11322=EDGE_LOOP ( 'NONE', ( #14153, #2027, #14667, #12515 ) );
#11323=PLANE ( 'NONE',  #4123 );
#11324=ORIENTED_EDGE ( 'NONE', *, *, #1619, .T. );
#11325=VECTOR ( 'NONE', #7174, 1000.000000000000000 );
#11326=ORIENTED_EDGE ( 'NONE', *, *, #14619, .T. );
#11327=CARTESIAN_POINT ( 'NONE',  ( -4.599999999999990800, 0.0000000000000000000, -1.800000000000002000 ) );
#11328=ORIENTED_EDGE ( 'NONE', *, *, #14576, .T. );
#11329=DIRECTION ( 'NONE',  ( 9.974659986866918500E-014, 0.0000000000000000000, 1.000000000000000000 ) );
#11330=EDGE_CURVE ( 'NONE', #4007, #14695, #10746, .T. );
#11331=EDGE_LOOP ( 'NONE', ( #5100, #9140, #10632, #12560, #7531, #9948 ) );
#11332=ADVANCED_FACE ( 'NONE', ( #13398 ), #10316, .F. );
#11333=LINE ( 'NONE', #5696, #609 );
#11334=EDGE_LOOP ( 'NONE', ( #8, #5389, #7950, #8020 ) );
#11335=LINE ( 'NONE', #9490, #124 );
#11336=FACE_OUTER_BOUND ( 'NONE', #812, .T. );
#11337=EDGE_LOOP ( 'NONE', ( #11107, #13449, #1018, #13187 ) );
#11338=ORIENTED_EDGE ( 'NONE', *, *, #13990, .T. );
#11339=ORIENTED_EDGE ( 'NONE', *, *, #7942, .F. );
#11340=ORIENTED_EDGE ( 'NONE', *, *, #5250, .F. );
#11341=DIRECTION ( 'NONE',  ( 1.000000000000000000, 1.734723475976805500E-015, 0.0000000000000000000 ) );
#11342=ORIENTED_EDGE ( 'NONE', *, *, #9382, .F. );
#11343=EDGE_CURVE ( 'NONE', #13666, #787, #1597, .T. );
#11344=DIRECTION ( 'NONE',  ( -1.000000000000000000, 0.0000000000000000000, -1.386294004633993400E-035 ) );
#11345=ORIENTED_EDGE ( 'NONE', *, *, #3163, .T. );
#11346=ORIENTED_EDGE ( 'NONE', *, *, #14201, .F. );
#11347=ADVANCED_FACE ( 'NONE', ( #11698 ), #4718, .F. );
#11348=AXIS2_PLACEMENT_3D ( 'NONE', #2357, #7538, #1134 );
#11349=PLANE ( 'NONE',  #9266 );
#11350=DIRECTION ( 'NONE',  ( -2.168404344971006500E-015, 0.0000000000000000000, 1.000000000000000000 ) );
#11351=VERTEX_POINT ( 'NONE', #239 );
#11352=EDGE_CURVE ( 'NONE', #12863, #8883, #5044, .T. );
#11353=EDGE_CURVE ( 'NONE', #760, #7631, #14000, .T. );
#11354=PLANE ( 'NONE',  #7310 );
#11355=DIRECTION ( 'NONE',  ( 1.000000000000000000, 0.0000000000000000000, -7.047314121156525100E-015 ) );
#11356=CLOSED_SHELL ( 'NONE', ( #4419, #734, #2467, #7551, #1785, #12087 ) );
#11357=PLANE ( 'NONE',  #3789 );
#11358=LINE ( 'NONE', #612, #139 );
#11359=AXIS2_PLACEMENT_3D ( 'NONE', #2222, #1162, #8221 );
#11360=EDGE_LOOP ( 'NONE', ( #2111, #13048, #5150, #10751 ) );
#11361=LINE ( 'NONE', #2674, #22 );
#11362=ORIENTED_EDGE ( 'NONE', *, *, #12935, .F. );
#11363=EDGE_CURVE ( 'NONE', #12433, #1479, #14290, .T. );
#11364=ORIENTED_EDGE ( 'NONE', *, *, #12208, .F. );
#11365=EDGE_CURVE ( 'NONE', #1809, #8797, #7253, .T. );
#11366=ADVANCED_FACE ( 'NONE', ( #3865 ), #10238, .T. );
#11367=CARTESIAN_POINT ( 'NONE',  ( -5.974999999999999600, 0.8000000000000000400, -2.269999999999998700 ) );
#11368=AXIS2_PLACEMENT_3D ( 'NONE', #202, #778, #8672 );
#11369=EDGE_LOOP ( 'NONE', ( #12203, #8990, #9788, #449 ) );
#11370=FACE_OUTER_BOUND ( 'NONE', #10425, .T. );
#11371=EDGE_CURVE ( 'NONE', #4149, #10129, #13259, .T. );
#11372=FACE_OUTER_BOUND ( 'NONE', #6964, .T. );
#11373=FACE_OUTER_BOUND ( 'NONE', #7491, .T. );
#11374=PLANE ( 'NONE',  #10351 );
#11375=FACE_OUTER_BOUND ( 'NONE', #9383, .T. );
#11376=EDGE_LOOP ( 'NONE', ( #273, #5815, #12181, #12459 ) );
#11377=ADVANCED_FACE ( 'NONE', ( #4259 ), #30, .T. );
#11378=DIRECTION ( 'NONE',  ( 3.252606517456585900E-015, 0.0000000000000000000, 1.000000000000000000 ) );
#11379=EDGE_CURVE ( 'NONE', #12486, #4264, #2047, .T. );
#11380=PLANE ( 'NONE',  #2702 );
#11381=EDGE_CURVE ( 'NONE', #2301, #1160, #4450, .T. );
#11382=LINE ( 'NONE', #5634, #3926 );
#11383=VERTEX_POINT ( 'NONE', #2925 );
#11384=FACE_OUTER_BOUND ( 'NONE', #408, .T. );
#11385=EDGE_CURVE ( 'NONE', #3749, #2847, #7600, .T. );
#11386=STYLED_ITEM ( 'NONE', ( #853 ), #8359 );
#11387=MANIFOLD_SOLID_BREP ( 'Pin 40', #12240 );
#11388=ORIENTED_EDGE ( 'NONE', *, *, #14689, .F. );
#11389=LINE ( 'NONE', #912, #3168 );
#11390=EDGE_CURVE ( 'NONE', #14473, #6012, #3481, .T. );
#11391=AXIS2_PLACEMENT_3D ( 'NONE', #3060, #12119, #361 );
#11392=ORIENTED_EDGE ( 'NONE', *, *, #3101, .T. );
#11393=ORIENTED_EDGE ( 'NONE', *, *, #11457, .T. );
#11394=ORIENTED_EDGE ( 'NONE', *, *, #10735, .T. );
#11395=ORIENTED_EDGE ( 'NONE', *, *, #12033, .F. );
#11396=PLANE ( 'NONE',  #2384 );
#11397=VERTEX_POINT ( 'NONE', #6144 );
#11398=LINE ( 'NONE', #138, #52 );
#11399=LINE ( 'NONE', #2464, #124 );
#11400=ORIENTED_EDGE ( 'NONE', *, *, #3456, .F. );
#11401=ORIENTED_EDGE ( 'NONE', *, *, #929, .T. );
#11402=MANIFOLD_SOLID_BREP ( 'Pin 53', #12012 );
#11403=DIRECTION ( 'NONE',  ( -1.000000000000000000, 0.0000000000000000000, -6.938514061341704300E-035 ) );
#11404=EDGE_CURVE ( 'NONE', #1356, #1293, #11220, .T. );
#11405=ORIENTED_EDGE ( 'NONE', *, *, #9178, .T. );
#11406=EDGE_CURVE ( 'NONE', #2055, #14575, #8781, .T. );
#11407=FACE_OUTER_BOUND ( 'NONE', #10798, .T. );
#11408=ORIENTED_EDGE ( 'NONE', *, *, #5778, .F. );
#11409=LINE ( 'NONE', #5310, #52 );
#11410=AXIS2_PLACEMENT_3D ( 'NONE', #2008, #128, #93 );
#11411=PLANE ( 'NONE',  #13047 );
#11412=ORIENTED_EDGE ( 'NONE', *, *, #11522, .F. );
#11413=ADVANCED_FACE ( 'NONE', ( #13702 ), #13495, .F. );
#11414=ORIENTED_EDGE ( 'NONE', *, *, #12867, .F. );
#11415=ORIENTED_EDGE ( 'NONE', *, *, #5682, .F. );
#11416=LINE ( 'NONE', #1131, #7343 );
#11417=ORIENTED_EDGE ( 'NONE', *, *, #1112, .T. );
#11418=ORIENTED_EDGE ( 'NONE', *, *, #8673, .F. );
#11419=LINE ( 'NONE', #6046, #52 );
#11420=ORIENTED_EDGE ( 'NONE', *, *, #5512, .F. );
#11421=EDGE_CURVE ( 'NONE', #3202, #4488, #8105, .T. );
#11422=LINE ( 'NONE', #4740, #3690 );
#11423=ORIENTED_EDGE ( 'NONE', *, *, #4490, .F. );
#11424=PRESENTATION_LAYER_ASSIGNMENT (  '', '', ( #7161 ) );
#11425=ORIENTED_EDGE ( 'NONE', *, *, #2905, .F. );
#11426=EDGE_LOOP ( 'NONE', ( #14060, #12634, #10764, #11149 ) );
#11427=EDGE_CURVE ( 'NONE', #421, #4518, #5027, .T. );
#11428=ADVANCED_FACE ( 'NONE', ( #13838 ), #12523, .T. );
#11429=ORIENTED_EDGE ( 'NONE', *, *, #11381, .F. );
#11430=VECTOR ( 'NONE', #342, 1000.000000000000000 );
#11431=EDGE_CURVE ( 'NONE', #7647, #10466, #4637, .T. );
#11432=ORIENTED_EDGE ( 'NONE', *, *, #13539, .F. );
#11433=ORIENTED_EDGE ( 'NONE', *, *, #12530, .F. );
#11434=ORIENTED_EDGE ( 'NONE', *, *, #10715, .F. );
#11435=FACE_OUTER_BOUND ( 'NONE', #10269, .T. );
#11436=DIRECTION ( 'NONE',  ( -2.385244779468105300E-014, 0.0000000000000000000, -1.000000000000000000 ) );
#11437=ORIENTED_EDGE ( 'NONE', *, *, #1788, .F. );
#11438=ORIENTED_EDGE ( 'NONE', *, *, #11314, .F. );
#11439=EDGE_CURVE ( 'NONE', #10600, #7202, #12491, .T. );
#11440=PLANE ( 'NONE',  #13642 );
#11441=ADVANCED_FACE ( 'NONE', ( #8942 ), #9721, .F. );
#11442=ORIENTED_EDGE ( 'NONE', *, *, #5278, .T. );
#11443=FACE_OUTER_BOUND ( 'NONE', #2529, .T. );
#11444=EDGE_CURVE ( 'NONE', #3938, #2898, #1579, .T. );
#11445=PLANE ( 'NONE',  #7632 );
#11446=ORIENTED_EDGE ( 'NONE', *, *, #4897, .F. );
#11447=EDGE_CURVE ( 'NONE', #6847, #13885, #2643, .T. );
#11448=VERTEX_POINT ( 'NONE', #2102 );
#11449=ORIENTED_EDGE ( 'NONE', *, *, #8372, .T. );
#11450=EDGE_LOOP ( 'NONE', ( #7744, #3710, #12694, #4427 ) );
#11451=EDGE_LOOP ( 'NONE', ( #5444, #7441, #5857, #12287 ) );
#11452=LINE ( 'NONE', #105, #52 );
#11453=EDGE_LOOP ( 'NONE', ( #8430, #13612, #11675, #6476 ) );
#11454=EDGE_CURVE ( 'NONE', #5926, #9429, #2443, .T. );
#11455=LINE ( 'NONE', #1575, #52 );
#11456=DIRECTION ( 'NONE',  ( 5.421010862427684900E-016, -1.540743955509788700E-033, 1.000000000000000000 ) );
#11457=EDGE_CURVE ( 'NONE', #13619, #7956, #13986, .T. );
#11458=FACE_BOUND ( 'NONE', #3421, .T. );
#11459=LINE ( 'NONE', #3408, #52 );
#11460=ORIENTED_EDGE ( 'NONE', *, *, #1940, .T. );
#11461=ORIENTED_EDGE ( 'NONE', *, *, #11404, .T. );
#11462=EDGE_CURVE ( 'NONE', #13235, #4518, #2030, .T. );
#11463=ORIENTED_EDGE ( 'NONE', *, *, #346, .F. );
#11464=LINE ( 'NONE', #687, #2348 );
#11465=EDGE_LOOP ( 'NONE', ( #10956, #4991, #5069, #8907 ) );
#11466=ORIENTED_EDGE ( 'NONE', *, *, #13266, .F. );
#11467=PLANE ( 'NONE',  #1336 );
#11468=FACE_OUTER_BOUND ( 'NONE', #12080, .T. );
#11469=ORIENTED_EDGE ( 'NONE', *, *, #5235, .F. );
#11470=ORIENTED_EDGE ( 'NONE', *, *, #1945, .F. );
#11471=AXIS2_PLACEMENT_3D ( 'NONE', #72, #2535, #1075 );
#11472=ORIENTED_EDGE ( 'NONE', *, *, #5985, .T. );
#11473=CARTESIAN_POINT ( 'NONE',  ( -3.799999999999985600, 0.05000000000000007900, -1.799999999999999600 ) );
#11474=ADVANCED_FACE ( 'NONE', ( #10904 ), #5035, .T. );
#11475=PLANE ( 'NONE',  #8563 );
#11476=EDGE_CURVE ( 'NONE', #1526, #8174, #2239, .T. );
#11477=VERTEX_POINT ( 'NONE', #4235 );
#11478=EDGE_CURVE ( 'NONE', #1754, #3467, #12329, .T. );
#11479=ORIENTED_EDGE ( 'NONE', *, *, #11379, .T. );
#11480=ORIENTED_EDGE ( 'NONE', *, *, #14063, .T. );
#11481=LINE ( 'NONE', #4813, #76 );
#11482=ORIENTED_EDGE ( 'NONE', *, *, #2533, .F. );
#11483=ORIENTED_EDGE ( 'NONE', *, *, #9366, .T. );
#11484=ORIENTED_EDGE ( 'NONE', *, *, #5365, .F. );
#11485=DIRECTION ( 'NONE',  ( 1.000000000000000000, 0.0000000000000000000, 5.220124945131697200E-036 ) );
#11486=PLANE ( 'NONE',  #2825 );
#11487=ORIENTED_EDGE ( 'NONE', *, *, #10091, .T. );
#11488=ADVANCED_FACE ( 'NONE', ( #6309 ), #472, .F. );
#11489=ORIENTED_EDGE ( 'NONE', *, *, #5181, .F. );
#11490=CARTESIAN_POINT ( 'NONE',  ( -1.250000000000000200, 0.05000000000000005100, 1.974999999999998500 ) );
#11491=VERTEX_POINT ( 'NONE', #5045 );
#11492=FACE_OUTER_BOUND ( 'NONE', #7516, .T. );
#11493=LINE ( 'NONE', #3936, #1977 );
#11494=EDGE_LOOP ( 'NONE', ( #6143, #11258, #10049, #13656 ) );
#11495=ORIENTED_EDGE ( 'NONE', *, *, #4334, .T. );
#11496=ORIENTED_EDGE ( 'NONE', *, *, #7831, .T. );
#11497=ORIENTED_EDGE ( 'NONE', *, *, #3219, .F. );
#11498=ADVANCED_FACE ( 'NONE', ( #3660 ), #7544, .F. );
#11499=FACE_OUTER_BOUND ( 'NONE', #8188, .T. );
#11500=ORIENTED_EDGE ( 'NONE', *, *, #4040, .F. );
#11501=LINE ( 'NONE', #5514, #52 );
#11502=DIRECTION ( 'NONE',  ( 1.000000000000000000, 0.0000000000000000000, 2.710505431213863600E-016 ) );
#11503=FACE_OUTER_BOUND ( 'NONE', #7051, .T. );
#11504=ORIENTED_EDGE ( 'NONE', *, *, #10241, .F. );
#11505=ORIENTED_EDGE ( 'NONE', *, *, #9280, .F. );
#11506=EDGE_CURVE ( 'NONE', #1427, #13059, #6506, .T. );
#11507=EDGE_LOOP ( 'NONE', ( #4546, #3021, #8347, #11056 ) );
#11508=LINE ( 'NONE', #1874, #1411 );
#11509=FACE_OUTER_BOUND ( 'NONE', #11868, .T. );
#11510=ORIENTED_EDGE ( 'NONE', *, *, #12028, .T. );
#11511=FACE_OUTER_BOUND ( 'NONE', #6141, .T. );
#11512=EDGE_CURVE ( 'NONE', #7702, #13566, #9624, .T. );
#11513=ADVANCED_FACE ( 'NONE', ( #11384 ), #6266, .F. );
#11514=VERTEX_POINT ( 'NONE', #5138 );
#11515=PRESENTATION_LAYER_ASSIGNMENT (  '', '', ( #11275 ) );
#11516=DIRECTION ( 'NONE',  ( -1.000000000000000000, 0.0000000000000000000, 3.244750383716045300E-035 ) );
#11517=ORIENTED_EDGE ( 'NONE', *, *, #9006, .T. );
#11518=PLANE ( 'NONE',  #6102 );
#11519=LINE ( 'NONE', #11231, #156 );
#11520=PLANE ( 'NONE',  #1091 );
#11521=ORIENTED_EDGE ( 'NONE', *, *, #5235, .T. );
#11522=EDGE_CURVE ( 'NONE', #8034, #10705, #8596, .T. );
#11523=EDGE_CURVE ( 'NONE', #8058, #2565, #11844, .T. );
#11524=FACE_OUTER_BOUND ( 'NONE', #9593, .T. );
#11525=ORIENTED_EDGE ( 'NONE', *, *, #2796, .T. );
#11526=PLANE ( 'NONE',  #9955 );
#11527=ORIENTED_EDGE ( 'NONE', *, *, #5559, .T. );
#11528=EDGE_LOOP ( 'NONE', ( #10315, #10033, #1979, #1150 ) );
#11529=ADVANCED_FACE ( 'NONE', ( #2855 ), #9946, .F. );
#11530=AXIS2_PLACEMENT_3D ( 'NONE', #2836, #6595, #489 );
#11531=EDGE_LOOP ( 'NONE', ( #10673, #14753, #3718, #2512 ) );
#11532=AXIS2_PLACEMENT_3D ( 'NONE', #3428, #93, #18 );
#11533=ORIENTED_EDGE ( 'NONE', *, *, #11365, .F. );
#11534=FACE_OUTER_BOUND ( 'NONE', #6538, .T. );
#11535=CIRCLE ( 'NONE', #376, 0.2500000000000002200 );
#11536=ORIENTED_EDGE ( 'NONE', *, *, #7496, .F. );
#11537=MANIFOLD_SOLID_BREP ( 'Pin 38', #2495 );
#11538=EDGE_CURVE ( 'NONE', #12495, #12628, #9777, .T. );
#11539=ORIENTED_EDGE ( 'NONE', *, *, #3550, .T. );
#11540=VERTEX_POINT ( 'NONE', #5534 );
#11541=EDGE_CURVE ( 'NONE', #14130, #13016, #13083, .T. );
#11542=EDGE_LOOP ( 'NONE', ( #1862, #5529, #3189, #677 ) );
#11543=ADVANCED_FACE ( 'NONE', ( #12645 ), #13853, .T. );
#11544=PLANE ( 'NONE',  #11190 );
#11545=EDGE_LOOP ( 'NONE', ( #12366, #11437, #7497, #13652 ) );
#11546=ORIENTED_EDGE ( 'NONE', *, *, #12201, .F. );
#11547=EDGE_CURVE ( 'NONE', #13704, #1630, #2833, .T. );
#11548=AXIS2_PLACEMENT_3D ( 'NONE', #67, #88, #4371 );
#11549=ORIENTED_EDGE ( 'NONE', *, *, #2237, .T. );
#11550=ORIENTED_EDGE ( 'NONE', *, *, #13571, .F. );
#11551=ORIENTED_EDGE ( 'NONE', *, *, #11406, .T. );
#11552=ORIENTED_EDGE ( 'NONE', *, *, #8853, .F. );
#11553=VERTEX_POINT ( 'NONE', #3823 );
#11554=ORIENTED_EDGE ( 'NONE', *, *, #263, .F. );
#11555=STYLED_ITEM ( 'NONE', ( #853 ), #11935 );
#11556=VERTEX_POINT ( 'NONE', #5696 );
#11557=FACE_OUTER_BOUND ( 'NONE', #663, .T. );
#11558=PLANE ( 'NONE',  #5146 );
#11559=ADVANCED_FACE ( 'NONE', ( #6860 ), #7775, .T. );
#11560=EDGE_CURVE ( 'NONE', #12553, #6113, #4225, .T. );
#11561=EDGE_LOOP ( 'NONE', ( #11157, #10897, #10090, #7595, #8319, #12908, #9769, #9716 ) );
#11562=EDGE_LOOP ( 'NONE', ( #11842, #2407, #1958, #1896 ) );
#11563=EDGE_LOOP ( 'NONE', ( #7043, #13604, #1205, #9979 ) );
#11564=ORIENTED_EDGE ( 'NONE', *, *, #11595, .F. );
#11565=EDGE_CURVE ( 'NONE', #9961, #4775, #14407, .T. );
#11566=LINE ( 'NONE', #2040, #10308 );
#11567=PLANE ( 'NONE',  #14579 );
#11568=ORIENTED_EDGE ( 'NONE', *, *, #3531, .F. );
#11569=LINE ( 'NONE', #2549, #4289 );
#11570=ORIENTED_EDGE ( 'NONE', *, *, #10095, .T. );
#11571=CARTESIAN_POINT ( 'NONE',  ( 0.0000000000000000000, 2.549999999999999800, 7.429999999999999700 ) );
#11572=LINE ( 'NONE', #1337, #3913 );
#11573=VERTEX_POINT ( 'NONE', #1384 );
#11574=PLANE ( 'NONE',  #7722 );
#11575=ADVANCED_FACE ( 'NONE', ( #11057 ), #12904, .T. );
#11576=ORIENTED_EDGE ( 'NONE', *, *, #13086, .F. );
#11577=EDGE_LOOP ( 'NONE', ( #1133, #13248, #11174, #14542 ) );
#11578=ORIENTED_EDGE ( 'NONE', *, *, #4583, .F. );
#11579=FACE_OUTER_BOUND ( 'NONE', #7954, .T. );
#11580=EDGE_CURVE ( 'NONE', #1602, #6334, #12776, .T. );
#11581=ORIENTED_EDGE ( 'NONE', *, *, #6886, .F. );
#11582=FACE_OUTER_BOUND ( 'NONE', #784, .T. );
#11583=ORIENTED_EDGE ( 'NONE', *, *, #3957, .T. );
#11584=EDGE_CURVE ( 'NONE', #11155, #5957, #11830, .T. );
#11585=VERTEX_POINT ( 'NONE', #5683 );
#11586=EDGE_CURVE ( 'NONE', #3366, #432, #10110, .T. );
#11587=LINE ( 'NONE', #482, #119 );
#11588=LINE ( 'NONE', #108, #95 );
#11589=ORIENTED_EDGE ( 'NONE', *, *, #341, .F. );
#11590=ADVANCED_FACE ( 'NONE', ( #3262 ), #98, .T. );
#11591=AXIS2_PLACEMENT_3D ( 'NONE', #3003, #6235, #2550 );
#11592=LINE ( 'NONE', #1452, #10186 );
#11593=ORIENTED_EDGE ( 'NONE', *, *, #3158, .F. );
#11594=FACE_OUTER_BOUND ( 'NONE', #4747, .T. );
#11595=EDGE_CURVE ( 'NONE', #4818, #7292, #12479, .T. );
#11596=FACE_OUTER_BOUND ( 'NONE', #11756, .T. );
#11597=ORIENTED_EDGE ( 'NONE', *, *, #6271, .T. );
#11598=EDGE_CURVE ( 'NONE', #12432, #4459, #162, .T. );
#11599=EDGE_LOOP ( 'NONE', ( #6903, #12864, #13406, #13091 ) );
#11600=PLANE ( 'NONE',  #13050 );
#11601=EDGE_LOOP ( 'NONE', ( #11395, #10257, #9734, #10363 ) );
#11602=DIRECTION ( 'NONE',  ( 1.000000000000000000, 0.0000000000000000000, -2.710505431213795100E-016 ) );
#11603=ORIENTED_EDGE ( 'NONE', *, *, #433, .F. );
#11604=AXIS2_PLACEMENT_3D ( 'NONE', #5907, #778, #6764 );
#11605=ORIENTED_EDGE ( 'NONE', *, *, #2341, .T. );
#11606=EDGE_CURVE ( 'NONE', #8526, #2935, #13825, .T. );
#11607=VERTEX_POINT ( 'NONE', #6833 );
#11608=STYLED_ITEM ( 'NONE', ( #853 ), #9586 );
#11609=PLANE ( 'NONE',  #3798 );
#11610=ADVANCED_FACE ( 'NONE', ( #8424, #13534 ), #3165, .T. );
#11611=LINE ( 'NONE', #5214, #121 );
#11612=AXIS2_PLACEMENT_3D ( 'NONE', #924, #1184, #2194 );
#11613=ORIENTED_EDGE ( 'NONE', *, *, #14691, .T. );
#11614=LINE ( 'NONE', #709, #718 );
#11615=PRESENTATION_LAYER_ASSIGNMENT (  '', '', ( #14075 ) );
#11616=EDGE_LOOP ( 'NONE', ( #2978, #13739, #13203, #3779 ) );
#11617=PLANE ( 'NONE',  #8654 );
#11618=EDGE_CURVE ( 'NONE', #6975, #4327, #9113, .T. );
#11619=LINE ( 'NONE', #9943, #544 );
#11620=EDGE_CURVE ( 'NONE', #9427, #2077, #7238, .T. );
#11621=ORIENTED_EDGE ( 'NONE', *, *, #8730, .T. );
#11622=EDGE_LOOP ( 'NONE', ( #14010, #12472, #4564, #8305 ) );
#11623=FACE_OUTER_BOUND ( 'NONE', #12462, .T. );
#11624=VERTEX_POINT ( 'NONE', #5532 );
#11625=EDGE_LOOP ( 'NONE', ( #11470, #5279, #4600, #3480 ) );
#11626=FACE_OUTER_BOUND ( 'NONE', #8330, .T. );
#11627=ORIENTED_EDGE ( 'NONE', *, *, #12413, .T. );
#11628=EDGE_CURVE ( 'NONE', #9401, #1698, #4621, .T. );
#11629=ADVANCED_FACE ( 'NONE', ( #12162 ), #1705, .F. );
#11630=CARTESIAN_POINT ( 'NONE',  ( 5.500000000000028400, 0.05000000000000007900, 6.099999999999997000 ) );
#11631=ORIENTED_EDGE ( 'NONE', *, *, #148, .F. );
#11632=ORIENTED_EDGE ( 'NONE', *, *, #9335, .F. );
#11633=FACE_OUTER_BOUND ( 'NONE', #10445, .T. );
#11634=VERTEX_POINT ( 'NONE', #485 );
#11635=ORIENTED_EDGE ( 'NONE', *, *, #13881, .F. );
#11636=LINE ( 'NONE', #1386, #124 );
#11637=VERTEX_POINT ( 'NONE', #9747 );
#11638=ORIENTED_EDGE ( 'NONE', *, *, #4826, .F. );
#11639=EDGE_CURVE ( 'NONE', #7069, #11448, #14701, .T. );
#11640=EDGE_LOOP ( 'NONE', ( #10947, #6859, #5573, #1269 ) );
#11641=ADVANCED_FACE ( 'NONE', ( #1346 ), #998, .T. );
#11642=EDGE_CURVE ( 'NONE', #4704, #3918, #5368, .T. );
#11643=ORIENTED_EDGE ( 'NONE', *, *, #409, .T. );
#11644=DIRECTION ( 'NONE',  ( 1.436365053392000900E-034, 0.0000000000000000000, 1.000000000000000000 ) );
#11645=AXIS2_PLACEMENT_3D ( 'NONE', #2997, #2116, #128 );
#11646=ORIENTED_EDGE ( 'NONE', *, *, #14135, .T. );
#11647=LINE ( 'NONE', #3398, #52 );
#11648=PLANE ( 'NONE',  #11686 );
#11649=FACE_OUTER_BOUND ( 'NONE', #8995, .T. );
#11650=ORIENTED_EDGE ( 'NONE', *, *, #9308, .F. );
#11651=ORIENTED_EDGE ( 'NONE', *, *, #1806, .T. );
#11652=AXIS2_PLACEMENT_3D ( 'NONE', #1591, #2116, #128 );
#11653=ORIENTED_EDGE ( 'NONE', *, *, #571, .T. );
#11654=EDGE_CURVE ( 'NONE', #7930, #2215, #10891, .T. );
#11655=ADVANCED_FACE ( 'NONE', ( #5008 ), #7139, .T. );
#11656=ORIENTED_EDGE ( 'NONE', *, *, #4917, .F. );
#11657=FACE_OUTER_BOUND ( 'NONE', #14654, .T. );
#11658=PLANE ( 'NONE',  #10572 );
#11659=LINE ( 'NONE', #2674, #1315 );
#11660=PLANE ( 'NONE',  #8465 );
#11661=ORIENTED_EDGE ( 'NONE', *, *, #10441, .F. );
#11662=EDGE_CURVE ( 'NONE', #5120, #14172, #8089, .T. );
#11663=ORIENTED_EDGE ( 'NONE', *, *, #9211, .F. );
#11664=CARTESIAN_POINT ( 'NONE',  ( 5.500000000000027500, 1.592421940838084600E-016, -1.500000000000002700 ) );
#11665=DIRECTION ( 'NONE',  ( -1.000000000000000000, 0.0000000000000000000, 1.301042606982603000E-014 ) );
#11666=LINE ( 'NONE', #2196, #144 );
#11667=LINE ( 'NONE', #1201, #2812 );
#11668=AXIS2_PLACEMENT_3D ( 'NONE', #67, #88, #6305 );
#11669=VERTEX_POINT ( 'NONE', #1248 );
#11670=FACE_OUTER_BOUND ( 'NONE', #9677, .T. );
#11671=PLANE ( 'NONE',  #12123 );
#11672=ADVANCED_FACE ( 'NONE', ( #12940 ), #10349, .F. );
#11673=EDGE_CURVE ( 'NONE', #2843, #14433, #2428, .T. );
#11674=ORIENTED_EDGE ( 'NONE', *, *, #2897, .F. );
#11675=ORIENTED_EDGE ( 'NONE', *, *, #12033, .T. );
#11676=CLOSED_SHELL ( 'NONE', ( #13088, #13676, #400, #8898, #8419, #12104 ) );
#11677=EDGE_LOOP ( 'NONE', ( #6689, #6885, #11181, #8373 ) );
#11678=LINE ( 'NONE', #3682, #845 );
#11679=EDGE_CURVE ( 'NONE', #13905, #9263, #9449, .T. );
#11680=FACE_OUTER_BOUND ( 'NONE', #9380, .T. );
#11681=ORIENTED_EDGE ( 'NONE', *, *, #3004, .F. );
#11682=EDGE_CURVE ( 'NONE', #2927, #1307, #10265, .T. );
#11683=AXIS2_PLACEMENT_3D ( 'NONE', #1927, #18, #511 );
#11684=VERTEX_POINT ( 'NONE', #426 );
#11685=ADVANCED_FACE ( 'NONE', ( #664 ), #301, .F. );
#11686=AXIS2_PLACEMENT_3D ( 'NONE', #2985, #711, #280 );
#11687=ORIENTED_EDGE ( 'NONE', *, *, #8574, .F. );
#11688=ORIENTED_EDGE ( 'NONE', *, *, #11712, .T. );
#11689=ORIENTED_EDGE ( 'NONE', *, *, #3258, .F. );
#11690=EDGE_CURVE ( 'NONE', #5530, #12531, #12315, .T. );
#11691=EDGE_LOOP ( 'NONE', ( #12637, #8591, #9032, #10120 ) );
#11692=EDGE_LOOP ( 'NONE', ( #1764, #3272, #13042, #3145 ) );
#11693=EDGE_CURVE ( 'NONE', #10595, #787, #7587, .T. );
#11694=FACE_OUTER_BOUND ( 'NONE', #10991, .T. );
#11695=FACE_OUTER_BOUND ( 'NONE', #7724, .T. );
#11696=ORIENTED_EDGE ( 'NONE', *, *, #10068, .T. );
#11697=DIRECTION ( 'NONE',  ( 1.025057203597679900E-034, 0.0000000000000000000, -1.000000000000000000 ) );
#11698=FACE_OUTER_BOUND ( 'NONE', #6139, .T. );
#11699=AXIS2_PLACEMENT_3D ( 'NONE', #2222, #778, #372 );
#11700=LINE ( 'NONE', #1874, #2259 );
#11701=ORIENTED_EDGE ( 'NONE', *, *, #13055, .F. );
#11702=DIRECTION ( 'NONE',  ( -1.000000000000000000, 1.925929944387235900E-034, -4.336808689941613800E-015 ) );
#11703=EDGE_CURVE ( 'NONE', #10682, #13671, #897, .T. );
#11704=VERTEX_POINT ( 'NONE', #2127 );
#11705=PRESENTATION_LAYER_ASSIGNMENT (  '', '', ( #1073 ) );
#11706=ADVANCED_FACE ( 'NONE', ( #7036 ), #6983, .F. );
#11707=ORIENTED_EDGE ( 'NONE', *, *, #6581, .T. );
#11708=ORIENTED_EDGE ( 'NONE', *, *, #10121, .T. );
#11709=VERTEX_POINT ( 'NONE', #1709 );
#11710=ORIENTED_EDGE ( 'NONE', *, *, #3868, .F. );
#11711=ORIENTED_EDGE ( 'NONE', *, *, #6910, .T. );
#11712=EDGE_CURVE ( 'NONE', #7193, #6685, #7918, .T. );
#11713=EDGE_LOOP ( 'NONE', ( #14207, #7935, #1185, #10225 ) );
#11714=ORIENTED_EDGE ( 'NONE', *, *, #3349, .F. );
#11715=EDGE_CURVE ( 'NONE', #12415, #2158, #11202, .T. );
#11716=DIRECTION ( 'NONE',  ( 1.000000000000000000, 0.0000000000000000000, 6.505213034913720800E-015 ) );
#11717=ORIENTED_EDGE ( 'NONE', *, *, #11586, .F. );
#11718=VERTEX_POINT ( 'NONE', #482 );
#11719=EDGE_CURVE ( 'NONE', #12812, #6334, #13376, .T. );
#11720=ORIENTED_EDGE ( 'NONE', *, *, #41, .T. );
#11721=FACE_OUTER_BOUND ( 'NONE', #3394, .T. );
#11722=( GEOMETRIC_REPRESENTATION_CONTEXT ( 3 ) GLOBAL_UNCERTAINTY_ASSIGNED_CONTEXT ( ( #221 ) ) GLOBAL_UNIT_ASSIGNED_CONTEXT ( ( #324, #94, #251 ) ) REPRESENTATION_CONTEXT ( 'NONE', 'WORKASPACE' ) );
#11723=VERTEX_POINT ( 'NONE', #4588 );
#11724=LINE ( 'NONE', #2969, #4522 );
#11725=ADVANCED_FACE ( 'NONE', ( #12766 ), #3392, .F. );
#11726=LINE ( 'NONE', #4827, #22 );
#11727=PLANE ( 'NONE',  #6468 );
#11728=ORIENTED_EDGE ( 'NONE', *, *, #8531, .F. );
#11729=DIRECTION ( 'NONE',  ( 5.529431079676238000E-014, 0.0000000000000000000, -1.000000000000000000 ) );
#11730=DIRECTION ( 'NONE',  ( -1.000000000000000000, 0.0000000000000000000, -1.384349459225413400E-046 ) );
#11731=ORIENTED_EDGE ( 'NONE', *, *, #2542, .T. );
#11732=AXIS2_PLACEMENT_3D ( 'NONE', #3260, #3, #3174 );
#11733=DIRECTION ( 'NONE',  ( -0.7071067811865487900, 0.0000000000000000000, -0.7071067811865463500 ) );
#11734=EDGE_LOOP ( 'NONE', ( #5268, #7754, #6624, #5195 ) );
#11735=LINE ( 'NONE', #4135, #186 );
#11736=LINE ( 'NONE', #7216, #2309 );
#11737=EDGE_LOOP ( 'NONE', ( #14505, #403, #14709, #7409 ) );
#11738=DIRECTION ( 'NONE',  ( -5.476194500280592800E-048, 0.0000000000000000000, 1.000000000000000000 ) );
#11739=ORIENTED_EDGE ( 'NONE', *, *, #11352, .F. );
#11740=EDGE_LOOP ( 'NONE', ( #13577, #1796, #2238, #11119 ) );
#11741=ADVANCED_FACE ( 'NONE', ( #2628 ), #7084, .F. );
#11742=PLANE ( 'NONE',  #7843 );
#11743=EDGE_LOOP ( 'NONE', ( #3886, #891, #6776, #3856 ) );
#11744=EDGE_LOOP ( 'NONE', ( #7763, #1274, #11854, #8000 ) );
#11745=LINE ( 'NONE', #2510, #350 );
#11746=PLANE ( 'NONE',  #11781 );
#11747=ORIENTED_EDGE ( 'NONE', *, *, #5191, .F. );
#11748=FACE_OUTER_BOUND ( 'NONE', #13584, .T. );
#11749=ORIENTED_EDGE ( 'NONE', *, *, #4939, .T. );
#11750=LINE ( 'NONE', #10126, #350 );
#11751=EDGE_LOOP ( 'NONE', ( #11025, #11835, #14443, #14237 ) );
#11752=ORIENTED_EDGE ( 'NONE', *, *, #14516, .T. );
#11753=EDGE_CURVE ( 'NONE', #9800, #8181, #8930, .T. );
#11754=ADVANCED_FACE ( 'NONE', ( #11670 ), #1128, .T. );
#11755=LINE ( 'NONE', #167, #9013 );
#11756=EDGE_LOOP ( 'NONE', ( #7119, #962, #13580, #8260 ) );
#11757=LINE ( 'NONE', #3024, #7334 );
#11758=ORIENTED_EDGE ( 'NONE', *, *, #3139, .T. );
#11759=FACE_BOUND ( 'NONE', #4754, .T. );
#11760=LINE ( 'NONE', #3352, #7334 );
#11761=EDGE_CURVE ( 'NONE', #4586, #14519, #3053, .T. );
#11762=AXIS2_PLACEMENT_3D ( 'NONE', #202, #1224, #5284 );
#11763=ORIENTED_EDGE ( 'NONE', *, *, #13426, .T. );
#11764=ORIENTED_EDGE ( 'NONE', *, *, #12385, .F. );
#11765=VERTEX_POINT ( 'NONE', #6046 );
#11766=ADVANCED_FACE ( 'NONE', ( #6109 ), #7240, .T. );
#11767=ORIENTED_EDGE ( 'NONE', *, *, #11832, .T. );
#11768=PLANE ( 'NONE',  #1716 );
#11769=EDGE_CURVE ( 'NONE', #13657, #10416, #11819, .T. );
#11770=ORIENTED_EDGE ( 'NONE', *, *, #2881, .F. );
#11771=MANIFOLD_SOLID_BREP ( 'Pin 19', #13332 );
#11772=ORIENTED_EDGE ( 'NONE', *, *, #12718, .T. );
#11773=EDGE_LOOP ( 'NONE', ( #7971, #1067, #14105, #11838 ) );
#11774=CARTESIAN_POINT ( 'NONE',  ( -5.824999999999999300, 20.65008038564430800, -2.020000000000000000 ) );
#11775=ORIENTED_EDGE ( 'NONE', *, *, #13772, .T. );
#11776=EDGE_CURVE ( 'NONE', #507, #1426, #10096, .T. );
#11777=AXIS2_PLACEMENT_3D ( 'NONE', #1079, #8582, #8601 );
#11778=AXIS2_PLACEMENT_3D ( 'NONE', #5458, #128, #711 );
#11779=CARTESIAN_POINT ( 'NONE',  ( 5.824999999999999300, 20.65008038564430800, 7.430000000000001500 ) );
#11780=EDGE_LOOP ( 'NONE', ( #12440, #6953, #7749, #14101 ) );
#11781=AXIS2_PLACEMENT_3D ( 'NONE', #202, #778, #2392 );
#11782=EDGE_LOOP ( 'NONE', ( #9120, #10041, #13178, #14643 ) );
#11783=ORIENTED_EDGE ( 'NONE', *, *, #5584, .T. );
#11784=LINE ( 'NONE', #6925, #5366 );
#11785=ORIENTED_EDGE ( 'NONE', *, *, #14372, .T. );
#11786=LINE ( 'NONE', #2357, #22 );
#11787=ORIENTED_EDGE ( 'NONE', *, *, #13556, .F. );
#11788=ADVANCED_FACE ( 'NONE', ( #14543 ), #11526, .T. );
#11789=ORIENTED_EDGE ( 'NONE', *, *, #1005, .T. );
#11790=EDGE_CURVE ( 'NONE', #11573, #6914, #5734, .T. );
#11791=EDGE_CURVE ( 'NONE', #14536, #13122, #2816, .T. );
#11792=EDGE_CURVE ( 'NONE', #6012, #14519, #11991, .T. );
#11793=EDGE_LOOP ( 'NONE', ( #4270, #1914, #8410, #3297 ) );
#11794=AXIS2_PLACEMENT_3D ( 'NONE', #305, #13188, #1266 );
#11795=ORIENTED_EDGE ( 'NONE', *, *, #12026, .T. );
#11796=EDGE_CURVE ( 'NONE', #12873, #8867, #11046, .T. );
#11797=FACE_OUTER_BOUND ( 'NONE', #9977, .T. );
#11798=LINE ( 'NONE', #4158, #2061 );
#11799=ORIENTED_EDGE ( 'NONE', *, *, #5516, .T. );
#11800=LINE ( 'NONE', #1404, #1411 );
#11801=ORIENTED_EDGE ( 'NONE', *, *, #6927, .T. );
#11802=ORIENTED_EDGE ( 'NONE', *, *, #6890, .F. );
#11803=ADVANCED_FACE ( 'NONE', ( #1791 ), #12595, .T. );
#11804=CARTESIAN_POINT ( 'NONE',  ( -5.725000000000000500, 0.7999999999999999300, 7.530000000000000200 ) );
#11805=EDGE_LOOP ( 'NONE', ( #4300, #8690, #6055, #13177 ) );
#11806=LINE ( 'NONE', #7932, #52 );
#11807=ORIENTED_EDGE ( 'NONE', *, *, #5601, .F. );
#11808=EDGE_CURVE ( 'NONE', #2742, #10665, #8254, .T. );
#11809=FACE_OUTER_BOUND ( 'NONE', #3278, .T. );
#11810=EDGE_LOOP ( 'NONE', ( #3329, #6514, #13215, #4566 ) );
#11811=ORIENTED_EDGE ( 'NONE', *, *, #4722, .T. );
#11812=PLANE ( 'NONE',  #4204 );
#11813=EDGE_CURVE ( 'NONE', #11634, #9563, #3641, .T. );
#11814=PRESENTATION_LAYER_ASSIGNMENT (  '', '', ( #2411 ) );
#11815=ADVANCED_FACE ( 'NONE', ( #4013 ), #9412, .T. );
#11816=EDGE_LOOP ( 'NONE', ( #1905, #4076, #5618, #2143 ) );
#11817=LINE ( 'NONE', #1159, #3464 );
#11818=ORIENTED_EDGE ( 'NONE', *, *, #3804, .F. );
#11819=LINE ( 'NONE', #122, #22 );
#11820=LINE ( 'NONE', #9058, #1272 );
#11821=AXIS2_PLACEMENT_3D ( 'NONE', #202, #8369, #325 );
#11822=PLANE ( 'NONE',  #10239 );
#11823=ORIENTED_EDGE ( 'NONE', *, *, #4433, .F. );
#11824=EDGE_CURVE ( 'NONE', #738, #12429, #13525, .T. );
#11825=ORIENTED_EDGE ( 'NONE', *, *, #10914, .F. );
#11826=VERTEX_POINT ( 'NONE', #5209 );
#11827=ADVANCED_FACE ( 'NONE', ( #404 ), #7964, .T. );
#11828=LINE ( 'NONE', #4872, #52 );
#11829=EDGE_LOOP ( 'NONE', ( #11842, #1133, #9371, #1870 ) );
#11830=LINE ( 'NONE', #3428, #22 );
#11831=DIRECTION ( 'NONE',  ( 2.168404344971059700E-015, 0.0000000000000000000, 1.000000000000000000 ) );
#11832=EDGE_CURVE ( 'NONE', #4409, #11585, #2224, .T. );
#11833=DIRECTION ( 'NONE',  ( 1.355252715606912100E-016, 0.0000000000000000000, -1.000000000000000000 ) );
#11834=EDGE_CURVE ( 'NONE', #1212, #2995, #6292, .T. );
#11835=ORIENTED_EDGE ( 'NONE', *, *, #14584, .F. );
#11836=ORIENTED_EDGE ( 'NONE', *, *, #13854, .F. );
#11837=EDGE_LOOP ( 'NONE', ( #4739, #10574, #12097, #5461 ) );
#11838=ORIENTED_EDGE ( 'NONE', *, *, #5020, .T. );
#11839=LINE ( 'NONE', #4116, #22 );
#11840=LINE ( 'NONE', #924, #22 );
#11841=LINE ( 'NONE', #3943, #186 );
#11842=ORIENTED_EDGE ( 'NONE', *, *, #1945, .T. );
#11843=EDGE_CURVE ( 'NONE', #13509, #13621, #5189, .T. );
#11844=LINE ( 'NONE', #11490, #22 );
#11845=EDGE_CURVE ( 'NONE', #10362, #8562, #10412, .T. );
#11846=LINE ( 'NONE', #459, #186 );
#11847=ORIENTED_EDGE ( 'NONE', *, *, #11195, .T. );
#11848=ADVANCED_FACE ( 'NONE', ( #5550 ), #4428, .F. );
#11849=ORIENTED_EDGE ( 'NONE', *, *, #10166, .T. );
#11850=EDGE_CURVE ( 'NONE', #3715, #745, #12303, .T. );
#11851=ORIENTED_EDGE ( 'NONE', *, *, #8853, .T. );
#11852=EDGE_CURVE ( 'NONE', #5604, #6870, #1771, .T. );
#11853=ORIENTED_EDGE ( 'NONE', *, *, #224, .F. );
#11854=ORIENTED_EDGE ( 'NONE', *, *, #11245, .T. );
#11855=LINE ( 'NONE', #8637, #52 );
#11856=ORIENTED_EDGE ( 'NONE', *, *, #1547, .T. );
#11857=FACE_OUTER_BOUND ( 'NONE', #13831, .T. );
#11858=PRODUCT_RELATED_PRODUCT_CATEGORY ( 'part', '', ( #12919 ) );
#11859=FACE_OUTER_BOUND ( 'NONE', #12878, .T. );
#11860=ORIENTED_EDGE ( 'NONE', *, *, #9603, .F. );
#11861=EDGE_CURVE ( 'NONE', #2053, #4262, #13065, .T. );
#11862=VERTEX_POINT ( 'NONE', #9188 );
#11863=DIRECTION ( 'NONE',  ( 5.421010862427684900E-016, 0.0000000000000000000, 1.000000000000000000 ) );
#11864=EDGE_CURVE ( 'NONE', #2503, #10803, #7560, .T. );
#11865=ADVANCED_FACE ( 'NONE', ( #14258 ), #5785, .T. );
#11866=EDGE_LOOP ( 'NONE', ( #10516, #14412, #11785, #6051 ) );
#11867=ORIENTED_EDGE ( 'NONE', *, *, #9373, .T. );
#11868=EDGE_LOOP ( 'NONE', ( #731, #3606, #9841, #9796 ) );
#11869=LINE ( 'NONE', #6303, #22 );
#11870=AXIS2_PLACEMENT_3D ( 'NONE', #6151, #7693, #5355 );
#11871=LINE ( 'NONE', #3260, #52 );
#11872=VERTEX_POINT ( 'NONE', #439 );
#11873=EDGE_LOOP ( 'NONE', ( #11197, #13038, #10919, #2903 ) );
#11874=VERTEX_POINT ( 'NONE', #5630 );
#11875=FACE_OUTER_BOUND ( 'NONE', #6923, .T. );
#11876=ORIENTED_EDGE ( 'NONE', *, *, #5631, .T. );
#11877=EDGE_LOOP ( 'NONE', ( #9871, #12697, #4805, #7838 ) );
#11878=ADVANCED_FACE ( 'NONE', ( #11657 ), #12108, .F. );
#11879=AXIS2_PLACEMENT_3D ( 'NONE', #7406, #7367, #5185 );
#11880=LINE ( 'NONE', #1412, #788 );
#11881=CARTESIAN_POINT ( 'NONE',  ( 5.500000000000028400, -3.388131789017201400E-018, 1.700000000000008400 ) );
#11882=ORIENTED_EDGE ( 'NONE', *, *, #6029, .T. );
#11883=LINE ( 'NONE', #3917, #4633 );
#11884=EDGE_CURVE ( 'NONE', #14082, #4357, #32, .T. );
#11885=ORIENTED_EDGE ( 'NONE', *, *, #2991, .T. );
#11886=ORIENTED_EDGE ( 'NONE', *, *, #14526, .T. );
#11887=DIRECTION ( 'NONE',  ( 1.000000000000000000, -0.0000000000000000000, 2.710505431213853800E-016 ) );
#11888=EDGE_CURVE ( 'NONE', #1416, #9610, #9602, .T. );
#11889=AXIS2_PLACEMENT_3D ( 'NONE', #3936, #2329, #14352 );
#11890=EDGE_LOOP ( 'NONE', ( #6330, #5358, #12159, #14641 ) );
#11891=MECHANICAL_DESIGN_GEOMETRIC_PRESENTATION_REPRESENTATION (  '', ( #4537 ), #9609 );
#11892=FACE_OUTER_BOUND ( 'NONE', #1374, .T. );
#11893=CLOSED_SHELL ( 'NONE', ( #7974, #6972, #4510, #1177, #10023, #1466 ) );
#11894=FACE_OUTER_BOUND ( 'NONE', #13455, .T. );
#11895=EDGE_LOOP ( 'NONE', ( #3345, #2614, #906, #5332 ) );
#11896=LINE ( 'NONE', #1640, #22 );
#11897=ADVANCED_FACE ( 'NONE', ( #8918 ), #679, .T. );
#11898=ORIENTED_EDGE ( 'NONE', *, *, #11259, .F. );
#11899=FACE_OUTER_BOUND ( 'NONE', #10192, .T. );
#11900=ORIENTED_EDGE ( 'NONE', *, *, #13535, .F. );
#11901=STYLED_ITEM ( 'NONE', ( #853 ), #12357 );
#11902=ORIENTED_EDGE ( 'NONE', *, *, #12852, .F. );
#11903=FACE_OUTER_BOUND ( 'NONE', #11934, .T. );
#11904=FACE_OUTER_BOUND ( 'NONE', #6586, .T. );
#11905=ORIENTED_EDGE ( 'NONE', *, *, #10615, .F. );
#11906=ORIENTED_EDGE ( 'NONE', *, *, #10300, .F. );
#11907=EDGE_CURVE ( 'NONE', #1605, #13894, #2612, .T. );
#11908=LINE ( 'NONE', #2102, #52 );
#11909=EDGE_LOOP ( 'NONE', ( #10636, #9714, #5432, #8881 ) );
#11910=ORIENTED_EDGE ( 'NONE', *, *, #9548, .T. );
#11911=PRESENTATION_LAYER_ASSIGNMENT (  '', '', ( #1254 ) );
#11912=ORIENTED_EDGE ( 'NONE', *, *, #4783, .T. );
#11913=ORIENTED_EDGE ( 'NONE', *, *, #24, .F. );
#11914=EDGE_CURVE ( 'NONE', #9458, #3831, #7731, .T. );
#11915=PLANE ( 'NONE',  #4839 );
#11916=ADVANCED_FACE ( 'NONE', ( #13681 ), #7075, .F. );
#11917=LINE ( 'NONE', #509, #429 );
#11918=ORIENTED_EDGE ( 'NONE', *, *, #10356, .T. );
#11919=EDGE_LOOP ( 'NONE', ( #7864, #8826, #13375, #13391 ) );
#11920=AXIS2_PLACEMENT_3D ( 'NONE', #67, #88, #4109 );
#11921=ORIENTED_EDGE ( 'NONE', *, *, #14424, .T. );
#11922=EDGE_CURVE ( 'NONE', #9067, #1459, #11979, .T. );
#11923=ORIENTED_EDGE ( 'NONE', *, *, #8479, .F. );
#11924=EDGE_LOOP ( 'NONE', ( #14155, #8366, #11818, #5846 ) );
#11925=ORIENTED_EDGE ( 'NONE', *, *, #8081, .T. );
#11926=DIRECTION ( 'NONE',  ( 5.421010862427908700E-016, 0.0000000000000000000, -1.000000000000000000 ) );
#11927=PLANE ( 'NONE',  #1288 );
#11928=EDGE_CURVE ( 'NONE', #7615, #5447, #8001, .T. );
#11929=ORIENTED_EDGE ( 'NONE', *, *, #8803, .F. );
#11930=ADVANCED_FACE ( 'NONE', ( #7902 ), #746, .T. );
#11931=CLOSED_SHELL ( 'NONE', ( #874, #4993, #6880, #11766, #7309, #5951 ) );
#11932=EDGE_CURVE ( 'NONE', #3303, #4376, #8239, .T. );
#11933=CARTESIAN_POINT ( 'NONE',  ( -5.974999999999999600, 0.8000000000000056000, -2.119999999999998800 ) );
#11934=EDGE_LOOP ( 'NONE', ( #7053, #3368, #9453, #10946 ) );
#11935=MANIFOLD_SOLID_BREP ( 'Pin 25', #13736 );
#11936=EDGE_LOOP ( 'NONE', ( #11470, #14096, #2728, #535 ) );
#11937=( GEOMETRIC_REPRESENTATION_CONTEXT ( 3 ) GLOBAL_UNCERTAINTY_ASSIGNED_CONTEXT ( ( #221 ) ) GLOBAL_UNIT_ASSIGNED_CONTEXT ( ( #324, #94, #251 ) ) REPRESENTATION_CONTEXT ( 'NONE', 'WORKASPACE' ) );
#11938=ORIENTED_EDGE ( 'NONE', *, *, #8067, .T. );
#11939=ORIENTED_EDGE ( 'NONE', *, *, #4370, .F. );
#11940=MECHANICAL_DESIGN_GEOMETRIC_PRESENTATION_REPRESENTATION (  '', ( #6482 ), #1654 );
#11941=ORIENTED_EDGE ( 'NONE', *, *, #675, .T. );
#11942=ORIENTED_EDGE ( 'NONE', *, *, #988, .F. );
#11943=EDGE_CURVE ( 'NONE', #8934, #1427, #3032, .T. );
#11944=DIRECTION ( 'NONE',  ( -1.000000000000000000, 0.0000000000000000000, -6.505213034913014800E-015 ) );
#11945=ORIENTED_EDGE ( 'NONE', *, *, #12629, .T. );
#11946=ORIENTED_EDGE ( 'NONE', *, *, #11715, .T. );
#11947=DIRECTION ( 'NONE',  ( 2.168404344971059700E-015, -0.0000000000000000000, 1.000000000000000000 ) );
#11948=ADVANCED_FACE ( 'NONE', ( #8572 ), #4860, .T. );
#11949=LINE ( 'NONE', #2946, #2918 );
#11950=EDGE_LOOP ( 'NONE', ( #6035, #2647, #8865, #13113 ) );
#11951=PLANE ( 'NONE',  #3388 );
#11952=LINE ( 'NONE', #1126, #22 );
#11953=ORIENTED_EDGE ( 'NONE', *, *, #7571, .T. );
#11954=AXIS2_PLACEMENT_3D ( 'NONE', #1971, #18, #23 );
#11955=ORIENTED_EDGE ( 'NONE', *, *, #12785, .T. );
#11956=ORIENTED_EDGE ( 'NONE', *, *, #3644, .T. );
#11957=PRESENTATION_LAYER_ASSIGNMENT (  '', '', ( #6703 ) );
#11958=DIRECTION ( 'NONE',  ( -2.168404344971107100E-015, -1.540743955509788700E-033, 1.000000000000000000 ) );
#11959=PLANE ( 'NONE',  #2091 );
#11960=ORIENTED_EDGE ( 'NONE', *, *, #4909, .T. );
#11961=LINE ( 'NONE', #800, #2797 );
#11962=LINE ( 'NONE', #605, #429 );
#11963=ORIENTED_EDGE ( 'NONE', *, *, #2282, .F. );
#11964=EDGE_CURVE ( 'NONE', #443, #1630, #1101, .T. );
#11965=LINE ( 'NONE', #319, #366 );
#11966=LINE ( 'NONE', #9943, #52 );
#11967=ORIENTED_EDGE ( 'NONE', *, *, #13184, .F. );
#11968=ADVANCED_FACE ( 'NONE', ( #646 ), #7289, .F. );
#11969=ORIENTED_EDGE ( 'NONE', *, *, #5993, .T. );
#11970=EDGE_CURVE ( 'NONE', #3831, #6839, #7398, .T. );
#11971=ORIENTED_EDGE ( 'NONE', *, *, #10573, .T. );
#11972=AXIS2_PLACEMENT_3D ( 'NONE', #11231, #1184, #2194 );
#11973=PLANE ( 'NONE',  #9894 );
#11974=EDGE_CURVE ( 'NONE', #13533, #11872, #12455, .T. );
#11975=CLOSED_SHELL ( 'NONE', ( #4072, #12600, #5766, #2508, #1985, #10863 ) );
#11976=LINE ( 'NONE', #10539, #22 );
#11977=LINE ( 'NONE', #3237, #52 );
#11978=EDGE_LOOP ( 'NONE', ( #5014, #10645, #79, #13404 ) );
#11979=LINE ( 'NONE', #5506, #3613 );
#11980=LINE ( 'NONE', #9883, #52 );
#11981=ORIENTED_EDGE ( 'NONE', *, *, #6401, .F. );
#11982=EDGE_LOOP ( 'NONE', ( #13911, #13468, #14556, #7597 ) );
#11983=PLANE ( 'NONE',  #11777 );
#11984=PLANE ( 'NONE',  #8494 );
#11985=ADVANCED_FACE ( 'NONE', ( #7025 ), #998, .T. );
#11986=ORIENTED_EDGE ( 'NONE', *, *, #8629, .T. );
#11987=EDGE_CURVE ( 'NONE', #9224, #3208, #11022, .T. );
#11988=LINE ( 'NONE', #5946, #22 );
#11989=LINE ( 'NONE', #4426, #3252 );
#11990=ORIENTED_EDGE ( 'NONE', *, *, #4155, .F. );
#11991=LINE ( 'NONE', #800, #2766 );
#11992=FACE_OUTER_BOUND ( 'NONE', #13824, .T. );
#11993=DIRECTION ( 'NONE',  ( 4.336808689942147900E-015, -0.0000000000000000000, 1.000000000000000000 ) );
#11994=EDGE_CURVE ( 'NONE', #5497, #10518, #6264, .T. );
#11995=AXIS2_PLACEMENT_3D ( 'NONE', #202, #778, #3470 );
#11996=ORIENTED_EDGE ( 'NONE', *, *, #13682, .T. );
#11997=ORIENTED_EDGE ( 'NONE', *, *, #7726, .F. );
#11998=LINE ( 'NONE', #3818, #2840 );
#11999=ORIENTED_EDGE ( 'NONE', *, *, #2474, .T. );
#12000=DIRECTION ( 'NONE',  ( 1.239088197126249800E-014, 0.0000000000000000000, -1.000000000000000000 ) );
#12001=ORIENTED_EDGE ( 'NONE', *, *, #11051, .F. );
#12002=ADVANCED_FACE ( 'NONE', ( #10703 ), #11609, .F. );
#12003=FACE_OUTER_BOUND ( 'NONE', #11116, .T. );
#12004=LINE ( 'NONE', #3936, #2403 );
#12005=ADVANCED_FACE ( 'NONE', ( #6644 ), #30, .T. );
#12006=ORIENTED_EDGE ( 'NONE', *, *, #1580, .T. );
#12007=FACE_OUTER_BOUND ( 'NONE', #10592, .T. );
#12008=EDGE_CURVE ( 'NONE', #14650, #3962, #8401, .T. );
#12009=ORIENTED_EDGE ( 'NONE', *, *, #5680, .T. );
#12010=DIRECTION ( 'NONE',  ( 1.000000000000000000, 0.0000000000000000000, -5.911569487279503100E-035 ) );
#12011=ORIENTED_EDGE ( 'NONE', *, *, #12052, .F. );
#12012=CLOSED_SHELL ( 'NONE', ( #10185, #5182, #7673, #8590, #8455, #8028 ) );
#12013=VERTEX_POINT ( 'NONE', #1079 );
#12014=EDGE_CURVE ( 'NONE', #1238, #518, #4593, .T. );
#12015=FACE_OUTER_BOUND ( 'NONE', #13119, .T. );
#12016=CARTESIAN_POINT ( 'NONE',  ( 2.600000000000001400, -3.388131789017201400E-018, 7.199999999999998400 ) );
#12017=LINE ( 'NONE', #7308, #22 );
#12018=EDGE_LOOP ( 'NONE', ( #3096, #14224, #6841, #2631 ) );
#12019=EDGE_CURVE ( 'NONE', #5215, #9401, #10866, .T. );
#12020=DIRECTION ( 'NONE',  ( -2.065146995210483500E-016, 0.0000000000000000000, -1.000000000000000000 ) );
#12021=ADVANCED_FACE ( 'NONE', ( #7011 ), #9523, .T. );
#12022=FACE_OUTER_BOUND ( 'NONE', #27, .T. );
#12023=AXIS2_PLACEMENT_3D ( 'NONE', #202, #88, #4026 );
#12024=ORIENTED_EDGE ( 'NONE', *, *, #7094, .T. );
#12025=CARTESIAN_POINT ( 'NONE',  ( 5.724999999999998800, 2.300000000000006900, 7.530000000000000200 ) );
#12026=EDGE_CURVE ( 'NONE', #5933, #1432, #4985, .T. );
#12027=ORIENTED_EDGE ( 'NONE', *, *, #2558, .F. );
#12028=EDGE_CURVE ( 'NONE', #4460, #6633, #1084, .T. );
#12029=ORIENTED_EDGE ( 'NONE', *, *, #13954, .F. );
#12030=FACE_OUTER_BOUND ( 'NONE', #8723, .T. );
#12031=EDGE_LOOP ( 'NONE', ( #12300, #10834, #11999, #12762 ) );
#12032=ORIENTED_EDGE ( 'NONE', *, *, #2382, .T. );
#12033=EDGE_CURVE ( 'NONE', #6193, #12547, #9591, .T. );
#12034=ADVANCED_FACE ( 'NONE', ( #1751 ), #6348, .T. );
#12035=AXIS2_PLACEMENT_3D ( 'NONE', #7029, #128, #711 );
#12036=ORIENTED_EDGE ( 'NONE', *, *, #6099, .T. );
#12037=EDGE_CURVE ( 'NONE', #9844, #3768, #6091, .T. );
#12038=EDGE_LOOP ( 'NONE', ( #13214, #6500, #2271, #7392 ) );
#12039=ORIENTED_EDGE ( 'NONE', *, *, #2860, .F. );
#12040=AXIS2_PLACEMENT_3D ( 'NONE', #803, #12010, #3912 );
#12041=ORIENTED_EDGE ( 'NONE', *, *, #7274, .T. );
#12042=VERTEX_POINT ( 'NONE', #5257 );
#12043=LINE ( 'NONE', #1131, #22 );
#12044=ORIENTED_EDGE ( 'NONE', *, *, #13562, .T. );
#12045=LINE ( 'NONE', #461, #22 );
#12046=FACE_OUTER_BOUND ( 'NONE', #10277, .T. );
#12047=EDGE_CURVE ( 'NONE', #3887, #3918, #5913, .T. );
#12048=ORIENTED_EDGE ( 'NONE', *, *, #7439, .T. );
#12049=EDGE_CURVE ( 'NONE', #2244, #8038, #7385, .T. );
#12050=PLANE ( 'NONE',  #4884 );
#12051=EDGE_LOOP ( 'NONE', ( #8608, #7548, #11433, #12526 ) );
#12052=EDGE_CURVE ( 'NONE', #11637, #8080, #630, .T. );
#12053=VERTEX_POINT ( 'NONE', #1510 );
#12054=FACE_OUTER_BOUND ( 'NONE', #11810, .T. );
#12055=FACE_OUTER_BOUND ( 'NONE', #13132, .T. );
#12056=ORIENTED_EDGE ( 'NONE', *, *, #7479, .T. );
#12057=ADVANCED_FACE ( 'NONE', ( #3014 ), #1421, .F. );
#12058=LINE ( 'NONE', #6341, #144 );
#12059=CARTESIAN_POINT ( 'NONE',  ( 0.6000000000000128600, 0.0000000000000000000, 7.199999999999998400 ) );
#12060=FACE_OUTER_BOUND ( 'NONE', #11829, .T. );
#12061=EDGE_LOOP ( 'NONE', ( #130, #8884, #3457, #3292 ) );
#12062=ORIENTED_EDGE ( 'NONE', *, *, #5490, .T. );
#12063=ORIENTED_EDGE ( 'NONE', *, *, #8014, .F. );
#12064=LINE ( 'NONE', #448, #52 );
#12065=PLANE ( 'NONE',  #9297 );
#12066=ORIENTED_EDGE ( 'NONE', *, *, #9426, .T. );
#12067=EDGE_CURVE ( 'NONE', #13683, #7648, #14104, .T. );
#12068=ADVANCED_FACE ( 'NONE', ( #8557 ), #8607, .F. );
#12069=FACE_OUTER_BOUND ( 'NONE', #3968, .T. );
#12070=LINE ( 'NONE', #1956, #1679 );
#12071=ORIENTED_EDGE ( 'NONE', *, *, #12026, .F. );
#12072=VERTEX_POINT ( 'NONE', #2732 );
#12073=EDGE_CURVE ( 'NONE', #1655, #4495, #13667, .T. );
#12074=AXIS2_PLACEMENT_3D ( 'NONE', #4008, #23, #128 );
#12075=ORIENTED_EDGE ( 'NONE', *, *, #2182, .T. );
#12076=PLANE ( 'NONE',  #2568 );
#12077=LINE ( 'NONE', #8618, #52 );
#12078=VERTEX_POINT ( 'NONE', #836 );
#12079=ORIENTED_EDGE ( 'NONE', *, *, #8697, .T. );
#12080=EDGE_LOOP ( 'NONE', ( #2037, #12371, #290, #11018 ) );
#12081=PLANE ( 'NONE',  #8409 );
#12082=AXIS2_PLACEMENT_3D ( 'NONE', #4620, #18, #511 );
#12083=FACE_BOUND ( 'NONE', #980, .T. );
#12084=FACE_OUTER_BOUND ( 'NONE', #14671, .T. );
#12085=EDGE_LOOP ( 'NONE', ( #6428, #7006, #1814, #12335 ) );
#12086=ORIENTED_EDGE ( 'NONE', *, *, #6821, .F. );
#12087=ADVANCED_FACE ( 'NONE', ( #3228 ), #9877, .T. );
#12088=EDGE_CURVE ( 'NONE', #11295, #2536, #12285, .T. );
#12089=VERTEX_POINT ( 'NONE', #907 );
#12090=ORIENTED_EDGE ( 'NONE', *, *, #14669, .T. );
#12091=CARTESIAN_POINT ( 'NONE',  ( 0.6000000000000128600, 0.05000000000000005100, -1.800000000000001200 ) );
#12092=EDGE_LOOP ( 'NONE', ( #222, #10888, #1045, #6315 ) );
#12093=CARTESIAN_POINT ( 'NONE',  ( 4.600000000000013000, 0.0000000000000000000, -1.799999999999998700 ) );
#12094=ORIENTED_EDGE ( 'NONE', *, *, #5834, .T. );
#12095=EDGE_CURVE ( 'NONE', #3959, #7761, #14522, .T. );
#12096=LINE ( 'NONE', #3922, #186 );
#12097=ORIENTED_EDGE ( 'NONE', *, *, #9364, .F. );
#12098=VECTOR ( 'NONE', #7951, 1000.000000000000000 );
#12099=EDGE_CURVE ( 'NONE', #7953, #4362, #8227, .T. );
#12100=VERTEX_POINT ( 'NONE', #3970 );
#12101=ORIENTED_EDGE ( 'NONE', *, *, #7206, .T. );
#12102=ORIENTED_EDGE ( 'NONE', *, *, #5462, .T. );
#12103=PLANE ( 'NONE',  #1028 );
#12104=ADVANCED_FACE ( 'NONE', ( #9080 ), #6548, .F. );
#12105=FACE_OUTER_BOUND ( 'NONE', #9506, .T. );
#12106=VERTEX_POINT ( 'NONE', #5829 );
#12107=EDGE_CURVE ( 'NONE', #3772, #12433, #8743, .T. );
#12108=PLANE ( 'NONE',  #1458 );
#12109=ORIENTED_EDGE ( 'NONE', *, *, #5669, .F. );
#12110=ORIENTED_EDGE ( 'NONE', *, *, #2666, .T. );
#12111=DIRECTION ( 'NONE',  ( 1.713039432527285300E-013, 0.0000000000000000000, -1.000000000000000000 ) );
#12112=ORIENTED_EDGE ( 'NONE', *, *, #7717, .T. );
#12113=LINE ( 'NONE', #777, #22 );
#12114=EDGE_LOOP ( 'NONE', ( #5932, #12001, #3799, #1407 ) );
#12115=AXIS2_PLACEMENT_3D ( 'NONE', #1452, #1105, #2556 );
#12116=ORIENTED_EDGE ( 'NONE', *, *, #4499, .T. );
#12117=EDGE_CURVE ( 'NONE', #7153, #4844, #5722, .T. );
#12118=PLANE ( 'NONE',  #12212 );
#12119=DIRECTION ( 'NONE',  ( -1.000000000000000000, 0.0000000000000000000, 3.252606517456159500E-015 ) );
#12120=EDGE_CURVE ( 'NONE', #3170, #5038, #11965, .T. );
#12121=VERTEX_POINT ( 'NONE', #13007 );
#12122=ORIENTED_EDGE ( 'NONE', *, *, #9098, .F. );
#12123=AXIS2_PLACEMENT_3D ( 'NONE', #454, #1388, #1049 );
#12124=FACE_OUTER_BOUND ( 'NONE', #13793, .T. );
#12125=ADVANCED_FACE ( 'NONE', ( #9247 ), #4351, .T. );
#12126=LINE ( 'NONE', #459, #4289 );
#12127=ORIENTED_EDGE ( 'NONE', *, *, #6409, .T. );
#12128=FACE_OUTER_BOUND ( 'NONE', #5662, .T. );
#12129=ORIENTED_EDGE ( 'NONE', *, *, #3130, .F. );
#12130=EDGE_CURVE ( 'NONE', #12257, #12495, #11501, .T. );
#12131=EDGE_CURVE ( 'NONE', #3255, #9190, #5161, .T. );
#12132=PLANE ( 'NONE',  #8418 );
#12133=ORIENTED_EDGE ( 'NONE', *, *, #1068, .T. );
#12134=EDGE_CURVE ( 'NONE', #760, #42, #13514, .T. );
#12135=AXIS2_PLACEMENT_3D ( 'NONE', #12382, #93, #778 );
#12136=VERTEX_POINT ( 'NONE', #5404 );
#12137=ADVANCED_FACE ( 'NONE', ( #5344 ), #30, .T. );
#12138=FACE_OUTER_BOUND ( 'NONE', #13474, .T. );
#12139=VECTOR ( 'NONE', #1323, 1000.000000000000000 );
#12140=EDGE_LOOP ( 'NONE', ( #5231, #1955, #8247, #3487 ) );
#12141=ADVANCED_FACE ( 'NONE', ( #14248 ), #13878, .T. );
#12142=EDGE_LOOP ( 'NONE', ( #8378, #1689, #4254, #2354 ) );
#12143=ORIENTED_EDGE ( 'NONE', *, *, #4615, .T. );
#12144=PLANE ( 'NONE',  #10141 );
#12145=AXIS2_PLACEMENT_3D ( 'NONE', #1675, #2325, #559 );
#12146=ORIENTED_EDGE ( 'NONE', *, *, #12028, .F. );
#12147=LINE ( 'NONE', #5693, #144 );
#12148=VECTOR ( 'NONE', #7628, 1000.000000000000000 );
#12149=FACE_OUTER_BOUND ( 'NONE', #10935, .T. );
#12150=ORIENTED_EDGE ( 'NONE', *, *, #14370, .F. );
#12151=EDGE_CURVE ( 'NONE', #5401, #8867, #1524, .T. );
#12152=ORIENTED_EDGE ( 'NONE', *, *, #8869, .F. );
#12153=ORIENTED_EDGE ( 'NONE', *, *, #8846, .T. );
#12154=EDGE_CURVE ( 'NONE', #4046, #10672, #4983, .T. );
#12155=ADVANCED_FACE ( 'NONE', ( #5333 ), #7855, .F. );
#12156=MECHANICAL_DESIGN_GEOMETRIC_PRESENTATION_REPRESENTATION (  '', ( #4534 ), #12414 );
#12157=ORIENTED_EDGE ( 'NONE', *, *, #2654, .T. );
#12158=PLANE ( 'NONE',  #11794 );
#12159=ORIENTED_EDGE ( 'NONE', *, *, #13205, .F. );
#12160=ORIENTED_EDGE ( 'NONE', *, *, #3684, .T. );
#12161=ORIENTED_EDGE ( 'NONE', *, *, #10332, .F. );
#12162=FACE_OUTER_BOUND ( 'NONE', #9306, .T. );
#12163=LINE ( 'NONE', #895, #350 );
#12164=ORIENTED_EDGE ( 'NONE', *, *, #6927, .F. );
#12165=LINE ( 'NONE', #1971, #22 );
#12166=CLOSED_SHELL ( 'NONE', ( #6701, #4550, #11543, #12986, #13036, #11865 ) );
#12167=ORIENTED_EDGE ( 'NONE', *, *, #9278, .T. );
#12168=ADVANCED_FACE ( 'NONE', ( #14666 ), #3033, .T. );
#12169=ORIENTED_EDGE ( 'NONE', *, *, #4077, .F. );
#12170=ORIENTED_EDGE ( 'NONE', *, *, #4939, .F. );
#12171=PLANE ( 'NONE',  #3661 );
#12172=ORIENTED_EDGE ( 'NONE', *, *, #2449, .F. );
#12173=LINE ( 'NONE', #2031, #96 );
#12174=AXIS2_PLACEMENT_3D ( 'NONE', #3148, #23, #128 );
#12175=FACE_OUTER_BOUND ( 'NONE', #13472, .T. );
#12176=FACE_OUTER_BOUND ( 'NONE', #3310, .T. );
#12177=EDGE_LOOP ( 'NONE', ( #6555, #8643, #6060, #2740 ) );
#12178=EDGE_LOOP ( 'NONE', ( #2700, #12322, #2298, #9099 ) );
#12179=AXIS2_PLACEMENT_3D ( 'NONE', #67, #88, #1611 );
#12180=EDGE_LOOP ( 'NONE', ( #7119, #3769, #13910, #10309 ) );
#12181=ORIENTED_EDGE ( 'NONE', *, *, #10467, .F. );
#12182=LINE ( 'NONE', #4880, #933 );
#12183=ORIENTED_EDGE ( 'NONE', *, *, #1829, .F. );
#12184=EDGE_CURVE ( 'NONE', #1053, #832, #13502, .T. );
#12185=ADVANCED_FACE ( 'NONE', ( #8053 ), #6752, .F. );
#12186=ORIENTED_EDGE ( 'NONE', *, *, #3119, .F. );
#12187=EDGE_LOOP ( 'NONE', ( #1631, #10593, #1485, #8987 ) );
#12188=EDGE_CURVE ( 'NONE', #11204, #2333, #10393, .T. );
#12189=EDGE_CURVE ( 'NONE', #1602, #6334, #6826, .T. );
#12190=EDGE_LOOP ( 'NONE', ( #14276, #4764, #10997, #7356 ) );
#12191=ORIENTED_EDGE ( 'NONE', *, *, #6862, .T. );
#12192=AXIS2_PLACEMENT_3D ( 'NONE', #2873, #11831, #5179 );
#12193=FACE_OUTER_BOUND ( 'NONE', #8294, .T. );
#12194=ADVANCED_FACE ( 'NONE', ( #13790 ), #98, .T. );
#12195=ORIENTED_EDGE ( 'NONE', *, *, #2759, .T. );
#12196=ADVANCED_FACE ( 'NONE', ( #12598 ), #9272, .T. );
#12197=PLANE ( 'NONE',  #11288 );
#12198=VERTEX_POINT ( 'NONE', #2115 );
#12199=EDGE_CURVE ( 'NONE', #2532, #11826, #4786, .T. );
#12200=ORIENTED_EDGE ( 'NONE', *, *, #6786, .F. );
#12201=EDGE_CURVE ( 'NONE', #2039, #4823, #1294, .T. );
#12202=LINE ( 'NONE', #3371, #22 );
#12203=ORIENTED_EDGE ( 'NONE', *, *, #14289, .T. );
#12204=AXIS2_PLACEMENT_3D ( 'NONE', #4158, #10013, #4403 );
#12205=LINE ( 'NONE', #4347, #22 );
#12206=VERTEX_POINT ( 'NONE', #7055 );
#12207=FACE_OUTER_BOUND ( 'NONE', #11793, .T. );
#12208=EDGE_CURVE ( 'NONE', #7261, #1160, #3996, .T. );
#12209=MECHANICAL_DESIGN_GEOMETRIC_PRESENTATION_REPRESENTATION (  '', ( #14151 ), #9927 );
#12210=LINE ( 'NONE', #3819, #4032 );
#12211=DIRECTION ( 'NONE',  ( 8.673617379884079600E-015, 0.0000000000000000000, -1.000000000000000000 ) );
#12212=AXIS2_PLACEMENT_3D ( 'NONE', #2071, #6989, #10263 );
#12213=ORIENTED_EDGE ( 'NONE', *, *, #12968, .F. );
#12214=DIRECTION ( 'NONE',  ( 1.000000000000000000, 7.703719777548943400E-034, 2.168404344971165900E-015 ) );
#12215=VERTEX_POINT ( 'NONE', #2985 );
#12216=AXIS2_PLACEMENT_3D ( 'NONE', #7536, #10846, #4109 );
#12217=VERTEX_POINT ( 'NONE', #721 );
#12218=ADVANCED_FACE ( 'NONE', ( #4970 ), #10106, .F. );
#12219=ORIENTED_EDGE ( 'NONE', *, *, #12580, .T. );
#12220=ORIENTED_EDGE ( 'NONE', *, *, #304, .T. );
#12221=EDGE_CURVE ( 'NONE', #5447, #4777, #14092, .T. );
#12222=PLANE ( 'NONE',  #9989 );
#12223=EDGE_CURVE ( 'NONE', #7247, #5528, #8384, .T. );
#12224=LINE ( 'NONE', #5371, #22 );
#12225=VERTEX_POINT ( 'NONE', #2381 );
#12226=ORIENTED_EDGE ( 'NONE', *, *, #4462, .F. );
#12227=AXIS2_PLACEMENT_3D ( 'NONE', #2822, #11733, #5387 );
#12228=ORIENTED_EDGE ( 'NONE', *, *, #8176, .T. );
#12229=EDGE_CURVE ( 'NONE', #12429, #3473, #10852, .T. );
#12230=LINE ( 'NONE', #533, #1272 );
#12231=ORIENTED_EDGE ( 'NONE', *, *, #7230, .T. );
#12232=ADVANCED_FACE ( 'NONE', ( #7543 ), #12264, .F. );
#12233=LINE ( 'NONE', #11163, #96 );
#12234=CLOSED_SHELL ( 'NONE', ( #11655, #7757, #1825, #6419, #8371, #14129 ) );
#12235=LINE ( 'NONE', #105, #4121 );
#12236=FACE_OUTER_BOUND ( 'NONE', #558, .T. );
#12237=EDGE_LOOP ( 'NONE', ( #12122, #9727, #9413, #462 ) );
#12238=ORIENTED_EDGE ( 'NONE', *, *, #5204, .F. );
#12239=ORIENTED_EDGE ( 'NONE', *, *, #11693, .T. );
#12240=CLOSED_SHELL ( 'NONE', ( #9951, #638, #8041, #4612, #3426, #2295 ) );
#12241=LINE ( 'NONE', #4835, #52 );
#12242=EDGE_CURVE ( 'NONE', #10694, #12539, #1507, .T. );
#12243=ORIENTED_EDGE ( 'NONE', *, *, #6283, .F. );
#12244=ORIENTED_EDGE ( 'NONE', *, *, #13488, .F. );
#12245=EDGE_LOOP ( 'NONE', ( #3106, #2343, #236, #4896 ) );
#12246=EDGE_CURVE ( 'NONE', #8088, #5019, #10531, .T. );
#12247=AXIS2_PLACEMENT_3D ( 'NONE', #5696, #3288, #33 );
#12248=LINE ( 'NONE', #662, #52 );
#12249=EDGE_LOOP ( 'NONE', ( #7819, #9143, #14036, #10546 ) );
#12250=VERTEX_POINT ( 'NONE', #6526 );
#12251=ADVANCED_FACE ( 'NONE', ( #4391 ), #2099, .F. );
#12252=ORIENTED_EDGE ( 'NONE', *, *, #11150, .T. );
#12253=PLANE ( 'NONE',  #6101 );
#12254=CARTESIAN_POINT ( 'NONE',  ( 5.599999999999997900, 0.05000000000000007900, -1.900000000000001700 ) );
#12255=FACE_OUTER_BOUND ( 'NONE', #6609, .T. );
#12256=VERTEX_POINT ( 'NONE', #2011 );
#12257=VERTEX_POINT ( 'NONE', #5514 );
#12258=ORIENTED_EDGE ( 'NONE', *, *, #5413, .F. );
#12259=EDGE_CURVE ( 'NONE', #2349, #9842, #10233, .T. );
#12260=FACE_OUTER_BOUND ( 'NONE', #3873, .T. );
#12261=VERTEX_POINT ( 'NONE', #9082 );
#12262=FACE_OUTER_BOUND ( 'NONE', #6358, .T. );
#12263=VERTEX_POINT ( 'NONE', #5203 );
#12264=PLANE ( 'NONE',  #5156 );
#12265=ADVANCED_FACE ( 'NONE', ( #11492 ), #852, .F. );
#12266=PRESENTATION_LAYER_ASSIGNMENT (  '', '', ( #8085 ) );
#12267=FACE_OUTER_BOUND ( 'NONE', #4672, .T. );
#12268=EDGE_CURVE ( 'NONE', #1879, #4409, #7373, .T. );
#12269=EDGE_LOOP ( 'NONE', ( #12650, #11420, #9476, #11304 ) );
#12270=PLANE ( 'NONE',  #3454 );
#12271=LINE ( 'NONE', #10137, #22 );
#12272=ORIENTED_EDGE ( 'NONE', *, *, #7709, .T. );
#12273=PLANE ( 'NONE',  #13415 );
#12274=LINE ( 'NONE', #7320, #22 );
#12275=ORIENTED_EDGE ( 'NONE', *, *, #13860, .T. );
#12276=AXIS2_PLACEMENT_3D ( 'NONE', #5455, #340, #511 );
#12277=CLOSED_SHELL ( 'NONE', ( #2447, #5520, #8486, #10226, #7851, #10206 ) );
#12278=ORIENTED_EDGE ( 'NONE', *, *, #4626, .T. );
#12279=EDGE_CURVE ( 'NONE', #7001, #11874, #12745, .T. );
#12280=EDGE_CURVE ( 'NONE', #1459, #13017, #9741, .T. );
#12281=ADVANCED_FACE ( 'NONE', ( #3209 ), #2198, .F. );
#12282=( GEOMETRIC_REPRESENTATION_CONTEXT ( 3 ) GLOBAL_UNCERTAINTY_ASSIGNED_CONTEXT ( ( #221 ) ) GLOBAL_UNIT_ASSIGNED_CONTEXT ( ( #324, #94, #251 ) ) REPRESENTATION_CONTEXT ( 'NONE', 'WORKASPACE' ) );
#12283=LINE ( 'NONE', #9188, #22 );
#12284=ORIENTED_EDGE ( 'NONE', *, *, #12739, .T. );
#12285=LINE ( 'NONE', #1026, #1578 );
#12286=VECTOR ( 'NONE', #412, 1000.000000000000000 );
#12287=ORIENTED_EDGE ( 'NONE', *, *, #3824, .T. );
#12288=EDGE_CURVE ( 'NONE', #6308, #10180, #3604, .T. );
#12289=AXIS2_PLACEMENT_3D ( 'NONE', #5075, #1260, #1266 );
#12290=VERTEX_POINT ( 'NONE', #7121 );
#12291=ORIENTED_EDGE ( 'NONE', *, *, #8783, .F. );
#12292=AXIS2_PLACEMENT_3D ( 'NONE', #1408, #6608, #33 );
#12293=AXIS2_PLACEMENT_3D ( 'NONE', #2516, #8713, #13726 );
#12294=ORIENTED_EDGE ( 'NONE', *, *, #8666, .T. );
#12295=LINE ( 'NONE', #4527, #12974 );
#12296=ADVANCED_FACE ( 'NONE', ( #14376 ), #1993, .F. );
#12297=CARTESIAN_POINT ( 'NONE',  ( 0.0000000000000000000, 0.7999999999999990500, 0.0000000000000000000 ) );
#12298=LINE ( 'NONE', #8977, #144 );
#12299=FACE_OUTER_BOUND ( 'NONE', #8431, .T. );
#12300=ORIENTED_EDGE ( 'NONE', *, *, #11832, .F. );
#12301=DIRECTION ( 'NONE',  ( 1.000000000000000000, 0.0000000000000000000, -6.505213034913014800E-015 ) );
#12302=EDGE_CURVE ( 'NONE', #7451, #13733, #2391, .T. );
#12303=LINE ( 'NONE', #1006, #52 );
#12304=LINE ( 'NONE', #439, #9095 );
#12305=PLANE ( 'NONE',  #4263 );
#12306=EDGE_CURVE ( 'NONE', #5079, #9822, #6077, .T. );
#12307=LINE ( 'NONE', #1537, #12139 );
#12308=AXIS2_PLACEMENT_3D ( 'NONE', #202, #88, #794 );
#12309=PLANE ( 'NONE',  #10002 );
#12310=EDGE_CURVE ( 'NONE', #3901, #9930, #3201, .T. );
#12311=ORIENTED_EDGE ( 'NONE', *, *, #10344, .F. );
#12312=FACE_OUTER_BOUND ( 'NONE', #13313, .T. );
#12313=LINE ( 'NONE', #693, #124 );
#12314=ORIENTED_EDGE ( 'NONE', *, *, #2351, .F. );
#12315=LINE ( 'NONE', #7406, #22 );
#12316=CARTESIAN_POINT ( 'NONE',  ( 5.824999999999999300, 0.7999999999999999300, 7.430000000000001500 ) );
#12317=LINE ( 'NONE', #7714, #119 );
#12318=ORIENTED_EDGE ( 'NONE', *, *, #4467, .T. );
#12319=LINE ( 'NONE', #1534, #22 );
#12320=ADVANCED_FACE ( 'NONE', ( #11633 ), #8368, .F. );
#12321=AXIS2_PLACEMENT_3D ( 'NONE', #375, #9215, #11243 );
#12322=ORIENTED_EDGE ( 'NONE', *, *, #11239, .F. );
#12323=ORIENTED_EDGE ( 'NONE', *, *, #3811, .F. );
#12324=EDGE_CURVE ( 'NONE', #4704, #3918, #603, .T. );
#12325=ORIENTED_EDGE ( 'NONE', *, *, #11128, .F. );
#12326=LINE ( 'NONE', #137, #5547 );
#12327=CARTESIAN_POINT ( 'NONE',  ( -5.725000000000000500, 20.65008038564430800, -2.119999999999998800 ) );
#12328=ORIENTED_EDGE ( 'NONE', *, *, #6289, .T. );
#12329=LINE ( 'NONE', #1319, #6877 );
#12330=EDGE_CURVE ( 'NONE', #12628, #1056, #9896, .T. );
#12331=ORIENTED_EDGE ( 'NONE', *, *, #13350, .F. );
#12332=LINE ( 'NONE', #77, #52 );
#12333=ORIENTED_EDGE ( 'NONE', *, *, #13046, .F. );
#12334=ADVANCED_FACE ( 'NONE', ( #14657 ), #10407, .T. );
#12335=ORIENTED_EDGE ( 'NONE', *, *, #9581, .T. );
#12336=ADVANCED_FACE ( 'NONE', ( #14086 ), #2773, .T. );
#12337=EDGE_LOOP ( 'NONE', ( #13938, #14746, #12950, #12661 ) );
#12338=ORIENTED_EDGE ( 'NONE', *, *, #1801, .F. );
#12339=EDGE_LOOP ( 'NONE', ( #12396, #1745, #1211, #3077 ) );
#12340=PLANE ( 'NONE',  #3905 );
#12341=ORIENTED_EDGE ( 'NONE', *, *, #7359, .T. );
#12342=FACE_OUTER_BOUND ( 'NONE', #10794, .T. );
#12343=CYLINDRICAL_SURFACE ( 'NONE', #4914, 0.2500000000000002200 );
#12344=ORIENTED_EDGE ( 'NONE', *, *, #10030, .T. );
#12345=LINE ( 'NONE', #262, #2348 );
#12346=LINE ( 'NONE', #3513, #2626 );
#12347=EDGE_CURVE ( 'NONE', #12263, #8836, #3781, .T. );
#12348=VERTEX_POINT ( 'NONE', #3195 );
#12349=DIRECTION ( 'NONE',  ( -1.000000000000000000, 7.703719777548945100E-034, -5.421010862427684900E-016 ) );
#12350=ORIENTED_EDGE ( 'NONE', *, *, #13902, .T. );
#12351=AXIS2_PLACEMENT_3D ( 'NONE', #4015, #23, #128 );
#12352=ORIENTED_EDGE ( 'NONE', *, *, #6314, .F. );
#12353=ORIENTED_EDGE ( 'NONE', *, *, #7168, .T. );
#12354=ORIENTED_EDGE ( 'NONE', *, *, #9957, .F. );
#12355=FACE_OUTER_BOUND ( 'NONE', #13695, .T. );
#12356=ADVANCED_FACE ( 'NONE', ( #12897 ), #11768, .T. );
#12357=MANIFOLD_SOLID_BREP ( 'Pin 34', #3526 );
#12358=ORIENTED_EDGE ( 'NONE', *, *, #7857, .F. );
#12359=FACE_OUTER_BOUND ( 'NONE', #292, .T. );
#12360=EDGE_CURVE ( 'NONE', #570, #2900, #1496, .T. );
#12361=CARTESIAN_POINT ( 'NONE',  ( 1.800000000000002900, 0.0000000000000000000, -1.800000000000001400 ) );
#12362=ORIENTED_EDGE ( 'NONE', *, *, #14164, .F. );
#12363=PLANE ( 'NONE',  #7048 );
#12364=ORIENTED_EDGE ( 'NONE', *, *, #13709, .T. );
#12365=ORIENTED_EDGE ( 'NONE', *, *, #3569, .T. );
#12366=ORIENTED_EDGE ( 'NONE', *, *, #7397, .T. );
#12367=FACE_OUTER_BOUND ( 'NONE', #11045, .T. );
#12368=EDGE_CURVE ( 'NONE', #4199, #14695, #6818, .T. );
#12369=ORIENTED_EDGE ( 'NONE', *, *, #5695, .F. );
#12370=CARTESIAN_POINT ( 'NONE',  ( 1.400000000000013200, 0.05000000000000007900, 7.199999999999998400 ) );
#12371=ORIENTED_EDGE ( 'NONE', *, *, #4141, .F. );
#12372=DIRECTION ( 'NONE',  ( 1.000000000000000000, 0.0000000000000000000, -2.667137344314108700E-013 ) );
#12373=MANIFOLD_SOLID_BREP ( 'Pin 2', #11064 );
#12374=ADVANCED_FACE ( 'NONE', ( #6438 ), #2720, .F. );
#12375=EDGE_CURVE ( 'NONE', #4927, #2301, #4170, .T. );
#12376=ORIENTED_EDGE ( 'NONE', *, *, #5834, .F. );
#12377=EDGE_CURVE ( 'NONE', #7466, #3768, #9060, .T. );
#12378=DIRECTION ( 'NONE',  ( 1.000000000000000000, -7.703719777548943400E-034, 5.421010862427684900E-016 ) );
#12379=ORIENTED_EDGE ( 'NONE', *, *, #4433, .T. );
#12380=CLOSED_SHELL ( 'NONE', ( #10071, #12973, #5031, #8406, #12989, #10365 ) );
#12381=LINE ( 'NONE', #2969, #22 );
#12382=CARTESIAN_POINT ( 'NONE',  ( -5.725000000000000500, 20.65008038564430800, 7.680000000000000600 ) );
#12383=FACE_OUTER_BOUND ( 'NONE', #7237, .T. );
#12384=ORIENTED_EDGE ( 'NONE', *, *, #14475, .T. );
#12385=EDGE_CURVE ( 'NONE', #10992, #10039, #6072, .T. );
#12386=ORIENTED_EDGE ( 'NONE', *, *, #3385, .F. );
#12387=EDGE_LOOP ( 'NONE', ( #5930, #12027, #7912, #10698 ) );
#12388=( GEOMETRIC_REPRESENTATION_CONTEXT ( 3 ) GLOBAL_UNCERTAINTY_ASSIGNED_CONTEXT ( ( #221 ) ) GLOBAL_UNIT_ASSIGNED_CONTEXT ( ( #324, #94, #251 ) ) REPRESENTATION_CONTEXT ( 'NONE', 'WORKASPACE' ) );
#12389=EDGE_LOOP ( 'NONE', ( #4863, #6483, #9210, #9329 ) );
#12390=PLANE ( 'NONE',  #572 );
#12391=LINE ( 'NONE', #1126, #8660 );
#12392=EDGE_LOOP ( 'NONE', ( #9934, #14032, #176, #13756 ) );
#12393=FACE_OUTER_BOUND ( 'NONE', #143, .T. );
#12394=AXIS2_PLACEMENT_3D ( 'NONE', #2450, #93, #18 );
#12395=PLANE ( 'NONE',  #3215 );
#12396=ORIENTED_EDGE ( 'NONE', *, *, #1389, .T. );
#12397=ORIENTED_EDGE ( 'NONE', *, *, #705, .F. );
#12398=ORIENTED_EDGE ( 'NONE', *, *, #4622, .T. );
#12399=FACE_OUTER_BOUND ( 'NONE', #4182, .T. );
#12400=EDGE_CURVE ( 'NONE', #2479, #11090, #6623, .T. );
#12401=VERTEX_POINT ( 'NONE', #6552 );
#12402=PLANE ( 'NONE',  #12023 );
#12403=FACE_OUTER_BOUND ( 'NONE', #7076, .T. );
#12404=ORIENTED_EDGE ( 'NONE', *, *, #6249, .T. );
#12405=ADVANCED_FACE ( 'NONE', ( #12267 ), #9691, .F. );
#12406=LINE ( 'NONE', #1079, #22 );
#12407=VERTEX_POINT ( 'NONE', #4169 );
#12408=LINE ( 'NONE', #612, #22 );
#12409=FACE_BOUND ( 'NONE', #11165, .T. );
#12410=LINE ( 'NONE', #8726, #22 );
#12411=VERTEX_POINT ( 'NONE', #12956 );
#12412=ORIENTED_EDGE ( 'NONE', *, *, #12450, .T. );
#12413=EDGE_CURVE ( 'NONE', #5425, #3279, #3987, .T. );
#12414=( GEOMETRIC_REPRESENTATION_CONTEXT ( 3 ) GLOBAL_UNCERTAINTY_ASSIGNED_CONTEXT ( ( #221 ) ) GLOBAL_UNIT_ASSIGNED_CONTEXT ( ( #324, #94, #251 ) ) REPRESENTATION_CONTEXT ( 'NONE', 'WORKASPACE' ) );
#12415=VERTEX_POINT ( 'NONE', #7893 );
#12416=LINE ( 'NONE', #1438, #22 );
#12417=VERTEX_POINT ( 'NONE', #4610 );
#12418=ORIENTED_EDGE ( 'NONE', *, *, #5953, .F. );
#12419=VERTEX_POINT ( 'NONE', #235 );
#12420=ADVANCED_FACE ( 'NONE', ( #565 ), #4224, .T. );
#12421=AXIS2_PLACEMENT_3D ( 'NONE', #10813, #88, #1321 );
#12422=FACE_OUTER_BOUND ( 'NONE', #10740, .T. );
#12423=EDGE_LOOP ( 'NONE', ( #9613, #214, #6510, #8504 ) );
#12424=FACE_OUTER_BOUND ( 'NONE', #5921, .T. );
#12425=PLANE ( 'NONE',  #3141 );
#12426=DIRECTION ( 'NONE',  ( -2.385244779468105300E-014, 3.081487911019577400E-033, -1.000000000000000000 ) );
#12427=VERTEX_POINT ( 'NONE', #5654 );
#12428=LINE ( 'NONE', #4050, #11002 );
#12429=VERTEX_POINT ( 'NONE', #2368 );
#12430=EDGE_LOOP ( 'NONE', ( #11568, #7691, #2120, #7604 ) );
#12431=AXIS2_PLACEMENT_3D ( 'NONE', #3818, #10608, #3470 );
#12432=VERTEX_POINT ( 'NONE', #2252 );
#12433=VERTEX_POINT ( 'NONE', #6687 );
#12434=LINE ( 'NONE', #6183, #95 );
#12435=ORIENTED_EDGE ( 'NONE', *, *, #10046, .F. );
#12436=VERTEX_POINT ( 'NONE', #436 );
#12437=ADVANCED_FACE ( 'NONE', ( #8185 ), #6796, .T. );
#12438=PLANE ( 'NONE',  #5826 );
#12439=PLANE ( 'NONE',  #11223 );
#12440=ORIENTED_EDGE ( 'NONE', *, *, #11285, .F. );
#12441=VERTEX_POINT ( 'NONE', #5256 );
#12442=EDGE_CURVE ( 'NONE', #4362, #5019, #14472, .T. );
#12443=PLANE ( 'NONE',  #1123 );
#12444=ORIENTED_EDGE ( 'NONE', *, *, #3124, .T. );
#12445=VECTOR ( 'NONE', #5969, 1000.000000000000000 );
#12446=DIRECTION ( 'NONE',  ( -1.084202172485541500E-015, 0.0000000000000000000, 1.000000000000000000 ) );
#12447=FACE_OUTER_BOUND ( 'NONE', #12389, .T. );
#12448=EDGE_LOOP ( 'NONE', ( #11364, #14165, #2782, #1217 ) );
#12449=EDGE_LOOP ( 'NONE', ( #5454, #4115, #80, #6780 ) );
#12450=EDGE_CURVE ( 'NONE', #14433, #13323, #9020, .T. );
#12451=EDGE_CURVE ( 'NONE', #5094, #2408, #5961, .T. );
#12452=ORIENTED_EDGE ( 'NONE', *, *, #13664, .T. );
#12453=LINE ( 'NONE', #2925, #22 );
#12454=EDGE_LOOP ( 'NONE', ( #330, #8179, #13750, #5576 ) );
#12455=LINE ( 'NONE', #439, #188 );
#12456=FACE_OUTER_BOUND ( 'NONE', #10359, .T. );
#12457=ORIENTED_EDGE ( 'NONE', *, *, #8666, .F. );
#12458=EDGE_CURVE ( 'NONE', #11684, #12136, #249, .T. );
#12459=ORIENTED_EDGE ( 'NONE', *, *, #3412, .T. );
#12460=EDGE_CURVE ( 'NONE', #13251, #9392, #4667, .T. );
#12461=MECHANICAL_DESIGN_GEOMETRIC_PRESENTATION_REPRESENTATION (  '', ( #5702 ), #7298 );
#12462=EDGE_LOOP ( 'NONE', ( #10971, #5380, #3155, #12808 ) );
#12463=DIRECTION ( 'NONE',  ( 1.000000000000000000, 0.0000000000000000000, 1.829591166069420900E-015 ) );
#12464=PLANE ( 'NONE',  #4493 );
#12465=ADVANCED_FACE ( 'NONE', ( #12618 ), #3082, .F. );
#12466=AXIS2_PLACEMENT_3D ( 'NONE', #3047, #511, #613 );
#12467=VERTEX_POINT ( 'NONE', #3007 );
#12468=PLANE ( 'NONE',  #10954 );
#12469=LINE ( 'NONE', #2169, #1632 );
#12470=AXIS2_PLACEMENT_3D ( 'NONE', #67, #88, #794 );
#12471=ORIENTED_EDGE ( 'NONE', *, *, #6879, .F. );
#12472=ORIENTED_EDGE ( 'NONE', *, *, #4945, .F. );
#12473=ORIENTED_EDGE ( 'NONE', *, *, #5975, .F. );
#12474=EDGE_CURVE ( 'NONE', #11319, #8475, #13953, .T. );
#12475=EDGE_CURVE ( 'NONE', #13763, #3724, #9068, .T. );
#12476=LINE ( 'NONE', #8905, #188 );
#12477=LINE ( 'NONE', #836, #4868 );
#12478=VERTEX_POINT ( 'NONE', #10980 );
#12479=LINE ( 'NONE', #413, #52 );
#12480=EDGE_CURVE ( 'NONE', #7647, #4559, #9381, .T. );
#12481=ADVANCED_FACE ( 'NONE', ( #13074 ), #10275, .F. );
#12482=ORIENTED_EDGE ( 'NONE', *, *, #1906, .F. );
#12483=VERTEX_POINT ( 'NONE', #5412 );
#12484=LINE ( 'NONE', #8351, #10736 );
#12485=EDGE_CURVE ( 'NONE', #1698, #9680, #10175, .T. );
#12486=VERTEX_POINT ( 'NONE', #5542 );
#12487=ORIENTED_EDGE ( 'NONE', *, *, #2474, .F. );
#12488=ORIENTED_EDGE ( 'NONE', *, *, #13832, .T. );
#12489=LINE ( 'NONE', #267, #8100 );
#12490=ORIENTED_EDGE ( 'NONE', *, *, #13886, .F. );
#12491=LINE ( 'NONE', #1591, #5254 );
#12492=MECHANICAL_DESIGN_GEOMETRIC_PRESENTATION_REPRESENTATION (  '', ( #4429 ), #7782 );
#12493=LINE ( 'NONE', #2510, #52 );
#12494=PLANE ( 'NONE',  #4947 );
#12495=VERTEX_POINT ( 'NONE', #4714 );
#12496=ADVANCED_FACE ( 'NONE', ( #14298 ), #4609, .F. );
#12497=EDGE_CURVE ( 'NONE', #2935, #5706, #11800, .T. );
#12498=ORIENTED_EDGE ( 'NONE', *, *, #5746, .T. );
#12499=ORIENTED_EDGE ( 'NONE', *, *, #4749, .T. );
#12500=VERTEX_POINT ( 'NONE', #5510 );
#12501=ORIENTED_EDGE ( 'NONE', *, *, #12952, .F. );
#12502=EDGE_CURVE ( 'NONE', #8790, #9221, #5285, .T. );
#12503=LINE ( 'NONE', #671, #186 );
#12504=AXIS2_PLACEMENT_3D ( 'NONE', #612, #5170, #12792 );
#12505=LINE ( 'NONE', #86, #5792 );
#12506=ORIENTED_EDGE ( 'NONE', *, *, #433, .T. );
#12507=LINE ( 'NONE', #3711, #52 );
#12508=AXIS2_PLACEMENT_3D ( 'NONE', #1079, #2054, #14171 );
#12509=DIRECTION ( 'NONE',  ( 1.000000000000000000, -3.851859888774471700E-034, 1.084202172485581700E-015 ) );
#12510=CARTESIAN_POINT ( 'NONE',  ( -2.199999999999986900, 0.05000000000000005100, -1.799999999999999600 ) );
#12511=EDGE_LOOP ( 'NONE', ( #12659, #2174, #7322, #12744 ) );
#12512=ADVANCED_FACE ( 'NONE', ( #11904 ), #30, .T. );
#12513=( GEOMETRIC_REPRESENTATION_CONTEXT ( 3 ) GLOBAL_UNCERTAINTY_ASSIGNED_CONTEXT ( ( #221 ) ) GLOBAL_UNIT_ASSIGNED_CONTEXT ( ( #324, #94, #251 ) ) REPRESENTATION_CONTEXT ( 'NONE', 'WORKASPACE' ) );
#12514=VERTEX_POINT ( 'NONE', #4552 );
#12515=ORIENTED_EDGE ( 'NONE', *, *, #9935, .T. );
#12516=ORIENTED_EDGE ( 'NONE', *, *, #14220, .T. );
#12517=LINE ( 'NONE', #545, #22 );
#12518=FACE_OUTER_BOUND ( 'NONE', #12061, .T. );
#12519=VERTEX_POINT ( 'NONE', #3147 );
#12520=EDGE_CURVE ( 'NONE', #13619, #13637, #13136, .T. );
#12521=FACE_OUTER_BOUND ( 'NONE', #4859, .T. );
#12522=LINE ( 'NONE', #1546, #3879 );
#12523=PLANE ( 'NONE',  #11213 );
#12524=AXIS2_PLACEMENT_3D ( 'NONE', #5377, #1446, #12846 );
#12525=ORIENTED_EDGE ( 'NONE', *, *, #272, .F. );
#12526=ORIENTED_EDGE ( 'NONE', *, *, #3880, .F. );
#12527=EDGE_CURVE ( 'NONE', #7284, #7454, #14342, .T. );
#12528=PLANE ( 'NONE',  #9104 );
#12529=FACE_OUTER_BOUND ( 'NONE', #7071, .T. );
#12530=EDGE_CURVE ( 'NONE', #10392, #13223, #173, .T. );
#12531=VERTEX_POINT ( 'NONE', #108 );
#12532=ORIENTED_EDGE ( 'NONE', *, *, #14528, .F. );
#12533=LINE ( 'NONE', #3974, #52 );
#12534=LINE ( 'NONE', #6925, #2682 );
#12535=ORIENTED_EDGE ( 'NONE', *, *, #7634, .F. );
#12536=LINE ( 'NONE', #3044, #350 );
#12537=ADVANCED_FACE ( 'NONE', ( #7495 ), #3247, .F. );
#12538=LINE ( 'NONE', #3071, #124 );
#12539=VERTEX_POINT ( 'NONE', #6717 );
#12540=EDGE_CURVE ( 'NONE', #13515, #7761, #12077, .T. );
#12541=VERTEX_POINT ( 'NONE', #10235 );
#12542=CARTESIAN_POINT ( 'NONE',  ( 0.0000000000000000000, 2.549999999999999800, -2.019999999999998700 ) );
#12543=EDGE_CURVE ( 'NONE', #10803, #4646, #11917, .T. );
#12544=EDGE_LOOP ( 'NONE', ( #8197, #2062, #7922, #5770 ) );
#12545=LINE ( 'NONE', #2126, #6559 );
#12546=ORIENTED_EDGE ( 'NONE', *, *, #14219, .T. );
#12547=VERTEX_POINT ( 'NONE', #5868 );
#12548=EDGE_CURVE ( 'NONE', #6933, #14085, #2950, .T. );
#12549=LINE ( 'NONE', #4831, #186 );
#12550=ORIENTED_EDGE ( 'NONE', *, *, #10099, .F. );
#12551=LINE ( 'NONE', #1590, #2440 );
#12552=EDGE_CURVE ( 'NONE', #4907, #7990, #562, .T. );
#12553=VERTEX_POINT ( 'NONE', #2997 );
#12554=ORIENTED_EDGE ( 'NONE', *, *, #3597, .F. );
#12555=ADVANCED_FACE ( 'NONE', ( #1232 ), #9412, .T. );
#12556=ORIENTED_EDGE ( 'NONE', *, *, #2654, .F. );
#12557=DIRECTION ( 'NONE',  ( -7.139770381379879400E-036, 0.0000000000000000000, 1.000000000000000000 ) );
#12558=FACE_OUTER_BOUND ( 'NONE', #13582, .T. );
#12559=ORIENTED_EDGE ( 'NONE', *, *, #10371, .T. );
#12560=ORIENTED_EDGE ( 'NONE', *, *, #9798, .T. );
#12561=EDGE_CURVE ( 'NONE', #8753, #7873, #6959, .T. );
#12562=FACE_OUTER_BOUND ( 'NONE', #12114, .T. );
#12563=PLANE ( 'NONE',  #14698 );
#12564=EDGE_CURVE ( 'NONE', #8973, #7247, #3547, .T. );
#12565=LINE ( 'NONE', #3956, #9018 );
#12566=FACE_OUTER_BOUND ( 'NONE', #9460, .T. );
#12567=ORIENTED_EDGE ( 'NONE', *, *, #7942, .T. );
#12568=AXIS2_PLACEMENT_3D ( 'NONE', #1236, #2511, #1062 );
#12569=EDGE_CURVE ( 'NONE', #3621, #14223, #12241, .T. );
#12570=ADVANCED_FACE ( 'NONE', ( #13165 ), #2204, .F. );
#12571=AXIS2_PLACEMENT_3D ( 'NONE', #308, #128, #711 );
#12572=ORIENTED_EDGE ( 'NONE', *, *, #2774, .T. );
#12573=LINE ( 'NONE', #2429, #1541 );
#12574=ORIENTED_EDGE ( 'NONE', *, *, #9873, .F. );
#12575=ORIENTED_EDGE ( 'NONE', *, *, #11385, .F. );
#12576=FACE_OUTER_BOUND ( 'NONE', #4444, .T. );
#12577=ORIENTED_EDGE ( 'NONE', *, *, #4917, .T. );
#12578=AXIS2_PLACEMENT_3D ( 'NONE', #3459, #613, #11341 );
#12579=PLANE ( 'NONE',  #11591 );
#12580=EDGE_CURVE ( 'NONE', #4034, #4038, #5466, .T. );
#12581=ADVANCED_FACE ( 'NONE', ( #8177 ), #7364, .F. );
#12582=EDGE_CURVE ( 'NONE', #11718, #12078, #3364, .T. );
#12583=ORIENTED_EDGE ( 'NONE', *, *, #8234, .F. );
#12584=MECHANICAL_DESIGN_GEOMETRIC_PRESENTATION_REPRESENTATION (  '', ( #348 ), #11722 );
#12585=ORIENTED_EDGE ( 'NONE', *, *, #5361, .T. );
#12586=ORIENTED_EDGE ( 'NONE', *, *, #8988, .T. );
#12587=LINE ( 'NONE', #5458, #4289 );
#12588=ORIENTED_EDGE ( 'NONE', *, *, #7399, .F. );
#12589=PLANE ( 'NONE',  #3748 );
#12590=ORIENTED_EDGE ( 'NONE', *, *, #11205, .T. );
#12591=CLOSED_SHELL ( 'NONE', ( #11948, #11060, #587, #14496, #4657, #3861 ) );
#12592=ORIENTED_EDGE ( 'NONE', *, *, #2449, .T. );
#12593=ORIENTED_EDGE ( 'NONE', *, *, #5292, .F. );
#12594=PRESENTATION_LAYER_ASSIGNMENT (  '', '', ( #11058 ) );
#12595=PLANE ( 'NONE',  #860 );
#12596=ORIENTED_EDGE ( 'NONE', *, *, #9557, .T. );
#12597=EDGE_CURVE ( 'NONE', #5528, #1416, #779, .T. );
#12598=FACE_OUTER_BOUND ( 'NONE', #5183, .T. );
#12599=ORIENTED_EDGE ( 'NONE', *, *, #8067, .F. );
#12600=ADVANCED_FACE ( 'NONE', ( #12399 ), #7258, .T. );
#12601=VERTEX_POINT ( 'NONE', #903 );
#12602=ORIENTED_EDGE ( 'NONE', *, *, #2737, .F. );
#12603=EDGE_CURVE ( 'NONE', #14706, #7376, #4333, .T. );
#12604=MECHANICAL_DESIGN_GEOMETRIC_PRESENTATION_REPRESENTATION (  '', ( #1254 ), #3187 );
#12605=ORIENTED_EDGE ( 'NONE', *, *, #11093, .T. );
#12606=EDGE_CURVE ( 'NONE', #443, #1334, #6585, .T. );
#12607=LINE ( 'NONE', #2075, #22 );
#12608=LINE ( 'NONE', #3682, #121 );
#12609=ORIENTED_EDGE ( 'NONE', *, *, #341, .T. );
#12610=FACE_OUTER_BOUND ( 'NONE', #4928, .T. );
#12611=ORIENTED_EDGE ( 'NONE', *, *, #4783, .F. );
#12612=ADVANCED_FACE ( 'NONE', ( #14620 ), #4830, .F. );
#12613=EDGE_CURVE ( 'NONE', #3782, #5653, #10660, .T. );
#12614=ORIENTED_EDGE ( 'NONE', *, *, #3403, .F. );
#12615=LINE ( 'NONE', #6898, #8569 );
#12616=FACE_OUTER_BOUND ( 'NONE', #12511, .T. );
#12617=ORIENTED_EDGE ( 'NONE', *, *, #4808, .F. );
#12618=FACE_OUTER_BOUND ( 'NONE', #5236, .T. );
#12619=EDGE_LOOP ( 'NONE', ( #12228, #3322, #4771, #3560 ) );
#12620=EDGE_CURVE ( 'NONE', #1189, #973, #14204, .T. );
#12621=ORIENTED_EDGE ( 'NONE', *, *, #7208, .F. );
#12622=ORIENTED_EDGE ( 'NONE', *, *, #12014, .T. );
#12623=EDGE_CURVE ( 'NONE', #2565, #14223, #4931, .T. );
#12624=DIRECTION ( 'NONE',  ( -1.000000000000000000, 0.0000000000000000000, 1.436365053392000900E-034 ) );
#12625=ADVANCED_FACE ( 'NONE', ( #12702 ), #2476, .F. );
#12626=ORIENTED_EDGE ( 'NONE', *, *, #2737, .T. );
#12627=LINE ( 'NONE', #4098, #3673 );
#12628=VERTEX_POINT ( 'NONE', #7517 );
#12629=EDGE_CURVE ( 'NONE', #3383, #9731, #7675, .T. );
#12630=VECTOR ( 'NONE', #12806, 1000.000000000000000 );
#12631=FACE_OUTER_BOUND ( 'NONE', #9535, .T. );
#12632=EDGE_CURVE ( 'NONE', #7983, #2898, #8018, .T. );
#12633=ORIENTED_EDGE ( 'NONE', *, *, #12268, .T. );
#12634=ORIENTED_EDGE ( 'NONE', *, *, #1878, .F. );
#12635=EDGE_CURVE ( 'NONE', #10317, #4001, #1686, .T. );
#12636=AXIS2_PLACEMENT_3D ( 'NONE', #2222, #88, #412 );
#12637=ORIENTED_EDGE ( 'NONE', *, *, #7018, .F. );
#12638=AXIS2_PLACEMENT_3D ( 'NONE', #491, #880, #9391 );
#12639=ORIENTED_EDGE ( 'NONE', *, *, #13634, .T. );
#12640=LINE ( 'NONE', #5412, #144 );
#12641=LINE ( 'NONE', #968, #441 );
#12642=ADVANCED_FACE ( 'NONE', ( #10507 ), #30, .T. );
#12643=LINE ( 'NONE', #3818, #22 );
#12644=ORIENTED_EDGE ( 'NONE', *, *, #2444, .T. );
#12645=FACE_OUTER_BOUND ( 'NONE', #12978, .T. );
#12646=ORIENTED_EDGE ( 'NONE', *, *, #3619, .T. );
#12647=LINE ( 'NONE', #8993, #1541 );
#12648=EDGE_CURVE ( 'NONE', #14046, #6829, #5854, .T. );
#12649=ORIENTED_EDGE ( 'NONE', *, *, #10724, .F. );
#12650=ORIENTED_EDGE ( 'NONE', *, *, #8615, .T. );
#12651=ORIENTED_EDGE ( 'NONE', *, *, #2162, .T. );
#12652=ORIENTED_EDGE ( 'NONE', *, *, #7465, .T. );
#12653=EDGE_CURVE ( 'NONE', #9680, #8797, #1022, .T. );
#12654=AXIS2_PLACEMENT_3D ( 'NONE', #1567, #711, #280 );
#12655=LINE ( 'NONE', #5138, #7159 );
#12656=ORIENTED_EDGE ( 'NONE', *, *, #5224, .T. );
#12657=PLANE ( 'NONE',  #14187 );
#12658=EDGE_CURVE ( 'NONE', #9892, #6829, #10032, .T. );
#12659=ORIENTED_EDGE ( 'NONE', *, *, #1033, .T. );
#12660=ADVANCED_FACE ( 'NONE', ( #11298 ), #8444, .F. );
#12661=ORIENTED_EDGE ( 'NONE', *, *, #3578, .F. );
#12662=ORIENTED_EDGE ( 'NONE', *, *, #11776, .T. );
#12663=EDGE_LOOP ( 'NONE', ( #8982, #7484, #3878, #8021 ) );
#12664=ORIENTED_EDGE ( 'NONE', *, *, #1335, .T. );
#12665=ORIENTED_EDGE ( 'NONE', *, *, #150, .F. );
#12666=PLANE ( 'NONE',  #5342 );
#12667=EDGE_CURVE ( 'NONE', #4205, #570, #8507, .T. );
#12668=ORIENTED_EDGE ( 'NONE', *, *, #11852, .F. );
#12669=ORIENTED_EDGE ( 'NONE', *, *, #2162, .F. );
#12670=ORIENTED_EDGE ( 'NONE', *, *, #6095, .T. );
#12671=ADVANCED_FACE ( 'NONE', ( #4538 ), #6420, .T. );
#12672=AXIS2_PLACEMENT_3D ( 'NONE', #782, #7538, #1134 );
#12673=PLANE ( 'NONE',  #1183 );
#12674=ORIENTED_EDGE ( 'NONE', *, *, #7102, .F. );
#12675=PLANE ( 'NONE',  #5767 );
#12676=ORIENTED_EDGE ( 'NONE', *, *, #11454, .F. );
#12677=ORIENTED_EDGE ( 'NONE', *, *, #14079, .F. );
#12678=LINE ( 'NONE', #250, #52 );
#12679=LINE ( 'NONE', #4831, #6924 );
#12680=ORIENTED_EDGE ( 'NONE', *, *, #1059, .T. );
#12681=EDGE_LOOP ( 'NONE', ( #7659, #3527, #13130, #13737 ) );
#12682=ORIENTED_EDGE ( 'NONE', *, *, #14508, .T. );
#12683=PLANE ( 'NONE',  #8114 );
#12684=EDGE_CURVE ( 'NONE', #4760, #12539, #297, .T. );
#12685=LINE ( 'NONE', #387, #350 );
#12686=ADVANCED_FACE ( 'NONE', ( #4131 ), #1145, .T. );
#12687=LINE ( 'NONE', #4106, #124 );
#12688=LINE ( 'NONE', #5643, #22 );
#12689=ORIENTED_EDGE ( 'NONE', *, *, #3680, .T. );
#12690=ORIENTED_EDGE ( 'NONE', *, *, #11932, .F. );
#12691=EDGE_CURVE ( 'NONE', #7387, #1160, #10194, .T. );
#12692=ORIENTED_EDGE ( 'NONE', *, *, #14201, .T. );
#12693=EDGE_CURVE ( 'NONE', #10543, #4910, #40, .T. );
#12694=ORIENTED_EDGE ( 'NONE', *, *, #11884, .T. );
#12695=FACE_OUTER_BOUND ( 'NONE', #6657, .T. );
#12696=ADVANCED_FACE ( 'NONE', ( #9864 ), #8773, .T. );
#12697=ORIENTED_EDGE ( 'NONE', *, *, #12037, .F. );
#12698=EDGE_CURVE ( 'NONE', #10913, #2982, #13459, .T. );
#12699=ORIENTED_EDGE ( 'NONE', *, *, #1299, .F. );
#12700=PLANE ( 'NONE',  #7019 );
#12701=AXIS2_PLACEMENT_3D ( 'NONE', #1739, #12990, #84 );
#12702=FACE_OUTER_BOUND ( 'NONE', #8823, .T. );
#12703=EDGE_LOOP ( 'NONE', ( #12311, #11260, #6192, #8137 ) );
#12704=FACE_OUTER_BOUND ( 'NONE', #4707, .T. );
#12705=VERTEX_POINT ( 'NONE', #5693 );
#12706=ORIENTED_EDGE ( 'NONE', *, *, #4563, .T. );
#12707=FACE_OUTER_BOUND ( 'NONE', #10686, .T. );
#12708=EDGE_CURVE ( 'NONE', #5783, #8953, #13611, .T. );
#12709=PLANE ( 'NONE',  #730 );
#12710=FACE_BOUND ( 'NONE', #12703, .T. );
#12711=ORIENTED_EDGE ( 'NONE', *, *, #9165, .F. );
#12712=VERTEX_POINT ( 'NONE', #5375 );
#12713=ORIENTED_EDGE ( 'NONE', *, *, #2498, .T. );
#12714=PLANE ( 'NONE',  #3645 );
#12715=ADVANCED_FACE ( 'NONE', ( #5281 ), #7773, .T. );
#12716=EDGE_CURVE ( 'NONE', #9810, #9842, #5090, .T. );
#12717=VERTEX_POINT ( 'NONE', #3245 );
#12718=EDGE_CURVE ( 'NONE', #3473, #4585, #14190, .T. );
#12719=ORIENTED_EDGE ( 'NONE', *, *, #14531, .T. );
#12720=ORIENTED_EDGE ( 'NONE', *, *, #12777, .F. );
#12721=LINE ( 'NONE', #939, #9013 );
#12722=EDGE_CURVE ( 'NONE', #4937, #14597, #2726, .T. );
#12723=AXIS2_PLACEMENT_3D ( 'NONE', #2324, #10861, #4126 );
#12724=ORIENTED_EDGE ( 'NONE', *, *, #5697, .F. );
#12725=DIRECTION ( 'NONE',  ( -9.969675149291988300E-017, 0.0000000000000000000, -1.000000000000000000 ) );
#12726=DIRECTION ( 'NONE',  ( -2.385244779468103800E-014, -0.0000000000000000000, -1.000000000000000000 ) );
#12727=LINE ( 'NONE', #510, #2755 );
#12728=ORIENTED_EDGE ( 'NONE', *, *, #4279, .T. );
#12729=ADVANCED_FACE ( 'NONE', ( #7328 ), #10916, .F. );
#12730=PLANE ( 'NONE',  #13880 );
#12731=ORIENTED_EDGE ( 'NONE', *, *, #3203, .F. );
#12732=LINE ( 'NONE', #2946, #99 );
#12733=ORIENTED_EDGE ( 'NONE', *, *, #5519, .T. );
#12734=LINE ( 'NONE', #1520, #22 );
#12735=ORIENTED_EDGE ( 'NONE', *, *, #8448, .T. );
#12736=ORIENTED_EDGE ( 'NONE', *, *, #13748, .F. );
#12737=EDGE_CURVE ( 'NONE', #4262, #7648, #13303, .T. );
#12738=CARTESIAN_POINT ( 'NONE',  ( 5.550000000000001600, 0.04999999999999991300, -7.250000000000002700 ) );
#12739=EDGE_CURVE ( 'NONE', #13462, #6477, #9368, .T. );
#12740=ORIENTED_EDGE ( 'NONE', *, *, #4214, .F. );
#12741=MANIFOLD_SOLID_BREP ( 'Pin 20', #7196 );
#12742=EDGE_LOOP ( 'NONE', ( #8896, #4876, #8349, #6277 ) );
#12743=ADVANCED_FACE ( 'NONE', ( #3732 ), #9945, .F. );
#12744=ORIENTED_EDGE ( 'NONE', *, *, #5536, .T. );
#12745=LINE ( 'NONE', #5935, #12445 );
#12746=FACE_OUTER_BOUND ( 'NONE', #5208, .T. );
#12747=DIRECTION ( 'NONE',  ( -4.336808689941611500E-015, 0.0000000000000000000, 1.000000000000000000 ) );
#12748=ORIENTED_EDGE ( 'NONE', *, *, #10920, .F. );
#12749=DIRECTION ( 'NONE',  ( -3.252606517456656900E-015, 0.0000000000000000000, 1.000000000000000000 ) );
#12750=ORIENTED_EDGE ( 'NONE', *, *, #14144, .F. );
#12751=EDGE_CURVE ( 'NONE', #9494, #11718, #11587, .T. );
#12752=FACE_OUTER_BOUND ( 'NONE', #9434, .T. );
#12753=LINE ( 'NONE', #5510, #22 );
#12754=ORIENTED_EDGE ( 'NONE', *, *, #5162, .F. );
#12755=CLOSED_SHELL ( 'NONE', ( #147, #10912, #2586, #656, #10271, #13770 ) );
#12756=AXIS2_PLACEMENT_3D ( 'NONE', #9097, #2116, #128 );
#12757=ADVANCED_FACE ( 'NONE', ( #4915 ), #6832, .F. );
#12758=VERTEX_POINT ( 'NONE', #5282 );
#12759=EDGE_CURVE ( 'NONE', #9219, #9392, #11755, .T. );
#12760=PLANE ( 'NONE',  #3020 );
#12761=EDGE_CURVE ( 'NONE', #1009, #3999, #541, .T. );
#12762=ORIENTED_EDGE ( 'NONE', *, *, #5515, .T. );
#12763=PLANE ( 'NONE',  #3309 );
#12764=FACE_OUTER_BOUND ( 'NONE', #12245, .T. );
#12765=LINE ( 'NONE', #4740, #52 );
#12766=FACE_OUTER_BOUND ( 'NONE', #11924, .T. );
#12767=EDGE_CURVE ( 'NONE', #3186, #5401, #12844, .T. );
#12768=EDGE_LOOP ( 'NONE', ( #772, #2113, #9283, #2307 ) );
#12769=EDGE_LOOP ( 'NONE', ( #6813, #2746, #9818, #9166 ) );
#12770=PLANE ( 'NONE',  #13238 );
#12771=PLANE ( 'NONE',  #7825 );
#12772=ADVANCED_FACE ( 'NONE', ( #13898 ), #301, .F. );
#12773=( GEOMETRIC_REPRESENTATION_CONTEXT ( 3 ) GLOBAL_UNCERTAINTY_ASSIGNED_CONTEXT ( ( #221 ) ) GLOBAL_UNIT_ASSIGNED_CONTEXT ( ( #324, #94, #251 ) ) REPRESENTATION_CONTEXT ( 'NONE', 'WORKASPACE' ) );
#12774=EDGE_CURVE ( 'NONE', #14712, #14021, #6571, .T. );
#12775=ORIENTED_EDGE ( 'NONE', *, *, #14372, .F. );
#12776=LINE ( 'NONE', #2505, #7283 );
#12777=EDGE_CURVE ( 'NONE', #2496, #8951, #9527, .T. );
#12778=DIRECTION ( 'NONE',  ( 1.000000000000000000, 0.0000000000000000000, -5.421010862427661200E-016 ) );
#12779=AXIS2_PLACEMENT_3D ( 'NONE', #419, #18, #511 );
#12780=VERTEX_POINT ( 'NONE', #11136 );
#12781=FACE_OUTER_BOUND ( 'NONE', #9740, .T. );
#12782=ORIENTED_EDGE ( 'NONE', *, *, #9853, .F. );
#12783=ORIENTED_EDGE ( 'NONE', *, *, #7666, .T. );
#12784=ORIENTED_EDGE ( 'NONE', *, *, #12954, .F. );
#12785=EDGE_CURVE ( 'NONE', #3255, #12918, #6945, .T. );
#12786=EDGE_LOOP ( 'NONE', ( #11394, #2350, #7245, #8711 ) );
#12787=EDGE_CURVE ( 'NONE', #1840, #4262, #8839, .T. );
#12788=ADVANCED_FACE ( 'NONE', ( #5647 ), #1702, .F. );
#12789=FACE_OUTER_BOUND ( 'NONE', #2750, .T. );
#12790=CARTESIAN_POINT ( 'NONE',  ( -4.599999999999991700, 0.05000000000000005100, 7.199999999999995700 ) );
#12791=ORIENTED_EDGE ( 'NONE', *, *, #1906, .T. );
#12792=DIRECTION ( 'NONE',  ( -1.000000000000000000, 0.0000000000000000000, 4.336808689941885200E-015 ) );
#12793=CLOSED_SHELL ( 'NONE', ( #2050, #6740, #13527, #14227, #855, #8112 ) );
#12794=EDGE_CURVE ( 'NONE', #244, #2794, #10651, .T. );
#12795=AXIS2_PLACEMENT_3D ( 'NONE', #3362, #2754, #2149 );
#12796=ORIENTED_EDGE ( 'NONE', *, *, #2014, .T. );
#12797=ORIENTED_EDGE ( 'NONE', *, *, #10566, .T. );
#12798=ORIENTED_EDGE ( 'NONE', *, *, #10845, .F. );
#12799=ORIENTED_EDGE ( 'NONE', *, *, #14278, .T. );
#12800=LINE ( 'NONE', #672, #144 );
#12801=CARTESIAN_POINT ( 'NONE',  ( -5.974999999999999600, 2.300000000000006900, 7.530000000000000200 ) );
#12802=ORIENTED_EDGE ( 'NONE', *, *, #13040, .T. );
#12803=LINE ( 'NONE', #2445, #2259 );
#12804=ADVANCED_FACE ( 'NONE', ( #11903 ), #11148, .T. );
#12805=CLOSED_SHELL ( 'NONE', ( #3765, #11559, #6940, #6234, #2966, #14162, #14425, #11011, #8981, #945, #1132, #2273, #8946, #9011, #12168, #11897, #2398, #6215, #13794, #9843, #2164, #1586, #4533, #5558, #12334, #9698, #14106, #11930, #8785, #10409 ) );
#12806=DIRECTION ( 'NONE',  ( -8.673617379884078100E-015, 0.0000000000000000000, 1.000000000000000000 ) );
#12807=EDGE_CURVE ( 'NONE', #4081, #6868, #14471, .T. );
#12808=ORIENTED_EDGE ( 'NONE', *, *, #14547, .T. );
#12809=EDGE_LOOP ( 'NONE', ( #1198, #7861, #14012, #13989 ) );
#12810=VERTEX_POINT ( 'NONE', #4482 );
#12811=EDGE_CURVE ( 'NONE', #5687, #2927, #13749, .T. );
#12812=VERTEX_POINT ( 'NONE', #2065 );
#12813=LINE ( 'NONE', #4135, #52 );
#12814=AXIS2_PLACEMENT_3D ( 'NONE', #1096, #711, #280 );
#12815=ORIENTED_EDGE ( 'NONE', *, *, #2979, .T. );
#12816=LINE ( 'NONE', #5404, #429 );
#12817=EDGE_LOOP ( 'NONE', ( #9662, #9200, #7200, #8533 ) );
#12818=ADVANCED_FACE ( 'NONE', ( #7993 ), #6881, .F. );
#12819=EDGE_LOOP ( 'NONE', ( #6268, #14076, #14397, #14292 ) );
#12820=ORIENTED_EDGE ( 'NONE', *, *, #3628, .T. );
#12821=FACE_OUTER_BOUND ( 'NONE', #8118, .T. );
#12822=MANIFOLD_SOLID_BREP ( 'Pin 14', #9838 );
#12823=VERTEX_POINT ( 'NONE', #1386 );
#12824=LINE ( 'NONE', #1175, #10155 );
#12825=PRODUCT_DEFINITION_SHAPE ( 'NONE', 'NONE',  #8124 );
#12826=ORIENTED_EDGE ( 'NONE', *, *, #5916, .F. );
#12827=ORIENTED_EDGE ( 'NONE', *, *, #2154, .T. );
#12828=ORIENTED_EDGE ( 'NONE', *, *, #13193, .T. );
#12829=ORIENTED_EDGE ( 'NONE', *, *, #5049, .T. );
#12830=ORIENTED_EDGE ( 'NONE', *, *, #12460, .F. );
#12831=AXIS2_PLACEMENT_3D ( 'NONE', #1540, #93, #18 );
#12832=ORIENTED_EDGE ( 'NONE', *, *, #14362, .F. );
#12833=EDGE_CURVE ( 'NONE', #4039, #14294, #12064, .T. );
#12834=ORIENTED_EDGE ( 'NONE', *, *, #8470, .T. );
#12835=ADVANCED_FACE ( 'NONE', ( #7650 ), #11323, .T. );
#12836=ORIENTED_EDGE ( 'NONE', *, *, #2645, .T. );
#12837=LINE ( 'NONE', #1074, #2504 );
#12838=PLANE ( 'NONE',  #3420 );
#12839=LINE ( 'NONE', #6743, #52 );
#12840=ORIENTED_EDGE ( 'NONE', *, *, #263, .T. );
#12841=ORIENTED_EDGE ( 'NONE', *, *, #14168, .T. );
#12842=EDGE_CURVE ( 'NONE', #6819, #5769, #9686, .T. );
#12843=ORIENTED_EDGE ( 'NONE', *, *, #4370, .T. );
#12844=LINE ( 'NONE', #1301, #22 );
#12845=PLANE ( 'NONE',  #11532 );
#12846=DIRECTION ( 'NONE',  ( 1.000000000000000000, 0.0000000000000000000, 5.421010862427707600E-016 ) );
#12847=ORIENTED_EDGE ( 'NONE', *, *, #7061, .F. );
#12848=AXIS2_PLACEMENT_3D ( 'NONE', #648, #93, #18 );
#12849=LINE ( 'NONE', #10869, #52 );
#12850=VERTEX_POINT ( 'NONE', #13272 );
#12851=PLANE ( 'NONE',  #13194 );
#12852=EDGE_CURVE ( 'NONE', #9543, #11319, #1216, .T. );
#12853=ADVANCED_FACE ( 'NONE', ( #10014 ), #8201, .T. );
#12854=FACE_BOUND ( 'NONE', #12819, .T. );
#12855=FACE_OUTER_BOUND ( 'NONE', #14359, .T. );
#12856=EDGE_LOOP ( 'NONE', ( #11923, #13560, #4321, #2709 ) );
#12857=EDGE_LOOP ( 'NONE', ( #11009, #1512, #6777, #4541 ) );
#12858=PLANE ( 'NONE',  #5078 );
#12859=AXIS2_PLACEMENT_3D ( 'NONE', #3333, #2116, #128 );
#12860=ORIENTED_EDGE ( 'NONE', *, *, #7016, .F. );
#12861=PLANE ( 'NONE',  #13180 );
#12862=AXIS2_PLACEMENT_3D ( 'NONE', #202, #778, #3127 );
#12863=VERTEX_POINT ( 'NONE', #1154 );
#12864=ORIENTED_EDGE ( 'NONE', *, *, #5985, .F. );
#12865=LINE ( 'NONE', #333, #9018 );
#12866=ORIENTED_EDGE ( 'NONE', *, *, #11178, .T. );
#12867=EDGE_CURVE ( 'NONE', #8122, #1879, #7558, .T. );
#12868=LINE ( 'NONE', #5779, #3346 );
#12869=DIRECTION ( 'NONE',  ( 1.000000000000000000, 0.0000000000000000000, 1.846881838814537600E-035 ) );
#12870=EDGE_CURVE ( 'NONE', #7286, #14695, #10795, .T. );
#12871=LINE ( 'NONE', #1451, #591 );
#12872=FACE_OUTER_BOUND ( 'NONE', #7353, .T. );
#12873=VERTEX_POINT ( 'NONE', #2186 );
#12874=FACE_OUTER_BOUND ( 'NONE', #13543, .T. );
#12875=CLOSED_SHELL ( 'NONE', ( #10439, #2003, #13660, #3719, #11685, #3078 ) );
#12876=AXIS2_PLACEMENT_3D ( 'NONE', #6743, #4726, #14242 );
#12877=ADVANCED_FACE ( 'NONE', ( #4708 ), #3493, .F. );
#12878=EDGE_LOOP ( 'NONE', ( #13390, #1465, #11346, #13497 ) );
#12879=EDGE_CURVE ( 'NONE', #9961, #570, #3327, .T. );
#12880=DIRECTION ( 'NONE',  ( -1.000000000000000000, 0.0000000000000000000, 4.210554863359194200E-036 ) );
#12881=AXIS2_PLACEMENT_3D ( 'NONE', #5074, #2116, #128 );
#12882=CARTESIAN_POINT ( 'NONE',  ( -6.299999999999951000, 0.0000000000000000000, 5.299999999999993600 ) );
#12883=LINE ( 'NONE', #1125, #119 );
#12884=ORIENTED_EDGE ( 'NONE', *, *, #8747, .T. );
#12885=AXIS2_PLACEMENT_3D ( 'NONE', #1348, #23, #128 );
#12886=ORIENTED_EDGE ( 'NONE', *, *, #13826, .F. );
#12887=FACE_OUTER_BOUND ( 'NONE', #3164, .T. );
#12888=EDGE_LOOP ( 'NONE', ( #8763, #7778, #12535, #14309 ) );
#12889=FACE_OUTER_BOUND ( 'NONE', #5341, .T. );
#12890=ORIENTED_EDGE ( 'NONE', *, *, #12993, .F. );
#12891=ORIENTED_EDGE ( 'NONE', *, *, #13193, .F. );
#12892=VERTEX_POINT ( 'NONE', #8244 );
#12893=EDGE_CURVE ( 'NONE', #5038, #11212, #4100, .T. );
#12894=ORIENTED_EDGE ( 'NONE', *, *, #10070, .F. );
#12895=ADVANCED_FACE ( 'NONE', ( #8323 ), #2063, .F. );
#12896=EDGE_CURVE ( 'NONE', #6768, #6774, #11745, .T. );
#12897=FACE_OUTER_BOUND ( 'NONE', #103, .T. );
#12898=AXIS2_PLACEMENT_3D ( 'NONE', #4880, #10482, #4930 );
#12899=DIRECTION ( 'NONE',  ( -2.168404344971006500E-015, 3.081487911019577400E-033, -1.000000000000000000 ) );
#12900=LINE ( 'NONE', #2902, #52 );
#12901=VERTEX_POINT ( 'NONE', #6479 );
#12902=LINE ( 'NONE', #333, #22 );
#12903=DIRECTION ( 'NONE',  ( -1.000000000000000000, 0.0000000000000000000, 1.579588388143034000E-033 ) );
#12904=PLANE ( 'NONE',  #2172 );
#12905=LINE ( 'NONE', #1798, #1411 );
#12906=ORIENTED_EDGE ( 'NONE', *, *, #8531, .T. );
#12907=ORIENTED_EDGE ( 'NONE', *, *, #11712, .F. );
#12908=ORIENTED_EDGE ( 'NONE', *, *, #8046, .T. );
#12909=DIRECTION ( 'NONE',  ( -1.000000000000000000, 0.0000000000000000000, 1.965912317380352600E-034 ) );
#12910=MANIFOLD_SOLID_BREP ( 'Pin 49_6', #6076 );
#12911=ORIENTED_EDGE ( 'NONE', *, *, #13298, .F. );
#12912=FACE_OUTER_BOUND ( 'NONE', #4614, .T. );
#12913=ADVANCED_FACE ( 'NONE', ( #13443 ), #3700, .F. );
#12914=LINE ( 'NONE', #56, #95 );
#12915=FACE_OUTER_BOUND ( 'NONE', #7608, .T. );
#12916=ORIENTED_EDGE ( 'NONE', *, *, #2603, .F. );
#12917=VECTOR ( 'NONE', #12000, 1000.000000000000000 );
#12918=VERTEX_POINT ( 'NONE', #2908 );
#12919=PRODUCT ( 'ESP32-PICO-MINI-02', 'ESP32-PICO-MINI-02', '', ( #5762 ) );
#12920=ORIENTED_EDGE ( 'NONE', *, *, #9895, .F. );
#12921=ORIENTED_EDGE ( 'NONE', *, *, #792, .F. );
#12922=EDGE_CURVE ( 'NONE', #7286, #6417, #3716, .T. );
#12923=AXIS2_PLACEMENT_3D ( 'NONE', #1920, #10144, #3154 );
#12924=MECHANICAL_DESIGN_GEOMETRIC_PRESENTATION_REPRESENTATION (  '', ( #4117 ), #14646 );
#12925=VERTEX_POINT ( 'NONE', #2870 );
#12926=DIRECTION ( 'NONE',  ( -1.000000000000000000, 0.0000000000000000000, -2.710505431213856200E-016 ) );
#12927=FACE_OUTER_BOUND ( 'NONE', #7661, .T. );
#12928=LINE ( 'NONE', #426, #429 );
#12929=ORIENTED_EDGE ( 'NONE', *, *, #13417, .F. );
#12930=FACE_OUTER_BOUND ( 'NONE', #11919, .T. );
#12931=ADVANCED_FACE ( 'NONE', ( #522 ), #4867, .F. );
#12932=DIRECTION ( 'NONE',  ( 0.0000000000000000000, 1.000000000000000000, 1.279960898073165300E-016 ) );
#12933=PLANE ( 'NONE',  #5978 );
#12934=ORIENTED_EDGE ( 'NONE', *, *, #4414, .T. );
#12935=EDGE_CURVE ( 'NONE', #2503, #8526, #1, .T. );
#12936=ORIENTED_EDGE ( 'NONE', *, *, #1547, .F. );
#12937=FACE_OUTER_BOUND ( 'NONE', #11244, .T. );
#12938=LINE ( 'NONE', #2764, #1411 );
#12939=AXIS2_PLACEMENT_3D ( 'NONE', #3287, #106, #4966 );
#12940=FACE_OUTER_BOUND ( 'NONE', #11577, .T. );
#12941=EDGE_CURVE ( 'NONE', #135, #9810, #7823, .T. );
#12942=LINE ( 'NONE', #1412, #22 );
#12943=ORIENTED_EDGE ( 'NONE', *, *, #5729, .F. );
#12944=EDGE_CURVE ( 'NONE', #10551, #13462, #10950, .T. );
#12945=ADVANCED_FACE ( 'NONE', ( #12054 ), #3812, .F. );
#12946=AXIS2_PLACEMENT_3D ( 'NONE', #3428, #18, #23 );
#12947=ORIENTED_EDGE ( 'NONE', *, *, #14444, .T. );
#12948=LINE ( 'NONE', #2870, #22 );
#12949=FACE_OUTER_BOUND ( 'NONE', #690, .T. );
#12950=ORIENTED_EDGE ( 'NONE', *, *, #3871, .F. );
#12951=EDGE_CURVE ( 'NONE', #8917, #5992, #12994, .T. );
#12952=EDGE_CURVE ( 'NONE', #865, #5094, #8310, .T. );
#12953=VERTEX_POINT ( 'NONE', #7390 );
#12954=EDGE_CURVE ( 'NONE', #13830, #3065, #6668, .T. );
#12955=ADVANCED_FACE ( 'NONE', ( #2915 ), #8472, .F. );
#12956=CARTESIAN_POINT ( 'NONE',  ( 6.299999999999972300, 3.388131789017201400E-018, 0.1000000000000028600 ) );
#12957=DIRECTION ( 'NONE',  ( -0.0000000000000000000, 1.000000000000000000, 1.279960898073165300E-016 ) );
#12958=MECHANICAL_DESIGN_GEOMETRIC_PRESENTATION_REPRESENTATION (  '', ( #6797 ), #6594 );
#12959=ORIENTED_EDGE ( 'NONE', *, *, #12716, .T. );
#12960=ORIENTED_EDGE ( 'NONE', *, *, #24, .T. );
#12961=FACE_OUTER_BOUND ( 'NONE', #5385, .T. );
#12962=ORIENTED_EDGE ( 'NONE', *, *, #4499, .F. );
#12963=ORIENTED_EDGE ( 'NONE', *, *, #8560, .F. );
#12964=FACE_OUTER_BOUND ( 'NONE', #12387, .T. );
#12965=ORIENTED_EDGE ( 'NONE', *, *, #1723, .T. );
#12966=EDGE_CURVE ( 'NONE', #14575, #5571, #2305, .T. );
#12967=ORIENTED_EDGE ( 'NONE', *, *, #1723, .F. );
#12968=EDGE_CURVE ( 'NONE', #6107, #1436, #10634, .T. );
#12969=ORIENTED_EDGE ( 'NONE', *, *, #12606, .F. );
#12970=LINE ( 'NONE', #5089, #1193 );
#12971=VERTEX_POINT ( 'NONE', #10788 );
#12972=EDGE_CURVE ( 'NONE', #1550, #6684, #2696, .T. );
#12973=ADVANCED_FACE ( 'NONE', ( #5080 ), #10766, .T. );
#12974=VECTOR ( 'NONE', #1941, 1000.000000000000000 );
#12975=DIRECTION ( 'NONE',  ( 1.000000000000000000, 0.0000000000000000000, -1.626303258728330000E-015 ) );
#12976=PLANE ( 'NONE',  #4854 );
#12977=ORIENTED_EDGE ( 'NONE', *, *, #7018, .T. );
#12978=EDGE_LOOP ( 'NONE', ( #9695, #9825, #3052, #6255 ) );
#12979=EDGE_LOOP ( 'NONE', ( #7537, #2230, #4761, #12112 ) );
#12980=EDGE_LOOP ( 'NONE', ( #14459, #1804, #10972, #7698 ) );
#12981=FACE_OUTER_BOUND ( 'NONE', #13453, .T. );
#12982=PRESENTATION_LAYER_ASSIGNMENT (  '', '', ( #9849 ) );
#12983=FACE_OUTER_BOUND ( 'NONE', #13241, .T. );
#12984=DIRECTION ( 'NONE',  ( 3.252606517456159900E-015, 0.0000000000000000000, 1.000000000000000000 ) );
#12985=LINE ( 'NONE', #3565, #591 );
#12986=ADVANCED_FACE ( 'NONE', ( #14595 ), #8668, .T. );
#12987=EDGE_CURVE ( 'NONE', #3568, #12013, #6734, .T. );
#12988=EDGE_LOOP ( 'NONE', ( #6414, #691, #3422, #13999 ) );
#12989=ADVANCED_FACE ( 'NONE', ( #11579 ), #10647, .T. );
#12990=DIRECTION ( 'NONE',  ( -7.804049169037448600E-036, 0.0000000000000000000, -1.000000000000000000 ) );
#12991=ORIENTED_EDGE ( 'NONE', *, *, #8578, .T. );
#12992=ORIENTED_EDGE ( 'NONE', *, *, #13768, .T. );
#12993=EDGE_CURVE ( 'NONE', #10563, #5403, #5997, .T. );
#12994=LINE ( 'NONE', #5261, #188 );
#12995=( GEOMETRIC_REPRESENTATION_CONTEXT ( 3 ) GLOBAL_UNCERTAINTY_ASSIGNED_CONTEXT ( ( #221 ) ) GLOBAL_UNIT_ASSIGNED_CONTEXT ( ( #324, #94, #251 ) ) REPRESENTATION_CONTEXT ( 'NONE', 'WORKASPACE' ) );
#12996=EDGE_LOOP ( 'NONE', ( #6529, #12943, #4685, #9949 ) );
#12997=FACE_OUTER_BOUND ( 'NONE', #12544, .T. );
#12998=ORIENTED_EDGE ( 'NONE', *, *, #10005, .F. );
#12999=DIRECTION ( 'NONE',  ( 1.000000000000000000, -7.703719777548945100E-034, -1.084202172485537000E-015 ) );
#13000=ORIENTED_EDGE ( 'NONE', *, *, #4000, .F. );
#13001=ORIENTED_EDGE ( 'NONE', *, *, #13562, .F. );
#13002=ADVANCED_FACE ( 'NONE', ( #1866 ), #14653, .F. );
#13003=EDGE_CURVE ( 'NONE', #5720, #11607, #3906, .T. );
#13004=ORIENTED_EDGE ( 'NONE', *, *, #13937, .T. );
#13005=LINE ( 'NONE', #3849, #22 );
#13006=ORIENTED_EDGE ( 'NONE', *, *, #131, .F. );
#13007=CARTESIAN_POINT ( 'NONE',  ( -5.500000000000007100, 0.0000000000000000000, 3.699999999999988200 ) );
#13008=AXIS2_PLACEMENT_3D ( 'NONE', #67, #778, #9144 );
#13009=FACE_BOUND ( 'NONE', #6378, .T. );
#13010=LINE ( 'NONE', #5542, #168 );
#13011=EDGE_LOOP ( 'NONE', ( #2046, #3648, #13913, #2844 ) );
#13012=AXIS2_PLACEMENT_3D ( 'NONE', #877, #2943, #971 );
#13013=ORIENTED_EDGE ( 'NONE', *, *, #1518, .F. );
#13014=ORIENTED_EDGE ( 'NONE', *, *, #8598, .T. );
#13015=EDGE_CURVE ( 'NONE', #8375, #8733, #7808, .T. );
#13016=VERTEX_POINT ( 'NONE', #5220 );
#13017=VERTEX_POINT ( 'NONE', #9749 );
#13018=ADVANCED_FACE ( 'NONE', ( #4693 ), #11822, .F. );
#13019=ORIENTED_EDGE ( 'NONE', *, *, #5280, .F. );
#13020=FACE_BOUND ( 'NONE', #6686, .T. );
#13021=EDGE_CURVE ( 'NONE', #6489, #9327, #3125, .T. );
#13022=VECTOR ( 'NONE', #129, 1000.000000000000000 );
#13023=ORIENTED_EDGE ( 'NONE', *, *, #7477, .T. );
#13024=ORIENTED_EDGE ( 'NONE', *, *, #6842, .T. );
#13025=AXIS2_PLACEMENT_3D ( 'NONE', #9883, #23, #128 );
#13026=ORIENTED_EDGE ( 'NONE', *, *, #8081, .F. );
#13027=ORIENTED_EDGE ( 'NONE', *, *, #10421, .T. );
#13028=EDGE_CURVE ( 'NONE', #12053, #5982, #13595, .T. );
#13029=ORIENTED_EDGE ( 'NONE', *, *, #3717, .F. );
#13030=LINE ( 'NONE', #3090, #144 );
#13031=ORIENTED_EDGE ( 'NONE', *, *, #14262, .T. );
#13032=LINE ( 'NONE', #2069, #22 );
#13033=ORIENTED_EDGE ( 'NONE', *, *, #839, .F. );
#13034=LINE ( 'NONE', #9501, #5882 );
#13035=VERTEX_POINT ( 'NONE', #2911 );
#13036=ADVANCED_FACE ( 'NONE', ( #2500 ), #9882, .F. );
#13037=MECHANICAL_DESIGN_GEOMETRIC_PRESENTATION_REPRESENTATION (  '', ( #14075 ), #4175 );
#13038=ORIENTED_EDGE ( 'NONE', *, *, #8448, .F. );
#13039=DIRECTION ( 'NONE',  ( -1.000000000000000000, 0.0000000000000000000, 2.312838020447182500E-035 ) );
#13040=EDGE_CURVE ( 'NONE', #7648, #8953, #7469, .T. );
#13041=AXIS2_PLACEMENT_3D ( 'NONE', #926, #106, #128 );
#13042=ORIENTED_EDGE ( 'NONE', *, *, #13108, .F. );
#13043=ORIENTED_EDGE ( 'NONE', *, *, #9743, .F. );
#13044=FACE_OUTER_BOUND ( 'NONE', #10243, .T. );
#13045=ORIENTED_EDGE ( 'NONE', *, *, #10065, .T. );
#13046=EDGE_CURVE ( 'NONE', #5120, #817, #7981, .T. );
#13047=AXIS2_PLACEMENT_3D ( 'NONE', #1575, #93, #18 );
#13048=ORIENTED_EDGE ( 'NONE', *, *, #89, .F. );
#13049=ORIENTED_EDGE ( 'NONE', *, *, #8023, .F. );
#13050=AXIS2_PLACEMENT_3D ( 'NONE', #10539, #12624, #11644 );
#13051=ADVANCED_FACE ( 'NONE', ( #8653 ), #11959, .F. );
#13052=ORIENTED_EDGE ( 'NONE', *, *, #12708, .F. );
#13053=LINE ( 'NONE', #3245, #441 );
#13054=ORIENTED_EDGE ( 'NONE', *, *, #6862, .F. );
#13055=EDGE_CURVE ( 'NONE', #12901, #6477, #10468, .T. );
#13056=LINE ( 'NONE', #17, #188 );
#13057=EDGE_LOOP ( 'NONE', ( #4546, #876, #13024, #921 ) );
#13058=EDGE_CURVE ( 'NONE', #13122, #14387, #10320, .T. );
#13059=VERTEX_POINT ( 'NONE', #2597 );
#13060=MANIFOLD_SOLID_BREP ( 'Module 3', #9445 );
#13061=EDGE_CURVE ( 'NONE', #12401, #7490, #3514, .T. );
#13062=ADVANCED_FACE ( 'NONE', ( #12821 ), #11037, .F. );
#13063=ORIENTED_EDGE ( 'NONE', *, *, #5584, .F. );
#13064=EDGE_LOOP ( 'NONE', ( #13013, #10977, #104, #13932 ) );
#13065=LINE ( 'NONE', #5377, #52 );
#13066=FACE_OUTER_BOUND ( 'NONE', #10216, .T. );
#13067=ORIENTED_EDGE ( 'NONE', *, *, #14526, .F. );
#13068=ORIENTED_EDGE ( 'NONE', *, *, #11791, .T. );
#13069=ORIENTED_EDGE ( 'NONE', *, *, #8952, .F. );
#13070=LINE ( 'NONE', #12790, #22 );
#13071=ADVANCED_FACE ( 'NONE', ( #12367 ), #190, .F. );
#13072=LINE ( 'NONE', #2068, #52 );
#13073=FACE_OUTER_BOUND ( 'NONE', #13718, .T. );
#13074=FACE_OUTER_BOUND ( 'NONE', #7015, .T. );
#13075=LINE ( 'NONE', #3686, #22 );
#13076=AXIS2_PLACEMENT_3D ( 'NONE', #1748, #23, #18 );
#13077=ORIENTED_EDGE ( 'NONE', *, *, #10241, .T. );
#13078=PLANE ( 'NONE',  #4215 );
#13079=ORIENTED_EDGE ( 'NONE', *, *, #7439, .F. );
#13080=LINE ( 'NONE', #6735, #52 );
#13081=( GEOMETRIC_REPRESENTATION_CONTEXT ( 3 ) GLOBAL_UNCERTAINTY_ASSIGNED_CONTEXT ( ( #221 ) ) GLOBAL_UNIT_ASSIGNED_CONTEXT ( ( #324, #94, #251 ) ) REPRESENTATION_CONTEXT ( 'NONE', 'WORKASPACE' ) );
#13082=ORIENTED_EDGE ( 'NONE', *, *, #7268, .T. );
#13083=LINE ( 'NONE', #427, #423 );
#13084=PLANE ( 'NONE',  #2366 );
#13085=LINE ( 'NONE', #11367, #95 );
#13086=EDGE_CURVE ( 'NONE', #5246, #1416, #14744, .T. );
#13087=VERTEX_POINT ( 'NONE', #5357 );
#13088=ADVANCED_FACE ( 'NONE', ( #9661 ), #12050, .T. );
#13089=AXIS2_PLACEMENT_3D ( 'NONE', #1624, #12111, #6631 );
#13090=VERTEX_POINT ( 'NONE', #1908 );
#13091=ORIENTED_EDGE ( 'NONE', *, *, #4368, .T. );
#13092=LINE ( 'NONE', #3260, #2545 );
#13093=EDGE_CURVE ( 'NONE', #10288, #11553, #4082, .T. );
#13094=FACE_OUTER_BOUND ( 'NONE', #6446, .T. );
#13095=FACE_OUTER_BOUND ( 'NONE', #7005, .T. );
#13096=EDGE_CURVE ( 'NONE', #725, #12401, #12202, .T. );
#13097=LINE ( 'NONE', #3007, #2545 );
#13098=MECHANICAL_DESIGN_GEOMETRIC_PRESENTATION_REPRESENTATION (  '', ( #9001 ), #11019 );
#13099=ORIENTED_EDGE ( 'NONE', *, *, #1151, .F. );
#13100=CARTESIAN_POINT ( 'NONE',  ( -5.824999999999999300, 2.299999999999999800, -2.019999999999998200 ) );
#13101=STYLED_ITEM ( 'NONE', ( #1085 ), #14491 );
#13102=ORIENTED_EDGE ( 'NONE', *, *, #6540, .F. );
#13103=ADVANCED_FACE ( 'NONE', ( #6181 ), #14007, .F. );
#13104=VERTEX_POINT ( 'NONE', #459 );
#13105=EDGE_CURVE ( 'NONE', #9800, #8441, #7096, .T. );
#13106=ORIENTED_EDGE ( 'NONE', *, *, #12708, .T. );
#13107=ORIENTED_EDGE ( 'NONE', *, *, #6990, .F. );
#13108=EDGE_CURVE ( 'NONE', #7943, #10860, #498, .T. );
#13109=EDGE_LOOP ( 'NONE', ( #1617, #6970, #606, #1554 ) );
#13110=FACE_OUTER_BOUND ( 'NONE', #965, .T. );
#13111=PLANE ( 'NONE',  #5872 );
#13112=ORIENTED_EDGE ( 'NONE', *, *, #7418, .F. );
#13113=ORIENTED_EDGE ( 'NONE', *, *, #13875, .F. );
#13114=EDGE_CURVE ( 'NONE', #11215, #3170, #14306, .T. );
#13115=ORIENTED_EDGE ( 'NONE', *, *, #13338, .F. );
#13116=ORIENTED_EDGE ( 'NONE', *, *, #1701, .F. );
#13117=EDGE_LOOP ( 'NONE', ( #4054, #14400, #3923, #7437 ) );
#13118=ADVANCED_FACE ( 'NONE', ( #12529 ), #8985, .F. );
#13119=EDGE_LOOP ( 'NONE', ( #3177, #3085, #6520, #1418 ) );
#13120=LINE ( 'NONE', #3151, #186 );
#13121=EDGE_CURVE ( 'NONE', #281, #1831, #6719, .T. );
#13122=VERTEX_POINT ( 'NONE', #2611 );
#13123=EDGE_CURVE ( 'NONE', #12953, #7702, #9823, .T. );
#13124=ORIENTED_EDGE ( 'NONE', *, *, #2595, .T. );
#13125=EDGE_CURVE ( 'NONE', #12407, #2459, #6541, .T. );
#13126=EDGE_LOOP ( 'NONE', ( #10829, #1923, #3357, #11340 ) );
#13127=AXIS2_PLACEMENT_3D ( 'NONE', #727, #1651, #2283 );
#13128=MANIFOLD_SOLID_BREP ( 'Pin 44', #9350 );
#13129=ORIENTED_EDGE ( 'NONE', *, *, #2492, .T. );
#13130=ORIENTED_EDGE ( 'NONE', *, *, #12400, .T. );
#13131=EDGE_CURVE ( 'NONE', #3366, #11185, #7293, .T. );
#13132=EDGE_LOOP ( 'NONE', ( #2584, #6162, #9851, #11472 ) );
#13133=FACE_OUTER_BOUND ( 'NONE', #11426, .T. );
#13134=FACE_OUTER_BOUND ( 'NONE', #10105, .T. );
#13135=EDGE_LOOP ( 'NONE', ( #12614, #9217, #7355, #4856 ) );
#13136=LINE ( 'NONE', #645, #186 );
#13137=ADVANCED_FACE ( 'NONE', ( #14449 ), #9036, .F. );
#13138=ORIENTED_EDGE ( 'NONE', *, *, #8812, .F. );
#13139=EDGE_LOOP ( 'NONE', ( #8285, #11552, #11173, #8535 ) );
#13140=EDGE_LOOP ( 'NONE', ( #5871, #13245, #7380, #3745 ) );
#13141=ORIENTED_EDGE ( 'NONE', *, *, #6638, .T. );
#13142=ORIENTED_EDGE ( 'NONE', *, *, #11796, .F. );
#13143=EDGE_CURVE ( 'NONE', #10790, #10298, #13870, .T. );
#13144=CARTESIAN_POINT ( 'NONE',  ( -5.974999999999999600, 0.7999999999999999300, 7.430000000000001500 ) );
#13145=PLANE ( 'NONE',  #9012 );
#13146=FACE_OUTER_BOUND ( 'NONE', #12449, .T. );
#13147=EDGE_LOOP ( 'NONE', ( #12291, #8546, #13849, #5072 ) );
#13148=LINE ( 'NONE', #436, #6612 );
#13149=ORIENTED_EDGE ( 'NONE', *, *, #11662, .F. );
#13150=DIRECTION ( 'NONE',  ( 1.000000000000000000, 7.703719777548943400E-034, -4.336808689942147900E-015 ) );
#13151=VERTEX_POINT ( 'NONE', #10109 );
#13152=EDGE_CURVE ( 'NONE', #13425, #7989, #4492, .T. );
#13153=ORIENTED_EDGE ( 'NONE', *, *, #7274, .F. );
#13154=ADVANCED_FACE ( 'NONE', ( #5984 ), #9135, .F. );
#13155=ORIENTED_EDGE ( 'NONE', *, *, #1165, .F. );
#13156=ORIENTED_EDGE ( 'NONE', *, *, #14150, .F. );
#13157=LINE ( 'NONE', #4158, #52 );
#13158=CARTESIAN_POINT ( 'NONE',  ( 5.724999999999999600, 2.549999999999999800, 4.990598944707148500E-016 ) );
#13159=STYLED_ITEM ( 'NONE', ( #853 ), #12910 );
#13160=FACE_BOUND ( 'NONE', #5339, .T. );
#13161=LINE ( 'NONE', #5256, #350 );
#13162=ORIENTED_EDGE ( 'NONE', *, *, #10996, .F. );
#13163=EDGE_CURVE ( 'NONE', #3202, #4488, #8811, .T. );
#13164=ORIENTED_EDGE ( 'NONE', *, *, #8206, .F. );
#13165=FACE_OUTER_BOUND ( 'NONE', #11080, .T. );
#13166=ADVANCED_FACE ( 'NONE', ( #11875 ), #9425, .F. );
#13167=ORIENTED_EDGE ( 'NONE', *, *, #2515, .F. );
#13168=EDGE_LOOP ( 'NONE', ( #8621, #14401, #5, #6827 ) );
#13169=ADVANCED_FACE ( 'NONE', ( #8139 ), #4845, .F. );
#13170=ORIENTED_EDGE ( 'NONE', *, *, #13233, .F. );
#13171=LINE ( 'NONE', #4581, #6781 );
#13172=EDGE_CURVE ( 'NONE', #1479, #4413, #13281, .T. );
#13173=FACE_OUTER_BOUND ( 'NONE', #11805, .T. );
#13174=PLANE ( 'NONE',  #4824 );
#13175=LINE ( 'NONE', #167, #124 );
#13176=EDGE_CURVE ( 'NONE', #14650, #12348, #11566, .T. );
#13177=ORIENTED_EDGE ( 'NONE', *, *, #9211, .T. );
#13178=ORIENTED_EDGE ( 'NONE', *, *, #9898, .T. );
#13179=VERTEX_POINT ( 'NONE', #1161 );
#13180=AXIS2_PLACEMENT_3D ( 'NONE', #542, #3, #3174 );
#13181=LINE ( 'NONE', #407, #2259 );
#13182=ORIENTED_EDGE ( 'NONE', *, *, #12049, .F. );
#13183=EDGE_CURVE ( 'NONE', #7466, #3768, #5065, .T. );
#13184=EDGE_CURVE ( 'NONE', #8724, #8766, #4285, .T. );
#13185=VERTEX_POINT ( 'NONE', #11303 );
#13186=ADVANCED_FACE ( 'NONE', ( #1186 ), #11349, .F. );
#13187=ORIENTED_EDGE ( 'NONE', *, *, #6260, .T. );
#13188=DIRECTION ( 'NONE',  ( -1.000000000000000000, -7.703719777548943400E-034, -2.168404344971003300E-015 ) );
#13189=ORIENTED_EDGE ( 'NONE', *, *, #7883, .T. );
#13190=ORIENTED_EDGE ( 'NONE', *, *, #12288, .F. );
#13191=ORIENTED_EDGE ( 'NONE', *, *, #1322, .T. );
#13192=ORIENTED_EDGE ( 'NONE', *, *, #7747, .T. );
#13193=EDGE_CURVE ( 'NONE', #13262, #2787, #13740, .T. );
#13194=AXIS2_PLACEMENT_3D ( 'NONE', #3003, #18, #23 );
#13195=LINE ( 'NONE', #2985, #591 );
#13196=( GEOMETRIC_REPRESENTATION_CONTEXT ( 3 ) GLOBAL_UNCERTAINTY_ASSIGNED_CONTEXT ( ( #221 ) ) GLOBAL_UNIT_ASSIGNED_CONTEXT ( ( #324, #94, #251 ) ) REPRESENTATION_CONTEXT ( 'NONE', 'WORKASPACE' ) );
#13197=FACE_OUTER_BOUND ( 'NONE', #14481, .T. );
#13198=ORIENTED_EDGE ( 'NONE', *, *, #4715, .F. );
#13199=ORIENTED_EDGE ( 'NONE', *, *, #13267, .T. );
#13200=ADVANCED_FACE ( 'NONE', ( #13133 ), #6034, .T. );
#13201=ORIENTED_EDGE ( 'NONE', *, *, #12199, .T. );
#13202=EDGE_CURVE ( 'NONE', #4339, #13425, #11108, .T. );
#13203=ORIENTED_EDGE ( 'NONE', *, *, #7563, .F. );
#13204=DIRECTION ( 'NONE',  ( -7.804049169039133800E-036, 0.0000000000000000000, -1.000000000000000000 ) );
#13205=EDGE_CURVE ( 'NONE', #5350, #7647, #11735, .T. );
#13206=AXIS2_PLACEMENT_3D ( 'NONE', #960, #18, #511 );
#13207=PLANE ( 'NONE',  #9739 );
#13208=VERTEX_POINT ( 'NONE', #3524 );
#13209=EDGE_CURVE ( 'NONE', #3568, #3467, #7639, .T. );
#13210=FACE_OUTER_BOUND ( 'NONE', #10249, .T. );
#13211=ORIENTED_EDGE ( 'NONE', *, *, #13426, .F. );
#13212=LINE ( 'NONE', #2252, #863 );
#13213=LINE ( 'NONE', #4316, #52 );
#13214=ORIENTED_EDGE ( 'NONE', *, *, #4700, .T. );
#13215=ORIENTED_EDGE ( 'NONE', *, *, #8216, .F. );
#13216=ORIENTED_EDGE ( 'NONE', *, *, #1965, .T. );
#13217=PLANE ( 'NONE',  #10994 );
#13218=MANIFOLD_SOLID_BREP ( 'Pin 13', #12166 );
#13219=ADVANCED_FACE ( 'NONE', ( #2679 ), #12363, .F. );
#13220=AXIS2_PLACEMENT_3D ( 'NONE', #581, #93, #18 );
#13221=VERTEX_POINT ( 'NONE', #5062 );
#13222=FACE_OUTER_BOUND ( 'NONE', #12269, .T. );
#13223=VERTEX_POINT ( 'NONE', #11163 );
#13224=LINE ( 'NONE', #7226, #881 );
#13225=FACE_OUTER_BOUND ( 'NONE', #6998, .T. );
#13226=ORIENTED_EDGE ( 'NONE', *, *, #10443, .T. );
#13227=EDGE_CURVE ( 'NONE', #13122, #3366, #8658, .T. );
#13228=ORIENTED_EDGE ( 'NONE', *, *, #11343, .F. );
#13229=LINE ( 'NONE', #1719, #52 );
#13230=ADVANCED_FACE ( 'NONE', ( #3909 ), #1100, .T. );
#13231=EDGE_LOOP ( 'NONE', ( #12109, #13253, #7756, #7802 ) );
#13232=AXIS2_PLACEMENT_3D ( 'NONE', #105, #5711, #1607 );
#13233=EDGE_CURVE ( 'NONE', #3045, #12467, #7115, .T. );
#13234=EDGE_LOOP ( 'NONE', ( #10726, #1219, #8141, #8850 ) );
#13235=VERTEX_POINT ( 'NONE', #8873 );
#13236=PLANE ( 'NONE',  #12723 );
#13237=LINE ( 'NONE', #1096, #591 );
#13238=AXIS2_PLACEMENT_3D ( 'NONE', #6303, #4733, #2605 );
#13239=EDGE_CURVE ( 'NONE', #8948, #4624, #3517, .T. );
#13240=FACE_OUTER_BOUND ( 'NONE', #481, .T. );
#13241=EDGE_LOOP ( 'NONE', ( #2662, #14266, #12341, #4353 ) );
#13242=AXIS2_PLACEMENT_3D ( 'NONE', #2870, #110, #8669 );
#13243=ADVANCED_FACE ( 'NONE', ( #14019 ), #4949, .F. );
#13244=PLANE ( 'NONE',  #3762 );
#13245=ORIENTED_EDGE ( 'NONE', *, *, #7657, .F. );
#13246=EDGE_CURVE ( 'NONE', #3463, #2898, #4304, .T. );
#13247=LINE ( 'NONE', #949, #3690 );
#13248=ORIENTED_EDGE ( 'NONE', *, *, #6176, .F. );
#13249=DIRECTION ( 'NONE',  ( 1.084202172485580600E-015, 0.0000000000000000000, 1.000000000000000000 ) );
#13250=AXIS2_PLACEMENT_3D ( 'NONE', #2870, #8813, #1703 );
#13251=VERTEX_POINT ( 'NONE', #9642 );
#13252=EDGE_CURVE ( 'NONE', #1352, #6442, #11416, .T. );
#13253=ORIENTED_EDGE ( 'NONE', *, *, #1544, .F. );
#13254=ORIENTED_EDGE ( 'NONE', *, *, #12368, .F. );
#13255=FACE_OUTER_BOUND ( 'NONE', #4335, .T. );
#13256=LINE ( 'NONE', #2638, #22 );
#13257=EDGE_LOOP ( 'NONE', ( #9846, #3813, #1648, #2395 ) );
#13258=EDGE_CURVE ( 'NONE', #2287, #6081, #8297, .T. );
#13259=LINE ( 'NONE', #3204, #1447 );
#13260=LINE ( 'NONE', #4527, #22 );
#13261=DIRECTION ( 'NONE',  ( 1.000000000000000000, 0.0000000000000000000, 5.421010862427712500E-016 ) );
#13262=VERTEX_POINT ( 'NONE', #982 );
#13263=VERTEX_POINT ( 'NONE', #9461 );
#13264=ADVANCED_FACE ( 'NONE', ( #5606 ), #3794, .F. );
#13265=EDGE_LOOP ( 'NONE', ( #13063, #12611, #3626, #6641 ) );
#13266=EDGE_CURVE ( 'NONE', #6242, #3701, #10783, .T. );
#13267=EDGE_CURVE ( 'NONE', #13179, #4455, #7984, .T. );
#13268=VERTEX_POINT ( 'NONE', #1777 );
#13269=VERTEX_POINT ( 'NONE', #2549 );
#13270=ORIENTED_EDGE ( 'NONE', *, *, #7694, .F. );
#13271=ORIENTED_EDGE ( 'NONE', *, *, #9366, .F. );
#13272=CARTESIAN_POINT ( 'NONE',  ( -5.725000000000000500, 0.7999999999999999300, -2.269999999999998700 ) );
#13273=( GEOMETRIC_REPRESENTATION_CONTEXT ( 3 ) GLOBAL_UNCERTAINTY_ASSIGNED_CONTEXT ( ( #221 ) ) GLOBAL_UNIT_ASSIGNED_CONTEXT ( ( #324, #94, #251 ) ) REPRESENTATION_CONTEXT ( 'NONE', 'WORKASPACE' ) );
#13274=FACE_OUTER_BOUND ( 'NONE', #14381, .T. );
#13275=PLANE ( 'NONE',  #13804 );
#13276=AXIS2_PLACEMENT_3D ( 'NONE', #5207, #711, #280 );
#13277=ORIENTED_EDGE ( 'NONE', *, *, #11205, .F. );
#13278=EDGE_LOOP ( 'NONE', ( #233, #890, #3273, #2681 ) );
#13279=VERTEX_POINT ( 'NONE', #5074 );
#13280=EDGE_CURVE ( 'NONE', #5430, #7193, #5440, .T. );
#13281=LINE ( 'NONE', #7141, #22 );
#13282=VERTEX_POINT ( 'NONE', #274 );
#13283=ORIENTED_EDGE ( 'NONE', *, *, #10871, .F. );
#13284=ADVANCED_FACE ( 'NONE', ( #2286 ), #6671, .F. );
#13285=FACE_OUTER_BOUND ( 'NONE', #9295, .T. );
#13286=AXIS2_PLACEMENT_3D ( 'NONE', #67, #778, #2841 );
#13287=FACE_OUTER_BOUND ( 'NONE', #6451, .T. );
#13288=ORIENTED_EDGE ( 'NONE', *, *, #5848, .T. );
#13289=FACE_OUTER_BOUND ( 'NONE', #2878, .T. );
#13290=EDGE_CURVE ( 'NONE', #14536, #5306, #13730, .T. );
#13291=EDGE_LOOP ( 'NONE', ( #7624, #4692, #9053, #13529 ) );
#13292=ORIENTED_EDGE ( 'NONE', *, *, #10205, .F. );
#13293=ORIENTED_EDGE ( 'NONE', *, *, #9008, .F. );
#13294=APPLICATION_PROTOCOL_DEFINITION ( 'draft international standard', 'automotive_design', 1998, #2033 );
#13295=ORIENTED_EDGE ( 'NONE', *, *, #2862, .T. );
#13296=LINE ( 'NONE', #2071, #5547 );
#13297=EDGE_LOOP ( 'NONE', ( #2610, #5649, #12252, #6670 ) );
#13298=EDGE_CURVE ( 'NONE', #3065, #4264, #8157, .T. );
#13299=ADVANCED_FACE ( 'NONE', ( #5083 ), #2992, .T. );
#13300=LINE ( 'NONE', #407, #1411 );
#13301=ORIENTED_EDGE ( 'NONE', *, *, #14669, .F. );
#13302=EDGE_CURVE ( 'NONE', #14590, #8824, #6371, .T. );
#13303=LINE ( 'NONE', #136, #10809 );
#13304=VERTEX_POINT ( 'NONE', #4751 );
#13305=LINE ( 'NONE', #6341, #4625 );
#13306=ORIENTED_EDGE ( 'NONE', *, *, #11178, .F. );
#13307=FACE_OUTER_BOUND ( 'NONE', #7473, .T. );
#13308=LINE ( 'NONE', #2846, #7133 );
#13309=ORIENTED_EDGE ( 'NONE', *, *, #4214, .T. );
#13310=EDGE_LOOP ( 'NONE', ( #14732, #10190, #11039, #10557 ) );
#13311=ADVANCED_FACE ( 'NONE', ( #13598 ), #11973, .T. );
#13312=AXIS2_PLACEMENT_3D ( 'NONE', #1988, #1651, #2283 );
#13313=EDGE_LOOP ( 'NONE', ( #7704, #4986, #4577, #12153 ) );
#13314=EDGE_CURVE ( 'NONE', #1809, #5215, #10637, .T. );
#13315=CARTESIAN_POINT ( 'NONE',  ( -4.474999999999999600, 2.549999999999999800, 6.550000000000000700 ) );
#13316=ORIENTED_EDGE ( 'NONE', *, *, #3425, .F. );
#13317=EDGE_LOOP ( 'NONE', ( #12886, #13568, #7323, #5661 ) );
#13318=LINE ( 'NONE', #284, #3940 );
#13319=ORIENTED_EDGE ( 'NONE', *, *, #14122, .F. );
#13320=LINE ( 'NONE', #3244, #22 );
#13321=LINE ( 'NONE', #5053, #8013 );
#13322=FACE_OUTER_BOUND ( 'NONE', #5421, .T. );
#13323=VERTEX_POINT ( 'NONE', #4640 );
#13324=ORIENTED_EDGE ( 'NONE', *, *, #14752, .T. );
#13325=ORIENTED_EDGE ( 'NONE', *, *, #8043, .F. );
#13326=ADVANCED_FACE ( 'NONE', ( #7799 ), #3059, .T. );
#13327=DIRECTION ( 'NONE',  ( 0.0000000000000000000, -1.000000000000000000, -1.301042606982604600E-016 ) );
#13328=ORIENTED_EDGE ( 'NONE', *, *, #7339, .T. );
#13329=FACE_OUTER_BOUND ( 'NONE', #6592, .T. );
#13330=ORIENTED_EDGE ( 'NONE', *, *, #8623, .F. );
#13331=EDGE_CURVE ( 'NONE', #802, #9219, #4086, .T. );
#13332=CLOSED_SHELL ( 'NONE', ( #1535, #13299, #10102, #1371, #4354, #13326 ) );
#13333=LINE ( 'NONE', #580, #718 );
#13334=ORIENTED_EDGE ( 'NONE', *, *, #10968, .F. );
#13335=DIRECTION ( 'NONE',  ( -1.386294004633993400E-035, 0.0000000000000000000, 1.000000000000000000 ) );
#13336=ORIENTED_EDGE ( 'NONE', *, *, #11719, .T. );
#13337=DIRECTION ( 'NONE',  ( -1.000000000000000000, 0.0000000000000000000, -1.350811269538701900E-033 ) );
#13338=EDGE_CURVE ( 'NONE', #10213, #8934, #245, .T. );
#13339=ORIENTED_EDGE ( 'NONE', *, *, #1628, .F. );
#13340=EDGE_CURVE ( 'NONE', #12925, #3725, #503, .T. );
#13341=LINE ( 'NONE', #5639, #52 );
#13342=PLANE ( 'NONE',  #9343 );
#13343=LINE ( 'NONE', #2361, #3589 );
#13344=VERTEX_POINT ( 'NONE', #4315 );
#13345=FACE_OUTER_BOUND ( 'NONE', #14660, .T. );
#13346=ORIENTED_EDGE ( 'NONE', *, *, #14356, .T. );
#13347=EDGE_LOOP ( 'NONE', ( #3551, #10922, #4051, #11097 ) );
#13348=DIRECTION ( 'NONE',  ( -1.000000000000000000, 0.0000000000000000000, -1.846881838814537600E-035 ) );
#13349=ORIENTED_EDGE ( 'NONE', *, *, #4819, .F. );
#13350=EDGE_CURVE ( 'NONE', #8951, #2502, #2901, .T. );
#13351=EDGE_CURVE ( 'NONE', #6839, #10045, #9664, .T. );
#13352=ORIENTED_EDGE ( 'NONE', *, *, #2690, .T. );
#13353=PLANE ( 'NONE',  #3714 );
#13354=ORIENTED_EDGE ( 'NONE', *, *, #5559, .F. );
#13355=VECTOR ( 'NONE', #1444, 1000.000000000000000 );
#13356=ORIENTED_EDGE ( 'NONE', *, *, #4265, .T. );
#13357=ADVANCED_FACE ( 'NONE', ( #5806 ), #3676, .T. );
#13358=PLANE ( 'NONE',  #1553 );
#13359=EDGE_LOOP ( 'NONE', ( #5151, #6527, #6656, #713 ) );
#13360=EDGE_CURVE ( 'NONE', #5148, #1997, #12533, .T. );
#13361=( GEOMETRIC_REPRESENTATION_CONTEXT ( 3 ) GLOBAL_UNCERTAINTY_ASSIGNED_CONTEXT ( ( #221 ) ) GLOBAL_UNIT_ASSIGNED_CONTEXT ( ( #324, #94, #251 ) ) REPRESENTATION_CONTEXT ( 'NONE', 'WORKASPACE' ) );
#13362=ORIENTED_EDGE ( 'NONE', *, *, #12787, .T. );
#13363=LINE ( 'NONE', #1988, #366 );
#13364=LINE ( 'NONE', #7736, #52 );
#13365=EDGE_CURVE ( 'NONE', #6477, #3941, #9025, .T. );
#13366=LINE ( 'NONE', #3819, #52 );
#13367=EDGE_CURVE ( 'NONE', #10236, #2642, #14748, .T. );
#13368=ORIENTED_EDGE ( 'NONE', *, *, #6289, .F. );
#13369=ADVANCED_FACE ( 'NONE', ( #12981 ), #2466, .F. );
#13370=EDGE_CURVE ( 'NONE', #973, #4585, #735, .T. );
#13371=AXIS2_PLACEMENT_3D ( 'NONE', #777, #10650, #2423 );
#13372=ORIENTED_EDGE ( 'NONE', *, *, #11864, .F. );
#13373=FACE_OUTER_BOUND ( 'NONE', #11369, .T. );
#13374=FACE_OUTER_BOUND ( 'NONE', #486, .T. );
#13375=ORIENTED_EDGE ( 'NONE', *, *, #9545, .T. );
#13376=LINE ( 'NONE', #2065, #22 );
#13377=LINE ( 'NONE', #2250, #96 );
#13378=EDGE_LOOP ( 'NONE', ( #7996, #1473, #416, #14317 ) );
#13379=ORIENTED_EDGE ( 'NONE', *, *, #7378, .F. );
#13380=DIRECTION ( 'NONE',  ( -1.000000000000000000, 0.0000000000000000000, -6.505213034913716100E-015 ) );
#13381=ADVANCED_FACE ( 'NONE', ( #11721 ), #1136, .F. );
#13382=ORIENTED_EDGE ( 'NONE', *, *, #8931, .T. );
#13383=EDGE_LOOP ( 'NONE', ( #3760, #9116, #5165, #12840 ) );
#13384=FACE_OUTER_BOUND ( 'NONE', #6825, .T. );
#13385=FACE_OUTER_BOUND ( 'NONE', #12448, .T. );
#13386=ORIENTED_EDGE ( 'NONE', *, *, #47, .F. );
#13387=EDGE_CURVE ( 'NONE', #3893, #5038, #6724, .T. );
#13388=AXIS2_PLACEMENT_3D ( 'NONE', #67, #1224, #1622 );
#13389=VERTEX_POINT ( 'NONE', #3819 );
#13390=ORIENTED_EDGE ( 'NONE', *, *, #7949, .T. );
#13391=ORIENTED_EDGE ( 'NONE', *, *, #10070, .T. );
#13392=PLANE ( 'NONE',  #159 );
#13393=FACE_OUTER_BOUND ( 'NONE', #10640, .T. );
#13394=FACE_OUTER_BOUND ( 'NONE', #11640, .T. );
#13395=AXIS2_PLACEMENT_3D ( 'NONE', #960, #7367, #5185 );
#13396=FACE_OUTER_BOUND ( 'NONE', #8095, .T. );
#13397=EDGE_LOOP ( 'NONE', ( #5481, #11775, #1873, #11140 ) );
#13398=FACE_OUTER_BOUND ( 'NONE', #1724, .T. );
#13399=FACE_OUTER_BOUND ( 'NONE', #13234, .T. );
#13400=ORIENTED_EDGE ( 'NONE', *, *, #14466, .T. );
#13401=PLANE ( 'NONE',  #12898 );
#13402=PLANE ( 'NONE',  #1995 );
#13403=ORIENTED_EDGE ( 'NONE', *, *, #13302, .T. );
#13404=ORIENTED_EDGE ( 'NONE', *, *, #621, .T. );
#13405=EDGE_LOOP ( 'NONE', ( #1899, #8279, #922, #12590 ) );
#13406=ORIENTED_EDGE ( 'NONE', *, *, #5099, .T. );
#13407=ORIENTED_EDGE ( 'NONE', *, *, #1157, .F. );
#13408=EDGE_CURVE ( 'NONE', #973, #13269, #11569, .T. );
#13409=LINE ( 'NONE', #11933, #14724 );
#13410=ORIENTED_EDGE ( 'NONE', *, *, #1965, .F. );
#13411=FACE_OUTER_BOUND ( 'NONE', #10377, .T. );
#13412=EDGE_CURVE ( 'NONE', #10820, #10460, #12824, .T. );
#13413=VERTEX_POINT ( 'NONE', #633 );
#13414=ADVANCED_FACE ( 'NONE', ( #1190 ), #11574, .T. );
#13415=AXIS2_PLACEMENT_3D ( 'NONE', #4578, #128, #711 );
#13416=ORIENTED_EDGE ( 'NONE', *, *, #13896, .F. );
#13417=EDGE_CURVE ( 'NONE', #14134, #528, #13872, .T. );
#13418=VERTEX_POINT ( 'NONE', #13424 );
#13419=FACE_OUTER_BOUND ( 'NONE', #8814, .T. );
#13420=ORIENTED_EDGE ( 'NONE', *, *, #13412, .T. );
#13421=FACE_OUTER_BOUND ( 'NONE', #9992, .T. );
#13422=ORIENTED_EDGE ( 'NONE', *, *, #12377, .F. );
#13423=EDGE_CURVE ( 'NONE', #6379, #7943, #7297, .T. );
#13424=CARTESIAN_POINT ( 'NONE',  ( 5.725000000000002300, 0.7999999999999999300, -2.269999999999998700 ) );
#13425=VERTEX_POINT ( 'NONE', #7308 );
#13426=EDGE_CURVE ( 'NONE', #4460, #14247, #8816, .T. );
#13427=ADVANCED_FACE ( 'NONE', ( #11263 ), #11658, .T. );
#13428=ORIENTED_EDGE ( 'NONE', *, *, #2960, .T. );
#13429=ORIENTED_EDGE ( 'NONE', *, *, #11085, .F. );
#13430=VERTEX_POINT ( 'NONE', #8726 );
#13431=PRESENTATION_LAYER_ASSIGNMENT (  '', '', ( #13687 ) );
#13432=ORIENTED_EDGE ( 'NONE', *, *, #6688, .F. );
#13433=PLANE ( 'NONE',  #9402 );
#13434=CARTESIAN_POINT ( 'NONE',  ( 0.0000000000000000000, 2.399999999999999900, 7.430000000000001500 ) );
#13435=LINE ( 'NONE', #448, #119 );
#13436=EDGE_CURVE ( 'NONE', #2712, #3761, #8476, .T. );
#13437=ORIENTED_EDGE ( 'NONE', *, *, #11186, .T. );
#13438=EDGE_CURVE ( 'NONE', #14597, #421, #6921, .T. );
#13439=ORIENTED_EDGE ( 'NONE', *, *, #3436, .T. );
#13440=ORIENTED_EDGE ( 'NONE', *, *, #13579, .T. );
#13441=ORIENTED_EDGE ( 'NONE', *, *, #13875, .T. );
#13442=ORIENTED_EDGE ( 'NONE', *, *, #1987, .T. );
#13443=FACE_OUTER_BOUND ( 'NONE', #7711, .T. );
#13444=EDGE_CURVE ( 'NONE', #12441, #7983, #5426, .T. );
#13445=VERTEX_POINT ( 'NONE', #2590 );
#13446=ADVANCED_FACE ( 'NONE', ( #2084 ), #8681, .F. );
#13447=VERTEX_POINT ( 'NONE', #6735 );
#13448=LINE ( 'NONE', #1784, #52 );
#13449=ORIENTED_EDGE ( 'NONE', *, *, #13579, .F. );
#13450=PLANE ( 'NONE',  #3687 );
#13451=CARTESIAN_POINT ( 'NONE',  ( -5.500000000000007100, -3.388131789017201400E-018, 3.699999999999988200 ) );
#13452=ORIENTED_EDGE ( 'NONE', *, *, #12842, .F. );
#13453=EDGE_LOOP ( 'NONE', ( #7430, #11415, #11247, #4658 ) );
#13454=PLANE ( 'NONE',  #8829 );
#13455=EDGE_LOOP ( 'NONE', ( #5842, #7593, #7277, #10164 ) );
#13456=PLANE ( 'NONE',  #3074 );
#13457=PLANE ( 'NONE',  #3503 );
#13458=AXIS2_PLACEMENT_3D ( 'NONE', #7453, #93, #18 );
#13459=LINE ( 'NONE', #8805, #52 );
#13460=VECTOR ( 'NONE', #5813, 1000.000000000000000 );
#13461=VERTEX_POINT ( 'NONE', #1731 );
#13462=VERTEX_POINT ( 'NONE', #9673 );
#13463=EDGE_CURVE ( 'NONE', #12215, #11634, #3703, .T. );
#13464=VECTOR ( 'NONE', #6947, 1000.000000000000000 );
#13465=ADVANCED_FACE ( 'NONE', ( #13285 ), #12838, .T. );
#13466=PLANE ( 'NONE',  #12115 );
#13467=FACE_BOUND ( 'NONE', #11622, .T. );
#13468=ORIENTED_EDGE ( 'NONE', *, *, #2340, .T. );
#13469=ORIENTED_EDGE ( 'NONE', *, *, #4690, .T. );
#13470=EDGE_CURVE ( 'NONE', #5884, #6012, #975, .T. );
#13471=ORIENTED_EDGE ( 'NONE', *, *, #12130, .T. );
#13472=EDGE_LOOP ( 'NONE', ( #12962, #10016, #5180, #11823 ) );
#13473=ORIENTED_EDGE ( 'NONE', *, *, #13496, .F. );
#13474=EDGE_LOOP ( 'NONE', ( #180, #10044, #13592, #14503 ) );
#13475=LINE ( 'NONE', #4800, #119 );
#13476=DIRECTION ( 'NONE',  ( 1.000000000000000000, 0.0000000000000000000, 4.878909776184620900E-015 ) );
#13477=MECHANICAL_DESIGN_GEOMETRIC_PRESENTATION_REPRESENTATION (  '', ( #11901 ), #364 );
#13478=FACE_OUTER_BOUND ( 'NONE', #13359, .T. );
#13479=ORIENTED_EDGE ( 'NONE', *, *, #9288, .F. );
#13480=EDGE_LOOP ( 'NONE', ( #8742, #6619, #5626, #8325 ) );
#13481=ADVANCED_FACE ( 'NONE', ( #9509 ), #2802, .F. );
#13482=LINE ( 'NONE', #5046, #715 );
#13483=ORIENTED_EDGE ( 'NONE', *, *, #3969, .F. );
#13484=ORIENTED_EDGE ( 'NONE', *, *, #2386, .F. );
#13485=ORIENTED_EDGE ( 'NONE', *, *, #2666, .F. );
#13486=AXIS2_PLACEMENT_3D ( 'NONE', #1784, #414, #1885 );
#13487=LINE ( 'NONE', #1830, #9887 );
#13488=EDGE_CURVE ( 'NONE', #10568, #14650, #6544, .T. );
#13489=VERTEX_POINT ( 'NONE', #10869 );
#13490=LINE ( 'NONE', #5263, #10186 );
#13491=ORIENTED_EDGE ( 'NONE', *, *, #13003, .F. );
#13492=ORIENTED_EDGE ( 'NONE', *, *, #5814, .T. );
#13493=ORIENTED_EDGE ( 'NONE', *, *, #3324, .F. );
#13494=PLANE ( 'NONE',  #14512 );
#13495=PLANE ( 'NONE',  #12145 );
#13496=EDGE_CURVE ( 'NONE', #8934, #9337, #14452, .T. );
#13497=ORIENTED_EDGE ( 'NONE', *, *, #4040, .T. );
#13498=ADVANCED_FACE ( 'NONE', ( #8142 ), #6512, .F. );
#13499=EDGE_CURVE ( 'NONE', #4376, #7631, #8800, .T. );
#13500=LINE ( 'NONE', #314, #4289 );
#13501=ORIENTED_EDGE ( 'NONE', *, *, #5228, .F. );
#13502=LINE ( 'NONE', #5263, #10074 );
#13503=ORIENTED_EDGE ( 'NONE', *, *, #9124, .F. );
#13504=LINE ( 'NONE', #5203, #52 );
#13505=MECHANICAL_DESIGN_GEOMETRIC_PRESENTATION_REPRESENTATION (  '', ( #8914 ), #11010 );
#13506=ORIENTED_EDGE ( 'NONE', *, *, #5194, .F. );
#13507=EDGE_CURVE ( 'NONE', #5350, #4458, #12813, .T. );
#13508=EDGE_CURVE ( 'NONE', #856, #2328, #2470, .T. );
#13509=VERTEX_POINT ( 'NONE', #727 );
#13510=AXIS2_PLACEMENT_3D ( 'NONE', #11231, #93, #18 );
#13511=ADVANCED_FACE ( 'NONE', ( #13419 ), #43, .F. );
#13512=LINE ( 'NONE', #648, #52 );
#13513=ORIENTED_EDGE ( 'NONE', *, *, #12716, .F. );
#13514=LINE ( 'NONE', #10529, #4229 );
#13515=VERTEX_POINT ( 'NONE', #8618 );
#13516=PLANE ( 'NONE',  #5272 );
#13517=EDGE_CURVE ( 'NONE', #10010, #11514, #2884, .T. );
#13518=EDGE_LOOP ( 'NONE', ( #6603, #759, #13116, #4982 ) );
#13519=EDGE_CURVE ( 'NONE', #13262, #10067, #10769, .T. );
#13520=ORIENTED_EDGE ( 'NONE', *, *, #9121, .F. );
#13521=PLANE ( 'NONE',  #4290 );
#13522=EDGE_CURVE ( 'NONE', #2244, #10510, #10302, .T. );
#13523=LINE ( 'NONE', #5371, #3709 );
#13524=ORIENTED_EDGE ( 'NONE', *, *, #7582, .F. );
#13525=LINE ( 'NONE', #2368, #9018 );
#13526=LINE ( 'NONE', #491, #2626 );
#13527=ADVANCED_FACE ( 'NONE', ( #13732 ), #4250, .T. );
#13528=ORIENTED_EDGE ( 'NONE', *, *, #3740, .T. );
#13529=ORIENTED_EDGE ( 'NONE', *, *, #9525, .T. );
#13530=EDGE_CURVE ( 'NONE', #13637, #10392, #12517, .T. );
#13531=LINE ( 'NONE', #5886, #22 );
#13532=LINE ( 'NONE', #1614, #119 );
#13533=VERTEX_POINT ( 'NONE', #134 );
#13534=FACE_OUTER_BOUND ( 'NONE', #5689, .T. );
#13535=EDGE_CURVE ( 'NONE', #2093, #8029, #8301, .T. );
#13536=LINE ( 'NONE', #356, #3601 );
#13537=ORIENTED_EDGE ( 'NONE', *, *, #6329, .T. );
#13538=LINE ( 'NONE', #3250, #1578 );
#13539=EDGE_CURVE ( 'NONE', #8836, #2053, #6169, .T. );
#13540=ORIENTED_EDGE ( 'NONE', *, *, #819, .F. );
#13541=ORIENTED_EDGE ( 'NONE', *, *, #10509, .F. );
#13542=ADVANCED_FACE ( 'NONE', ( #478 ), #5415, .F. );
#13543=EDGE_LOOP ( 'NONE', ( #10789, #2744, #5971, #1230 ) );
#13544=ORIENTED_EDGE ( 'NONE', *, *, #4002, .F. );
#13545=DIRECTION ( 'NONE',  ( 1.000000000000000000, 1.540743955509788700E-033, -4.336808689941613800E-015 ) );
#13546=EDGE_LOOP ( 'NONE', ( #6041, #7417, #8274, #1265 ) );
#13547=FACE_OUTER_BOUND ( 'NONE', #9376, .T. );
#13548=LINE ( 'NONE', #6303, #3069 );
#13549=VERTEX_POINT ( 'NONE', #204 );
#13550=AXIS2_PLACEMENT_3D ( 'NONE', #2776, #128, #93 );
#13551=FACE_OUTER_BOUND ( 'NONE', #7807, .T. );
#13552=DIRECTION ( 'NONE',  ( 6.851721869938550600E-015, 1.000000000000000000, 0.0000000000000000000 ) );
#13553=DIRECTION ( 'NONE',  ( 5.421010862427908700E-016, 0.0000000000000000000, 1.000000000000000000 ) );
#13554=EDGE_LOOP ( 'NONE', ( #13191, #11860, #10961, #9358 ) );
#13555=LINE ( 'NONE', #5829, #22 );
#13556=EDGE_CURVE ( 'NONE', #9810, #12042, #4878, .T. );
#13557=ORIENTED_EDGE ( 'NONE', *, *, #7031, .T. );
#13558=ORIENTED_EDGE ( 'NONE', *, *, #14211, .F. );
#13559=ORIENTED_EDGE ( 'NONE', *, *, #10441, .T. );
#13560=ORIENTED_EDGE ( 'NONE', *, *, #8049, .F. );
#13561=ORIENTED_EDGE ( 'NONE', *, *, #7829, .F. );
#13562=EDGE_CURVE ( 'NONE', #5664, #644, #10612, .T. );
#13563=LINE ( 'NONE', #7327, #95 );
#13564=ADVANCED_FACE ( 'NONE', ( #8130 ), #12103, .F. );
#13565=VERTEX_POINT ( 'NONE', #2986 );
#13566=VERTEX_POINT ( 'NONE', #1209 );
#13567=EDGE_LOOP ( 'NONE', ( #5583, #2762, #5918, #905, #11886, #3261 ) );
#13568=ORIENTED_EDGE ( 'NONE', *, *, #7321, .F. );
#13569=ORIENTED_EDGE ( 'NONE', *, *, #6540, .T. );
#13570=ORIENTED_EDGE ( 'NONE', *, *, #7822, .T. );
#13571=EDGE_CURVE ( 'NONE', #8562, #10803, #954, .T. );
#13572=LINE ( 'NONE', #7453, #429 );
#13573=ADVANCED_FACE ( 'NONE', ( #7968 ), #6621, .T. );
#13574=COLOUR_RGB ( '',0.7921568627450980000, 0.8196078431372548800, 0.9333333333333333500 );
#13575=PLANE ( 'NONE',  #11870 );
#13576=STYLED_ITEM ( 'NONE', ( #853 ), #5908 );
#13577=ORIENTED_EDGE ( 'NONE', *, *, #3723, .F. );
#13578=ORIENTED_EDGE ( 'NONE', *, *, #9187, .T. );
#13579=EDGE_CURVE ( 'NONE', #11573, #2284, #6905, .T. );
#13580=ORIENTED_EDGE ( 'NONE', *, *, #10940, .T. );
#13581=EDGE_CURVE ( 'NONE', #12500, #6386, #1170, .T. );
#13582=EDGE_LOOP ( 'NONE', ( #13031, #6062, #7054, #11102 ) );
#13583=EDGE_LOOP ( 'NONE', ( #3755, #6931, #1681, #10150 ) );
#13584=EDGE_LOOP ( 'NONE', ( #5262, #5629, #7824, #10472 ) );
#13585=AXIS2_PLACEMENT_3D ( 'NONE', #427, #12446, #4992 );
#13586=LINE ( 'NONE', #4746, #2799 );
#13587=ORIENTED_EDGE ( 'NONE', *, *, #7078, .T. );
#13588=ADVANCED_FACE ( 'NONE', ( #14734 ), #14094, .F. );
#13589=ORIENTED_EDGE ( 'NONE', *, *, #5499, .T. );
#13590=EDGE_CURVE ( 'NONE', #8665, #7325, #5610, .T. );
#13591=VERTEX_POINT ( 'NONE', #5946 );
#13592=ORIENTED_EDGE ( 'NONE', *, *, #9320, .T. );
#13593=PLANE ( 'NONE',  #8298 );
#13594=ORIENTED_EDGE ( 'NONE', *, *, #6095, .F. );
#13595=LINE ( 'NONE', #2638, #11211 );
#13596=FACE_OUTER_BOUND ( 'NONE', #13615, .T. );
#13597=ORIENTED_EDGE ( 'NONE', *, *, #5889, .T. );
#13598=FACE_OUTER_BOUND ( 'NONE', #5125, .T. );
#13599=LINE ( 'NONE', #966, #8357 );
#13600=ORIENTED_EDGE ( 'NONE', *, *, #4055, .F. );
#13601=PLANE ( 'NONE',  #9084 );
#13602=LINE ( 'NONE', #2068, #1430 );
#13603=FACE_OUTER_BOUND ( 'NONE', #11146, .T. );
#13604=ORIENTED_EDGE ( 'NONE', *, *, #14323, .F. );
#13605=ORIENTED_EDGE ( 'NONE', *, *, #9619, .F. );
#13606=MECHANICAL_DESIGN_GEOMETRIC_PRESENTATION_REPRESENTATION (  '', ( #294 ), #3963 );
#13607=ORIENTED_EDGE ( 'NONE', *, *, #4168, .T. );
#13608=PLANE ( 'NONE',  #4080 );
#13609=MANIFOLD_SOLID_BREP ( 'Pin 41', #13924 );
#13610=PRODUCT_DEFINITION_FORMATION_WITH_SPECIFIED_SOURCE ( 'ANY', '', #12919, .NOT_KNOWN. );
#13611=LINE ( 'NONE', #4880, #22 );
#13612=ORIENTED_EDGE ( 'NONE', *, *, #8541, .F. );
#13613=ADVANCED_FACE ( 'NONE', ( #7278 ), #9238, .T. );
#13614=FACE_OUTER_BOUND ( 'NONE', #9764, .T. );
#13615=EDGE_LOOP ( 'NONE', ( #4561, #10917, #14318, #3410 ) );
#13616=EDGE_CURVE ( 'NONE', #2484, #12925, #5408, .T. );
#13617=EDGE_CURVE ( 'NONE', #1056, #14221, #13862, .T. );
#13618=LINE ( 'NONE', #413, #186 );
#13619=VERTEX_POINT ( 'NONE', #645 );
#13620=ORIENTED_EDGE ( 'NONE', *, *, #9963, .T. );
#13621=VERTEX_POINT ( 'NONE', #3631 );
#13622=EDGE_LOOP ( 'NONE', ( #14264, #7431, #6723, #12195 ) );
#13623=PLANE ( 'NONE',  #12848 );
#13624=LINE ( 'NONE', #2249, #5856 );
#13625=EDGE_LOOP ( 'NONE', ( #8163, #7095, #2185, #8674 ) );
#13626=FACE_OUTER_BOUND ( 'NONE', #7562, .T. );
#13627=ORIENTED_EDGE ( 'NONE', *, *, #13205, .T. );
#13628=ADVANCED_FACE ( 'NONE', ( #1615 ), #12273, .F. );
#13629=FACE_BOUND ( 'NONE', #2649, .T. );
#13630=FACE_OUTER_BOUND ( 'NONE', #3874, .T. );
#13631=ORIENTED_EDGE ( 'NONE', *, *, #11478, .F. );
#13632=ORIENTED_EDGE ( 'NONE', *, *, #4267, .F. );
#13633=AXIS2_PLACEMENT_3D ( 'NONE', #1591, #11993, #8669 );
#13634=EDGE_CURVE ( 'NONE', #9842, #10158, #12800, .T. );
#13635=LINE ( 'NONE', #4678, #144 );
#13636=ORIENTED_EDGE ( 'NONE', *, *, #11444, .T. );
#13637=VERTEX_POINT ( 'NONE', #545 );
#13638=EDGE_CURVE ( 'NONE', #7324, #10125, #12503, .T. );
#13639=VERTEX_POINT ( 'NONE', #3595 );
#13640=ORIENTED_EDGE ( 'NONE', *, *, #5114, .T. );
#13641=EDGE_LOOP ( 'NONE', ( #5164, #3356, #13000, #3815 ) );
#13642=AXIS2_PLACEMENT_3D ( 'NONE', #1908, #2116, #128 );
#13643=LINE ( 'NONE', #12254, #52 );
#13644=VERTEX_POINT ( 'NONE', #5782 );
#13645=ADVANCED_FACE ( 'NONE', ( #226 ), #6971, .T. );
#13646=ORIENTED_EDGE ( 'NONE', *, *, #13939, .T. );
#13647=LINE ( 'NONE', #3068, #124 );
#13648=ORIENTED_EDGE ( 'NONE', *, *, #12993, .T. );
#13649=PLANE ( 'NONE',  #14230 );
#13650=DIRECTION ( 'NONE',  ( -1.301042606982607500E-014, 0.0000000000000000000, 1.000000000000000000 ) );
#13651=VECTOR ( 'NONE', #1483, 1000.000000000000000 );
#13652=ORIENTED_EDGE ( 'NONE', *, *, #4680, .T. );
#13653=EDGE_CURVE ( 'NONE', #13958, #5957, #3876, .T. );
#13654=EDGE_LOOP ( 'NONE', ( #948, #6297, #9956, #9147 ) );
#13655=LINE ( 'NONE', #5033, #1065 );
#13656=ORIENTED_EDGE ( 'NONE', *, *, #3281, .T. );
#13657=VERTEX_POINT ( 'NONE', #122 );
#13658=EDGE_LOOP ( 'NONE', ( #12006, #4344, #2289, #3129 ) );
#13659=MECHANICAL_DESIGN_GEOMETRIC_PRESENTATION_REPRESENTATION (  '', ( #6071 ), #8619 );
#13660=ADVANCED_FACE ( 'NONE', ( #14573 ), #5895, .T. );
#13661=DIRECTION ( 'NONE',  ( 1.000000000000000000, 0.0000000000000000000, 5.220124945131412600E-036 ) );
#13662=VERTEX_POINT ( 'NONE', #3046 );
#13663=( GEOMETRIC_REPRESENTATION_CONTEXT ( 3 ) GLOBAL_UNCERTAINTY_ASSIGNED_CONTEXT ( ( #221 ) ) GLOBAL_UNIT_ASSIGNED_CONTEXT ( ( #324, #94, #251 ) ) REPRESENTATION_CONTEXT ( 'NONE', 'WORKASPACE' ) );
#13664=EDGE_CURVE ( 'NONE', #13621, #9810, #6892, .T. );
#13665=FACE_OUTER_BOUND ( 'NONE', #9171, .T. );
#13666=VERTEX_POINT ( 'NONE', #5112 );
#13667=LINE ( 'NONE', #11779, #718 );
#13668=DIRECTION ( 'NONE',  ( 8.673617379884033900E-015, 0.0000000000000000000, -1.000000000000000000 ) );
#13669=EDGE_LOOP ( 'NONE', ( #6354, #368, #12556, #9218 ) );
#13670=AXIS2_PLACEMENT_3D ( 'NONE', #250, #7170, #10776 );
#13671=VERTEX_POINT ( 'NONE', #1452 );
#13672=EDGE_LOOP ( 'NONE', ( #11731, #7358, #13292, #12160 ) );
#13673=EDGE_CURVE ( 'NONE', #8766, #10346, #9650, .T. );
#13674=ORIENTED_EDGE ( 'NONE', *, *, #7102, .T. );
#13675=FACE_OUTER_BOUND ( 'NONE', #12038, .T. );
#13676=ADVANCED_FACE ( 'NONE', ( #12355 ), #8469, .T. );
#13677=AXIS2_PLACEMENT_3D ( 'NONE', #260, #5315, #6507 );
#13678=FACE_OUTER_BOUND ( 'NONE', #1493, .T. );
#13679=LINE ( 'NONE', #9328, #144 );
#13680=ORIENTED_EDGE ( 'NONE', *, *, #14745, .F. );
#13681=FACE_OUTER_BOUND ( 'NONE', #14307, .T. );
#13682=EDGE_CURVE ( 'NONE', #8416, #5276, #10757, .T. );
#13683=VERTEX_POINT ( 'NONE', #6593 );
#13684=EDGE_CURVE ( 'NONE', #1780, #1368, #2865, .T. );
#13685=MANIFOLD_SOLID_BREP ( 'Module ', #3834 );
#13686=AXIS2_PLACEMENT_3D ( 'NONE', #2024, #7156, #9260 );
#13687=STYLED_ITEM ( 'NONE', ( #853 ), #14716 );
#13688=ORIENTED_EDGE ( 'NONE', *, *, #1270, .T. );
#13689=LINE ( 'NONE', #5638, #22 );
#13690=ORIENTED_EDGE ( 'NONE', *, *, #4964, .F. );
#13691=EDGE_CURVE ( 'NONE', #14364, #9810, #8969, .T. );
#13692=LINE ( 'NONE', #2776, #22 );
#13693=EDGE_CURVE ( 'NONE', #5783, #13905, #12182, .T. );
#13694=ADVANCED_FACE ( 'NONE', ( #12030 ), #14603, .F. );
#13695=EDGE_LOOP ( 'NONE', ( #14295, #5345, #4838, #13336 ) );
#13696=LINE ( 'NONE', #6717, #5942 );
#13697=PRESENTATION_LAYER_ASSIGNMENT (  '', '', ( #1669 ) );
#13698=EDGE_CURVE ( 'NONE', #7247, #11397, #3670, .T. );
#13699=ORIENTED_EDGE ( 'NONE', *, *, #3853, .T. );
#13700=FACE_OUTER_BOUND ( 'NONE', #5091, .T. );
#13701=ORIENTED_EDGE ( 'NONE', *, *, #805, .F. );
#13702=FACE_OUTER_BOUND ( 'NONE', #3150, .T. );
#13703=LINE ( 'NONE', #6285, #194 );
#13704=VERTEX_POINT ( 'NONE', #14560 );
#13705=ADVANCED_FACE ( 'NONE', ( #7264 ), #1120, .F. );
#13706=EDGE_CURVE ( 'NONE', #10346, #9680, #10130, .T. );
#13707=ORIENTED_EDGE ( 'NONE', *, *, #9817, .T. );
#13708=ORIENTED_EDGE ( 'NONE', *, *, #6772, .F. );
#13709=EDGE_CURVE ( 'NONE', #5964, #2485, #9480, .T. );
#13710=ORIENTED_EDGE ( 'NONE', *, *, #13314, .T. );
#13711=LINE ( 'NONE', #1510, #22 );
#13712=FACE_OUTER_BOUND ( 'NONE', #5291, .T. );
#13713=ORIENTED_EDGE ( 'NONE', *, *, #14063, .F. );
#13714=EDGE_CURVE ( 'NONE', #432, #5105, #1838, .T. );
#13715=AXIS2_PLACEMENT_3D ( 'NONE', #645, #128, #93 );
#13716=PLANE ( 'NONE',  #10398 );
#13717=LINE ( 'NONE', #151, #3662 );
#13718=EDGE_LOOP ( 'NONE', ( #3976, #13627, #8802, #5018 ) );
#13719=ADVANCED_FACE ( 'NONE', ( #6337 ), #13833, .F. );
#13720=VERTEX_POINT ( 'NONE', #2572 );
#13721=ORIENTED_EDGE ( 'NONE', *, *, #4141, .T. );
#13722=ORIENTED_EDGE ( 'NONE', *, *, #10715, .T. );
#13723=ORIENTED_EDGE ( 'NONE', *, *, #8147, .F. );
#13724=ORIENTED_EDGE ( 'NONE', *, *, #10745, .T. );
#13725=LINE ( 'NONE', #3023, #3673 );
#13726=DIRECTION ( 'NONE',  ( 6.693488088852134000E-034, 0.0000000000000000000, -1.000000000000000000 ) );
#13727=ORIENTED_EDGE ( 'NONE', *, *, #5903, .F. );
#13728=DIRECTION ( 'NONE',  ( -4.210554863359194200E-036, 0.0000000000000000000, -1.000000000000000000 ) );
#13729=ORIENTED_EDGE ( 'NONE', *, *, #112, .F. );
#13730=LINE ( 'NONE', #151, #52 );
#13731=ORIENTED_EDGE ( 'NONE', *, *, #11776, .F. );
#13732=FACE_OUTER_BOUND ( 'NONE', #4303, .T. );
#13733=VERTEX_POINT ( 'NONE', #10868 );
#13734=ADVANCED_FACE ( 'NONE', ( #8624 ), #30, .T. );
#13735=EDGE_LOOP ( 'NONE', ( #295, #9137, #8017, #13721 ) );
#13736=CLOSED_SHELL ( 'NONE', ( #659, #11803, #13944, #5789, #7394, #2757 ) );
#13737=ORIENTED_EDGE ( 'NONE', *, *, #3306, .T. );
#13738=EDGE_CURVE ( 'NONE', #1934, #2408, #6089, .T. );
#13739=ORIENTED_EDGE ( 'NONE', *, *, #10924, .F. );
#13740=LINE ( 'NONE', #982, #22 );
#13741=LINE ( 'NONE', #13434, #186 );
#13742=FACE_OUTER_BOUND ( 'NONE', #3123, .T. );
#13743=ORIENTED_EDGE ( 'NONE', *, *, #14164, .T. );
#13744=ORIENTED_EDGE ( 'NONE', *, *, #7563, .T. );
#13745=EDGE_CURVE ( 'NONE', #5447, #7338, #4056, .T. );
#13746=ADVANCED_FACE ( 'NONE', ( #13110 ), #8606, .T. );
#13747=ORIENTED_EDGE ( 'NONE', *, *, #3787, .T. );
#13748=EDGE_CURVE ( 'NONE', #13901, #10836, #1375, .T. );
#13749=LINE ( 'NONE', #4746, #22 );
#13750=ORIENTED_EDGE ( 'NONE', *, *, #13423, .T. );
#13751=PLANE ( 'NONE',  #7555 );
#13752=FACE_OUTER_BOUND ( 'NONE', #14157, .T. );
#13753=LINE ( 'NONE', #9157, #2134 );
#13754=ORIENTED_EDGE ( 'NONE', *, *, #10973, .T. );
#13755=EDGE_CURVE ( 'NONE', #7990, #2546, #10900, .T. );
#13756=ORIENTED_EDGE ( 'NONE', *, *, #13918, .T. );
#13757=ORIENTED_EDGE ( 'NONE', *, *, #4990, .F. );
#13758=ADVANCED_FACE ( 'NONE', ( #7613 ), #30, .T. );
#13759=VERTEX_POINT ( 'NONE', #4064 );
#13760=FACE_OUTER_BOUND ( 'NONE', #1146, .T. );
#13761=ORIENTED_EDGE ( 'NONE', *, *, #2095, .T. );
#13762=FACE_BOUND ( 'NONE', #3919, .T. );
#13763=VERTEX_POINT ( 'NONE', #9746 );
#13764=ORIENTED_EDGE ( 'NONE', *, *, #13367, .T. );
#13765=EDGE_LOOP ( 'NONE', ( #8461, #13334, #3122, #11070 ) );
#13766=EDGE_CURVE ( 'NONE', #3772, #776, #4850, .T. );
#13767=ORIENTED_EDGE ( 'NONE', *, *, #13387, .F. );
#13768=EDGE_CURVE ( 'NONE', #14217, #2007, #4653, .T. );
#13769=ORIENTED_EDGE ( 'NONE', *, *, #3483, .F. );
#13770=ADVANCED_FACE ( 'NONE', ( #11694 ), #2676, .T. );
#13771=ORIENTED_EDGE ( 'NONE', *, *, #1044, .T. );
#13772=EDGE_CURVE ( 'NONE', #5266, #12225, #8278, .T. );
#13773=FACE_OUTER_BOUND ( 'NONE', #9290, .T. );
#13774=ORIENTED_EDGE ( 'NONE', *, *, #10025, .T. );
#13775=LINE ( 'NONE', #2324, #334 );
#13776=ORIENTED_EDGE ( 'NONE', *, *, #13832, .F. );
#13777=EDGE_CURVE ( 'NONE', #10466, #5636, #13563, .T. );
#13778=AXIS2_PLACEMENT_3D ( 'NONE', #550, #2052, #9237 );
#13779=DIRECTION ( 'NONE',  ( -1.000000000000000000, -0.0000000000000000000, 5.421010862427601800E-015 ) );
#13780=FACE_OUTER_BOUND ( 'NONE', #11234, .T. );
#13781=EDGE_LOOP ( 'NONE', ( #3694, #13479, #5051, #5977 ) );
#13782=ORIENTED_EDGE ( 'NONE', *, *, #5824, .F. );
#13783=AXIS2_PLACEMENT_3D ( 'NONE', #5643, #128, #93 );
#13784=ORIENTED_EDGE ( 'NONE', *, *, #8931, .F. );
#13785=FACE_OUTER_BOUND ( 'NONE', #5733, .T. );
#13786=ORIENTED_EDGE ( 'NONE', *, *, #14293, .F. );
#13787=ORIENTED_EDGE ( 'NONE', *, *, #6190, .T. );
#13788=ADVANCED_FACE ( 'NONE', ( #13255 ), #1606, .F. );
#13789=ORIENTED_EDGE ( 'NONE', *, *, #4193, .T. );
#13790=FACE_OUTER_BOUND ( 'NONE', #14572, .T. );
#13791=LINE ( 'NONE', #5046, #7199 );
#13792=VERTEX_POINT ( 'NONE', #470 );
#13793=EDGE_LOOP ( 'NONE', ( #4508, #5698, #9276, #1149 ) );
#13794=ADVANCED_FACE ( 'NONE', ( #3086 ), #10883, .T. );
#13795=AXIS2_PLACEMENT_3D ( 'NONE', #1082, #8582, #6464 );
#13796=ORIENTED_EDGE ( 'NONE', *, *, #11365, .T. );
#13797=EDGE_CURVE ( 'NONE', #12348, #3290, #1822, .T. );
#13798=CIRCLE ( 'NONE', #4590, 0.1000000000000002600 );
#13799=FACE_OUTER_BOUND ( 'NONE', #4494, .T. );
#13800=EDGE_LOOP ( 'NONE', ( #6168, #1968, #10330, #3850 ) );
#13801=FACE_OUTER_BOUND ( 'NONE', #11453, .T. );
#13802=FACE_OUTER_BOUND ( 'NONE', #4268, .T. );
#13803=VERTEX_POINT ( 'NONE', #3398 );
#13804=AXIS2_PLACEMENT_3D ( 'NONE', #1593, #23, #128 );
#13805=ORIENTED_EDGE ( 'NONE', *, *, #10281, .T. );
#13806=EDGE_CURVE ( 'NONE', #9318, #2346, #5217, .T. );
#13807=EDGE_CURVE ( 'NONE', #10386, #10705, #9636, .T. );
#13808=ADVANCED_FACE ( 'NONE', ( #4448 ), #5564, .T. );
#13809=ORIENTED_EDGE ( 'NONE', *, *, #2817, .T. );
#13810=FACE_OUTER_BOUND ( 'NONE', #10179, .T. );
#13811=LINE ( 'NONE', #9400, #52 );
#13812=CARTESIAN_POINT ( 'NONE',  ( -4.474999999999999600, 0.7999999999999999300, 6.049999999999999800 ) );
#13813=LINE ( 'NONE', #1395, #1475 );
#13814=EDGE_LOOP ( 'NONE', ( #9738, #12575, #4095, #12572 ) );
#13815=FACE_OUTER_BOUND ( 'NONE', #8793, .T. );
#13816=ORIENTED_EDGE ( 'NONE', *, *, #13021, .F. );
#13817=EDGE_CURVE ( 'NONE', #2742, #5964, #209, .T. );
#13818=AXIS2_PLACEMENT_3D ( 'NONE', #608, #14238, #2147 );
#13819=ORIENTED_EDGE ( 'NONE', *, *, #272, .T. );
#13820=EDGE_CURVE ( 'NONE', #2435, #7314, #913, .T. );
#13821=LINE ( 'NONE', #4097, #52 );
#13822=ADVANCED_FACE ( 'NONE', ( #13394 ), #13926, .F. );
#13823=FACE_OUTER_BOUND ( 'NONE', #882, .T. );
#13824=EDGE_LOOP ( 'NONE', ( #4803, #520, #13190, #12783 ) );
#13825=LINE ( 'NONE', #3064, #186 );
#13826=EDGE_CURVE ( 'NONE', #11556, #6957, #6692, .T. );
#13827=ORIENTED_EDGE ( 'NONE', *, *, #3381, .F. );
#13828=LINE ( 'NONE', #8244, #52 );
#13829=VERTEX_POINT ( 'NONE', #7045 );
#13830=VERTEX_POINT ( 'NONE', #3885 );
#13831=EDGE_LOOP ( 'NONE', ( #14215, #5786, #10157, #1992 ) );
#13832=EDGE_CURVE ( 'NONE', #6708, #1432, #2655, .T. );
#13833=PLANE ( 'NONE',  #6869 );
#13834=EDGE_CURVE ( 'NONE', #9399, #12401, #11398, .T. );
#13835=LINE ( 'NONE', #474, #739 );
#13836=LINE ( 'NONE', #6833, #188 );
#13837=ORIENTED_EDGE ( 'NONE', *, *, #12620, .T. );
#13838=FACE_OUTER_BOUND ( 'NONE', #12996, .T. );
#13839=STYLED_ITEM ( 'NONE', ( #853 ), #7671 );
#13840=PLANE ( 'NONE',  #7097 );
#13841=EDGE_CURVE ( 'NONE', #3512, #3079, #7945, .T. );
#13842=ADVANCED_FACE ( 'NONE', ( #5042 ), #4568, .T. );
#13843=EDGE_LOOP ( 'NONE', ( #9377, #11825, #1943, #12516 ) );
#13844=EDGE_LOOP ( 'NONE', ( #14665, #11795, #4102, #849, #7539, #2454, #4662, #8511, #10384, #8429, #3361, #5336, #8223, #5037, #5343, #7401, #8982, #1448, #6145, #3254 ) );
#13845=EDGE_LOOP ( 'NONE', ( #7374, #5673, #1818, #5507 ) );
#13846=PLANE ( 'NONE',  #8204 );
#13847=ORIENTED_EDGE ( 'NONE', *, *, #3706, .F. );
#13848=FACE_OUTER_BOUND ( 'NONE', #11895, .T. );
#13849=ORIENTED_EDGE ( 'NONE', *, *, #5445, .F. );
#13850=MECHANICAL_DESIGN_GEOMETRIC_PRESENTATION_REPRESENTATION (  '', ( #14089 ), #1935 );
#13851=LINE ( 'NONE', #13272, #188 );
#13852=ORIENTED_EDGE ( 'NONE', *, *, #2179, .T. );
#13853=PLANE ( 'NONE',  #7686 );
#13854=EDGE_CURVE ( 'NONE', #7314, #5624, #8609, .T. );
#13855=ORIENTED_EDGE ( 'NONE', *, *, #13436, .T. );
#13856=PLANE ( 'NONE',  #8464 );
#13857=ADVANCED_FACE ( 'NONE', ( #12015 ), #8083, .F. );
#13858=PLANE ( 'NONE',  #7117 );
#13859=ORIENTED_EDGE ( 'NONE', *, *, #4909, .F. );
#13860=EDGE_CURVE ( 'NONE', #10386, #10705, #11067, .T. );
#13861=EDGE_LOOP ( 'NONE', ( #8225, #13708, #8499, #238 ) );
#13862=LINE ( 'NONE', #1533, #2058 );
#13863=AXIS2_PLACEMENT_3D ( 'NONE', #1520, #13971, #1938 );
#13864=LINE ( 'NONE', #1976, #2061 );
#13865=AXIS2_PLACEMENT_3D ( 'NONE', #202, #1162, #4271 );
#13866=LINE ( 'NONE', #3513, #350 );
#13867=ORIENTED_EDGE ( 'NONE', *, *, #10046, .T. );
#13868=ORIENTED_EDGE ( 'NONE', *, *, #7765, .T. );
#13869=ORIENTED_EDGE ( 'NONE', *, *, #3778, .T. );
#13870=LINE ( 'NONE', #3198, #350 );
#13871=EDGE_LOOP ( 'NONE', ( #12278, #4938, #10843, #12674 ) );
#13872=LINE ( 'NONE', #305, #551 );
#13873=ADVANCED_FACE ( 'NONE', ( #13712 ), #598, .F. );
#13874=ORIENTED_EDGE ( 'NONE', *, *, #13470, .T. );
#13875=EDGE_CURVE ( 'NONE', #12780, #3463, #5581, .T. );
#13876=LINE ( 'NONE', #1894, #124 );
#13877=FACE_OUTER_BOUND ( 'NONE', #7125, .T. );
#13878=PLANE ( 'NONE',  #6943 );
#13879=VERTEX_POINT ( 'NONE', #1982 );
#13880=AXIS2_PLACEMENT_3D ( 'NONE', #2267, #14588, #7553 );
#13881=EDGE_CURVE ( 'NONE', #3898, #8320, #3860, .T. );
#13882=EDGE_LOOP ( 'NONE', ( #7792, #4828, #4277, #11517 ) );
#13883=ORIENTED_EDGE ( 'NONE', *, *, #8846, .F. );
#13884=AXIS2_PLACEMENT_3D ( 'NONE', #11367, #778, #106 );
#13885=VERTEX_POINT ( 'NONE', #5724 );
#13886=EDGE_CURVE ( 'NONE', #2642, #9897, #7249, .T. );
#13887=ORIENTED_EDGE ( 'NONE', *, *, #9972, .F. );
#13888=ORIENTED_EDGE ( 'NONE', *, *, #11796, .T. );
#13889=LINE ( 'NONE', #2141, #186 );
#13890=DIRECTION ( 'NONE',  ( -1.000000000000000000, -6.162975822039154700E-033, 2.710505431213796600E-016 ) );
#13891=ADVANCED_FACE ( 'NONE', ( #13094 ), #12222, .T. );
#13892=PRESENTATION_LAYER_ASSIGNMENT (  '', '', ( #9370 ) );
#13893=FACE_OUTER_BOUND ( 'NONE', #13735, .T. );
#13894=VERTEX_POINT ( 'NONE', #454 );
#13895=ORIENTED_EDGE ( 'NONE', *, *, #5224, .F. );
#13896=EDGE_CURVE ( 'NONE', #5837, #8080, #12489, .T. );
#13897=VERTEX_POINT ( 'NONE', #1227 );
#13898=FACE_OUTER_BOUND ( 'NONE', #11780, .T. );
#13899=ORIENTED_EDGE ( 'NONE', *, *, #12131, .T. );
#13900=LINE ( 'NONE', #6138, #1904 );
#13901=VERTEX_POINT ( 'NONE', #3103 );
#13902=EDGE_CURVE ( 'NONE', #2036, #1602, #10289, .T. );
#13903=FACE_OUTER_BOUND ( 'NONE', #14235, .T. );
#13904=EDGE_CURVE ( 'NONE', #12514, #6012, #698, .T. );
#13905=VERTEX_POINT ( 'NONE', #8522 );
#13906=PLANE ( 'NONE',  #227 );
#13907=ORIENTED_EDGE ( 'NONE', *, *, #2240, .T. );
#13908=DIRECTION ( 'NONE',  ( -1.000000000000000000, 0.0000000000000000000, 4.210554863359292500E-036 ) );
#13909=ADVANCED_FACE ( 'NONE', ( #7435 ), #6912, .T. );
#13910=ORIENTED_EDGE ( 'NONE', *, *, #12623, .F. );
#13911=ORIENTED_EDGE ( 'NONE', *, *, #5351, .T. );
#13912=FACE_OUTER_BOUND ( 'NONE', #5765, .T. );
#13913=ORIENTED_EDGE ( 'NONE', *, *, #2690, .F. );
#13914=CARTESIAN_POINT ( 'NONE',  ( 5.824999999999999300, 20.65008038564430800, 7.680000000000000600 ) );
#13915=EDGE_CURVE ( 'NONE', #13759, #2484, #2044, .T. );
#13916=FACE_OUTER_BOUND ( 'NONE', #6987, .T. );
#13917=PLANE ( 'NONE',  #9814 );
#13918=EDGE_CURVE ( 'NONE', #11397, #1416, #4255, .T. );
#13919=FACE_BOUND ( 'NONE', #12180, .T. );
#13920=PLANE ( 'NONE',  #1231 );
#13921=EDGE_LOOP ( 'NONE', ( #14351, #4191, #13993, #12680 ) );
#13922=ORIENTED_EDGE ( 'NONE', *, *, #14582, .T. );
#13923=ORIENTED_EDGE ( 'NONE', *, *, #8467, .F. );
#13924=CLOSED_SHELL ( 'NONE', ( #13357, #7906, #14611, #4509, #5346, #8316 ) );
#13925=AXIS2_PLACEMENT_3D ( 'NONE', #3044, #18, #23 );
#13926=PLANE ( 'NONE',  #5483 );
#13927=EDGE_LOOP ( 'NONE', ( #921, #14421, #11463, #6392 ) );
#13928=ADVANCED_FACE ( 'NONE', ( #11218 ), #12579, .T. );
#13929=ORIENTED_EDGE ( 'NONE', *, *, #2258, .T. );
#13930=ORIENTED_EDGE ( 'NONE', *, *, #7961, .T. );
#13931=FACE_OUTER_BOUND ( 'NONE', #6023, .T. );
#13932=ORIENTED_EDGE ( 'NONE', *, *, #13508, .T. );
#13933=CARTESIAN_POINT ( 'NONE',  ( -3.799999999999984700, -3.388131789017201400E-018, 7.199999999999996600 ) );
#13934=FACE_OUTER_BOUND ( 'NONE', #3192, .T. );
#13935=ORIENTED_EDGE ( 'NONE', *, *, #9320, .F. );
#13936=EDGE_LOOP ( 'NONE', ( #5406, #225, #5909, #3084 ) );
#13937=EDGE_CURVE ( 'NONE', #6957, #936, #11840, .T. );
#13938=ORIENTED_EDGE ( 'NONE', *, *, #14226, .F. );
#13939=EDGE_CURVE ( 'NONE', #4001, #11637, #10584, .T. );
#13940=ORIENTED_EDGE ( 'NONE', *, *, #5784, .T. );
#13941=( GEOMETRIC_REPRESENTATION_CONTEXT ( 3 ) GLOBAL_UNCERTAINTY_ASSIGNED_CONTEXT ( ( #221 ) ) GLOBAL_UNIT_ASSIGNED_CONTEXT ( ( #324, #94, #251 ) ) REPRESENTATION_CONTEXT ( 'NONE', 'WORKASPACE' ) );
#13942=PLANE ( 'NONE',  #7443 );
#13943=EDGE_CURVE ( 'NONE', #14439, #3303, #9950, .T. );
#13944=ADVANCED_FACE ( 'NONE', ( #9125 ), #781, .T. );
#13945=EDGE_LOOP ( 'NONE', ( #3433, #9474, #12676, #11953 ) );
#13946=FACE_OUTER_BOUND ( 'NONE', #10577, .T. );
#13947=ORIENTED_EDGE ( 'NONE', *, *, #10262, .F. );
#13948=ORIENTED_EDGE ( 'NONE', *, *, #12718, .F. );
#13949=CARTESIAN_POINT ( 'NONE',  ( 0.0000000000000000000, 2.399999999999999900, -2.020000000000000500 ) );
#13950=ORIENTED_EDGE ( 'NONE', *, *, #6314, .T. );
#13951=LINE ( 'NONE', #9336, #3010 );
#13952=ORIENTED_EDGE ( 'NONE', *, *, #4077, .T. );
#13953=LINE ( 'NONE', #1004, #2403 );
#13954=EDGE_CURVE ( 'NONE', #3417, #14524, #9465, .T. );
#13955=FACE_OUTER_BOUND ( 'NONE', #14623, .T. );
#13956=EDGE_LOOP ( 'NONE', ( #38, #1668, #4768, #12506 ) );
#13957=ADVANCED_FACE ( 'NONE', ( #6133 ), #12402, .T. );
#13958=VERTEX_POINT ( 'NONE', #1540 );
#13959=PLANE ( 'NONE',  #1306 );
#13960=ORIENTED_EDGE ( 'NONE', *, *, #12474, .T. );
#13961=AXIS2_PLACEMENT_3D ( 'NONE', #2163, #11344, #13335 );
#13962=ORIENTED_EDGE ( 'NONE', *, *, #10091, .F. );
#13963=LINE ( 'NONE', #2450, #2134 );
#13964=LINE ( 'NONE', #907, #350 );
#13965=ORIENTED_EDGE ( 'NONE', *, *, #7820, .F. );
#13966=AXIS2_PLACEMENT_3D ( 'NONE', #151, #128, #711 );
#13967=VERTEX_POINT ( 'NONE', #491 );
#13968=CARTESIAN_POINT ( 'NONE',  ( -2.999999999999986200, 0.05000000000000005100, -1.799999999999999600 ) );
#13969=ADVANCED_FACE ( 'NONE', ( #8778 ), #7329, .F. );
#13970=PLANE ( 'NONE',  #3907 );
#13971=DIRECTION ( 'NONE',  ( -1.000000000000000000, 0.0000000000000000000, -2.312838020447182500E-035 ) );
#13972=LINE ( 'NONE', #1445, #739 );
#13973=LINE ( 'NONE', #6717, #401 );
#13974=EDGE_LOOP ( 'NONE', ( #2892, #8059, #7927, #14361 ) );
#13975=EDGE_CURVE ( 'NONE', #4585, #3724, #9786, .T. );
#13976=LINE ( 'NONE', #3023, #52 );
#13977=ORIENTED_EDGE ( 'NONE', *, *, #4211, .T. );
#13978=EDGE_CURVE ( 'NONE', #10039, #5007, #12641, .T. );
#13979=LINE ( 'NONE', #2456, #2626 );
#13980=STYLED_ITEM ( 'NONE', ( #853 ), #14056 );
#13981=ADVANCED_FACE ( 'NONE', ( #6502 ), #3733, .T. );
#13982=LINE ( 'NONE', #4872, #95 );
#13983=ADVANCED_FACE ( 'NONE', ( #5382 ), #8367, .F. );
#13984=ORIENTED_EDGE ( 'NONE', *, *, #10088, .T. );
#13985=EDGE_CURVE ( 'NONE', #4327, #2318, #4634, .T. );
#13986=LINE ( 'NONE', #645, #22 );
#13987=EDGE_CURVE ( 'NONE', #5902, #3534, #12173, .T. );
#13988=LINE ( 'NONE', #3206, #22 );
#13989=ORIENTED_EDGE ( 'NONE', *, *, #1544, .T. );
#13990=EDGE_CURVE ( 'NONE', #13263, #7963, #8940, .T. );
#13991=AXIS2_PLACEMENT_3D ( 'NONE', #67, #778, #372 );
#13992=ORIENTED_EDGE ( 'NONE', *, *, #11093, .F. );
#13993=ORIENTED_EDGE ( 'NONE', *, *, #7088, .F. );
#13994=ORIENTED_EDGE ( 'NONE', *, *, #11016, .T. );
#13995=AXIS2_PLACEMENT_3D ( 'NONE', #67, #88, #1881 );
#13996=ORIENTED_EDGE ( 'NONE', *, *, #8771, .T. );
#13997=LINE ( 'NONE', #2483, #186 );
#13998=FACE_OUTER_BOUND ( 'NONE', #8595, .T. );
#13999=ORIENTED_EDGE ( 'NONE', *, *, #10371, .F. );
#14000=LINE ( 'NONE', #10529, #52 );
#14001=PLANE ( 'NONE',  #7349 );
#14002=ADVANCED_FACE ( 'NONE', ( #2849 ), #9596, .F. );
#14003=FACE_OUTER_BOUND ( 'NONE', #2591, .T. );
#14004=ORIENTED_EDGE ( 'NONE', *, *, #11538, .T. );
#14005=EDGE_CURVE ( 'NONE', #6316, #5604, #12004, .T. );
#14006=ORIENTED_EDGE ( 'NONE', *, *, #11047, .F. );
#14007=PLANE ( 'NONE',  #3511 );
#14008=EDGE_CURVE ( 'NONE', #6702, #4497, #3277, .T. );
#14009=ORIENTED_EDGE ( 'NONE', *, *, #1573, .T. );
#14010=ORIENTED_EDGE ( 'NONE', *, *, #14289, .F. );
#14011=LINE ( 'NONE', #2127, #2259 );
#14012=ORIENTED_EDGE ( 'NONE', *, *, #12794, .T. );
#14013=AXIS2_PLACEMENT_3D ( 'NONE', #3103, #11944, #8978 );
#14014=PLANE ( 'NONE',  #3600 );
#14015=ORIENTED_EDGE ( 'NONE', *, *, #14244, .F. );
#14016=ADVANCED_FACE ( 'NONE', ( #14418 ), #9687, .F. );
#14017=EDGE_LOOP ( 'NONE', ( #1936, #11714, #9816, #12585 ) );
#14018=VERTEX_POINT ( 'NONE', #356 );
#14019=FACE_OUTER_BOUND ( 'NONE', #3162, .T. );
#14020=EDGE_LOOP ( 'NONE', ( #6864, #12609, #8852, #9063 ) );
#14021=VERTEX_POINT ( 'NONE', #1304 );
#14022=ORIENTED_EDGE ( 'NONE', *, *, #12543, .F. );
#14023=AXIS2_PLACEMENT_3D ( 'NONE', #3071, #93, #18 );
#14024=EDGE_LOOP ( 'NONE', ( #4959, #8116, #5727, #13437 ) );
#14025=FACE_OUTER_BOUND ( 'NONE', #1665, .T. );
#14026=EDGE_LOOP ( 'NONE', ( #3946, #8748, #58, #13400 ) );
#14027=PLANE ( 'NONE',  #13089 );
#14028=LINE ( 'NONE', #7419, #9815 );
#14029=EDGE_CURVE ( 'NONE', #7963, #3079, #3657, .T. );
#14030=ORIENTED_EDGE ( 'NONE', *, *, #12966, .F. );
#14031=ORIENTED_EDGE ( 'NONE', *, *, #10025, .F. );
#14032=ORIENTED_EDGE ( 'NONE', *, *, #12223, .F. );
#14033=ORIENTED_EDGE ( 'NONE', *, *, #14278, .F. );
#14034=EDGE_CURVE ( 'NONE', #5328, #760, #11382, .T. );
#14035=PLANE ( 'NONE',  #9941 );
#14036=ORIENTED_EDGE ( 'NONE', *, *, #13698, .F. );
#14037=ORIENTED_EDGE ( 'NONE', *, *, #11522, .T. );
#14038=ADVANCED_FACE ( 'NONE', ( #13547 ), #12771, .T. );
#14039=ORIENTED_EDGE ( 'NONE', *, *, #12635, .F. );
#14040=VERTEX_POINT ( 'NONE', #1061 );
#14041=EDGE_LOOP ( 'NONE', ( #6498, #1207, #6956, #335 ) );
#14042=PRESENTATION_LAYER_ASSIGNMENT (  '', '', ( #5260 ) );
#14043=ORIENTED_EDGE ( 'NONE', *, *, #10915, .T. );
#14044=ORIENTED_EDGE ( 'NONE', *, *, #8023, .T. );
#14045=EDGE_CURVE ( 'NONE', #3390, #1352, #6678, .T. );
#14046=VERTEX_POINT ( 'NONE', #2705 );
#14047=ORIENTED_EDGE ( 'NONE', *, *, #11560, .T. );
#14048=ADVANCED_FACE ( 'NONE', ( #5024 ), #8644, .F. );
#14049=LINE ( 'NONE', #14302, #144 );
#14050=ADVANCED_FACE ( 'NONE', ( #6306 ), #472, .F. );
#14051=AXIS2_PLACEMENT_3D ( 'NONE', #6479, #2792, #7285 );
#14052=FACE_OUTER_BOUND ( 'NONE', #2883, .T. );
#14053=ORIENTED_EDGE ( 'NONE', *, *, #8286, .F. );
#14054=ORIENTED_EDGE ( 'NONE', *, *, #10865, .T. );
#14055=EDGE_CURVE ( 'NONE', #10629, #4031, #13237, .T. );
#14056=MANIFOLD_SOLID_BREP ( 'Pin 29', #12277 );
#14057=ORIENTED_EDGE ( 'NONE', *, *, #6399, .F. );
#14058=EDGE_CURVE ( 'NONE', #2736, #856, #658, .T. );
#14059=LINE ( 'NONE', #2445, #186 );
#14060=ORIENTED_EDGE ( 'NONE', *, *, #6902, .F. );
#14061=FACE_BOUND ( 'NONE', #986, .T. );
#14062=EDGE_CURVE ( 'NONE', #9701, #14139, #8262, .T. );
#14063=EDGE_CURVE ( 'NONE', #4283, #14046, #12627, .T. );
#14064=ORIENTED_EDGE ( 'NONE', *, *, #14576, .F. );
#14065=ADVANCED_FACE ( 'NONE', ( #5003 ), #9862, .T. );
#14066=ORIENTED_EDGE ( 'NONE', *, *, #14740, .T. );
#14067=VERTEX_POINT ( 'NONE', #4415 );
#14068=EDGE_CURVE ( 'NONE', #771, #1293, #9611, .T. );
#14069=EDGE_LOOP ( 'NONE', ( #4243, #9009, #2263, #7524 ) );
#14070=ORIENTED_EDGE ( 'NONE', *, *, #9888, .T. );
#14071=EDGE_CURVE ( 'NONE', #8649, #8562, #12938, .T. );
#14072=EDGE_LOOP ( 'NONE', ( #4421, #14382, #12826, #10704 ) );
#14073=DIRECTION ( 'NONE',  ( -1.000000000000000000, 0.0000000000000000000, 4.491258520944112600E-035 ) );
#14074=VERTEX_POINT ( 'NONE', #6598 );
#14075=STYLED_ITEM ( 'NONE', ( #853 ), #14566 );
#14076=ORIENTED_EDGE ( 'NONE', *, *, #12603, .F. );
#14077=ADVANCED_FACE ( 'NONE', ( #894 ), #4162, .T. );
#14078=EDGE_CURVE ( 'NONE', #5423, #14257, #6857, .T. );
#14079=EDGE_CURVE ( 'NONE', #5571, #10648, #10728, .T. );
#14080=ORIENTED_EDGE ( 'NONE', *, *, #10538, .F. );
#14081=ORIENTED_EDGE ( 'NONE', *, *, #14696, .T. );
#14082=VERTEX_POINT ( 'NONE', #1798 );
#14083=LINE ( 'NONE', #2071, #1206 );
#14084=ORIENTED_EDGE ( 'NONE', *, *, #8417, .T. );
#14085=VERTEX_POINT ( 'NONE', #77 );
#14086=FACE_OUTER_BOUND ( 'NONE', #5434, .T. );
#14087=CLOSED_SHELL ( 'NONE', ( #6474, #10844, #9645, #4093, #5073, #8712 ) );
#14088=ADVANCED_FACE ( 'NONE', ( #1556 ), #3855, .F. );
#14089=STYLED_ITEM ( 'NONE', ( #853 ), #11537 );
#14090=LINE ( 'NONE', #1926, #144 );
#14091=EDGE_LOOP ( 'NONE', ( #12656, #1722, #11767, #4785 ) );
#14092=LINE ( 'NONE', #2808, #591 );
#14093=LINE ( 'NONE', #2169, #2797 );
#14094=PLANE ( 'NONE',  #8447 );
#14095=LINE ( 'NONE', #939, #22 );
#14096=ORIENTED_EDGE ( 'NONE', *, *, #9278, .F. );
#14097=EDGE_CURVE ( 'NONE', #14100, #3890, #1802, .T. );
#14098=EDGE_LOOP ( 'NONE', ( #10487, #14030, #6363, #11442 ) );
#14099=EDGE_CURVE ( 'NONE', #9010, #6646, #7236, .T. );
#14100=VERTEX_POINT ( 'NONE', #8782 );
#14101=ORIENTED_EDGE ( 'NONE', *, *, #10943, .F. );
#14102=LINE ( 'NONE', #3003, #22 );
#14103=ADVANCED_FACE ( 'NONE', ( #2829 ), #12861, .F. );
#14104=LINE ( 'NONE', #6593, #52 );
#14105=ORIENTED_EDGE ( 'NONE', *, *, #8947, .T. );
#14106=ADVANCED_FACE ( 'NONE', ( #12312 ), #2697, .T. );
#14107=EDGE_LOOP ( 'NONE', ( #3633, #1001, #5213, #11749 ) );
#14108=EDGE_CURVE ( 'NONE', #10510, #12089, #14405, .T. );
#14109=FACE_OUTER_BOUND ( 'NONE', #11360, .T. );
#14110=ORIENTED_EDGE ( 'NONE', *, *, #14259, .T. );
#14111=PLANE ( 'NONE',  #1399 );
#14112=AXIS2_PLACEMENT_3D ( 'NONE', #461, #10370, #9270 );
#14113=ORIENTED_EDGE ( 'NONE', *, *, #14424, .F. );
#14114=ORIENTED_EDGE ( 'NONE', *, *, #3903, .T. );
#14115=ADVANCED_FACE ( 'NONE', ( #7408 ), #4441, .T. );
#14116=EDGE_CURVE ( 'NONE', #4927, #7387, #12476, .T. );
#14117=ORIENTED_EDGE ( 'NONE', *, *, #13114, .T. );
#14118=FACE_OUTER_BOUND ( 'NONE', #3668, .T. );
#14119=AXIS2_PLACEMENT_3D ( 'NONE', #1953, #14489, #1323 );
#14120=EDGE_CURVE ( 'NONE', #7423, #4910, #1343, .T. );
#14121=ORIENTED_EDGE ( 'NONE', *, *, #7467, .F. );
#14122=EDGE_CURVE ( 'NONE', #4326, #1293, #8084, .T. );
#14123=EDGE_LOOP ( 'NONE', ( #4102, #8463, #5875, #12488 ) );
#14124=LINE ( 'NONE', #4570, #22 );
#14125=VERTEX_POINT ( 'NONE', #4331 );
#14126=ORIENTED_EDGE ( 'NONE', *, *, #2258, .F. );
#14127=DIRECTION ( 'NONE',  ( -1.000000000000000000, -0.0000000000000000000, -1.084202172485581500E-015 ) );
#14128=AXIS2_PLACEMENT_3D ( 'NONE', #693, #93, #18 );
#14129=ADVANCED_FACE ( 'NONE', ( #2425 ), #5700, .F. );
#14130=VERTEX_POINT ( 'NONE', #427 );
#14131=ORIENTED_EDGE ( 'NONE', *, *, #11506, .T. );
#14132=LINE ( 'NONE', #6046, #1244 );
#14133=EDGE_CURVE ( 'NONE', #9318, #14706, #13229, .T. );
#14134=VERTEX_POINT ( 'NONE', #305 );
#14135=EDGE_CURVE ( 'NONE', #2900, #10836, #3828, .T. );
#14136=FACE_OUTER_BOUND ( 'NONE', #10717, .T. );
#14137=AXIS2_PLACEMENT_3D ( 'NONE', #4554, #88, #102 );
#14138=ORIENTED_EDGE ( 'NONE', *, *, #2150, .F. );
#14139=VERTEX_POINT ( 'NONE', #308 );
#14140=ORIENTED_EDGE ( 'NONE', *, *, #11679, .F. );
#14141=EDGE_CURVE ( 'NONE', #13447, #12121, #13080, .T. );
#14142=ORIENTED_EDGE ( 'NONE', *, *, #14236, .F. );
#14143=EDGE_LOOP ( 'NONE', ( #7276, #7780, #11925, #9375 ) );
#14144=EDGE_CURVE ( 'NONE', #4281, #11826, #13821, .T. );
#14145=LINE ( 'NONE', #2181, #124 );
#14146=VERTEX_POINT ( 'NONE', #1208 );
#14147=ADVANCED_FACE ( 'NONE', ( #4219 ), #1900, .F. );
#14148=AXIS2_PLACEMENT_3D ( 'NONE', #4316, #93, #18 );
#14149=EDGE_LOOP ( 'NONE', ( #1261, #2656, #8538, #7758 ) );
#14150=EDGE_CURVE ( 'NONE', #7193, #6685, #5200, .T. );
#14151=STYLED_ITEM ( 'NONE', ( #853 ), #1868 );
#14152=DIRECTION ( 'NONE',  ( 5.961979227743527000E-035, 0.0000000000000000000, -1.000000000000000000 ) );
#14153=ORIENTED_EDGE ( 'NONE', *, *, #13488, .T. );
#14154=AXIS2_PLACEMENT_3D ( 'NONE', #4132, #1566, #2934 );
#14155=ORIENTED_EDGE ( 'NONE', *, *, #8752, .T. );
#14156=ORIENTED_EDGE ( 'NONE', *, *, #14466, .F. );
#14157=EDGE_LOOP ( 'NONE', ( #12094, #6069, #5842, #11996 ) );
#14158=ADVANCED_FACE ( 'NONE', ( #9447 ), #12076, .F. );
#14159=EDGE_CURVE ( 'NONE', #9401, #6288, #11208, .T. );
#14160=ADVANCED_FACE ( 'NONE', ( #7583 ), #7151, .T. );
#14161=VERTEX_POINT ( 'NONE', #499 );
#14162=ADVANCED_FACE ( 'NONE', ( #8421 ), #11374, .T. );
#14163=ORIENTED_EDGE ( 'NONE', *, *, #9477, .F. );
#14164=EDGE_CURVE ( 'NONE', #4497, #8917, #4435, .T. );
#14165=ORIENTED_EDGE ( 'NONE', *, *, #11177, .F. );
#14166=AXIS2_PLACEMENT_3D ( 'NONE', #2871, #13327, #9307 );
#14167=ORIENTED_EDGE ( 'NONE', *, *, #10227, .T. );
#14168=EDGE_CURVE ( 'NONE', #16, #3377, #4616, .T. );
#14169=EDGE_LOOP ( 'NONE', ( #11956, #2409, #11632, #6875 ) );
#14170=ORIENTED_EDGE ( 'NONE', *, *, #12130, .F. );
#14171=DIRECTION ( 'NONE',  ( -1.000000000000000000, 0.0000000000000000000, 1.386294004633885700E-035 ) );
#14172=VERTEX_POINT ( 'NONE', #2141 );
#14173=ORIENTED_EDGE ( 'NONE', *, *, #5278, .F. );
#14174=ORIENTED_EDGE ( 'NONE', *, *, #12623, .T. );
#14175=ADVANCED_FACE ( 'NONE', ( #5743 ), #9303, .T. );
#14176=CARTESIAN_POINT ( 'NONE',  ( 5.725000000000000500, 20.65008038564430800, -2.119999999999998800 ) );
#14177=ORIENTED_EDGE ( 'NONE', *, *, #14273, .T. );
#14178=ORIENTED_EDGE ( 'NONE', *, *, #9906, .T. );
#14179=EDGE_CURVE ( 'NONE', #12417, #9162, #4023, .T. );
#14180=LINE ( 'NONE', #8522, #22 );
#14181=DIRECTION ( 'NONE',  ( 1.000000000000000000, 7.703719777548943400E-034, -2.385244779468105300E-014 ) );
#14182=PLANE ( 'NONE',  #7003 );
#14183=LINE ( 'NONE', #9197, #10156 );
#14184=ORIENTED_EDGE ( 'NONE', *, *, #7038, .F. );
#14185=ORIENTED_EDGE ( 'NONE', *, *, #4310, .F. );
#14186=EDGE_CURVE ( 'NONE', #3390, #14562, #9773, .T. );
#14187=AXIS2_PLACEMENT_3D ( 'NONE', #1540, #18, #511 );
#14188=ORIENTED_EDGE ( 'NONE', *, *, #7752, .F. );
#14189=AXIS2_PLACEMENT_3D ( 'NONE', #67, #88, #4026 );
#14190=LINE ( 'NONE', #3301, #22 );
#14191=FACE_BOUND ( 'NONE', #1387, .T. );
#14192=ORIENTED_EDGE ( 'NONE', *, *, #11221, .T. );
#14193=ADVANCED_FACE ( 'NONE', ( #158 ), #3400, .F. );
#14194=FACE_OUTER_BOUND ( 'NONE', #13310, .T. );
#14195=LINE ( 'NONE', #1365, #666 );
#14196=AXIS2_PLACEMENT_3D ( 'NONE', #2102, #2116, #128 );
#14197=LINE ( 'NONE', #1713, #22 );
#14198=ORIENTED_EDGE ( 'NONE', *, *, #14141, .F. );
#14199=ORIENTED_EDGE ( 'NONE', *, *, #13143, .T. );
#14200=MANIFOLD_SOLID_BREP ( 'Pin 49_7', #1596 );
#14201=EDGE_CURVE ( 'NONE', #8891, #7716, #13972, .T. );
#14202=ORIENTED_EDGE ( 'NONE', *, *, #11606, .F. );
#14203=PLANE ( 'NONE',  #13961 );
#14204=LINE ( 'NONE', #7317, #52 );
#14205=VERTEX_POINT ( 'NONE', #4765 );
#14206=LINE ( 'NONE', #475, #95 );
#14207=ORIENTED_EDGE ( 'NONE', *, *, #9559, .T. );
#14208=LINE ( 'NONE', #1820, #22 );
#14209=PLANE ( 'NONE',  #8834 );
#14210=ORIENTED_EDGE ( 'NONE', *, *, #6691, .T. );
#14211=EDGE_CURVE ( 'NONE', #4713, #11081, #14541, .T. );
#14212=LINE ( 'NONE', #515, #96 );
#14213=ORIENTED_EDGE ( 'NONE', *, *, #3241, .T. );
#14214=ADVANCED_FACE ( 'NONE', ( #399 ), #8257, .T. );
#14215=ORIENTED_EDGE ( 'NONE', *, *, #7379, .F. );
#14216=LINE ( 'NONE', #2658, #52 );
#14217=VERTEX_POINT ( 'NONE', #5802 );
#14218=ORIENTED_EDGE ( 'NONE', *, *, #7672, .F. );
#14219=EDGE_CURVE ( 'NONE', #1213, #4795, #2218, .T. );
#14220=EDGE_CURVE ( 'NONE', #13591, #10942, #11988, .T. );
#14221=VERTEX_POINT ( 'NONE', #1141 );
#14222=EDGE_LOOP ( 'NONE', ( #9057, #10775, #6049, #13124 ) );
#14223=VERTEX_POINT ( 'NONE', #7105 );
#14224=ORIENTED_EDGE ( 'NONE', *, *, #13556, .T. );
#14225=EDGE_LOOP ( 'NONE', ( #9387, #4525, #7580, #9193 ) );
#14226=EDGE_CURVE ( 'NONE', #7252, #3112, #13523, .T. );
#14227=ADVANCED_FACE ( 'NONE', ( #5187 ), #2527, .T. );
#14228=( GEOMETRIC_REPRESENTATION_CONTEXT ( 3 ) GLOBAL_UNCERTAINTY_ASSIGNED_CONTEXT ( ( #221 ) ) GLOBAL_UNIT_ASSIGNED_CONTEXT ( ( #324, #94, #251 ) ) REPRESENTATION_CONTEXT ( 'NONE', 'WORKASPACE' ) );
#14229=DIRECTION ( 'NONE',  ( -1.000000000000000000, 0.0000000000000000000, 1.386294004633993400E-035 ) );
#14230=AXIS2_PLACEMENT_3D ( 'NONE', #938, #513, #4401 );
#14231=EDGE_LOOP ( 'NONE', ( #2000, #13782, #14232, #14084 ) );
#14232=ORIENTED_EDGE ( 'NONE', *, *, #3610, .T. );
#14233=FACE_OUTER_BOUND ( 'NONE', #12619, .T. );
#14234=ORIENTED_EDGE ( 'NONE', *, *, #13252, .F. );
#14235=EDGE_LOOP ( 'NONE', ( #11696, #3330, #7430, #13382 ) );
#14236=EDGE_CURVE ( 'NONE', #12483, #13958, #14394, .T. );
#14237=ORIENTED_EDGE ( 'NONE', *, *, #10527, .T. );
#14238=DIRECTION ( 'NONE',  ( 2.981555974335236200E-015, -0.0000000000000000000, 1.000000000000000000 ) );
#14239=EDGE_CURVE ( 'NONE', #10147, #2546, #4815, .T. );
#14240=STYLED_ITEM ( 'NONE', ( #853 ), #8529 );
#14241=ADVANCED_FACE ( 'NONE', ( #3050 ), #6166, .F. );
#14242=DIRECTION ( 'NONE',  ( 2.168404344971008500E-015, 0.0000000000000000000, 1.000000000000000000 ) );
#14243=ORIENTED_EDGE ( 'NONE', *, *, #9759, .T. );
#14244=EDGE_CURVE ( 'NONE', #8912, #8320, #12765, .T. );
#14245=AXIS2_PLACEMENT_3D ( 'NONE', #1894, #93, #18 );
#14246=LINE ( 'NONE', #1175, #1206 );
#14247=VERTEX_POINT ( 'NONE', #5901 );
#14248=FACE_OUTER_BOUND ( 'NONE', #7155, .T. );
#14249=ORIENTED_EDGE ( 'NONE', *, *, #3756, .T. );
#14250=EDGE_LOOP ( 'NONE', ( #4210, #14467, #10978, #14730 ) );
#14251=ORIENTED_EDGE ( 'NONE', *, *, #6876, .T. );
#14252=PLANE ( 'NONE',  #7772 );
#14253=LINE ( 'NONE', #6563, #52 );
#14254=ADVANCED_FACE ( 'NONE', ( #6105 ), #951, .T. );
#14255=LINE ( 'NONE', #2618, #7023 );
#14256=LINE ( 'NONE', #3005, #8916 );
#14257=VERTEX_POINT ( 'NONE', #4194 );
#14258=FACE_OUTER_BOUND ( 'NONE', #2246, .T. );
#14259=EDGE_CURVE ( 'NONE', #10610, #3844, #13689, .T. );
#14260=ORIENTED_EDGE ( 'NONE', *, *, #13105, .F. );
#14261=ORIENTED_EDGE ( 'NONE', *, *, #1419, .T. );
#14262=EDGE_CURVE ( 'NONE', #1111, #2787, #8584, .T. );
#14263=DIRECTION ( 'NONE',  ( 1.000000000000000000, 6.162975822039154700E-033, -5.421010862427908700E-016 ) );
#14264=ORIENTED_EDGE ( 'NONE', *, *, #3449, .F. );
#14265=LINE ( 'NONE', #5503, #22 );
#14266=ORIENTED_EDGE ( 'NONE', *, *, #9940, .F. );
#14267=LINE ( 'NONE', #108, #3389 );
#14268=AXIS2_PLACEMENT_3D ( 'NONE', #2996, #2171, #859 );
#14269=LINE ( 'NONE', #4044, #119 );
#14270=EDGE_LOOP ( 'NONE', ( #8445, #1393, #11720, #3157 ) );
#14271=FACE_OUTER_BOUND ( 'NONE', #12, .T. );
#14272=ADVANCED_FACE ( 'NONE', ( #9274 ), #30, .T. );
#14273=EDGE_CURVE ( 'NONE', #7069, #4181, #13811, .T. );
#14274=VERTEX_POINT ( 'NONE', #3023 );
#14275=FACE_OUTER_BOUND ( 'NONE', #12663, .T. );
#14276=ORIENTED_EDGE ( 'NONE', *, *, #8755, .F. );
#14277=ORIENTED_EDGE ( 'NONE', *, *, #3538, .F. );
#14278=EDGE_CURVE ( 'NONE', #5447, #4777, #10408, .T. );
#14279=ORIENTED_EDGE ( 'NONE', *, *, #4689, .T. );
#14280=ADVANCED_FACE ( 'NONE', ( #9761 ), #885, .F. );
#14281=ORIENTED_EDGE ( 'NONE', *, *, #41, .F. );
#14282=ADVANCED_FACE ( 'NONE', ( #2624 ), #1016, .T. );
#14283=( GEOMETRIC_REPRESENTATION_CONTEXT ( 3 ) GLOBAL_UNCERTAINTY_ASSIGNED_CONTEXT ( ( #221 ) ) GLOBAL_UNIT_ASSIGNED_CONTEXT ( ( #324, #94, #251 ) ) REPRESENTATION_CONTEXT ( 'NONE', 'WORKASPACE' ) );
#14284=ORIENTED_EDGE ( 'NONE', *, *, #7709, .F. );
#14285=ORIENTED_EDGE ( 'NONE', *, *, #3109, .T. );
#14286=VERTEX_POINT ( 'NONE', #8393 );
#14287=LINE ( 'NONE', #3204, #5596 );
#14288=ORIENTED_EDGE ( 'NONE', *, *, #9467, .T. );
#14289=EDGE_CURVE ( 'NONE', #4398, #1111, #11667, .T. );
#14290=LINE ( 'NONE', #6687, #3088 );
#14291=ORIENTED_EDGE ( 'NONE', *, *, #10420, .T. );
#14292=ORIENTED_EDGE ( 'NONE', *, *, #3764, .F. );
#14293=EDGE_CURVE ( 'NONE', #7423, #4910, #8250, .T. );
#14294=VERTEX_POINT ( 'NONE', #4660 );
#14295=ORIENTED_EDGE ( 'NONE', *, *, #12189, .F. );
#14296=ADVANCED_FACE ( 'NONE', ( #14109 ), #8620, .T. );
#14297=EDGE_LOOP ( 'NONE', ( #14721, #13029, #12487, #8786 ) );
#14298=FACE_OUTER_BOUND ( 'NONE', #14316, .T. );
#14299=STYLED_ITEM ( 'NONE', ( #11089 ), #7504 );
#14300=LINE ( 'NONE', #4640, #350 );
#14301=ORIENTED_EDGE ( 'NONE', *, *, #10088, .F. );
#14302=CARTESIAN_POINT ( 'NONE',  ( -5.824999999999999300, 0.8000000000000056000, 7.680000000000000600 ) );
#14303=PLANE ( 'NONE',  #12638 );
#14304=ORIENTED_EDGE ( 'NONE', *, *, #12693, .T. );
#14305=EDGE_CURVE ( 'NONE', #9701, #13829, #14686, .T. );
#14306=LINE ( 'NONE', #1988, #52 );
#14307=EDGE_LOOP ( 'NONE', ( #7234, #13767, #3092, #14117 ) );
#14308=( GEOMETRIC_REPRESENTATION_CONTEXT ( 3 ) GLOBAL_UNCERTAINTY_ASSIGNED_CONTEXT ( ( #221 ) ) GLOBAL_UNIT_ASSIGNED_CONTEXT ( ( #324, #94, #251 ) ) REPRESENTATION_CONTEXT ( 'NONE', 'WORKASPACE' ) );
#14309=ORIENTED_EDGE ( 'NONE', *, *, #5381, .T. );
#14310=EDGE_CURVE ( 'NONE', #5992, #6702, #4010, .T. );
#14311=ADVANCED_FACE ( 'NONE', ( #9437 ), #3872, .F. );
#14312=PLANE ( 'NONE',  #13686 );
#14313=AXIS2_PLACEMENT_3D ( 'NONE', #2772, #340, #511 );
#14314=AXIS2_PLACEMENT_3D ( 'NONE', #9258, #9468, #11355 );
#14315=ORIENTED_EDGE ( 'NONE', *, *, #2924, .F. );
#14316=EDGE_LOOP ( 'NONE', ( #3859, #12621, #7471, #3616 ) );
#14317=ORIENTED_EDGE ( 'NONE', *, *, #11808, .T. );
#14318=ORIENTED_EDGE ( 'NONE', *, *, #9833, .T. );
#14319=EDGE_LOOP ( 'NONE', ( #8949, #2056, #9129, #8259 ) );
#14320=EDGE_CURVE ( 'NONE', #477, #14146, #3623, .T. );
#14321=FACE_OUTER_BOUND ( 'NONE', #11451, .T. );
#14322=CARTESIAN_POINT ( 'NONE',  ( 5.500000000000030200, 0.05000000000000005100, 0.1000000000000028600 ) );
#14323=EDGE_CURVE ( 'NONE', #10600, #11063, #4604, .T. );
#14324=ORIENTED_EDGE ( 'NONE', *, *, #7224, .T. );
#14325=ORIENTED_EDGE ( 'NONE', *, *, #10599, .F. );
#14326=PLANE ( 'NONE',  #14313 );
#14327=ORIENTED_EDGE ( 'NONE', *, *, #9548, .F. );
#14328=EDGE_CURVE ( 'NONE', #10460, #8122, #6275, .T. );
#14329=ORIENTED_EDGE ( 'NONE', *, *, #11305, .T. );
#14330=EDGE_LOOP ( 'NONE', ( #14126, #6804, #3305, #11885 ) );
#14331=LINE ( 'NONE', #1154, #124 );
#14332=PLANE ( 'NONE',  #12351 );
#14333=LINE ( 'NONE', #65, #6001 );
#14334=VERTEX_POINT ( 'NONE', #1950 );
#14335=ORIENTED_EDGE ( 'NONE', *, *, #5099, .F. );
#14336=ORIENTED_EDGE ( 'NONE', *, *, #13367, .F. );
#14337=LINE ( 'NONE', #2234, #8357 );
#14338=ORIENTED_EDGE ( 'NONE', *, *, #6622, .T. );
#14339=ADVANCED_FACE ( 'NONE', ( #4207 ), #11660, .T. );
#14340=LINE ( 'NONE', #2772, #119 );
#14341=ORIENTED_EDGE ( 'NONE', *, *, #2154, .F. );
#14342=LINE ( 'NONE', #3044, #22 );
#14343=FACE_BOUND ( 'NONE', #4519, .T. );
#14344=FACE_OUTER_BOUND ( 'NONE', #3979, .T. );
#14345=ORIENTED_EDGE ( 'NONE', *, *, #3717, .T. );
#14346=ORIENTED_EDGE ( 'NONE', *, *, #8924, .F. );
#14347=AXIS2_PLACEMENT_3D ( 'NONE', #192, #88, #102 );
#14348=VERTEX_POINT ( 'NONE', #7302 );
#14349=EDGE_LOOP ( 'NONE', ( #3900, #13948, #1863, #5836 ) );
#14350=VERTEX_POINT ( 'NONE', #3548 );
#14351=ORIENTED_EDGE ( 'NONE', *, *, #3981, .T. );
#14352=DIRECTION ( 'NONE',  ( -2.168404344971006500E-015, 0.0000000000000000000, -1.000000000000000000 ) );
#14353=ORIENTED_EDGE ( 'NONE', *, *, #11427, .F. );
#14354=ADVANCED_FACE ( 'NONE', ( #4004 ), #3986, .T. );
#14355=LINE ( 'NONE', #3204, #22 );
#14356=EDGE_CURVE ( 'NONE', #10890, #7262, #9597, .T. );
#14357=ORIENTED_EDGE ( 'NONE', *, *, #7581, .F. );
#14358=ORIENTED_EDGE ( 'NONE', *, *, #4998, .T. );
#14359=EDGE_LOOP ( 'NONE', ( #179, #886, #12384, #12906 ) );
#14360=EDGE_CURVE ( 'NONE', #8998, #8632, #7209, .T. );
#14361=ORIENTED_EDGE ( 'NONE', *, *, #5140, .T. );
#14362=EDGE_CURVE ( 'NONE', #3724, #2158, #1309, .T. );
#14363=LINE ( 'NONE', #3523, #7682 );
#14364=VERTEX_POINT ( 'NONE', #2695 );
#14365=AXIS2_PLACEMENT_3D ( 'NONE', #1957, #14181, #12426 );
#14366=EDGE_LOOP ( 'NONE', ( #5965, #344, #5621, #9027 ) );
#14367=VERTEX_POINT ( 'NONE', #1624 );
#14368=ADVANCED_FACE ( 'NONE', ( #1539 ), #13846, .F. );
#14369=ORIENTED_EDGE ( 'NONE', *, *, #13987, .T. );
#14370=EDGE_CURVE ( 'NONE', #2722, #13221, #4406, .T. );
#14371=ORIENTED_EDGE ( 'NONE', *, *, #3434, .T. );
#14372=EDGE_CURVE ( 'NONE', #12436, #9472, #8913, .T. );
#14373=ORIENTED_EDGE ( 'NONE', *, *, #13745, .F. );
#14374=STYLED_ITEM ( 'NONE', ( #853 ), #7414 );
#14375=ORIENTED_EDGE ( 'NONE', *, *, #1778, .F. );
#14376=FACE_OUTER_BOUND ( 'NONE', #14366, .T. );
#14377=DIRECTION ( 'NONE',  ( 1.000000000000000000, -0.0000000000000000000, 7.804049169039133800E-036 ) );
#14378=LINE ( 'NONE', #4574, #52 );
#14379=FACE_OUTER_BOUND ( 'NONE', #6424, .T. );
#14380=EDGE_CURVE ( 'NONE', #2859, #4474, #3429, .T. );
#14381=EDGE_LOOP ( 'NONE', ( #14513, #4366, #13962, #2620 ) );
#14382=ORIENTED_EDGE ( 'NONE', *, *, #6099, .F. );
#14383=ORIENTED_EDGE ( 'NONE', *, *, #2080, .T. );
#14384=EDGE_CURVE ( 'NONE', #4409, #3791, #11033, .T. );
#14385=EDGE_CURVE ( 'NONE', #16, #9300, #11976, .T. );
#14386=FACE_OUTER_BOUND ( 'NONE', #1584, .T. );
#14387=VERTEX_POINT ( 'NONE', #919 );
#14388=ORIENTED_EDGE ( 'NONE', *, *, #6226, .F. );
#14389=EDGE_CURVE ( 'NONE', #9240, #2990, #3027, .T. );
#14390=ORIENTED_EDGE ( 'NONE', *, *, #11620, .T. );
#14391=AXIS2_PLACEMENT_3D ( 'NONE', #1748, #23, #128 );
#14392=EDGE_CURVE ( 'NONE', #2787, #2765, #7393, .T. );
#14393=ORIENTED_EDGE ( 'NONE', *, *, #7050, .F. );
#14394=LINE ( 'NONE', #1540, #95 );
#14395=ADVANCED_FACE ( 'NONE', ( #8236 ), #7766, .F. );
#14396=FACE_OUTER_BOUND ( 'NONE', #2347, .T. );
#14397=ORIENTED_EDGE ( 'NONE', *, *, #8304, .F. );
#14398=PLANE ( 'NONE',  #10697 );
#14399=FACE_OUTER_BOUND ( 'NONE', #463, .T. );
#14400=ORIENTED_EDGE ( 'NONE', *, *, #3555, .F. );
#14401=ORIENTED_EDGE ( 'NONE', *, *, #13123, .F. );
#14402=AXIS2_PLACEMENT_3D ( 'NONE', #202, #88, #1611 );
#14403=EDGE_CURVE ( 'NONE', #11383, #12541, #12453, .T. );
#14404=LINE ( 'NONE', #293, #22 );
#14405=LINE ( 'NONE', #5455, #52 );
#14406=VERTEX_POINT ( 'NONE', #2069 );
#14407=LINE ( 'NONE', #450, #12630 );
#14408=EDGE_CURVE ( 'NONE', #5543, #7979, #2607, .T. );
#14409=ADVANCED_FACE ( 'NONE', ( #1098 ), #10958, .F. );
#14410=LINE ( 'NONE', #4794, #3466 );
#14411=LINE ( 'NONE', #2109, #4032 );
#14412=ORIENTED_EDGE ( 'NONE', *, *, #9588, .F. );
#14413=ORIENTED_EDGE ( 'NONE', *, *, #5442, .F. );
#14414=PLANE ( 'NONE',  #14682 );
#14415=ORIENTED_EDGE ( 'NONE', *, *, #13340, .F. );
#14416=ORIENTED_EDGE ( 'NONE', *, *, #14713, .T. );
#14417=LINE ( 'NONE', #569, #96 );
#14418=FACE_OUTER_BOUND ( 'NONE', #2730, .T. );
#14419=AXIS2_PLACEMENT_3D ( 'NONE', #5458, #391, #4885 );
#14420=LINE ( 'NONE', #1540, #124 );
#14421=ORIENTED_EDGE ( 'NONE', *, *, #4821, .F. );
#14422=DIRECTION ( 'NONE',  ( -1.000000000000000000, 0.0000000000000000000, 6.538237987644699400E-035 ) );
#14423=LINE ( 'NONE', #4235, #10736 );
#14424=EDGE_CURVE ( 'NONE', #3208, #1605, #11358, .T. );
#14425=ADVANCED_FACE ( 'NONE', ( #862 ), #11048, .T. );
#14426=ORIENTED_EDGE ( 'NONE', *, *, #5191, .T. );
#14427=CARTESIAN_POINT ( 'NONE',  ( 6.600000000000000500, 0.04999999999999935700, -2.900000000000001700 ) );
#14428=AXIS2_PLACEMENT_3D ( 'NONE', #625, #1003, #9484 );
#14429=ORIENTED_EDGE ( 'NONE', *, *, #14380, .T. );
#14430=ORIENTED_EDGE ( 'NONE', *, *, #8491, .T. );
#14431=EDGE_CURVE ( 'NONE', #2648, #5497, #14253, .T. );
#14432=LINE ( 'NONE', #721, #186 );
#14433=VERTEX_POINT ( 'NONE', #5369 );
#14434=LINE ( 'NONE', #1338, #1066 );
#14435=ORIENTED_EDGE ( 'NONE', *, *, #9963, .F. );
#14436=ORIENTED_EDGE ( 'NONE', *, *, #1058, .F. );
#14437=ADVANCED_FACE ( 'NONE', ( #6834 ), #3274, .T. );
#14438=EDGE_CURVE ( 'NONE', #2843, #5473, #4798, .T. );
#14439=VERTEX_POINT ( 'NONE', #1820 );
#14440=EDGE_CURVE ( 'NONE', #14680, #12206, #14672, .T. );
#14441=ORIENTED_EDGE ( 'NONE', *, *, #185, .T. );
#14442=ORIENTED_EDGE ( 'NONE', *, *, #9581, .F. );
#14443=ORIENTED_EDGE ( 'NONE', *, *, #10080, .F. );
#14444=EDGE_CURVE ( 'NONE', #11215, #3893, #13363, .T. );
#14445=ORIENTED_EDGE ( 'NONE', *, *, #337, .T. );
#14446=ORIENTED_EDGE ( 'NONE', *, *, #12268, .F. );
#14447=EDGE_CURVE ( 'NONE', #1427, #1212, #1766, .T. );
#14448=ORIENTED_EDGE ( 'NONE', *, *, #8650, .F. );
#14449=FACE_OUTER_BOUND ( 'NONE', #4580, .T. );
#14450=PLANE ( 'NONE',  #8117 );
#14451=ORIENTED_EDGE ( 'NONE', *, *, #11845, .F. );
#14452=LINE ( 'NONE', #5158, #52 );
#14453=MECHANICAL_DESIGN_GEOMETRIC_PRESENTATION_REPRESENTATION (  '', ( #14299 ), #576 );
#14454=ADVANCED_FACE ( 'NONE', ( #10555 ), #30, .T. );
#14455=LINE ( 'NONE', #4578, #7499 );
#14456=EDGE_CURVE ( 'NONE', #210, #1934, #3611, .T. );
#14457=EDGE_CURVE ( 'NONE', #13016, #8799, #12615, .T. );
#14458=ORIENTED_EDGE ( 'NONE', *, *, #11094, .F. );
#14459=ORIENTED_EDGE ( 'NONE', *, *, #14659, .F. );
#14460=ORIENTED_EDGE ( 'NONE', *, *, #248, .T. );
#14461=PLANE ( 'NONE',  #7091 );
#14462=LINE ( 'NONE', #3046, #52 );
#14463=EDGE_CURVE ( 'NONE', #8709, #776, #5533, .T. );
#14464=ORIENTED_EDGE ( 'NONE', *, *, #4000, .T. );
#14465=EDGE_LOOP ( 'NONE', ( #556, #4025, #6681, #6561 ) );
#14466=EDGE_CURVE ( 'NONE', #13445, #3935, #7022, .T. );
#14467=ORIENTED_EDGE ( 'NONE', *, *, #983, .F. );
#14468=ADVANCED_FACE ( 'NONE', ( #13675 ), #5429, .F. );
#14469=ORIENTED_EDGE ( 'NONE', *, *, #11639, .F. );
#14470=MECHANICAL_DESIGN_GEOMETRIC_PRESENTATION_REPRESENTATION (  '', ( #7415 ), #8588 );
#14471=LINE ( 'NONE', #8525, #9815 );
#14472=LINE ( 'NONE', #291, #22 );
#14473=VERTEX_POINT ( 'NONE', #2196 );
#14474=ORIENTED_EDGE ( 'NONE', *, *, #13209, .F. );
#14475=EDGE_CURVE ( 'NONE', #2532, #10890, #12295, .T. );
#14476=LINE ( 'NONE', #1004, #441 );
#14477=LINE ( 'NONE', #5901, #6559 );
#14478=CYLINDRICAL_SURFACE ( 'NONE', #3882, 0.1000000000000002600 );
#14479=ORIENTED_EDGE ( 'NONE', *, *, #14226, .T. );
#14480=EDGE_CURVE ( 'NONE', #7259, #936, #626, .T. );
#14481=EDGE_LOOP ( 'NONE', ( #3738, #5493, #13761, #4061 ) );
#14482=( GEOMETRIC_REPRESENTATION_CONTEXT ( 3 ) GLOBAL_UNCERTAINTY_ASSIGNED_CONTEXT ( ( #221 ) ) GLOBAL_UNIT_ASSIGNED_CONTEXT ( ( #324, #94, #251 ) ) REPRESENTATION_CONTEXT ( 'NONE', 'WORKASPACE' ) );
#14483=ADVANCED_FACE ( 'NONE', ( #5717 ), #98, .T. );
#14484=ORIENTED_EDGE ( 'NONE', *, *, #8206, .T. );
#14485=LINE ( 'NONE', #4315, #168 );
#14486=ORIENTED_EDGE ( 'NONE', *, *, #12582, .F. );
#14487=AXIS2_PLACEMENT_3D ( 'NONE', #836, #10941, #3424 );
#14488=CARTESIAN_POINT ( 'NONE',  ( -5.974999999999999600, 20.65008038564430800, 7.530000000000000200 ) );
#14489=DIRECTION ( 'NONE',  ( 1.000000000000000000, 0.0000000000000000000, -5.911569487279479500E-035 ) );
#14490=ORIENTED_EDGE ( 'NONE', *, *, #10256, .T. );
#14491=MANIFOLD_SOLID_BREP ( 'Module 4', #12805 );
#14492=LINE ( 'NONE', #1012, #121 );
#14493=ORIENTED_EDGE ( 'NONE', *, *, #2897, .T. );
#14494=EDGE_CURVE ( 'NONE', #2722, #7696, #6087, .T. );
#14495=AXIS2_PLACEMENT_3D ( 'NONE', #4315, #2885, #2823 );
#14496=ADVANCED_FACE ( 'NONE', ( #7887 ), #10340, .T. );
#14497=EDGE_CURVE ( 'NONE', #11155, #3959, #8064, .T. );
#14498=ORIENTED_EDGE ( 'NONE', *, *, #14497, .F. );
#14499=ORIENTED_EDGE ( 'NONE', *, *, #7949, .F. );
#14500=CLOSED_SHELL ( 'NONE', ( #6513, #7721, #7605, #14552, #8630, #13186 ) );
#14501=LINE ( 'NONE', #3708, #22 );
#14502=EDGE_CURVE ( 'NONE', #315, #13639, #9911, .T. );
#14503=ORIENTED_EDGE ( 'NONE', *, *, #9477, .T. );
#14504=ORIENTED_EDGE ( 'NONE', *, *, #14034, .F. );
#14505=ORIENTED_EDGE ( 'NONE', *, *, #8304, .T. );
#14506=MECHANICAL_DESIGN_GEOMETRIC_PRESENTATION_REPRESENTATION (  '', ( #9370 ), #14283 );
#14507=ORIENTED_EDGE ( 'NONE', *, *, #11808, .F. );
#14508=EDGE_CURVE ( 'NONE', #6012, #771, #11961, .T. );
#14509=ORIENTED_EDGE ( 'NONE', *, *, #12095, .F. );
#14510=FACE_OUTER_BOUND ( 'NONE', #8715, .T. );
#14511=ADVANCED_FACE ( 'NONE', ( #6261 ), #3639, .F. );
#14512=AXIS2_PLACEMENT_3D ( 'NONE', #4097, #93, #18 );
#14513=ORIENTED_EDGE ( 'NONE', *, *, #5591, .F. );
#14514=PLANE ( 'NONE',  #5517 );
#14515=ORIENTED_EDGE ( 'NONE', *, *, #3617, .F. );
#14516=EDGE_CURVE ( 'NONE', #11765, #2722, #3800, .T. );
#14517=EDGE_CURVE ( 'NONE', #13967, #4398, #10541, .T. );
#14518=ORIENTED_EDGE ( 'NONE', *, *, #14689, .T. );
#14519=VERTEX_POINT ( 'NONE', #674 );
#14520=DIRECTION ( 'NONE',  ( 1.355252715606909400E-016, 0.0000000000000000000, -1.000000000000000000 ) );
#14521=EDGE_LOOP ( 'NONE', ( #7183, #11423, #8482, #9443 ) );
#14522=LINE ( 'NONE', #1478, #22 );
#14523=LINE ( 'NONE', #2638, #366 );
#14524=VERTEX_POINT ( 'NONE', #4858 );
#14525=CARTESIAN_POINT ( 'NONE',  ( -5.974999999999999600, 2.299999999999999800, -2.019999999999998200 ) );
#14526=EDGE_CURVE ( 'NONE', #7124, #7727, #13798, .T. );
#14527=EDGE_LOOP ( 'NONE', ( #12129, #7718, #12748, #10511 ) );
#14528=EDGE_CURVE ( 'NONE', #1630, #6259, #13951, .T. );
#14529=ADVANCED_FACE ( 'NONE', ( #13665 ), #2297, .T. );
#14530=ORIENTED_EDGE ( 'NONE', *, *, #9646, .T. );
#14531=EDGE_CURVE ( 'NONE', #2039, #10600, #7007, .T. );
#14532=AXIS2_PLACEMENT_3D ( 'NONE', #1006, #3498, #8601 );
#14533=FACE_OUTER_BOUND ( 'NONE', #11978, .T. );
#14534=ORIENTED_EDGE ( 'NONE', *, *, #12008, .F. );
#14535=AXIS2_PLACEMENT_3D ( 'NONE', #2222, #1162, #6130 );
#14536=VERTEX_POINT ( 'NONE', #151 );
#14537=CARTESIAN_POINT ( 'NONE',  ( 5.725000000000000500, 0.8000000000000056000, 7.530000000000000200 ) );
#14538=ADVANCED_FACE ( 'NONE', ( #12912 ), #301, .F. );
#14539=VERTEX_POINT ( 'NONE', #5845 );
#14540=EDGE_CURVE ( 'NONE', #13657, #9961, #11189, .T. );
#14541=LINE ( 'NONE', #1203, #124 );
#14542=ORIENTED_EDGE ( 'NONE', *, *, #8788, .T. );
#14543=FACE_OUTER_BOUND ( 'NONE', #2713, .T. );
#14544=EDGE_CURVE ( 'NONE', #12198, #7873, #8224, .T. );
#14545=LINE ( 'NONE', #1624, #3613 );
#14546=LINE ( 'NONE', #6593, #7472 );
#14547=EDGE_CURVE ( 'NONE', #7727, #14205, #8397, .T. );
#14548=AXIS2_PLACEMENT_3D ( 'NONE', #67, #1162, #702 );
#14549=ORIENTED_EDGE ( 'NONE', *, *, #13772, .F. );
#14550=EDGE_LOOP ( 'NONE', ( #1853, #9415, #6756, #11160 ) );
#14551=LINE ( 'NONE', #14322, #22 );
#14552=ADVANCED_FACE ( 'NONE', ( #13210 ), #2622, .T. );
#14553=FACE_OUTER_BOUND ( 'NONE', #7027, .T. );
#14554=ORIENTED_EDGE ( 'NONE', *, *, #10199, .T. );
#14555=LINE ( 'NONE', #7045, #124 );
#14556=ORIENTED_EDGE ( 'NONE', *, *, #5245, .T. );
#14557=EDGE_CURVE ( 'NONE', #5530, #8670, #1077, .T. );
#14558=EDGE_LOOP ( 'NONE', ( #9909, #1235, #7335, #11030 ) );
#14559=ORIENTED_EDGE ( 'NONE', *, *, #14078, .T. );
#14560=CARTESIAN_POINT ( 'NONE',  ( -5.725000000000000500, 2.399999999999999900, -2.019999999999999600 ) );
#14561=DIRECTION ( 'NONE',  ( -5.476194500280592800E-048, 0.0000000000000000000, -1.000000000000000000 ) );
#14562=VERTEX_POINT ( 'NONE', #4349 );
#14563=LINE ( 'NONE', #319, #95 );
#14564=AXIS2_PLACEMENT_3D ( 'NONE', #2638, #8481, #6359 );
#14565=LINE ( 'NONE', #7220, #52 );
#14566=MANIFOLD_SOLID_BREP ( 'Pin 11', #11676 );
#14567=ADVANCED_FACE ( 'NONE', ( #2994 ), #10643, .F. );
#14568=ORIENTED_EDGE ( 'NONE', *, *, #1746, .T. );
#14569=ORIENTED_EDGE ( 'NONE', *, *, #6865, .T. );
#14570=ORIENTED_EDGE ( 'NONE', *, *, #12698, .F. );
#14571=ORIENTED_EDGE ( 'NONE', *, *, #8935, .F. );
#14572=EDGE_LOOP ( 'NONE', ( #2538, #4397, #4066, #4891 ) );
#14573=FACE_OUTER_BOUND ( 'NONE', #13622, .T. );
#14574=LINE ( 'NONE', #5927, #3662 );
#14575=VERTEX_POINT ( 'NONE', #2687 );
#14576=EDGE_CURVE ( 'NONE', #13759, #12712, #1290, .T. );
#14577=FACE_OUTER_BOUND ( 'NONE', #5277, .T. );
#14578=ORIENTED_EDGE ( 'NONE', *, *, #2932, .F. );
#14579=AXIS2_PLACEMENT_3D ( 'NONE', #1567, #93, #18 );
#14580=CLOSED_SHELL ( 'NONE', ( #7363, #9030, #4822, #9233, #4309, #14483 ) );
#14581=ORIENTED_EDGE ( 'NONE', *, *, #2893, .T. );
#14582=EDGE_CURVE ( 'NONE', #12717, #4314, #13053, .T. );
#14583=ADVANCED_FACE ( 'NONE', ( #1504 ), #11648, .F. );
#14584=EDGE_CURVE ( 'NONE', #6331, #2615, #3205, .T. );
#14585=DIRECTION ( 'NONE',  ( 1.000000000000000000, -0.0000000000000000000, 4.491258520944112600E-035 ) );
#14586=EDGE_LOOP ( 'NONE', ( #6439, #11898, #5704, #636 ) );
#14587=ORIENTED_EDGE ( 'NONE', *, *, #8508, .F. );
#14588=DIRECTION ( 'NONE',  ( 1.084202172485537200E-015, -1.540743955509788700E-033, -1.000000000000000000 ) );
#14589=FACE_OUTER_BOUND ( 'NONE', #11782, .T. );
#14590=VERTEX_POINT ( 'NONE', #3047 );
#14591=AXIS2_PLACEMENT_3D ( 'NONE', #4814, #2116, #128 );
#14592=VERTEX_POINT ( 'NONE', #3693 );
#14593=EDGE_CURVE ( 'NONE', #14705, #7193, #7705, .T. );
#14594=EDGE_LOOP ( 'NONE', ( #4834, #6481, #2667, #6790 ) );
#14595=FACE_OUTER_BOUND ( 'NONE', #9967, .T. );
#14596=LINE ( 'NONE', #398, #591 );
#14597=VERTEX_POINT ( 'NONE', #2873 );
#14598=ADVANCED_FACE ( 'NONE', ( #11797 ), #11518, .F. );
#14599=LINE ( 'NONE', #3003, #2486 );
#14600=EDGE_CURVE ( 'NONE', #538, #8034, #6626, .T. );
#14601=CARTESIAN_POINT ( 'NONE',  ( -2.199999999999986900, 3.388131789017201400E-018, -1.799999999999999600 ) );
#14602=AXIS2_PLACEMENT_3D ( 'NONE', #5261, #93, #18 );
#14603=PLANE ( 'NONE',  #4789 );
#14604=EDGE_LOOP ( 'NONE', ( #7401, #14617, #6742, #7087 ) );
#14605=PRESENTATION_LAYER_ASSIGNMENT (  '', '', ( #1898 ) );
#14606=PLANE ( 'NONE',  #4725 );
#14607=DIRECTION ( 'NONE',  ( 4.336808689941613800E-015, 0.0000000000000000000, -1.000000000000000000 ) );
#14608=VERTEX_POINT ( 'NONE', #2784 );
#14609=ORIENTED_EDGE ( 'NONE', *, *, #13807, .T. );
#14610=EDGE_CURVE ( 'NONE', #7800, #4477, #6440, .T. );
#14611=ADVANCED_FACE ( 'NONE', ( #10231 ), #6443, .T. );
#14612=EDGE_CURVE ( 'NONE', #3962, #3290, #4968, .T. );
#14613=LINE ( 'NONE', #10570, #52 );
#14614=ORIENTED_EDGE ( 'NONE', *, *, #14728, .F. );
#14615=AXIS2_PLACEMENT_3D ( 'NONE', #67, #778, #11738 );
#14616=DIRECTION ( 'NONE',  ( -1.000000000000000000, 0.0000000000000000000, 4.405848312733592300E-036 ) );
#14617=ORIENTED_EDGE ( 'NONE', *, *, #9790, .F. );
#14618=PLANE ( 'NONE',  #6590 );
#14619=EDGE_CURVE ( 'NONE', #7338, #12427, #10389, .T. );
#14620=FACE_OUTER_BOUND ( 'NONE', #5665, .T. );
#14621=ORIENTED_EDGE ( 'NONE', *, *, #618, .F. );
#14622=ORIENTED_EDGE ( 'NONE', *, *, #8092, .T. );
#14623=EDGE_LOOP ( 'NONE', ( #10064, #5580, #871, #359 ) );
#14624=PLANE ( 'NONE',  #14714 );
#14625=FACE_BOUND ( 'NONE', #3253, .T. );
#14626=FACE_OUTER_BOUND ( 'NONE', #9508, .T. );
#14627=ORIENTED_EDGE ( 'NONE', *, *, #11628, .T. );
#14628=ORIENTED_EDGE ( 'NONE', *, *, #3268, .F. );
#14629=PLANE ( 'NONE',  #7815 );
#14630=ORIENTED_EDGE ( 'NONE', *, *, #2386, .T. );
#14631=ORIENTED_EDGE ( 'NONE', *, *, #14360, .T. );
#14632=ADVANCED_FACE ( 'NONE', ( #6822 ), #7617, .T. );
#14633=EDGE_CURVE ( 'NONE', #10908, #776, #7540, .T. );
#14634=EDGE_LOOP ( 'NONE', ( #13852, #14754, #12200, #12090, #1720, #2651 ) );
#14635=LINE ( 'NONE', #3103, #3168 );
#14636=ORIENTED_EDGE ( 'NONE', *, *, #14502, .T. );
#14637=PLANE ( 'NONE',  #1637 );
#14638=ORIENTED_EDGE ( 'NONE', *, *, #2420, .T. );
#14639=PLANE ( 'NONE',  #12216 );
#14640=EDGE_CURVE ( 'NONE', #6788, #5941, #12271, .T. );
#14641=ORIENTED_EDGE ( 'NONE', *, *, #13507, .T. );
#14642=AXIS2_PLACEMENT_3D ( 'NONE', #3362, #1260, #1266 );
#14643=ORIENTED_EDGE ( 'NONE', *, *, #7931, .T. );
#14644=LINE ( 'NONE', #1709, #186 );
#14645=ORIENTED_EDGE ( 'NONE', *, *, #1285, .F. );
#14646=( GEOMETRIC_REPRESENTATION_CONTEXT ( 3 ) GLOBAL_UNCERTAINTY_ASSIGNED_CONTEXT ( ( #221 ) ) GLOBAL_UNIT_ASSIGNED_CONTEXT ( ( #324, #94, #251 ) ) REPRESENTATION_CONTEXT ( 'NONE', 'WORKASPACE' ) );
#14647=LINE ( 'NONE', #3198, #52 );
#14648=ORIENTED_EDGE ( 'NONE', *, *, #13777, .F. );
#14649=LINE ( 'NONE', #842, #52 );
#14650=VERTEX_POINT ( 'NONE', #2040 );
#14651=ADVANCED_FACE ( 'NONE', ( #2387 ), #6496, .F. );
#14652=MECHANICAL_DESIGN_GEOMETRIC_PRESENTATION_REPRESENTATION (  '', ( #5260 ), #4228 );
#14653=PLANE ( 'NONE',  #7260 );
#14654=EDGE_LOOP ( 'NONE', ( #12219, #3965, #8395, #10414 ) );
#14655=FACE_OUTER_BOUND ( 'NONE', #3776, .T. );
#14656=ORIENTED_EDGE ( 'NONE', *, *, #11642, .T. );
#14657=FACE_OUTER_BOUND ( 'NONE', #8063, .T. );
#14658=ORIENTED_EDGE ( 'NONE', *, *, #12922, .F. );
#14659=EDGE_CURVE ( 'NONE', #10450, #5571, #8050, .T. );
#14660=EDGE_LOOP ( 'NONE', ( #2576, #9656, #10305, #6408 ) );
#14661=EDGE_CURVE ( 'NONE', #1293, #5884, #7194, .T. );
#14662=CIRCLE ( 'NONE', #10517, 0.1000000000000002600 );
#14663=ADVANCED_FACE ( 'NONE', ( #6994 ), #5429, .F. );
#14664=LINE ( 'NONE', #8965, #7913 );
#14665=ORIENTED_EDGE ( 'NONE', *, *, #10248, .T. );
#14666=FACE_OUTER_BOUND ( 'NONE', #2342, .T. );
#14667=ORIENTED_EDGE ( 'NONE', *, *, #8515, .T. );
#14668=ORIENTED_EDGE ( 'NONE', *, *, #2951, .T. );
#14669=EDGE_CURVE ( 'NONE', #13704, #1334, #14662, .T. );
#14670=EDGE_CURVE ( 'NONE', #13389, #10908, #11180, .T. );
#14671=EDGE_LOOP ( 'NONE', ( #9493, #9917, #9711, #9874 ) );
#14672=LINE ( 'NONE', #550, #381 );
#14673=AXIS2_PLACEMENT_3D ( 'NONE', #1972, #5852, #12214 );
#14674=LINE ( 'NONE', #3298, #1311 );
#14675=LINE ( 'NONE', #6833, #12139 );
#14676=ORIENTED_EDGE ( 'NONE', *, *, #8092, .F. );
#14677=EDGE_CURVE ( 'NONE', #13185, #1334, #8731, .T. );
#14678=ADVANCED_FACE ( 'NONE', ( #3401 ), #11031, .T. );
#14679=PLANE ( 'NONE',  #6906 );
#14680=VERTEX_POINT ( 'NONE', #550 );
#14681=EDGE_CURVE ( 'NONE', #12215, #11634, #13195, .T. );
#14682=AXIS2_PLACEMENT_3D ( 'NONE', #10197, #511, #613 );
#14683=PLANE ( 'NONE',  #6056 );
#14684=AXIS2_PLACEMENT_3D ( 'NONE', #1337, #93, #18 );
#14685=FACE_OUTER_BOUND ( 'NONE', #4257, .T. );
#14686=LINE ( 'NONE', #1337, #52 );
#14687=LINE ( 'NONE', #1201, #2626 );
#14688=EDGE_LOOP ( 'NONE', ( #5101, #13473, #13115, #11653 ) );
#14689=EDGE_CURVE ( 'NONE', #10568, #11514, #9065, .T. );
#14690=LINE ( 'NONE', #2835, #3507 );
#14691=EDGE_CURVE ( 'NONE', #1189, #10679, #13500, .T. );
#14692=LINE ( 'NONE', #2400, #96 );
#14693=ORIENTED_EDGE ( 'NONE', *, *, #7321, .T. );
#14694=AXIS2_PLACEMENT_3D ( 'NONE', #1953, #3580, #2896 );
#14695=VERTEX_POINT ( 'NONE', #10015 );
#14696=EDGE_CURVE ( 'NONE', #9930, #7535, #1961, .T. );
#14697=ADVANCED_FACE ( 'NONE', ( #9899 ), #6698, .T. );
#14698=AXIS2_PLACEMENT_3D ( 'NONE', #3064, #2255, #2955 );
#14699=ORIENTED_EDGE ( 'NONE', *, *, #9840, .F. );
#14700=ORIENTED_EDGE ( 'NONE', *, *, #2688, .T. );
#14701=LINE ( 'NONE', #2102, #2015 );
#14702=FACE_OUTER_BOUND ( 'NONE', #3477, .T. );
#14703=EDGE_LOOP ( 'NONE', ( #11708, #6908, #861, #7965 ) );
#14704=PRESENTATION_LAYER_ASSIGNMENT (  '', '', ( #14089 ) );
#14705=VERTEX_POINT ( 'NONE', #7475 );
#14706=VERTEX_POINT ( 'NONE', #3138 );
#14707=EDGE_LOOP ( 'NONE', ( #11017, #3519, #3222, #10817 ) );
#14708=PLANE ( 'NONE',  #4810 );
#14709=ORIENTED_EDGE ( 'NONE', *, *, #9499, .F. );
#14710=ADVANCED_FACE ( 'NONE', ( #3991 ), #8893, .T. );
#14711=LINE ( 'NONE', #1957, #3940 );
#14712=VERTEX_POINT ( 'NONE', #2810 );
#14713=EDGE_CURVE ( 'NONE', #13885, #2496, #1063, .T. );
#14714=AXIS2_PLACEMENT_3D ( 'NONE', #67, #1224, #8704 );
#14715=LINE ( 'NONE', #979, #124 );
#14716=MANIFOLD_SOLID_BREP ( 'Pin 39', #7621 );
#14717=ORIENTED_EDGE ( 'NONE', *, *, #5904, .T. );
#14718=EDGE_LOOP ( 'NONE', ( #13744, #1704, #7428, #13309 ) );
#14719=ORIENTED_EDGE ( 'NONE', *, *, #9354, .F. );
#14720=DIRECTION ( 'NONE',  ( 1.000000000000000000, 7.703719777548943400E-034, -2.981555974335236200E-015 ) );
#14721=ORIENTED_EDGE ( 'NONE', *, *, #5904, .F. );
#14722=EDGE_LOOP ( 'NONE', ( #6145, #1587, #8069, #10178 ) );
#14723=AXIS2_PLACEMENT_3D ( 'NONE', #1640, #2957, #1774 );
#14724=VECTOR ( 'NONE', #3448, 1000.000000000000000 );
#14725=ORIENTED_EDGE ( 'NONE', *, *, #2288, .T. );
#14726=PLANE ( 'NONE',  #6342 );
#14727=ADVANCED_FACE ( 'NONE', ( #12124 ), #472, .F. );
#14728=EDGE_CURVE ( 'NONE', #3315, #210, #10062, .T. );
#14729=ORIENTED_EDGE ( 'NONE', *, *, #4749, .F. );
#14730=ORIENTED_EDGE ( 'NONE', *, *, #7180, .T. );
#14731=STYLED_ITEM ( 'NONE', ( #853 ), #4954 );
#14732=ORIENTED_EDGE ( 'NONE', *, *, #14547, .F. );
#14733=ORIENTED_EDGE ( 'NONE', *, *, #9479, .F. );
#14734=FACE_OUTER_BOUND ( 'NONE', #14604, .T. );
#14735=LINE ( 'NONE', #9883, #96 );
#14736=EDGE_LOOP ( 'NONE', ( #2839, #14570, #6888, #4766 ) );
#14737=LINE ( 'NONE', #3003, #95 );
#14738=EDGE_CURVE ( 'NONE', #10416, #570, #5316, .T. );
#14739=ADVANCED_FACE ( 'NONE', ( #9726 ), #98, .T. );
#14740=EDGE_CURVE ( 'NONE', #7262, #7696, #827, .T. );
#14741=EDGE_LOOP ( 'NONE', ( #2777, #11123, #14140, #7365 ) );
#14742=ORIENTED_EDGE ( 'NONE', *, *, #7369, .T. );
#14743=CARTESIAN_POINT ( 'NONE',  ( -5.725000000000000500, 2.299999999999999800, 7.530000000000000200 ) );
#14744=LINE ( 'NONE', #1678, #52 );
#14745=EDGE_CURVE ( 'NONE', #518, #14433, #4372, .T. );
#14746=ORIENTED_EDGE ( 'NONE', *, *, #9735, .F. );
#14747=ORIENTED_EDGE ( 'NONE', *, *, #10199, .F. );
#14748=LINE ( 'NONE', #7997, #144 );
#14749=EDGE_LOOP ( 'NONE', ( #5101, #2142, #13578, #11401 ) );
#14750=AXIS2_PLACEMENT_3D ( 'NONE', #1131, #13204, #11293 );
#14751=ORIENTED_EDGE ( 'NONE', *, *, #12807, .T. );
#14752=EDGE_CURVE ( 'NONE', #4731, #1023, #8716, .T. );
#14753=ORIENTED_EDGE ( 'NONE', *, *, #13058, .F. );
#14754=ORIENTED_EDGE ( 'NONE', *, *, #12629, .F. );
#14755=EDGE_CURVE ( 'NONE', #14519, #1293, #10379, .T. );
ENDSEC;
END-ISO-10303-21;
